ISO-10303-21;
HEADER;
FILE_DESCRIPTION((''),'2;1');
FILE_NAME('C-1-175975-2','2012-01-16T',('workeradm'),('Tyco Electronics Ltd.'),
'PRO/ENGINEER BY PARAMETRIC TECHNOLOGY CORPORATION, 2010430',
'PRO/ENGINEER BY PARAMETRIC TECHNOLOGY CORPORATION, 2010430','');
FILE_SCHEMA(('AUTOMOTIVE_DESIGN { 1 0 10303 214 1 1 1 1 }'));
ENDSEC;
DATA;
#1=DRAUGHTING_PRE_DEFINED_COLOUR('black');
#2=COLOUR_RGB('',0.E0,0.E0,3.6E-1);
#3=COLOUR_RGB('',0.E0,0.E0,4.8E-1);
#4=DRAUGHTING_PRE_DEFINED_COLOUR('blue');
#5=COLOUR_RGB('',0.E0,3.6E-1,9.E-2);
#6=COLOUR_RGB('',0.E0,3.6E-1,2.7E-1);
#7=COLOUR_RGB('',0.E0,5.6E-1,6.4E-1);
#8=COLOUR_RGB('',0.E0,5.8E-1,8.E-1);
#9=COLOUR_RGB('',0.E0,7.1E-1,6.6E-1);
#10=COLOUR_RGB('',0.E0,7.13E-1,0.E0);
#11=COLOUR_RGB('',0.E0,9.5E-1,8.4E-1);
#12=DRAUGHTING_PRE_DEFINED_COLOUR('green');
#13=DRAUGHTING_PRE_DEFINED_COLOUR('cyan');
#14=COLOUR_RGB('',4.E-2,0.E0,1.6E-1);
#15=COLOUR_RGB('',9.E-2,0.E0,1.2E-1);
#16=COLOUR_RGB('',1.E-1,0.E0,2.5E-1);
#17=COLOUR_RGB('',1.6E-1,3.2E-2,0.E0);
#18=COLOUR_RGB('',1.6E-1,4.6E-1,6.5E-1);
#19=COLOUR_RGB('',1.6E-1,1.E0,1.6E-1);
#20=COLOUR_RGB('',2.E-1,3.2E-2,0.E0);
#21=COLOUR_RGB('',3.1E-1,3.1E-1,5.6E-1);
#22=COLOUR_RGB('',3.2E-1,1.5E-1,0.E0);
#23=COLOUR_RGB('',4.E-1,4.E-1,4.E-1);
#24=COLOUR_RGB('',4.2E-1,4.2E-1,1.E0);
#25=COLOUR_RGB('',4.4E-1,8.5E-1,1.E0);
#26=COLOUR_RGB('',4.9E-1,4.9E-1,0.E0);
#27=COLOUR_RGB('',4.9E-1,1.E0,0.E0);
#28=COLOUR_RGB('',5.E-1,0.E0,0.E0);
#29=COLOUR_RGB('',5.E-1,0.E0,2.3E-1);
#30=COLOUR_RGB('',5.E-1,5.E-1,5.E-1);
#31=COLOUR_RGB('',5.3E-1,0.E0,0.E0);
#32=COLOUR_RGB('',5.4E-1,0.E0,4.4E-1);
#33=COLOUR_RGB('',5.5E-1,3.E-1,0.E0);
#34=COLOUR_RGB('',5.6E-1,1.E-1,5.E-2);
#35=COLOUR_RGB('',5.8E-1,2.2E-1,1.E-2);
#36=COLOUR_RGB('',6.E-1,6.E-1,6.E-1);
#37=COLOUR_RGB('',6.2E-1,0.E0,5.5E-1);
#38=COLOUR_RGB('',6.4E-1,0.E0,2.5E-1);
#39=COLOUR_RGB('',6.4E-1,1.E-2,0.E0);
#40=COLOUR_RGB('',6.8E-1,7.5E-1,1.E0);
#41=COLOUR_RGB('',7.1E-1,3.1E-1,0.E0);
#42=COLOUR_RGB('',7.2E-1,7.2E-1,7.2E-1);
#43=COLOUR_RGB('',7.4E-1,1.E0,2.6E-1);
#44=COLOUR_RGB('',7.5E-1,3.E-2,0.E0);
#45=COLOUR_RGB('',7.6E-1,0.E0,4.7E-1);
#46=COLOUR_RGB('',8.1E-1,4.E-2,0.E0);
#47=COLOUR_RGB('',8.1E-1,6.1E-1,0.E0);
#48=COLOUR_RGB('',8.2E-1,4.E-2,6.6E-1);
#49=COLOUR_RGB('',8.5E-1,8.5E-1,8.5E-1);
#50=COLOUR_RGB('',8.784E-1,9.49E-1,1.E0);
#51=COLOUR_RGB('',9.E-1,1.E0,0.E0);
#52=COLOUR_RGB('',9.37E-1,7.85E-1,0.E0);
#53=COLOUR_RGB('',9.5E-1,2.2E-1,8.1E-1);
#54=COLOUR_RGB('',9.6E-1,3.7E-1,3.E-1);
#55=COLOUR_RGB('',9.6E-1,7.1E-1,3.75E-1);
#56=DRAUGHTING_PRE_DEFINED_COLOUR('red');
#57=COLOUR_RGB('',1.E0,0.E0,6.1E-1);
#58=COLOUR_RGB('',1.E0,4.E-2,0.E0);
#59=COLOUR_RGB('',1.E0,2.3E-1,0.E0);
#60=COLOUR_RGB('',1.E0,3.5E-1,5.2E-1);
#61=COLOUR_RGB('',1.E0,3.6E-1,0.E0);
#62=COLOUR_RGB('',1.E0,4.9E-1,3.7E-1);
#63=COLOUR_RGB('',1.E0,5.E-1,0.E0);
#64=COLOUR_RGB('',1.E0,5.6E-1,7.8E-1);
#65=COLOUR_RGB('',1.E0,6.4E-1,4.9E-1);
#66=COLOUR_RGB('',1.E0,6.7E-1,0.E0);
#67=COLOUR_RGB('',1.E0,7.6E-1,6.5E-1);
#68=COLOUR_RGB('',1.E0,8.6E-1,4.E-2);
#69=COLOUR_RGB('',1.E0,9.8E-1,7.2E-1);
#70=DRAUGHTING_PRE_DEFINED_COLOUR('yellow');
#71=DRAUGHTING_PRE_DEFINED_COLOUR('white');
#72=DIRECTION('',(1.E0,0.E0,0.E0));
#73=VECTOR('',#72,4.1E0);
#74=CARTESIAN_POINT('',(6.E-1,7.85E0,0.E0));
#75=LINE('',#74,#73);
#76=DIRECTION('',(0.E0,1.E0,0.E0));
#77=VECTOR('',#76,3.2E0);
#78=CARTESIAN_POINT('',(6.E-1,4.65E0,0.E0));
#79=LINE('',#78,#77);
#80=DIRECTION('',(1.E0,0.E0,0.E0));
#81=VECTOR('',#80,1.2E0);
#82=CARTESIAN_POINT('',(-6.E-1,4.65E0,0.E0));
#83=LINE('',#82,#81);
#84=DIRECTION('',(0.E0,-1.E0,0.E0));
#85=VECTOR('',#84,3.2E0);
#86=CARTESIAN_POINT('',(-6.E-1,7.85E0,0.E0));
#87=LINE('',#86,#85);
#88=DIRECTION('',(1.E0,0.E0,0.E0));
#89=VECTOR('',#88,4.1E0);
#90=CARTESIAN_POINT('',(-4.7E0,7.85E0,0.E0));
#91=LINE('',#90,#89);
#92=DIRECTION('',(0.E0,1.E0,0.E0));
#93=VECTOR('',#92,2.9E0);
#94=CARTESIAN_POINT('',(-4.7E0,4.95E0,0.E0));
#95=LINE('',#94,#93);
#96=DIRECTION('',(1.E0,0.E0,0.E0));
#97=VECTOR('',#96,4.45E0);
#98=CARTESIAN_POINT('',(-9.15E0,4.95E0,0.E0));
#99=LINE('',#98,#97);
#100=DIRECTION('',(0.E0,-1.E0,0.E0));
#101=VECTOR('',#100,2.9E0);
#102=CARTESIAN_POINT('',(-9.15E0,7.85E0,0.E0));
#103=LINE('',#102,#101);
#104=DIRECTION('',(1.E0,0.E0,0.E0));
#105=VECTOR('',#104,2.7E0);
#106=CARTESIAN_POINT('',(-1.185E1,7.85E0,0.E0));
#107=LINE('',#106,#105);
#108=DIRECTION('',(0.E0,1.E0,0.E0));
#109=VECTOR('',#108,2.9E0);
#110=CARTESIAN_POINT('',(-1.185E1,4.95E0,0.E0));
#111=LINE('',#110,#109);
#112=DIRECTION('',(1.E0,0.E0,0.E0));
#113=VECTOR('',#112,1.9E0);
#114=CARTESIAN_POINT('',(-1.375E1,4.95E0,0.E0));
#115=LINE('',#114,#113);
#116=DIRECTION('',(0.E0,1.E0,0.E0));
#117=VECTOR('',#116,6.05E0);
#118=CARTESIAN_POINT('',(-1.375E1,-1.1E0,0.E0));
#119=LINE('',#118,#117);
#120=DIRECTION('',(0.E0,-1.E0,0.E0));
#121=VECTOR('',#120,8.E-1);
#122=CARTESIAN_POINT('',(-1.265E1,-1.1E0,0.E0));
#123=LINE('',#122,#121);
#124=DIRECTION('',(0.E0,1.E0,0.E0));
#125=VECTOR('',#124,5.75E0);
#126=CARTESIAN_POINT('',(-1.375E1,-7.65E0,0.E0));
#127=LINE('',#126,#125);
#128=DIRECTION('',(-1.E0,0.E0,0.E0));
#129=VECTOR('',#128,2.75E1);
#130=CARTESIAN_POINT('',(1.375E1,-7.65E0,0.E0));
#131=LINE('',#130,#129);
#132=DIRECTION('',(0.E0,-1.E0,0.E0));
#133=VECTOR('',#132,5.75E0);
#134=CARTESIAN_POINT('',(1.375E1,-1.9E0,0.E0));
#135=LINE('',#134,#133);
#136=DIRECTION('',(0.E0,1.E0,0.E0));
#137=VECTOR('',#136,8.E-1);
#138=CARTESIAN_POINT('',(1.265E1,-1.9E0,0.E0));
#139=LINE('',#138,#137);
#140=DIRECTION('',(0.E0,-1.E0,0.E0));
#141=VECTOR('',#140,6.05E0);
#142=CARTESIAN_POINT('',(1.375E1,4.95E0,0.E0));
#143=LINE('',#142,#141);
#144=DIRECTION('',(1.E0,0.E0,0.E0));
#145=VECTOR('',#144,1.9E0);
#146=CARTESIAN_POINT('',(1.185E1,4.95E0,0.E0));
#147=LINE('',#146,#145);
#148=DIRECTION('',(0.E0,-1.E0,0.E0));
#149=VECTOR('',#148,2.9E0);
#150=CARTESIAN_POINT('',(1.185E1,7.85E0,0.E0));
#151=LINE('',#150,#149);
#152=DIRECTION('',(1.E0,0.E0,0.E0));
#153=VECTOR('',#152,2.7E0);
#154=CARTESIAN_POINT('',(9.15E0,7.85E0,0.E0));
#155=LINE('',#154,#153);
#156=DIRECTION('',(0.E0,1.E0,0.E0));
#157=VECTOR('',#156,2.9E0);
#158=CARTESIAN_POINT('',(9.15E0,4.95E0,0.E0));
#159=LINE('',#158,#157);
#160=DIRECTION('',(1.E0,0.E0,0.E0));
#161=VECTOR('',#160,4.45E0);
#162=CARTESIAN_POINT('',(4.7E0,4.95E0,0.E0));
#163=LINE('',#162,#161);
#164=DIRECTION('',(0.E0,-1.E0,0.E0));
#165=VECTOR('',#164,2.9E0);
#166=CARTESIAN_POINT('',(4.7E0,7.85E0,0.E0));
#167=LINE('',#166,#165);
#168=CARTESIAN_POINT('',(-1.255E1,6.45E0,0.E0));
#169=DIRECTION('',(0.E0,0.E0,1.E0));
#170=DIRECTION('',(0.E0,1.E0,0.E0));
#171=AXIS2_PLACEMENT_3D('',#168,#169,#170);
#173=DIRECTION('',(1.E0,0.E0,0.E0));
#174=VECTOR('',#173,2.51E1);
#175=CARTESIAN_POINT('',(-1.255E1,8.45E0,0.E0));
#176=LINE('',#175,#174);
#177=CARTESIAN_POINT('',(1.255E1,6.45E0,0.E0));
#178=DIRECTION('',(0.E0,0.E0,1.E0));
#179=DIRECTION('',(1.E0,0.E0,0.E0));
#180=AXIS2_PLACEMENT_3D('',#177,#178,#179);
#182=DIRECTION('',(0.E0,-1.E0,0.E0));
#183=VECTOR('',#182,1.49E1);
#184=CARTESIAN_POINT('',(1.455E1,6.45E0,0.E0));
#185=LINE('',#184,#183);
#186=DIRECTION('',(-1.E0,0.E0,0.E0));
#187=VECTOR('',#186,2.91E1);
#188=CARTESIAN_POINT('',(1.455E1,-8.45E0,0.E0));
#189=LINE('',#188,#187);
#190=DIRECTION('',(0.E0,1.E0,0.E0));
#191=VECTOR('',#190,1.49E1);
#192=CARTESIAN_POINT('',(-1.455E1,-8.45E0,0.E0));
#193=LINE('',#192,#191);
#194=DIRECTION('',(5.773502691896E-1,5.773502691896E-1,5.773502691896E-1));
#195=VECTOR('',#194,6.928203230275E-1);
#196=CARTESIAN_POINT('',(-1.E0,7.45E0,-4.E-1));
#197=LINE('',#196,#195);
#198=DIRECTION('',(-1.E0,0.E0,0.E0));
#199=VECTOR('',#198,1.4E0);
#200=CARTESIAN_POINT('',(-1.E0,6.354123203703E0,-1.495876796297E0));
#201=LINE('',#200,#199);
#202=DIRECTION('',(1.E0,0.E0,0.E0));
#203=VECTOR('',#202,1.4E0);
#204=CARTESIAN_POINT('',(1.E0,6.354123203703E0,-1.495876796297E0));
#205=LINE('',#204,#203);
#206=DIRECTION('',(5.773502691896E-1,5.773502691896E-1,5.773502691896E-1));
#207=VECTOR('',#206,6.928203230275E-1);
#208=CARTESIAN_POINT('',(4.3E0,7.45E0,-4.E-1));
#209=LINE('',#208,#207);
#210=DIRECTION('',(0.E0,7.071067811865E-1,7.071067811865E-1));
#211=VECTOR('',#210,1.549803828013E0);
#212=CARTESIAN_POINT('',(-2.4E0,6.354123203703E0,-1.495876796297E0));
#213=LINE('',#212,#211);
#214=DIRECTION('',(0.E0,0.E0,-1.E0));
#215=VECTOR('',#214,1.1E0);
#216=CARTESIAN_POINT('',(-2.4E0,6.354123203703E0,-1.495876796297E0));
#217=LINE('',#216,#215);
#218=DIRECTION('',(0.E0,-9.961946980917E-1,-8.715574274766E-2));
#219=VECTOR('',#218,1.100062867626E0);
#220=CARTESIAN_POINT('',(-2.4E0,7.45E0,-2.5E0));
#221=LINE('',#220,#219);
#222=DIRECTION('',(1.E0,0.E0,0.E0));
#223=VECTOR('',#222,1.9E0);
#224=CARTESIAN_POINT('',(2.4E0,7.45E0,-4.E-1));
#225=LINE('',#224,#223);
#226=DIRECTION('',(0.E0,0.E0,-1.E0));
#227=VECTOR('',#226,1.2E1);
#228=CARTESIAN_POINT('',(1.E0,7.45E0,-2.5E0));
#229=LINE('',#228,#227);
#230=DIRECTION('',(-1.E0,0.E0,0.E0));
#231=VECTOR('',#230,1.4E0);
#232=CARTESIAN_POINT('',(2.4E0,7.45E0,-2.5E0));
#233=LINE('',#232,#231);
#234=DIRECTION('',(0.E0,0.E0,-1.E0));
#235=VECTOR('',#234,2.1E0);
#236=CARTESIAN_POINT('',(2.4E0,7.45E0,-4.E-1));
#237=LINE('',#236,#235);
#238=DIRECTION('',(1.E0,0.E0,0.E0));
#239=VECTOR('',#238,1.9E0);
#240=CARTESIAN_POINT('',(-4.3E0,7.45E0,-4.E-1));
#241=LINE('',#240,#239);
#242=DIRECTION('',(0.E0,0.E0,-1.E0));
#243=VECTOR('',#242,2.1E0);
#244=CARTESIAN_POINT('',(-2.4E0,7.45E0,-4.E-1));
#245=LINE('',#244,#243);
#246=DIRECTION('',(-1.E0,0.E0,0.E0));
#247=VECTOR('',#246,1.4E0);
#248=CARTESIAN_POINT('',(-1.E0,7.45E0,-2.5E0));
#249=LINE('',#248,#247);
#250=DIRECTION('',(0.E0,0.E0,-1.E0));
#251=VECTOR('',#250,1.2E1);
#252=CARTESIAN_POINT('',(-1.E0,7.45E0,-2.5E0));
#253=LINE('',#252,#251);
#254=DIRECTION('',(0.E0,0.E0,1.E0));
#255=VECTOR('',#254,1.41E1);
#256=CARTESIAN_POINT('',(-4.3E0,7.45E0,-1.45E1));
#257=LINE('',#256,#255);
#258=DIRECTION('',(0.E0,0.E0,1.E0));
#259=VECTOR('',#258,1.41E1);
#260=CARTESIAN_POINT('',(4.3E0,7.45E0,-1.45E1));
#261=LINE('',#260,#259);
#262=DIRECTION('',(0.E0,-1.E0,0.E0));
#263=VECTOR('',#262,2.9E0);
#264=CARTESIAN_POINT('',(4.3E0,7.45E0,-4.E-1));
#265=LINE('',#264,#263);
#266=DIRECTION('',(5.773502691896E-1,5.773502691896E-1,5.773502691896E-1));
#267=VECTOR('',#266,6.928203230275E-1);
#268=CARTESIAN_POINT('',(4.3E0,4.55E0,-4.E-1));
#269=LINE('',#268,#267);
#270=DIRECTION('',(-5.773502691896E-1,-5.773502691896E-1,-5.773502691896E-1));
#271=VECTOR('',#270,3.464101615138E-1);
#272=CARTESIAN_POINT('',(9.35E0,4.75E0,-2.E-1));
#273=LINE('',#272,#271);
#274=DIRECTION('',(1.E0,0.E0,0.E0));
#275=VECTOR('',#274,4.85E0);
#276=CARTESIAN_POINT('',(4.3E0,4.55E0,-4.E-1));
#277=LINE('',#276,#275);
#278=DIRECTION('',(0.E0,0.E0,-1.E0));
#279=VECTOR('',#278,1.41E1);
#280=CARTESIAN_POINT('',(9.15E0,4.55E0,-4.E-1));
#281=LINE('',#280,#279);
#282=DIRECTION('',(0.E0,0.E0,1.E0));
#283=VECTOR('',#282,1.41E1);
#284=CARTESIAN_POINT('',(4.3E0,4.55E0,-1.45E1));
#285=LINE('',#284,#283);
#286=DIRECTION('',(-5.773502691896E-1,-5.773502691896E-1,5.773502691896E-1));
#287=VECTOR('',#286,3.464101615138E-1);
#288=CARTESIAN_POINT('',(9.55E0,4.95E0,-4.E-1));
#289=LINE('',#288,#287);
#290=DIRECTION('',(-7.071067811865E-1,-7.071067811865E-1,0.E0));
#291=VECTOR('',#290,5.656854249492E-1);
#292=CARTESIAN_POINT('',(9.55E0,4.95E0,-1.45E1));
#293=LINE('',#292,#291);
#294=DIRECTION('',(4.082482904639E-1,-8.164965809277E-1,-4.082482904639E-1));
#295=VECTOR('',#294,9.797958971133E-1);
#296=CARTESIAN_POINT('',(9.15E0,7.85E0,0.E0));
#297=LINE('',#296,#295);
#298=DIRECTION('',(5.773502691896E-1,-5.773502691896E-1,-5.773502691896E-1));
#299=VECTOR('',#298,3.464101615138E-1);
#300=CARTESIAN_POINT('',(9.15E0,4.95E0,0.E0));
#301=LINE('',#300,#299);
#302=DIRECTION('',(7.071067811865E-1,7.071067811865E-1,0.E0));
#303=VECTOR('',#302,5.656854249492E-1);
#304=CARTESIAN_POINT('',(9.55E0,7.05E0,-4.E-1));
#305=LINE('',#304,#303);
#306=DIRECTION('',(1.E0,0.E0,0.E0));
#307=VECTOR('',#306,1.1E0);
#308=CARTESIAN_POINT('',(9.95E0,7.45E0,-4.E-1));
#309=LINE('',#308,#307);
#310=DIRECTION('',(0.E0,0.E0,1.E0));
#311=VECTOR('',#310,1.41E1);
#312=CARTESIAN_POINT('',(1.105E1,7.45E0,-1.45E1));
#313=LINE('',#312,#311);
#314=DIRECTION('',(0.E0,0.E0,1.E0));
#315=VECTOR('',#314,1.41E1);
#316=CARTESIAN_POINT('',(9.95E0,7.45E0,-1.45E1));
#317=LINE('',#316,#315);
#318=DIRECTION('',(-8.164965809277E-1,-4.082482904639E-1,-4.082482904639E-1));
#319=VECTOR('',#318,9.797958971133E-1);
#320=CARTESIAN_POINT('',(1.185E1,7.85E0,0.E0));
#321=LINE('',#320,#319);
#322=DIRECTION('',(8.164965809277E-1,-4.082482904639E-1,-4.082482904639E-1));
#323=VECTOR('',#322,9.797958971133E-1);
#324=CARTESIAN_POINT('',(9.15E0,7.85E0,0.E0));
#325=LINE('',#324,#323);
#326=DIRECTION('',(-5.773502691896E-1,5.773502691896E-1,-5.773502691896E-1));
#327=VECTOR('',#326,3.464101615138E-1);
#328=CARTESIAN_POINT('',(1.165E1,4.75E0,-2.E-1));
#329=LINE('',#328,#327);
#330=DIRECTION('',(4.082482904639E-1,8.164965809277E-1,4.082482904639E-1));
#331=VECTOR('',#330,9.797958971133E-1);
#332=CARTESIAN_POINT('',(1.145E1,7.05E0,-4.E-1));
#333=LINE('',#332,#331);
#334=DIRECTION('',(-5.773502691896E-1,-5.773502691896E-1,-5.773502691896E-1));
#335=VECTOR('',#334,3.464101615138E-1);
#336=CARTESIAN_POINT('',(1.185E1,4.95E0,0.E0));
#337=LINE('',#336,#335);
#338=DIRECTION('',(5.773502691896E-1,5.773502691896E-1,5.773502691896E-1));
#339=VECTOR('',#338,6.928203230276E-1);
#340=CARTESIAN_POINT('',(1.335E1,4.55E0,-4.E-1));
#341=LINE('',#340,#339);
#342=DIRECTION('',(-5.773502691896E-1,5.773502691896E-1,5.773502691896E-1));
#343=VECTOR('',#342,3.464101615138E-1);
#344=CARTESIAN_POINT('',(1.185E1,4.55E0,-4.E-1));
#345=LINE('',#344,#343);
#346=DIRECTION('',(-7.071067811865E-1,7.071067811865E-1,0.E0));
#347=VECTOR('',#346,5.656854249492E-1);
#348=CARTESIAN_POINT('',(1.185E1,4.55E0,-1.45E1));
#349=LINE('',#348,#347);
#350=DIRECTION('',(0.E0,0.E0,-1.E0));
#351=VECTOR('',#350,1.41E1);
#352=CARTESIAN_POINT('',(1.185E1,4.55E0,-4.E-1));
#353=LINE('',#352,#351);
#354=DIRECTION('',(1.E0,0.E0,0.E0));
#355=VECTOR('',#354,1.5E0);
#356=CARTESIAN_POINT('',(1.185E1,4.55E0,-4.E-1));
#357=LINE('',#356,#355);
#358=DIRECTION('',(0.E0,-1.E0,0.E0));
#359=VECTOR('',#358,5.65E0);
#360=CARTESIAN_POINT('',(1.335E1,4.55E0,-4.E-1));
#361=LINE('',#360,#359);
#362=DIRECTION('',(0.E0,0.E0,-1.E0));
#363=VECTOR('',#362,1.41E1);
#364=CARTESIAN_POINT('',(1.335E1,4.55E0,-4.E-1));
#365=LINE('',#364,#363);
#366=DIRECTION('',(-7.071067811865E-1,0.E0,-7.071067811866E-1));
#367=VECTOR('',#366,5.656854249492E-1);
#368=CARTESIAN_POINT('',(1.375E1,-1.1E0,0.E0));
#369=LINE('',#368,#367);
#370=DIRECTION('',(0.E0,0.E0,1.E0));
#371=VECTOR('',#370,1.41E1);
#372=CARTESIAN_POINT('',(1.335E1,-1.1E0,-1.45E1));
#373=LINE('',#372,#371);
#374=DIRECTION('',(-1.E0,0.E0,0.E0));
#375=VECTOR('',#374,1.1E0);
#376=CARTESIAN_POINT('',(1.375E1,-1.1E0,0.E0));
#377=LINE('',#376,#375);
#378=DIRECTION('',(0.E0,0.E0,1.E0));
#379=VECTOR('',#378,1.45E1);
#380=CARTESIAN_POINT('',(1.265E1,-1.1E0,-1.45E1));
#381=LINE('',#380,#379);
#382=DIRECTION('',(1.E0,0.E0,0.E0));
#383=VECTOR('',#382,1.1E0);
#384=CARTESIAN_POINT('',(1.265E1,-1.9E0,0.E0));
#385=LINE('',#384,#383);
#386=DIRECTION('',(0.E0,0.E0,1.E0));
#387=VECTOR('',#386,1.45E1);
#388=CARTESIAN_POINT('',(1.265E1,-1.9E0,-1.45E1));
#389=LINE('',#388,#387);
#390=DIRECTION('',(5.773502691896E-1,-5.773502691896E-1,5.773502691896E-1));
#391=VECTOR('',#390,6.928203230275E-1);
#392=CARTESIAN_POINT('',(1.335E1,-7.25E0,-4.E-1));
#393=LINE('',#392,#391);
#394=DIRECTION('',(7.071067811865E-1,0.E0,7.071067811866E-1));
#395=VECTOR('',#394,5.656854249492E-1);
#396=CARTESIAN_POINT('',(1.335E1,-1.9E0,-4.E-1));
#397=LINE('',#396,#395);
#398=DIRECTION('',(-5.773502691896E-1,-5.773502691896E-1,5.773502691896E-1));
#399=VECTOR('',#398,6.928203230275E-1);
#400=CARTESIAN_POINT('',(-1.335E1,-7.25E0,-4.E-1));
#401=LINE('',#400,#399);
#402=DIRECTION('',(7.071067811865E-1,0.E0,-7.071067811866E-1));
#403=VECTOR('',#402,5.656854249492E-1);
#404=CARTESIAN_POINT('',(-1.375E1,-1.9E0,0.E0));
#405=LINE('',#404,#403);
#406=DIRECTION('',(0.E0,0.E0,1.E0));
#407=VECTOR('',#406,1.41E1);
#408=CARTESIAN_POINT('',(-1.335E1,-1.9E0,-1.45E1));
#409=LINE('',#408,#407);
#410=DIRECTION('',(1.E0,0.E0,0.E0));
#411=VECTOR('',#410,1.1E0);
#412=CARTESIAN_POINT('',(-1.375E1,-1.9E0,0.E0));
#413=LINE('',#412,#411);
#414=DIRECTION('',(0.E0,1.E0,0.E0));
#415=VECTOR('',#414,5.35E0);
#416=CARTESIAN_POINT('',(-1.335E1,-7.25E0,-4.E-1));
#417=LINE('',#416,#415);
#418=DIRECTION('',(0.E0,0.E0,1.E0));
#419=VECTOR('',#418,1.41E1);
#420=CARTESIAN_POINT('',(-1.335E1,-7.25E0,-1.45E1));
#421=LINE('',#420,#419);
#422=DIRECTION('',(0.E0,-1.E0,0.E0));
#423=VECTOR('',#422,2.1E0);
#424=CARTESIAN_POINT('',(1.145E1,7.05E0,-1.45E1));
#425=LINE('',#424,#423);
#426=DIRECTION('',(1.E0,0.E0,0.E0));
#427=VECTOR('',#426,1.5E0);
#428=CARTESIAN_POINT('',(1.185E1,4.55E0,-1.45E1));
#429=LINE('',#428,#427);
#430=DIRECTION('',(0.E0,1.E0,0.E0));
#431=VECTOR('',#430,5.65E0);
#432=CARTESIAN_POINT('',(1.335E1,-1.1E0,-1.45E1));
#433=LINE('',#432,#431);
#434=DIRECTION('',(1.E0,0.E0,0.E0));
#435=VECTOR('',#434,7.E-1);
#436=CARTESIAN_POINT('',(1.265E1,-1.1E0,-1.45E1));
#437=LINE('',#436,#435);
#438=DIRECTION('',(0.E0,1.E0,0.E0));
#439=VECTOR('',#438,8.E-1);
#440=CARTESIAN_POINT('',(1.265E1,-1.9E0,-1.45E1));
#441=LINE('',#440,#439);
#442=DIRECTION('',(-1.E0,0.E0,0.E0));
#443=VECTOR('',#442,7.E-1);
#444=CARTESIAN_POINT('',(1.335E1,-1.9E0,-1.45E1));
#445=LINE('',#444,#443);
#446=DIRECTION('',(0.E0,1.E0,0.E0));
#447=VECTOR('',#446,5.35E0);
#448=CARTESIAN_POINT('',(1.335E1,-7.25E0,-1.45E1));
#449=LINE('',#448,#447);
#450=DIRECTION('',(1.E0,0.E0,0.E0));
#451=VECTOR('',#450,2.67E1);
#452=CARTESIAN_POINT('',(-1.335E1,-7.25E0,-1.45E1));
#453=LINE('',#452,#451);
#454=DIRECTION('',(0.E0,-1.E0,0.E0));
#455=VECTOR('',#454,5.35E0);
#456=CARTESIAN_POINT('',(-1.335E1,-1.9E0,-1.45E1));
#457=LINE('',#456,#455);
#458=DIRECTION('',(-1.E0,0.E0,0.E0));
#459=VECTOR('',#458,7.E-1);
#460=CARTESIAN_POINT('',(-1.265E1,-1.9E0,-1.45E1));
#461=LINE('',#460,#459);
#462=DIRECTION('',(0.E0,-1.E0,0.E0));
#463=VECTOR('',#462,8.E-1);
#464=CARTESIAN_POINT('',(-1.265E1,-1.1E0,-1.45E1));
#465=LINE('',#464,#463);
#466=DIRECTION('',(1.E0,0.E0,0.E0));
#467=VECTOR('',#466,7.E-1);
#468=CARTESIAN_POINT('',(-1.335E1,-1.1E0,-1.45E1));
#469=LINE('',#468,#467);
#470=DIRECTION('',(0.E0,-1.E0,0.E0));
#471=VECTOR('',#470,5.65E0);
#472=CARTESIAN_POINT('',(-1.335E1,4.55E0,-1.45E1));
#473=LINE('',#472,#471);
#474=DIRECTION('',(1.E0,0.E0,0.E0));
#475=VECTOR('',#474,1.5E0);
#476=CARTESIAN_POINT('',(-1.335E1,4.55E0,-1.45E1));
#477=LINE('',#476,#475);
#478=DIRECTION('',(0.E0,1.E0,0.E0));
#479=VECTOR('',#478,2.1E0);
#480=CARTESIAN_POINT('',(-1.145E1,4.95E0,-1.45E1));
#481=LINE('',#480,#479);
#482=DIRECTION('',(-7.071067811865E-1,-7.071067811866E-1,0.E0));
#483=VECTOR('',#482,5.656854249492E-1);
#484=CARTESIAN_POINT('',(-1.105E1,7.45E0,-1.45E1));
#485=LINE('',#484,#483);
#486=DIRECTION('',(1.E0,0.E0,0.E0));
#487=VECTOR('',#486,1.1E0);
#488=CARTESIAN_POINT('',(-1.105E1,7.45E0,-1.45E1));
#489=LINE('',#488,#487);
#490=DIRECTION('',(-7.071067811865E-1,7.071067811865E-1,0.E0));
#491=VECTOR('',#490,5.656854249492E-1);
#492=CARTESIAN_POINT('',(-9.55E0,7.05E0,-1.45E1));
#493=LINE('',#492,#491);
#494=DIRECTION('',(0.E0,-1.E0,0.E0));
#495=VECTOR('',#494,2.1E0);
#496=CARTESIAN_POINT('',(-9.55E0,7.05E0,-1.45E1));
#497=LINE('',#496,#495);
#498=DIRECTION('',(-1.E0,0.E0,0.E0));
#499=VECTOR('',#498,4.85E0);
#500=CARTESIAN_POINT('',(-4.3E0,4.55E0,-1.45E1));
#501=LINE('',#500,#499);
#502=DIRECTION('',(0.E0,-1.E0,0.E0));
#503=VECTOR('',#502,2.9E0);
#504=CARTESIAN_POINT('',(-4.3E0,7.45E0,-1.45E1));
#505=LINE('',#504,#503);
#506=DIRECTION('',(-1.E0,0.E0,0.E0));
#507=VECTOR('',#506,3.3E0);
#508=CARTESIAN_POINT('',(-1.E0,7.45E0,-1.45E1));
#509=LINE('',#508,#507);
#510=DIRECTION('',(0.E0,-1.E0,0.E0));
#511=VECTOR('',#510,3.2E0);
#512=CARTESIAN_POINT('',(-1.E0,7.45E0,-1.45E1));
#513=LINE('',#512,#511);
#514=DIRECTION('',(1.E0,0.E0,0.E0));
#515=VECTOR('',#514,2.E0);
#516=CARTESIAN_POINT('',(-1.E0,4.25E0,-1.45E1));
#517=LINE('',#516,#515);
#518=DIRECTION('',(0.E0,-1.E0,0.E0));
#519=VECTOR('',#518,3.2E0);
#520=CARTESIAN_POINT('',(1.E0,7.45E0,-1.45E1));
#521=LINE('',#520,#519);
#522=DIRECTION('',(-1.E0,0.E0,0.E0));
#523=VECTOR('',#522,3.3E0);
#524=CARTESIAN_POINT('',(4.3E0,7.45E0,-1.45E1));
#525=LINE('',#524,#523);
#526=DIRECTION('',(0.E0,1.E0,0.E0));
#527=VECTOR('',#526,2.9E0);
#528=CARTESIAN_POINT('',(4.3E0,4.55E0,-1.45E1));
#529=LINE('',#528,#527);
#530=DIRECTION('',(-1.E0,0.E0,0.E0));
#531=VECTOR('',#530,4.85E0);
#532=CARTESIAN_POINT('',(9.15E0,4.55E0,-1.45E1));
#533=LINE('',#532,#531);
#534=DIRECTION('',(0.E0,1.E0,0.E0));
#535=VECTOR('',#534,2.1E0);
#536=CARTESIAN_POINT('',(9.55E0,4.95E0,-1.45E1));
#537=LINE('',#536,#535);
#538=DIRECTION('',(-7.071067811865E-1,-7.071067811866E-1,0.E0));
#539=VECTOR('',#538,5.656854249492E-1);
#540=CARTESIAN_POINT('',(9.95E0,7.45E0,-1.45E1));
#541=LINE('',#540,#539);
#542=DIRECTION('',(1.E0,0.E0,0.E0));
#543=VECTOR('',#542,1.1E0);
#544=CARTESIAN_POINT('',(9.95E0,7.45E0,-1.45E1));
#545=LINE('',#544,#543);
#546=DIRECTION('',(-7.071067811865E-1,7.071067811865E-1,0.E0));
#547=VECTOR('',#546,5.656854249492E-1);
#548=CARTESIAN_POINT('',(1.145E1,7.05E0,-1.45E1));
#549=LINE('',#548,#547);
#550=DIRECTION('',(0.E0,-1.E0,0.E0));
#551=VECTOR('',#550,6.4E-1);
#552=CARTESIAN_POINT('',(1.075E1,-5.08E0,-1.45E1));
#553=LINE('',#552,#551);
#554=DIRECTION('',(1.E0,0.E0,0.E0));
#555=VECTOR('',#554,1.E0);
#556=CARTESIAN_POINT('',(1.075E1,-5.72E0,-1.45E1));
#557=LINE('',#556,#555);
#558=DIRECTION('',(0.E0,1.E0,0.E0));
#559=VECTOR('',#558,6.4E-1);
#560=CARTESIAN_POINT('',(1.175E1,-5.72E0,-1.45E1));
#561=LINE('',#560,#559);
#562=DIRECTION('',(-1.E0,0.E0,0.E0));
#563=VECTOR('',#562,1.E0);
#564=CARTESIAN_POINT('',(1.175E1,-5.08E0,-1.45E1));
#565=LINE('',#564,#563);
#566=DIRECTION('',(-1.E0,0.E0,0.E0));
#567=VECTOR('',#566,1.E0);
#568=CARTESIAN_POINT('',(1.175E1,1.2E-1,-1.45E1));
#569=LINE('',#568,#567);
#570=DIRECTION('',(0.E0,-1.E0,0.E0));
#571=VECTOR('',#570,6.4E-1);
#572=CARTESIAN_POINT('',(1.075E1,1.2E-1,-1.45E1));
#573=LINE('',#572,#571);
#574=DIRECTION('',(1.E0,0.E0,0.E0));
#575=VECTOR('',#574,1.E0);
#576=CARTESIAN_POINT('',(1.075E1,-5.2E-1,-1.45E1));
#577=LINE('',#576,#575);
#578=DIRECTION('',(0.E0,1.E0,0.E0));
#579=VECTOR('',#578,6.4E-1);
#580=CARTESIAN_POINT('',(1.175E1,-5.2E-1,-1.45E1));
#581=LINE('',#580,#579);
#582=DIRECTION('',(0.E0,-1.E0,0.E0));
#583=VECTOR('',#582,6.4E-1);
#584=CARTESIAN_POINT('',(8.25E0,-5.08E0,-1.45E1));
#585=LINE('',#584,#583);
#586=DIRECTION('',(1.E0,0.E0,0.E0));
#587=VECTOR('',#586,1.E0);
#588=CARTESIAN_POINT('',(8.25E0,-5.72E0,-1.45E1));
#589=LINE('',#588,#587);
#590=DIRECTION('',(0.E0,1.E0,0.E0));
#591=VECTOR('',#590,6.4E-1);
#592=CARTESIAN_POINT('',(9.25E0,-5.72E0,-1.45E1));
#593=LINE('',#592,#591);
#594=DIRECTION('',(-1.E0,0.E0,0.E0));
#595=VECTOR('',#594,1.E0);
#596=CARTESIAN_POINT('',(9.25E0,-5.08E0,-1.45E1));
#597=LINE('',#596,#595);
#598=DIRECTION('',(-1.E0,0.E0,0.E0));
#599=VECTOR('',#598,1.E0);
#600=CARTESIAN_POINT('',(9.25E0,1.2E-1,-1.45E1));
#601=LINE('',#600,#599);
#602=DIRECTION('',(0.E0,-1.E0,0.E0));
#603=VECTOR('',#602,6.4E-1);
#604=CARTESIAN_POINT('',(8.25E0,1.2E-1,-1.45E1));
#605=LINE('',#604,#603);
#606=DIRECTION('',(1.E0,0.E0,0.E0));
#607=VECTOR('',#606,1.E0);
#608=CARTESIAN_POINT('',(8.25E0,-5.2E-1,-1.45E1));
#609=LINE('',#608,#607);
#610=DIRECTION('',(0.E0,1.E0,0.E0));
#611=VECTOR('',#610,6.4E-1);
#612=CARTESIAN_POINT('',(9.25E0,-5.2E-1,-1.45E1));
#613=LINE('',#612,#611);
#614=DIRECTION('',(0.E0,-1.E0,0.E0));
#615=VECTOR('',#614,6.4E-1);
#616=CARTESIAN_POINT('',(5.75E0,-5.08E0,-1.45E1));
#617=LINE('',#616,#615);
#618=DIRECTION('',(1.E0,0.E0,0.E0));
#619=VECTOR('',#618,1.E0);
#620=CARTESIAN_POINT('',(5.75E0,-5.72E0,-1.45E1));
#621=LINE('',#620,#619);
#622=DIRECTION('',(0.E0,1.E0,0.E0));
#623=VECTOR('',#622,6.4E-1);
#624=CARTESIAN_POINT('',(6.75E0,-5.72E0,-1.45E1));
#625=LINE('',#624,#623);
#626=DIRECTION('',(-1.E0,0.E0,0.E0));
#627=VECTOR('',#626,1.E0);
#628=CARTESIAN_POINT('',(6.75E0,-5.08E0,-1.45E1));
#629=LINE('',#628,#627);
#630=DIRECTION('',(-1.E0,0.E0,0.E0));
#631=VECTOR('',#630,1.E0);
#632=CARTESIAN_POINT('',(6.75E0,1.2E-1,-1.45E1));
#633=LINE('',#632,#631);
#634=DIRECTION('',(0.E0,-1.E0,0.E0));
#635=VECTOR('',#634,6.4E-1);
#636=CARTESIAN_POINT('',(5.75E0,1.2E-1,-1.45E1));
#637=LINE('',#636,#635);
#638=DIRECTION('',(1.E0,0.E0,0.E0));
#639=VECTOR('',#638,1.E0);
#640=CARTESIAN_POINT('',(5.75E0,-5.2E-1,-1.45E1));
#641=LINE('',#640,#639);
#642=DIRECTION('',(0.E0,1.E0,0.E0));
#643=VECTOR('',#642,6.4E-1);
#644=CARTESIAN_POINT('',(6.75E0,-5.2E-1,-1.45E1));
#645=LINE('',#644,#643);
#646=DIRECTION('',(0.E0,-1.E0,0.E0));
#647=VECTOR('',#646,6.4E-1);
#648=CARTESIAN_POINT('',(3.25E0,-5.08E0,-1.45E1));
#649=LINE('',#648,#647);
#650=DIRECTION('',(1.E0,0.E0,0.E0));
#651=VECTOR('',#650,1.E0);
#652=CARTESIAN_POINT('',(3.25E0,-5.72E0,-1.45E1));
#653=LINE('',#652,#651);
#654=DIRECTION('',(0.E0,1.E0,0.E0));
#655=VECTOR('',#654,6.4E-1);
#656=CARTESIAN_POINT('',(4.25E0,-5.72E0,-1.45E1));
#657=LINE('',#656,#655);
#658=DIRECTION('',(-1.E0,0.E0,0.E0));
#659=VECTOR('',#658,1.E0);
#660=CARTESIAN_POINT('',(4.25E0,-5.08E0,-1.45E1));
#661=LINE('',#660,#659);
#662=DIRECTION('',(-1.E0,0.E0,0.E0));
#663=VECTOR('',#662,1.E0);
#664=CARTESIAN_POINT('',(4.25E0,1.2E-1,-1.45E1));
#665=LINE('',#664,#663);
#666=DIRECTION('',(0.E0,-1.E0,0.E0));
#667=VECTOR('',#666,6.4E-1);
#668=CARTESIAN_POINT('',(3.25E0,1.2E-1,-1.45E1));
#669=LINE('',#668,#667);
#670=DIRECTION('',(1.E0,0.E0,0.E0));
#671=VECTOR('',#670,1.E0);
#672=CARTESIAN_POINT('',(3.25E0,-5.2E-1,-1.45E1));
#673=LINE('',#672,#671);
#674=DIRECTION('',(0.E0,1.E0,0.E0));
#675=VECTOR('',#674,6.4E-1);
#676=CARTESIAN_POINT('',(4.25E0,-5.2E-1,-1.45E1));
#677=LINE('',#676,#675);
#678=DIRECTION('',(0.E0,-1.E0,0.E0));
#679=VECTOR('',#678,6.4E-1);
#680=CARTESIAN_POINT('',(7.5E-1,-5.08E0,-1.45E1));
#681=LINE('',#680,#679);
#682=DIRECTION('',(1.E0,0.E0,0.E0));
#683=VECTOR('',#682,1.E0);
#684=CARTESIAN_POINT('',(7.5E-1,-5.72E0,-1.45E1));
#685=LINE('',#684,#683);
#686=DIRECTION('',(0.E0,1.E0,0.E0));
#687=VECTOR('',#686,6.4E-1);
#688=CARTESIAN_POINT('',(1.75E0,-5.72E0,-1.45E1));
#689=LINE('',#688,#687);
#690=DIRECTION('',(-1.E0,0.E0,0.E0));
#691=VECTOR('',#690,1.E0);
#692=CARTESIAN_POINT('',(1.75E0,-5.08E0,-1.45E1));
#693=LINE('',#692,#691);
#694=DIRECTION('',(-1.E0,0.E0,0.E0));
#695=VECTOR('',#694,1.E0);
#696=CARTESIAN_POINT('',(1.75E0,1.2E-1,-1.45E1));
#697=LINE('',#696,#695);
#698=DIRECTION('',(0.E0,-1.E0,0.E0));
#699=VECTOR('',#698,6.4E-1);
#700=CARTESIAN_POINT('',(7.5E-1,1.2E-1,-1.45E1));
#701=LINE('',#700,#699);
#702=DIRECTION('',(1.E0,0.E0,0.E0));
#703=VECTOR('',#702,1.E0);
#704=CARTESIAN_POINT('',(7.5E-1,-5.2E-1,-1.45E1));
#705=LINE('',#704,#703);
#706=DIRECTION('',(0.E0,1.E0,0.E0));
#707=VECTOR('',#706,6.4E-1);
#708=CARTESIAN_POINT('',(1.75E0,-5.2E-1,-1.45E1));
#709=LINE('',#708,#707);
#710=DIRECTION('',(0.E0,-1.E0,0.E0));
#711=VECTOR('',#710,6.4E-1);
#712=CARTESIAN_POINT('',(-1.75E0,-5.08E0,-1.45E1));
#713=LINE('',#712,#711);
#714=DIRECTION('',(1.E0,0.E0,0.E0));
#715=VECTOR('',#714,1.E0);
#716=CARTESIAN_POINT('',(-1.75E0,-5.72E0,-1.45E1));
#717=LINE('',#716,#715);
#718=DIRECTION('',(0.E0,1.E0,0.E0));
#719=VECTOR('',#718,6.4E-1);
#720=CARTESIAN_POINT('',(-7.5E-1,-5.72E0,-1.45E1));
#721=LINE('',#720,#719);
#722=DIRECTION('',(-1.E0,0.E0,0.E0));
#723=VECTOR('',#722,1.E0);
#724=CARTESIAN_POINT('',(-7.5E-1,-5.08E0,-1.45E1));
#725=LINE('',#724,#723);
#726=DIRECTION('',(-1.E0,0.E0,0.E0));
#727=VECTOR('',#726,1.E0);
#728=CARTESIAN_POINT('',(-7.5E-1,1.2E-1,-1.45E1));
#729=LINE('',#728,#727);
#730=DIRECTION('',(0.E0,-1.E0,0.E0));
#731=VECTOR('',#730,6.4E-1);
#732=CARTESIAN_POINT('',(-1.75E0,1.2E-1,-1.45E1));
#733=LINE('',#732,#731);
#734=DIRECTION('',(1.E0,0.E0,0.E0));
#735=VECTOR('',#734,1.E0);
#736=CARTESIAN_POINT('',(-1.75E0,-5.2E-1,-1.45E1));
#737=LINE('',#736,#735);
#738=DIRECTION('',(0.E0,1.E0,0.E0));
#739=VECTOR('',#738,6.4E-1);
#740=CARTESIAN_POINT('',(-7.5E-1,-5.2E-1,-1.45E1));
#741=LINE('',#740,#739);
#742=DIRECTION('',(0.E0,-1.E0,0.E0));
#743=VECTOR('',#742,6.4E-1);
#744=CARTESIAN_POINT('',(-4.25E0,-5.08E0,-1.45E1));
#745=LINE('',#744,#743);
#746=DIRECTION('',(1.E0,0.E0,0.E0));
#747=VECTOR('',#746,1.E0);
#748=CARTESIAN_POINT('',(-4.25E0,-5.72E0,-1.45E1));
#749=LINE('',#748,#747);
#750=DIRECTION('',(0.E0,1.E0,0.E0));
#751=VECTOR('',#750,6.4E-1);
#752=CARTESIAN_POINT('',(-3.25E0,-5.72E0,-1.45E1));
#753=LINE('',#752,#751);
#754=DIRECTION('',(-1.E0,0.E0,0.E0));
#755=VECTOR('',#754,1.E0);
#756=CARTESIAN_POINT('',(-3.25E0,-5.08E0,-1.45E1));
#757=LINE('',#756,#755);
#758=DIRECTION('',(-1.E0,0.E0,0.E0));
#759=VECTOR('',#758,1.E0);
#760=CARTESIAN_POINT('',(-3.25E0,1.2E-1,-1.45E1));
#761=LINE('',#760,#759);
#762=DIRECTION('',(0.E0,-1.E0,0.E0));
#763=VECTOR('',#762,6.4E-1);
#764=CARTESIAN_POINT('',(-4.25E0,1.2E-1,-1.45E1));
#765=LINE('',#764,#763);
#766=DIRECTION('',(1.E0,0.E0,0.E0));
#767=VECTOR('',#766,1.E0);
#768=CARTESIAN_POINT('',(-4.25E0,-5.2E-1,-1.45E1));
#769=LINE('',#768,#767);
#770=DIRECTION('',(0.E0,1.E0,0.E0));
#771=VECTOR('',#770,6.4E-1);
#772=CARTESIAN_POINT('',(-3.25E0,-5.2E-1,-1.45E1));
#773=LINE('',#772,#771);
#774=DIRECTION('',(0.E0,-1.E0,0.E0));
#775=VECTOR('',#774,6.4E-1);
#776=CARTESIAN_POINT('',(-6.75E0,-5.08E0,-1.45E1));
#777=LINE('',#776,#775);
#778=DIRECTION('',(1.E0,0.E0,0.E0));
#779=VECTOR('',#778,1.E0);
#780=CARTESIAN_POINT('',(-6.75E0,-5.72E0,-1.45E1));
#781=LINE('',#780,#779);
#782=DIRECTION('',(0.E0,1.E0,0.E0));
#783=VECTOR('',#782,6.4E-1);
#784=CARTESIAN_POINT('',(-5.75E0,-5.72E0,-1.45E1));
#785=LINE('',#784,#783);
#786=DIRECTION('',(-1.E0,0.E0,0.E0));
#787=VECTOR('',#786,1.E0);
#788=CARTESIAN_POINT('',(-5.75E0,-5.08E0,-1.45E1));
#789=LINE('',#788,#787);
#790=DIRECTION('',(-1.E0,0.E0,0.E0));
#791=VECTOR('',#790,1.E0);
#792=CARTESIAN_POINT('',(-5.75E0,1.2E-1,-1.45E1));
#793=LINE('',#792,#791);
#794=DIRECTION('',(0.E0,-1.E0,0.E0));
#795=VECTOR('',#794,6.4E-1);
#796=CARTESIAN_POINT('',(-6.75E0,1.2E-1,-1.45E1));
#797=LINE('',#796,#795);
#798=DIRECTION('',(1.E0,0.E0,0.E0));
#799=VECTOR('',#798,1.E0);
#800=CARTESIAN_POINT('',(-6.75E0,-5.2E-1,-1.45E1));
#801=LINE('',#800,#799);
#802=DIRECTION('',(0.E0,1.E0,0.E0));
#803=VECTOR('',#802,6.4E-1);
#804=CARTESIAN_POINT('',(-5.75E0,-5.2E-1,-1.45E1));
#805=LINE('',#804,#803);
#806=DIRECTION('',(0.E0,-1.E0,0.E0));
#807=VECTOR('',#806,6.4E-1);
#808=CARTESIAN_POINT('',(-9.25E0,-5.08E0,-1.45E1));
#809=LINE('',#808,#807);
#810=DIRECTION('',(1.E0,0.E0,0.E0));
#811=VECTOR('',#810,1.E0);
#812=CARTESIAN_POINT('',(-9.25E0,-5.72E0,-1.45E1));
#813=LINE('',#812,#811);
#814=DIRECTION('',(0.E0,1.E0,0.E0));
#815=VECTOR('',#814,6.4E-1);
#816=CARTESIAN_POINT('',(-8.25E0,-5.72E0,-1.45E1));
#817=LINE('',#816,#815);
#818=DIRECTION('',(-1.E0,0.E0,0.E0));
#819=VECTOR('',#818,1.E0);
#820=CARTESIAN_POINT('',(-8.25E0,-5.08E0,-1.45E1));
#821=LINE('',#820,#819);
#822=DIRECTION('',(-1.E0,0.E0,0.E0));
#823=VECTOR('',#822,1.E0);
#824=CARTESIAN_POINT('',(-8.25E0,1.2E-1,-1.45E1));
#825=LINE('',#824,#823);
#826=DIRECTION('',(0.E0,-1.E0,0.E0));
#827=VECTOR('',#826,6.4E-1);
#828=CARTESIAN_POINT('',(-9.25E0,1.2E-1,-1.45E1));
#829=LINE('',#828,#827);
#830=DIRECTION('',(1.E0,0.E0,0.E0));
#831=VECTOR('',#830,1.E0);
#832=CARTESIAN_POINT('',(-9.25E0,-5.2E-1,-1.45E1));
#833=LINE('',#832,#831);
#834=DIRECTION('',(0.E0,1.E0,0.E0));
#835=VECTOR('',#834,6.4E-1);
#836=CARTESIAN_POINT('',(-8.25E0,-5.2E-1,-1.45E1));
#837=LINE('',#836,#835);
#838=DIRECTION('',(0.E0,-1.E0,0.E0));
#839=VECTOR('',#838,6.4E-1);
#840=CARTESIAN_POINT('',(-1.175E1,-5.08E0,-1.45E1));
#841=LINE('',#840,#839);
#842=DIRECTION('',(1.E0,0.E0,0.E0));
#843=VECTOR('',#842,1.E0);
#844=CARTESIAN_POINT('',(-1.175E1,-5.72E0,-1.45E1));
#845=LINE('',#844,#843);
#846=DIRECTION('',(0.E0,1.E0,0.E0));
#847=VECTOR('',#846,6.4E-1);
#848=CARTESIAN_POINT('',(-1.075E1,-5.72E0,-1.45E1));
#849=LINE('',#848,#847);
#850=DIRECTION('',(-1.E0,0.E0,0.E0));
#851=VECTOR('',#850,1.E0);
#852=CARTESIAN_POINT('',(-1.075E1,-5.08E0,-1.45E1));
#853=LINE('',#852,#851);
#854=DIRECTION('',(-1.E0,0.E0,0.E0));
#855=VECTOR('',#854,1.E0);
#856=CARTESIAN_POINT('',(-1.075E1,1.2E-1,-1.45E1));
#857=LINE('',#856,#855);
#858=DIRECTION('',(0.E0,-1.E0,0.E0));
#859=VECTOR('',#858,6.4E-1);
#860=CARTESIAN_POINT('',(-1.175E1,1.2E-1,-1.45E1));
#861=LINE('',#860,#859);
#862=DIRECTION('',(1.E0,0.E0,0.E0));
#863=VECTOR('',#862,1.E0);
#864=CARTESIAN_POINT('',(-1.175E1,-5.2E-1,-1.45E1));
#865=LINE('',#864,#863);
#866=DIRECTION('',(0.E0,1.E0,0.E0));
#867=VECTOR('',#866,6.4E-1);
#868=CARTESIAN_POINT('',(-1.075E1,-5.2E-1,-1.45E1));
#869=LINE('',#868,#867);
#870=DIRECTION('',(0.E0,-1.E0,0.E0));
#871=VECTOR('',#870,2.1E0);
#872=CARTESIAN_POINT('',(1.145E1,7.05E0,-4.E-1));
#873=LINE('',#872,#871);
#874=DIRECTION('',(0.E0,0.E0,-1.E0));
#875=VECTOR('',#874,1.41E1);
#876=CARTESIAN_POINT('',(1.145E1,4.95E0,-4.E-1));
#877=LINE('',#876,#875);
#878=DIRECTION('',(0.E0,0.E0,1.E0));
#879=VECTOR('',#878,1.41E1);
#880=CARTESIAN_POINT('',(1.145E1,7.05E0,-1.45E1));
#881=LINE('',#880,#879);
#882=DIRECTION('',(7.071067811865E-1,-7.071067811865E-1,0.E0));
#883=VECTOR('',#882,5.656854249492E-1);
#884=CARTESIAN_POINT('',(1.105E1,7.45E0,-4.E-1));
#885=LINE('',#884,#883);
#886=DIRECTION('',(0.E0,-1.E0,0.E0));
#887=VECTOR('',#886,5.35E0);
#888=CARTESIAN_POINT('',(1.335E1,-1.9E0,-4.E-1));
#889=LINE('',#888,#887);
#890=DIRECTION('',(0.E0,0.E0,1.E0));
#891=VECTOR('',#890,1.41E1);
#892=CARTESIAN_POINT('',(1.335E1,-1.9E0,-1.45E1));
#893=LINE('',#892,#891);
#894=DIRECTION('',(-1.E0,0.E0,0.E0));
#895=VECTOR('',#894,2.67E1);
#896=CARTESIAN_POINT('',(1.335E1,-7.25E0,-4.E-1));
#897=LINE('',#896,#895);
#898=DIRECTION('',(0.E0,0.E0,1.E0));
#899=VECTOR('',#898,1.41E1);
#900=CARTESIAN_POINT('',(1.335E1,-7.25E0,-1.45E1));
#901=LINE('',#900,#899);
#902=DIRECTION('',(0.E0,0.E0,1.E0));
#903=VECTOR('',#902,1.45E1);
#904=CARTESIAN_POINT('',(-1.265E1,-1.9E0,-1.45E1));
#905=LINE('',#904,#903);
#906=DIRECTION('',(-1.E0,0.E0,0.E0));
#907=VECTOR('',#906,1.1E0);
#908=CARTESIAN_POINT('',(-1.265E1,-1.1E0,0.E0));
#909=LINE('',#908,#907);
#910=DIRECTION('',(0.E0,0.E0,1.E0));
#911=VECTOR('',#910,1.45E1);
#912=CARTESIAN_POINT('',(-1.265E1,-1.1E0,-1.45E1));
#913=LINE('',#912,#911);
#914=DIRECTION('',(-5.773502691896E-1,5.773502691896E-1,5.773502691896E-1));
#915=VECTOR('',#914,6.928203230275E-1);
#916=CARTESIAN_POINT('',(-1.335E1,4.55E0,-4.E-1));
#917=LINE('',#916,#915);
#918=DIRECTION('',(-7.071067811865E-1,0.E0,7.071067811866E-1));
#919=VECTOR('',#918,5.656854249492E-1);
#920=CARTESIAN_POINT('',(-1.335E1,-1.1E0,-4.E-1));
#921=LINE('',#920,#919);
#922=DIRECTION('',(-5.773502691896E-1,-5.773502691896E-1,-5.773502691896E-1));
#923=VECTOR('',#922,3.464101615138E-1);
#924=CARTESIAN_POINT('',(-1.165E1,4.75E0,-2.E-1));
#925=LINE('',#924,#923);
#926=DIRECTION('',(0.E0,0.E0,-1.E0));
#927=VECTOR('',#926,1.41E1);
#928=CARTESIAN_POINT('',(-1.335E1,4.55E0,-4.E-1));
#929=LINE('',#928,#927);
#930=DIRECTION('',(1.E0,0.E0,0.E0));
#931=VECTOR('',#930,1.5E0);
#932=CARTESIAN_POINT('',(-1.335E1,4.55E0,-4.E-1));
#933=LINE('',#932,#931);
#934=DIRECTION('',(0.E0,0.E0,-1.E0));
#935=VECTOR('',#934,1.41E1);
#936=CARTESIAN_POINT('',(-1.185E1,4.55E0,-4.E-1));
#937=LINE('',#936,#935);
#938=DIRECTION('',(0.E0,1.E0,0.E0));
#939=VECTOR('',#938,5.65E0);
#940=CARTESIAN_POINT('',(-1.335E1,-1.1E0,-4.E-1));
#941=LINE('',#940,#939);
#942=DIRECTION('',(0.E0,0.E0,1.E0));
#943=VECTOR('',#942,1.41E1);
#944=CARTESIAN_POINT('',(-1.335E1,-1.1E0,-1.45E1));
#945=LINE('',#944,#943);
#946=DIRECTION('',(-5.773502691896E-1,-5.773502691896E-1,5.773502691896E-1));
#947=VECTOR('',#946,3.464101615138E-1);
#948=CARTESIAN_POINT('',(-1.145E1,4.95E0,-4.E-1));
#949=LINE('',#948,#947);
#950=DIRECTION('',(-7.071067811865E-1,-7.071067811865E-1,0.E0));
#951=VECTOR('',#950,5.656854249492E-1);
#952=CARTESIAN_POINT('',(-1.145E1,4.95E0,-1.45E1));
#953=LINE('',#952,#951);
#954=DIRECTION('',(5.773502691896E-1,-5.773502691896E-1,-5.773502691896E-1));
#955=VECTOR('',#954,3.464101615138E-1);
#956=CARTESIAN_POINT('',(-1.185E1,4.95E0,0.E0));
#957=LINE('',#956,#955);
#958=DIRECTION('',(4.082482904639E-1,-8.164965809277E-1,-4.082482904639E-1));
#959=VECTOR('',#958,9.797958971133E-1);
#960=CARTESIAN_POINT('',(-1.185E1,7.85E0,0.E0));
#961=LINE('',#960,#959);
#962=DIRECTION('',(0.E0,1.E0,0.E0));
#963=VECTOR('',#962,2.1E0);
#964=CARTESIAN_POINT('',(-1.145E1,4.95E0,-4.E-1));
#965=LINE('',#964,#963);
#966=DIRECTION('',(0.E0,0.E0,1.E0));
#967=VECTOR('',#966,1.41E1);
#968=CARTESIAN_POINT('',(-1.145E1,7.05E0,-1.45E1));
#969=LINE('',#968,#967);
#970=DIRECTION('',(0.E0,0.E0,-1.E0));
#971=VECTOR('',#970,1.41E1);
#972=CARTESIAN_POINT('',(-1.145E1,4.95E0,-4.E-1));
#973=LINE('',#972,#971);
#974=DIRECTION('',(7.071067811865E-1,7.071067811866E-1,0.E0));
#975=VECTOR('',#974,5.656854249492E-1);
#976=CARTESIAN_POINT('',(-1.145E1,7.05E0,-4.E-1));
#977=LINE('',#976,#975);
#978=DIRECTION('',(8.164965809277E-1,-4.082482904639E-1,-4.082482904639E-1));
#979=VECTOR('',#978,9.797958971133E-1);
#980=CARTESIAN_POINT('',(-1.185E1,7.85E0,0.E0));
#981=LINE('',#980,#979);
#982=DIRECTION('',(-8.164965809277E-1,-4.082482904639E-1,-4.082482904639E-1));
#983=VECTOR('',#982,9.797958971133E-1);
#984=CARTESIAN_POINT('',(-9.15E0,7.85E0,0.E0));
#985=LINE('',#984,#983);
#986=DIRECTION('',(1.E0,0.E0,0.E0));
#987=VECTOR('',#986,1.1E0);
#988=CARTESIAN_POINT('',(-1.105E1,7.45E0,-4.E-1));
#989=LINE('',#988,#987);
#990=DIRECTION('',(0.E0,0.E0,1.E0));
#991=VECTOR('',#990,1.41E1);
#992=CARTESIAN_POINT('',(-9.95E0,7.45E0,-1.45E1));
#993=LINE('',#992,#991);
#994=DIRECTION('',(0.E0,0.E0,1.E0));
#995=VECTOR('',#994,1.41E1);
#996=CARTESIAN_POINT('',(-1.105E1,7.45E0,-1.45E1));
#997=LINE('',#996,#995);
#998=DIRECTION('',(7.071067811865E-1,-7.071067811865E-1,0.E0));
#999=VECTOR('',#998,5.656854249492E-1);
#1000=CARTESIAN_POINT('',(-9.95E0,7.45E0,-4.E-1));
#1001=LINE('',#1000,#999);
#1002=DIRECTION('',(5.773502691896E-1,-5.773502691896E-1,5.773502691896E-1));
#1003=VECTOR('',#1002,3.464101615138E-1);
#1004=CARTESIAN_POINT('',(-9.55E0,4.95E0,-4.E-1));
#1005=LINE('',#1004,#1003);
#1006=DIRECTION('',(4.082482904639E-1,8.164965809277E-1,4.082482904639E-1));
#1007=VECTOR('',#1006,9.797958971133E-1);
#1008=CARTESIAN_POINT('',(-9.55E0,7.05E0,-4.E-1));
#1009=LINE('',#1008,#1007);
#1010=DIRECTION('',(5.773502691896E-1,5.773502691896E-1,5.773502691896E-1));
#1011=VECTOR('',#1010,3.464101615138E-1);
#1012=CARTESIAN_POINT('',(-9.35E0,4.75E0,-2.E-1));
#1013=LINE('',#1012,#1011);
#1014=DIRECTION('',(-5.773502691896E-1,5.773502691896E-1,5.773502691896E-1));
#1015=VECTOR('',#1014,6.928203230276E-1);
#1016=CARTESIAN_POINT('',(-4.3E0,4.55E0,-4.E-1));
#1017=LINE('',#1016,#1015);
#1018=DIRECTION('',(1.E0,0.E0,0.E0));
#1019=VECTOR('',#1018,4.85E0);
#1020=CARTESIAN_POINT('',(-9.15E0,4.55E0,-4.E-1));
#1021=LINE('',#1020,#1019);
#1022=DIRECTION('',(0.E0,0.E0,-1.E0));
#1023=VECTOR('',#1022,1.41E1);
#1024=CARTESIAN_POINT('',(-9.15E0,4.55E0,-4.E-1));
#1025=LINE('',#1024,#1023);
#1026=DIRECTION('',(0.E0,0.E0,1.E0));
#1027=VECTOR('',#1026,1.41E1);
#1028=CARTESIAN_POINT('',(-4.3E0,4.55E0,-1.45E1));
#1029=LINE('',#1028,#1027);
#1030=DIRECTION('',(0.E0,1.E0,0.E0));
#1031=VECTOR('',#1030,2.9E0);
#1032=CARTESIAN_POINT('',(-4.3E0,4.55E0,-4.E-1));
#1033=LINE('',#1032,#1031);
#1034=DIRECTION('',(-5.773502691896E-1,5.773502691896E-1,5.773502691896E-1));
#1035=VECTOR('',#1034,6.928203230275E-1);
#1036=CARTESIAN_POINT('',(-4.3E0,7.45E0,-4.E-1));
#1037=LINE('',#1036,#1035);
#1038=DIRECTION('',(-5.773502691896E-1,5.773502691896E-1,5.773502691896E-1));
#1039=VECTOR('',#1038,3.464101615138E-1);
#1040=CARTESIAN_POINT('',(-9.15E0,4.55E0,-4.E-1));
#1041=LINE('',#1040,#1039);
#1042=DIRECTION('',(-7.071067811865E-1,7.071067811865E-1,0.E0));
#1043=VECTOR('',#1042,5.656854249492E-1);
#1044=CARTESIAN_POINT('',(-9.15E0,4.55E0,-1.45E1));
#1045=LINE('',#1044,#1043);
#1046=DIRECTION('',(0.E0,-1.E0,0.E0));
#1047=VECTOR('',#1046,2.1E0);
#1048=CARTESIAN_POINT('',(-9.55E0,7.05E0,-4.E-1));
#1049=LINE('',#1048,#1047);
#1050=DIRECTION('',(0.E0,0.E0,-1.E0));
#1051=VECTOR('',#1050,1.41E1);
#1052=CARTESIAN_POINT('',(-9.55E0,4.95E0,-4.E-1));
#1053=LINE('',#1052,#1051);
#1054=DIRECTION('',(0.E0,0.E0,1.E0));
#1055=VECTOR('',#1054,1.41E1);
#1056=CARTESIAN_POINT('',(-9.55E0,7.05E0,-1.45E1));
#1057=LINE('',#1056,#1055);
#1058=DIRECTION('',(0.E0,-9.961946980917E-1,-8.715574274766E-2));
#1059=VECTOR('',#1058,1.100062867626E0);
#1060=CARTESIAN_POINT('',(-1.E0,7.45E0,-2.5E0));
#1061=LINE('',#1060,#1059);
#1062=DIRECTION('',(0.E0,0.E0,1.E0));
#1063=VECTOR('',#1062,1.1E0);
#1064=CARTESIAN_POINT('',(-1.E0,6.354123203703E0,-2.595876796297E0));
#1065=LINE('',#1064,#1063);
#1066=DIRECTION('',(0.E0,7.071067811865E-1,7.071067811865E-1));
#1067=VECTOR('',#1066,1.549803828013E0);
#1068=CARTESIAN_POINT('',(-1.E0,6.354123203703E0,-1.495876796297E0));
#1069=LINE('',#1068,#1067);
#1070=DIRECTION('',(0.E0,-1.E0,0.E0));
#1071=VECTOR('',#1070,3.2E0);
#1072=CARTESIAN_POINT('',(-1.E0,7.45E0,-4.E-1));
#1073=LINE('',#1072,#1071);
#1074=DIRECTION('',(-1.E0,0.E0,0.E0));
#1075=VECTOR('',#1074,1.4E0);
#1076=CARTESIAN_POINT('',(-1.E0,6.354123203703E0,-2.595876796297E0));
#1077=LINE('',#1076,#1075);
#1078=DIRECTION('',(1.E0,0.E0,0.E0));
#1079=VECTOR('',#1078,1.4E0);
#1080=CARTESIAN_POINT('',(1.E0,6.354123203703E0,-2.595876796297E0));
#1081=LINE('',#1080,#1079);
#1082=DIRECTION('',(0.E0,-9.961946980917E-1,-8.715574274766E-2));
#1083=VECTOR('',#1082,1.100062867626E0);
#1084=CARTESIAN_POINT('',(1.E0,7.45E0,-2.5E0));
#1085=LINE('',#1084,#1083);
#1086=DIRECTION('',(0.E0,0.E0,1.E0));
#1087=VECTOR('',#1086,1.41E1);
#1088=CARTESIAN_POINT('',(1.E0,4.25E0,-1.45E1));
#1089=LINE('',#1088,#1087);
#1090=DIRECTION('',(0.E0,1.E0,0.E0));
#1091=VECTOR('',#1090,3.2E0);
#1092=CARTESIAN_POINT('',(1.E0,4.25E0,-4.E-1));
#1093=LINE('',#1092,#1091);
#1094=DIRECTION('',(0.E0,7.071067811865E-1,7.071067811865E-1));
#1095=VECTOR('',#1094,1.549803828013E0);
#1096=CARTESIAN_POINT('',(1.E0,6.354123203703E0,-1.495876796297E0));
#1097=LINE('',#1096,#1095);
#1098=DIRECTION('',(0.E0,0.E0,1.E0));
#1099=VECTOR('',#1098,1.1E0);
#1100=CARTESIAN_POINT('',(1.E0,6.354123203703E0,-2.595876796297E0));
#1101=LINE('',#1100,#1099);
#1102=DIRECTION('',(1.E0,0.E0,0.E0));
#1103=VECTOR('',#1102,2.E0);
#1104=CARTESIAN_POINT('',(-1.E0,4.25E0,-4.E-1));
#1105=LINE('',#1104,#1103);
#1106=DIRECTION('',(0.E0,0.E0,1.E0));
#1107=VECTOR('',#1106,1.41E1);
#1108=CARTESIAN_POINT('',(-1.E0,4.25E0,-1.45E1));
#1109=LINE('',#1108,#1107);
#1110=DIRECTION('',(-5.773502691896E-1,5.773502691896E-1,5.773502691896E-1));
#1111=VECTOR('',#1110,6.928203230276E-1);
#1112=CARTESIAN_POINT('',(1.E0,4.25E0,-4.E-1));
#1113=LINE('',#1112,#1111);
#1114=DIRECTION('',(5.773502691896E-1,5.773502691896E-1,5.773502691896E-1));
#1115=VECTOR('',#1114,6.928203230276E-1);
#1116=CARTESIAN_POINT('',(-1.E0,4.25E0,-4.E-1));
#1117=LINE('',#1116,#1115);
#1118=DIRECTION('',(-5.773502691896E-1,5.773502691896E-1,5.773502691896E-1));
#1119=VECTOR('',#1118,6.928203230276E-1);
#1120=CARTESIAN_POINT('',(1.E0,7.45E0,-4.E-1));
#1121=LINE('',#1120,#1119);
#1122=DIRECTION('',(0.E0,-9.961946980917E-1,-8.715574274766E-2));
#1123=VECTOR('',#1122,1.100062867626E0);
#1124=CARTESIAN_POINT('',(2.4E0,7.45E0,-2.5E0));
#1125=LINE('',#1124,#1123);
#1126=DIRECTION('',(0.E0,0.E0,-1.E0));
#1127=VECTOR('',#1126,1.1E0);
#1128=CARTESIAN_POINT('',(2.4E0,6.354123203703E0,-1.495876796297E0));
#1129=LINE('',#1128,#1127);
#1130=DIRECTION('',(0.E0,7.071067811865E-1,7.071067811865E-1));
#1131=VECTOR('',#1130,1.549803828013E0);
#1132=CARTESIAN_POINT('',(2.4E0,6.354123203703E0,-1.495876796297E0));
#1133=LINE('',#1132,#1131);
#1134=DIRECTION('',(0.E0,1.E0,0.E0));
#1135=VECTOR('',#1134,2.1E0);
#1136=CARTESIAN_POINT('',(9.55E0,4.95E0,-4.E-1));
#1137=LINE('',#1136,#1135);
#1138=DIRECTION('',(0.E0,0.E0,1.E0));
#1139=VECTOR('',#1138,1.41E1);
#1140=CARTESIAN_POINT('',(9.55E0,7.05E0,-1.45E1));
#1141=LINE('',#1140,#1139);
#1142=DIRECTION('',(0.E0,0.E0,-1.E0));
#1143=VECTOR('',#1142,1.41E1);
#1144=CARTESIAN_POINT('',(9.55E0,4.95E0,-4.E-1));
#1145=LINE('',#1144,#1143);
#1146=DIRECTION('',(0.E0,0.E0,1.E0));
#1147=VECTOR('',#1146,7.E0);
#1148=CARTESIAN_POINT('',(1.075E1,-5.08E0,-1.45E1));
#1149=LINE('',#1148,#1147);
#1150=DIRECTION('',(0.E0,0.E0,1.E0));
#1151=VECTOR('',#1150,7.E0);
#1152=CARTESIAN_POINT('',(1.175E1,-5.08E0,-1.45E1));
#1153=LINE('',#1152,#1151);
#1154=DIRECTION('',(0.E0,0.E0,1.E0));
#1155=VECTOR('',#1154,7.E0);
#1156=CARTESIAN_POINT('',(1.175E1,-5.72E0,-1.45E1));
#1157=LINE('',#1156,#1155);
#1158=DIRECTION('',(0.E0,0.E0,1.E0));
#1159=VECTOR('',#1158,7.E0);
#1160=CARTESIAN_POINT('',(1.075E1,-5.72E0,-1.45E1));
#1161=LINE('',#1160,#1159);
#1162=DIRECTION('',(0.E0,-1.E0,0.E0));
#1163=VECTOR('',#1162,6.4E-1);
#1164=CARTESIAN_POINT('',(1.075E1,-5.08E0,-7.5E0));
#1165=LINE('',#1164,#1163);
#1166=DIRECTION('',(-1.E0,0.E0,0.E0));
#1167=VECTOR('',#1166,1.E0);
#1168=CARTESIAN_POINT('',(1.175E1,-5.08E0,-7.5E0));
#1169=LINE('',#1168,#1167);
#1170=DIRECTION('',(0.E0,1.E0,0.E0));
#1171=VECTOR('',#1170,6.4E-1);
#1172=CARTESIAN_POINT('',(1.175E1,-5.72E0,-7.5E0));
#1173=LINE('',#1172,#1171);
#1174=DIRECTION('',(1.E0,0.E0,0.E0));
#1175=VECTOR('',#1174,1.E0);
#1176=CARTESIAN_POINT('',(1.075E1,-5.72E0,-7.5E0));
#1177=LINE('',#1176,#1175);
#1178=DIRECTION('',(-1.E0,0.E0,0.E0));
#1179=VECTOR('',#1178,1.E0);
#1180=CARTESIAN_POINT('',(1.175E1,1.2E-1,-7.5E0));
#1181=LINE('',#1180,#1179);
#1182=DIRECTION('',(0.E0,1.E0,0.E0));
#1183=VECTOR('',#1182,6.4E-1);
#1184=CARTESIAN_POINT('',(1.175E1,-5.2E-1,-7.5E0));
#1185=LINE('',#1184,#1183);
#1186=DIRECTION('',(1.E0,0.E0,0.E0));
#1187=VECTOR('',#1186,1.E0);
#1188=CARTESIAN_POINT('',(1.075E1,-5.2E-1,-7.5E0));
#1189=LINE('',#1188,#1187);
#1190=DIRECTION('',(0.E0,-1.E0,0.E0));
#1191=VECTOR('',#1190,6.4E-1);
#1192=CARTESIAN_POINT('',(1.075E1,1.2E-1,-7.5E0));
#1193=LINE('',#1192,#1191);
#1194=DIRECTION('',(0.E0,0.E0,1.E0));
#1195=VECTOR('',#1194,7.E0);
#1196=CARTESIAN_POINT('',(1.175E1,1.2E-1,-1.45E1));
#1197=LINE('',#1196,#1195);
#1198=DIRECTION('',(0.E0,0.E0,1.E0));
#1199=VECTOR('',#1198,7.E0);
#1200=CARTESIAN_POINT('',(1.175E1,-5.2E-1,-1.45E1));
#1201=LINE('',#1200,#1199);
#1202=DIRECTION('',(0.E0,0.E0,1.E0));
#1203=VECTOR('',#1202,7.E0);
#1204=CARTESIAN_POINT('',(1.075E1,-5.2E-1,-1.45E1));
#1205=LINE('',#1204,#1203);
#1206=DIRECTION('',(0.E0,0.E0,1.E0));
#1207=VECTOR('',#1206,7.E0);
#1208=CARTESIAN_POINT('',(1.075E1,1.2E-1,-1.45E1));
#1209=LINE('',#1208,#1207);
#1210=DIRECTION('',(0.E0,0.E0,1.E0));
#1211=VECTOR('',#1210,7.E0);
#1212=CARTESIAN_POINT('',(8.25E0,-5.08E0,-1.45E1));
#1213=LINE('',#1212,#1211);
#1214=DIRECTION('',(0.E0,0.E0,1.E0));
#1215=VECTOR('',#1214,7.E0);
#1216=CARTESIAN_POINT('',(9.25E0,-5.08E0,-1.45E1));
#1217=LINE('',#1216,#1215);
#1218=DIRECTION('',(0.E0,0.E0,1.E0));
#1219=VECTOR('',#1218,7.E0);
#1220=CARTESIAN_POINT('',(9.25E0,-5.72E0,-1.45E1));
#1221=LINE('',#1220,#1219);
#1222=DIRECTION('',(0.E0,0.E0,1.E0));
#1223=VECTOR('',#1222,7.E0);
#1224=CARTESIAN_POINT('',(8.25E0,-5.72E0,-1.45E1));
#1225=LINE('',#1224,#1223);
#1226=DIRECTION('',(0.E0,-1.E0,0.E0));
#1227=VECTOR('',#1226,6.4E-1);
#1228=CARTESIAN_POINT('',(8.25E0,-5.08E0,-7.5E0));
#1229=LINE('',#1228,#1227);
#1230=DIRECTION('',(-1.E0,0.E0,0.E0));
#1231=VECTOR('',#1230,1.E0);
#1232=CARTESIAN_POINT('',(9.25E0,-5.08E0,-7.5E0));
#1233=LINE('',#1232,#1231);
#1234=DIRECTION('',(0.E0,1.E0,0.E0));
#1235=VECTOR('',#1234,6.4E-1);
#1236=CARTESIAN_POINT('',(9.25E0,-5.72E0,-7.5E0));
#1237=LINE('',#1236,#1235);
#1238=DIRECTION('',(1.E0,0.E0,0.E0));
#1239=VECTOR('',#1238,1.E0);
#1240=CARTESIAN_POINT('',(8.25E0,-5.72E0,-7.5E0));
#1241=LINE('',#1240,#1239);
#1242=DIRECTION('',(-1.E0,0.E0,0.E0));
#1243=VECTOR('',#1242,1.E0);
#1244=CARTESIAN_POINT('',(9.25E0,1.2E-1,-7.5E0));
#1245=LINE('',#1244,#1243);
#1246=DIRECTION('',(0.E0,1.E0,0.E0));
#1247=VECTOR('',#1246,6.4E-1);
#1248=CARTESIAN_POINT('',(9.25E0,-5.2E-1,-7.5E0));
#1249=LINE('',#1248,#1247);
#1250=DIRECTION('',(1.E0,0.E0,0.E0));
#1251=VECTOR('',#1250,1.E0);
#1252=CARTESIAN_POINT('',(8.25E0,-5.2E-1,-7.5E0));
#1253=LINE('',#1252,#1251);
#1254=DIRECTION('',(0.E0,-1.E0,0.E0));
#1255=VECTOR('',#1254,6.4E-1);
#1256=CARTESIAN_POINT('',(8.25E0,1.2E-1,-7.5E0));
#1257=LINE('',#1256,#1255);
#1258=DIRECTION('',(0.E0,0.E0,1.E0));
#1259=VECTOR('',#1258,7.E0);
#1260=CARTESIAN_POINT('',(9.25E0,1.2E-1,-1.45E1));
#1261=LINE('',#1260,#1259);
#1262=DIRECTION('',(0.E0,0.E0,1.E0));
#1263=VECTOR('',#1262,7.E0);
#1264=CARTESIAN_POINT('',(9.25E0,-5.2E-1,-1.45E1));
#1265=LINE('',#1264,#1263);
#1266=DIRECTION('',(0.E0,0.E0,1.E0));
#1267=VECTOR('',#1266,7.E0);
#1268=CARTESIAN_POINT('',(8.25E0,-5.2E-1,-1.45E1));
#1269=LINE('',#1268,#1267);
#1270=DIRECTION('',(0.E0,0.E0,1.E0));
#1271=VECTOR('',#1270,7.E0);
#1272=CARTESIAN_POINT('',(8.25E0,1.2E-1,-1.45E1));
#1273=LINE('',#1272,#1271);
#1274=DIRECTION('',(0.E0,0.E0,1.E0));
#1275=VECTOR('',#1274,7.E0);
#1276=CARTESIAN_POINT('',(5.75E0,-5.08E0,-1.45E1));
#1277=LINE('',#1276,#1275);
#1278=DIRECTION('',(0.E0,0.E0,1.E0));
#1279=VECTOR('',#1278,7.E0);
#1280=CARTESIAN_POINT('',(6.75E0,-5.08E0,-1.45E1));
#1281=LINE('',#1280,#1279);
#1282=DIRECTION('',(0.E0,0.E0,1.E0));
#1283=VECTOR('',#1282,7.E0);
#1284=CARTESIAN_POINT('',(6.75E0,-5.72E0,-1.45E1));
#1285=LINE('',#1284,#1283);
#1286=DIRECTION('',(0.E0,0.E0,1.E0));
#1287=VECTOR('',#1286,7.E0);
#1288=CARTESIAN_POINT('',(5.75E0,-5.72E0,-1.45E1));
#1289=LINE('',#1288,#1287);
#1290=DIRECTION('',(0.E0,-1.E0,0.E0));
#1291=VECTOR('',#1290,6.4E-1);
#1292=CARTESIAN_POINT('',(5.75E0,-5.08E0,-7.5E0));
#1293=LINE('',#1292,#1291);
#1294=DIRECTION('',(-1.E0,0.E0,0.E0));
#1295=VECTOR('',#1294,1.E0);
#1296=CARTESIAN_POINT('',(6.75E0,-5.08E0,-7.5E0));
#1297=LINE('',#1296,#1295);
#1298=DIRECTION('',(0.E0,1.E0,0.E0));
#1299=VECTOR('',#1298,6.4E-1);
#1300=CARTESIAN_POINT('',(6.75E0,-5.72E0,-7.5E0));
#1301=LINE('',#1300,#1299);
#1302=DIRECTION('',(1.E0,0.E0,0.E0));
#1303=VECTOR('',#1302,1.E0);
#1304=CARTESIAN_POINT('',(5.75E0,-5.72E0,-7.5E0));
#1305=LINE('',#1304,#1303);
#1306=DIRECTION('',(-1.E0,0.E0,0.E0));
#1307=VECTOR('',#1306,1.E0);
#1308=CARTESIAN_POINT('',(6.75E0,1.2E-1,-7.5E0));
#1309=LINE('',#1308,#1307);
#1310=DIRECTION('',(0.E0,1.E0,0.E0));
#1311=VECTOR('',#1310,6.4E-1);
#1312=CARTESIAN_POINT('',(6.75E0,-5.2E-1,-7.5E0));
#1313=LINE('',#1312,#1311);
#1314=DIRECTION('',(1.E0,0.E0,0.E0));
#1315=VECTOR('',#1314,1.E0);
#1316=CARTESIAN_POINT('',(5.75E0,-5.2E-1,-7.5E0));
#1317=LINE('',#1316,#1315);
#1318=DIRECTION('',(0.E0,-1.E0,0.E0));
#1319=VECTOR('',#1318,6.4E-1);
#1320=CARTESIAN_POINT('',(5.75E0,1.2E-1,-7.5E0));
#1321=LINE('',#1320,#1319);
#1322=DIRECTION('',(0.E0,0.E0,1.E0));
#1323=VECTOR('',#1322,7.E0);
#1324=CARTESIAN_POINT('',(6.75E0,1.2E-1,-1.45E1));
#1325=LINE('',#1324,#1323);
#1326=DIRECTION('',(0.E0,0.E0,1.E0));
#1327=VECTOR('',#1326,7.E0);
#1328=CARTESIAN_POINT('',(6.75E0,-5.2E-1,-1.45E1));
#1329=LINE('',#1328,#1327);
#1330=DIRECTION('',(0.E0,0.E0,1.E0));
#1331=VECTOR('',#1330,7.E0);
#1332=CARTESIAN_POINT('',(5.75E0,-5.2E-1,-1.45E1));
#1333=LINE('',#1332,#1331);
#1334=DIRECTION('',(0.E0,0.E0,1.E0));
#1335=VECTOR('',#1334,7.E0);
#1336=CARTESIAN_POINT('',(5.75E0,1.2E-1,-1.45E1));
#1337=LINE('',#1336,#1335);
#1338=DIRECTION('',(0.E0,0.E0,1.E0));
#1339=VECTOR('',#1338,7.E0);
#1340=CARTESIAN_POINT('',(3.25E0,-5.08E0,-1.45E1));
#1341=LINE('',#1340,#1339);
#1342=DIRECTION('',(0.E0,0.E0,1.E0));
#1343=VECTOR('',#1342,7.E0);
#1344=CARTESIAN_POINT('',(4.25E0,-5.08E0,-1.45E1));
#1345=LINE('',#1344,#1343);
#1346=DIRECTION('',(0.E0,0.E0,1.E0));
#1347=VECTOR('',#1346,7.E0);
#1348=CARTESIAN_POINT('',(4.25E0,-5.72E0,-1.45E1));
#1349=LINE('',#1348,#1347);
#1350=DIRECTION('',(0.E0,0.E0,1.E0));
#1351=VECTOR('',#1350,7.E0);
#1352=CARTESIAN_POINT('',(3.25E0,-5.72E0,-1.45E1));
#1353=LINE('',#1352,#1351);
#1354=DIRECTION('',(0.E0,-1.E0,0.E0));
#1355=VECTOR('',#1354,6.4E-1);
#1356=CARTESIAN_POINT('',(3.25E0,-5.08E0,-7.5E0));
#1357=LINE('',#1356,#1355);
#1358=DIRECTION('',(-1.E0,0.E0,0.E0));
#1359=VECTOR('',#1358,1.E0);
#1360=CARTESIAN_POINT('',(4.25E0,-5.08E0,-7.5E0));
#1361=LINE('',#1360,#1359);
#1362=DIRECTION('',(0.E0,1.E0,0.E0));
#1363=VECTOR('',#1362,6.4E-1);
#1364=CARTESIAN_POINT('',(4.25E0,-5.72E0,-7.5E0));
#1365=LINE('',#1364,#1363);
#1366=DIRECTION('',(1.E0,0.E0,0.E0));
#1367=VECTOR('',#1366,1.E0);
#1368=CARTESIAN_POINT('',(3.25E0,-5.72E0,-7.5E0));
#1369=LINE('',#1368,#1367);
#1370=DIRECTION('',(-1.E0,0.E0,0.E0));
#1371=VECTOR('',#1370,1.E0);
#1372=CARTESIAN_POINT('',(4.25E0,1.2E-1,-7.5E0));
#1373=LINE('',#1372,#1371);
#1374=DIRECTION('',(0.E0,1.E0,0.E0));
#1375=VECTOR('',#1374,6.4E-1);
#1376=CARTESIAN_POINT('',(4.25E0,-5.2E-1,-7.5E0));
#1377=LINE('',#1376,#1375);
#1378=DIRECTION('',(1.E0,0.E0,0.E0));
#1379=VECTOR('',#1378,1.E0);
#1380=CARTESIAN_POINT('',(3.25E0,-5.2E-1,-7.5E0));
#1381=LINE('',#1380,#1379);
#1382=DIRECTION('',(0.E0,-1.E0,0.E0));
#1383=VECTOR('',#1382,6.4E-1);
#1384=CARTESIAN_POINT('',(3.25E0,1.2E-1,-7.5E0));
#1385=LINE('',#1384,#1383);
#1386=DIRECTION('',(0.E0,0.E0,1.E0));
#1387=VECTOR('',#1386,7.E0);
#1388=CARTESIAN_POINT('',(4.25E0,1.2E-1,-1.45E1));
#1389=LINE('',#1388,#1387);
#1390=DIRECTION('',(0.E0,0.E0,1.E0));
#1391=VECTOR('',#1390,7.E0);
#1392=CARTESIAN_POINT('',(4.25E0,-5.2E-1,-1.45E1));
#1393=LINE('',#1392,#1391);
#1394=DIRECTION('',(0.E0,0.E0,1.E0));
#1395=VECTOR('',#1394,7.E0);
#1396=CARTESIAN_POINT('',(3.25E0,-5.2E-1,-1.45E1));
#1397=LINE('',#1396,#1395);
#1398=DIRECTION('',(0.E0,0.E0,1.E0));
#1399=VECTOR('',#1398,7.E0);
#1400=CARTESIAN_POINT('',(3.25E0,1.2E-1,-1.45E1));
#1401=LINE('',#1400,#1399);
#1402=DIRECTION('',(0.E0,0.E0,1.E0));
#1403=VECTOR('',#1402,7.E0);
#1404=CARTESIAN_POINT('',(7.5E-1,-5.08E0,-1.45E1));
#1405=LINE('',#1404,#1403);
#1406=DIRECTION('',(0.E0,0.E0,1.E0));
#1407=VECTOR('',#1406,7.E0);
#1408=CARTESIAN_POINT('',(1.75E0,-5.08E0,-1.45E1));
#1409=LINE('',#1408,#1407);
#1410=DIRECTION('',(0.E0,0.E0,1.E0));
#1411=VECTOR('',#1410,7.E0);
#1412=CARTESIAN_POINT('',(1.75E0,-5.72E0,-1.45E1));
#1413=LINE('',#1412,#1411);
#1414=DIRECTION('',(0.E0,0.E0,1.E0));
#1415=VECTOR('',#1414,7.E0);
#1416=CARTESIAN_POINT('',(7.5E-1,-5.72E0,-1.45E1));
#1417=LINE('',#1416,#1415);
#1418=DIRECTION('',(0.E0,-1.E0,0.E0));
#1419=VECTOR('',#1418,6.4E-1);
#1420=CARTESIAN_POINT('',(7.5E-1,-5.08E0,-7.5E0));
#1421=LINE('',#1420,#1419);
#1422=DIRECTION('',(-1.E0,0.E0,0.E0));
#1423=VECTOR('',#1422,1.E0);
#1424=CARTESIAN_POINT('',(1.75E0,-5.08E0,-7.5E0));
#1425=LINE('',#1424,#1423);
#1426=DIRECTION('',(0.E0,1.E0,0.E0));
#1427=VECTOR('',#1426,6.4E-1);
#1428=CARTESIAN_POINT('',(1.75E0,-5.72E0,-7.5E0));
#1429=LINE('',#1428,#1427);
#1430=DIRECTION('',(1.E0,0.E0,0.E0));
#1431=VECTOR('',#1430,1.E0);
#1432=CARTESIAN_POINT('',(7.5E-1,-5.72E0,-7.5E0));
#1433=LINE('',#1432,#1431);
#1434=DIRECTION('',(-1.E0,0.E0,0.E0));
#1435=VECTOR('',#1434,1.E0);
#1436=CARTESIAN_POINT('',(1.75E0,1.2E-1,-7.5E0));
#1437=LINE('',#1436,#1435);
#1438=DIRECTION('',(0.E0,1.E0,0.E0));
#1439=VECTOR('',#1438,6.4E-1);
#1440=CARTESIAN_POINT('',(1.75E0,-5.2E-1,-7.5E0));
#1441=LINE('',#1440,#1439);
#1442=DIRECTION('',(1.E0,0.E0,0.E0));
#1443=VECTOR('',#1442,1.E0);
#1444=CARTESIAN_POINT('',(7.5E-1,-5.2E-1,-7.5E0));
#1445=LINE('',#1444,#1443);
#1446=DIRECTION('',(0.E0,-1.E0,0.E0));
#1447=VECTOR('',#1446,6.4E-1);
#1448=CARTESIAN_POINT('',(7.5E-1,1.2E-1,-7.5E0));
#1449=LINE('',#1448,#1447);
#1450=DIRECTION('',(0.E0,0.E0,1.E0));
#1451=VECTOR('',#1450,7.E0);
#1452=CARTESIAN_POINT('',(1.75E0,1.2E-1,-1.45E1));
#1453=LINE('',#1452,#1451);
#1454=DIRECTION('',(0.E0,0.E0,1.E0));
#1455=VECTOR('',#1454,7.E0);
#1456=CARTESIAN_POINT('',(1.75E0,-5.2E-1,-1.45E1));
#1457=LINE('',#1456,#1455);
#1458=DIRECTION('',(0.E0,0.E0,1.E0));
#1459=VECTOR('',#1458,7.E0);
#1460=CARTESIAN_POINT('',(7.5E-1,-5.2E-1,-1.45E1));
#1461=LINE('',#1460,#1459);
#1462=DIRECTION('',(0.E0,0.E0,1.E0));
#1463=VECTOR('',#1462,7.E0);
#1464=CARTESIAN_POINT('',(7.5E-1,1.2E-1,-1.45E1));
#1465=LINE('',#1464,#1463);
#1466=DIRECTION('',(0.E0,0.E0,1.E0));
#1467=VECTOR('',#1466,7.E0);
#1468=CARTESIAN_POINT('',(-1.75E0,-5.08E0,-1.45E1));
#1469=LINE('',#1468,#1467);
#1470=DIRECTION('',(0.E0,0.E0,1.E0));
#1471=VECTOR('',#1470,7.E0);
#1472=CARTESIAN_POINT('',(-7.5E-1,-5.08E0,-1.45E1));
#1473=LINE('',#1472,#1471);
#1474=DIRECTION('',(0.E0,0.E0,1.E0));
#1475=VECTOR('',#1474,7.E0);
#1476=CARTESIAN_POINT('',(-7.5E-1,-5.72E0,-1.45E1));
#1477=LINE('',#1476,#1475);
#1478=DIRECTION('',(0.E0,0.E0,1.E0));
#1479=VECTOR('',#1478,7.E0);
#1480=CARTESIAN_POINT('',(-1.75E0,-5.72E0,-1.45E1));
#1481=LINE('',#1480,#1479);
#1482=DIRECTION('',(0.E0,-1.E0,0.E0));
#1483=VECTOR('',#1482,6.4E-1);
#1484=CARTESIAN_POINT('',(-1.75E0,-5.08E0,-7.5E0));
#1485=LINE('',#1484,#1483);
#1486=DIRECTION('',(-1.E0,0.E0,0.E0));
#1487=VECTOR('',#1486,1.E0);
#1488=CARTESIAN_POINT('',(-7.5E-1,-5.08E0,-7.5E0));
#1489=LINE('',#1488,#1487);
#1490=DIRECTION('',(0.E0,1.E0,0.E0));
#1491=VECTOR('',#1490,6.4E-1);
#1492=CARTESIAN_POINT('',(-7.5E-1,-5.72E0,-7.5E0));
#1493=LINE('',#1492,#1491);
#1494=DIRECTION('',(1.E0,0.E0,0.E0));
#1495=VECTOR('',#1494,1.E0);
#1496=CARTESIAN_POINT('',(-1.75E0,-5.72E0,-7.5E0));
#1497=LINE('',#1496,#1495);
#1498=DIRECTION('',(-1.E0,0.E0,0.E0));
#1499=VECTOR('',#1498,1.E0);
#1500=CARTESIAN_POINT('',(-7.5E-1,1.2E-1,-7.5E0));
#1501=LINE('',#1500,#1499);
#1502=DIRECTION('',(0.E0,1.E0,0.E0));
#1503=VECTOR('',#1502,6.4E-1);
#1504=CARTESIAN_POINT('',(-7.5E-1,-5.2E-1,-7.5E0));
#1505=LINE('',#1504,#1503);
#1506=DIRECTION('',(1.E0,0.E0,0.E0));
#1507=VECTOR('',#1506,1.E0);
#1508=CARTESIAN_POINT('',(-1.75E0,-5.2E-1,-7.5E0));
#1509=LINE('',#1508,#1507);
#1510=DIRECTION('',(0.E0,-1.E0,0.E0));
#1511=VECTOR('',#1510,6.4E-1);
#1512=CARTESIAN_POINT('',(-1.75E0,1.2E-1,-7.5E0));
#1513=LINE('',#1512,#1511);
#1514=DIRECTION('',(0.E0,0.E0,1.E0));
#1515=VECTOR('',#1514,7.E0);
#1516=CARTESIAN_POINT('',(-7.5E-1,1.2E-1,-1.45E1));
#1517=LINE('',#1516,#1515);
#1518=DIRECTION('',(0.E0,0.E0,1.E0));
#1519=VECTOR('',#1518,7.E0);
#1520=CARTESIAN_POINT('',(-7.5E-1,-5.2E-1,-1.45E1));
#1521=LINE('',#1520,#1519);
#1522=DIRECTION('',(0.E0,0.E0,1.E0));
#1523=VECTOR('',#1522,7.E0);
#1524=CARTESIAN_POINT('',(-1.75E0,-5.2E-1,-1.45E1));
#1525=LINE('',#1524,#1523);
#1526=DIRECTION('',(0.E0,0.E0,1.E0));
#1527=VECTOR('',#1526,7.E0);
#1528=CARTESIAN_POINT('',(-1.75E0,1.2E-1,-1.45E1));
#1529=LINE('',#1528,#1527);
#1530=DIRECTION('',(0.E0,0.E0,1.E0));
#1531=VECTOR('',#1530,7.E0);
#1532=CARTESIAN_POINT('',(-4.25E0,-5.08E0,-1.45E1));
#1533=LINE('',#1532,#1531);
#1534=DIRECTION('',(0.E0,0.E0,1.E0));
#1535=VECTOR('',#1534,7.E0);
#1536=CARTESIAN_POINT('',(-3.25E0,-5.08E0,-1.45E1));
#1537=LINE('',#1536,#1535);
#1538=DIRECTION('',(0.E0,0.E0,1.E0));
#1539=VECTOR('',#1538,7.E0);
#1540=CARTESIAN_POINT('',(-3.25E0,-5.72E0,-1.45E1));
#1541=LINE('',#1540,#1539);
#1542=DIRECTION('',(0.E0,0.E0,1.E0));
#1543=VECTOR('',#1542,7.E0);
#1544=CARTESIAN_POINT('',(-4.25E0,-5.72E0,-1.45E1));
#1545=LINE('',#1544,#1543);
#1546=DIRECTION('',(0.E0,-1.E0,0.E0));
#1547=VECTOR('',#1546,6.4E-1);
#1548=CARTESIAN_POINT('',(-4.25E0,-5.08E0,-7.5E0));
#1549=LINE('',#1548,#1547);
#1550=DIRECTION('',(-1.E0,0.E0,0.E0));
#1551=VECTOR('',#1550,1.E0);
#1552=CARTESIAN_POINT('',(-3.25E0,-5.08E0,-7.5E0));
#1553=LINE('',#1552,#1551);
#1554=DIRECTION('',(0.E0,1.E0,0.E0));
#1555=VECTOR('',#1554,6.4E-1);
#1556=CARTESIAN_POINT('',(-3.25E0,-5.72E0,-7.5E0));
#1557=LINE('',#1556,#1555);
#1558=DIRECTION('',(1.E0,0.E0,0.E0));
#1559=VECTOR('',#1558,1.E0);
#1560=CARTESIAN_POINT('',(-4.25E0,-5.72E0,-7.5E0));
#1561=LINE('',#1560,#1559);
#1562=DIRECTION('',(-1.E0,0.E0,0.E0));
#1563=VECTOR('',#1562,1.E0);
#1564=CARTESIAN_POINT('',(-3.25E0,1.2E-1,-7.5E0));
#1565=LINE('',#1564,#1563);
#1566=DIRECTION('',(0.E0,1.E0,0.E0));
#1567=VECTOR('',#1566,6.4E-1);
#1568=CARTESIAN_POINT('',(-3.25E0,-5.2E-1,-7.5E0));
#1569=LINE('',#1568,#1567);
#1570=DIRECTION('',(1.E0,0.E0,0.E0));
#1571=VECTOR('',#1570,1.E0);
#1572=CARTESIAN_POINT('',(-4.25E0,-5.2E-1,-7.5E0));
#1573=LINE('',#1572,#1571);
#1574=DIRECTION('',(0.E0,-1.E0,0.E0));
#1575=VECTOR('',#1574,6.4E-1);
#1576=CARTESIAN_POINT('',(-4.25E0,1.2E-1,-7.5E0));
#1577=LINE('',#1576,#1575);
#1578=DIRECTION('',(0.E0,0.E0,1.E0));
#1579=VECTOR('',#1578,7.E0);
#1580=CARTESIAN_POINT('',(-3.25E0,1.2E-1,-1.45E1));
#1581=LINE('',#1580,#1579);
#1582=DIRECTION('',(0.E0,0.E0,1.E0));
#1583=VECTOR('',#1582,7.E0);
#1584=CARTESIAN_POINT('',(-3.25E0,-5.2E-1,-1.45E1));
#1585=LINE('',#1584,#1583);
#1586=DIRECTION('',(0.E0,0.E0,1.E0));
#1587=VECTOR('',#1586,7.E0);
#1588=CARTESIAN_POINT('',(-4.25E0,-5.2E-1,-1.45E1));
#1589=LINE('',#1588,#1587);
#1590=DIRECTION('',(0.E0,0.E0,1.E0));
#1591=VECTOR('',#1590,7.E0);
#1592=CARTESIAN_POINT('',(-4.25E0,1.2E-1,-1.45E1));
#1593=LINE('',#1592,#1591);
#1594=DIRECTION('',(0.E0,0.E0,1.E0));
#1595=VECTOR('',#1594,7.E0);
#1596=CARTESIAN_POINT('',(-6.75E0,-5.08E0,-1.45E1));
#1597=LINE('',#1596,#1595);
#1598=DIRECTION('',(0.E0,0.E0,1.E0));
#1599=VECTOR('',#1598,7.E0);
#1600=CARTESIAN_POINT('',(-5.75E0,-5.08E0,-1.45E1));
#1601=LINE('',#1600,#1599);
#1602=DIRECTION('',(0.E0,0.E0,1.E0));
#1603=VECTOR('',#1602,7.E0);
#1604=CARTESIAN_POINT('',(-5.75E0,-5.72E0,-1.45E1));
#1605=LINE('',#1604,#1603);
#1606=DIRECTION('',(0.E0,0.E0,1.E0));
#1607=VECTOR('',#1606,7.E0);
#1608=CARTESIAN_POINT('',(-6.75E0,-5.72E0,-1.45E1));
#1609=LINE('',#1608,#1607);
#1610=DIRECTION('',(0.E0,-1.E0,0.E0));
#1611=VECTOR('',#1610,6.4E-1);
#1612=CARTESIAN_POINT('',(-6.75E0,-5.08E0,-7.5E0));
#1613=LINE('',#1612,#1611);
#1614=DIRECTION('',(-1.E0,0.E0,0.E0));
#1615=VECTOR('',#1614,1.E0);
#1616=CARTESIAN_POINT('',(-5.75E0,-5.08E0,-7.5E0));
#1617=LINE('',#1616,#1615);
#1618=DIRECTION('',(0.E0,1.E0,0.E0));
#1619=VECTOR('',#1618,6.4E-1);
#1620=CARTESIAN_POINT('',(-5.75E0,-5.72E0,-7.5E0));
#1621=LINE('',#1620,#1619);
#1622=DIRECTION('',(1.E0,0.E0,0.E0));
#1623=VECTOR('',#1622,1.E0);
#1624=CARTESIAN_POINT('',(-6.75E0,-5.72E0,-7.5E0));
#1625=LINE('',#1624,#1623);
#1626=DIRECTION('',(-1.E0,0.E0,0.E0));
#1627=VECTOR('',#1626,1.E0);
#1628=CARTESIAN_POINT('',(-5.75E0,1.2E-1,-7.5E0));
#1629=LINE('',#1628,#1627);
#1630=DIRECTION('',(0.E0,1.E0,0.E0));
#1631=VECTOR('',#1630,6.4E-1);
#1632=CARTESIAN_POINT('',(-5.75E0,-5.2E-1,-7.5E0));
#1633=LINE('',#1632,#1631);
#1634=DIRECTION('',(1.E0,0.E0,0.E0));
#1635=VECTOR('',#1634,1.E0);
#1636=CARTESIAN_POINT('',(-6.75E0,-5.2E-1,-7.5E0));
#1637=LINE('',#1636,#1635);
#1638=DIRECTION('',(0.E0,-1.E0,0.E0));
#1639=VECTOR('',#1638,6.4E-1);
#1640=CARTESIAN_POINT('',(-6.75E0,1.2E-1,-7.5E0));
#1641=LINE('',#1640,#1639);
#1642=DIRECTION('',(0.E0,0.E0,1.E0));
#1643=VECTOR('',#1642,7.E0);
#1644=CARTESIAN_POINT('',(-5.75E0,1.2E-1,-1.45E1));
#1645=LINE('',#1644,#1643);
#1646=DIRECTION('',(0.E0,0.E0,1.E0));
#1647=VECTOR('',#1646,7.E0);
#1648=CARTESIAN_POINT('',(-5.75E0,-5.2E-1,-1.45E1));
#1649=LINE('',#1648,#1647);
#1650=DIRECTION('',(0.E0,0.E0,1.E0));
#1651=VECTOR('',#1650,7.E0);
#1652=CARTESIAN_POINT('',(-6.75E0,-5.2E-1,-1.45E1));
#1653=LINE('',#1652,#1651);
#1654=DIRECTION('',(0.E0,0.E0,1.E0));
#1655=VECTOR('',#1654,7.E0);
#1656=CARTESIAN_POINT('',(-6.75E0,1.2E-1,-1.45E1));
#1657=LINE('',#1656,#1655);
#1658=DIRECTION('',(0.E0,0.E0,1.E0));
#1659=VECTOR('',#1658,7.E0);
#1660=CARTESIAN_POINT('',(-9.25E0,-5.08E0,-1.45E1));
#1661=LINE('',#1660,#1659);
#1662=DIRECTION('',(0.E0,0.E0,1.E0));
#1663=VECTOR('',#1662,7.E0);
#1664=CARTESIAN_POINT('',(-8.25E0,-5.08E0,-1.45E1));
#1665=LINE('',#1664,#1663);
#1666=DIRECTION('',(0.E0,0.E0,1.E0));
#1667=VECTOR('',#1666,7.E0);
#1668=CARTESIAN_POINT('',(-8.25E0,-5.72E0,-1.45E1));
#1669=LINE('',#1668,#1667);
#1670=DIRECTION('',(0.E0,0.E0,1.E0));
#1671=VECTOR('',#1670,7.E0);
#1672=CARTESIAN_POINT('',(-9.25E0,-5.72E0,-1.45E1));
#1673=LINE('',#1672,#1671);
#1674=DIRECTION('',(0.E0,-1.E0,0.E0));
#1675=VECTOR('',#1674,6.4E-1);
#1676=CARTESIAN_POINT('',(-9.25E0,-5.08E0,-7.5E0));
#1677=LINE('',#1676,#1675);
#1678=DIRECTION('',(-1.E0,0.E0,0.E0));
#1679=VECTOR('',#1678,1.E0);
#1680=CARTESIAN_POINT('',(-8.25E0,-5.08E0,-7.5E0));
#1681=LINE('',#1680,#1679);
#1682=DIRECTION('',(0.E0,1.E0,0.E0));
#1683=VECTOR('',#1682,6.4E-1);
#1684=CARTESIAN_POINT('',(-8.25E0,-5.72E0,-7.5E0));
#1685=LINE('',#1684,#1683);
#1686=DIRECTION('',(1.E0,0.E0,0.E0));
#1687=VECTOR('',#1686,1.E0);
#1688=CARTESIAN_POINT('',(-9.25E0,-5.72E0,-7.5E0));
#1689=LINE('',#1688,#1687);
#1690=DIRECTION('',(-1.E0,0.E0,0.E0));
#1691=VECTOR('',#1690,1.E0);
#1692=CARTESIAN_POINT('',(-8.25E0,1.2E-1,-7.5E0));
#1693=LINE('',#1692,#1691);
#1694=DIRECTION('',(0.E0,1.E0,0.E0));
#1695=VECTOR('',#1694,6.4E-1);
#1696=CARTESIAN_POINT('',(-8.25E0,-5.2E-1,-7.5E0));
#1697=LINE('',#1696,#1695);
#1698=DIRECTION('',(1.E0,0.E0,0.E0));
#1699=VECTOR('',#1698,1.E0);
#1700=CARTESIAN_POINT('',(-9.25E0,-5.2E-1,-7.5E0));
#1701=LINE('',#1700,#1699);
#1702=DIRECTION('',(0.E0,-1.E0,0.E0));
#1703=VECTOR('',#1702,6.4E-1);
#1704=CARTESIAN_POINT('',(-9.25E0,1.2E-1,-7.5E0));
#1705=LINE('',#1704,#1703);
#1706=DIRECTION('',(0.E0,0.E0,1.E0));
#1707=VECTOR('',#1706,7.E0);
#1708=CARTESIAN_POINT('',(-8.25E0,1.2E-1,-1.45E1));
#1709=LINE('',#1708,#1707);
#1710=DIRECTION('',(0.E0,0.E0,1.E0));
#1711=VECTOR('',#1710,7.E0);
#1712=CARTESIAN_POINT('',(-8.25E0,-5.2E-1,-1.45E1));
#1713=LINE('',#1712,#1711);
#1714=DIRECTION('',(0.E0,0.E0,1.E0));
#1715=VECTOR('',#1714,7.E0);
#1716=CARTESIAN_POINT('',(-9.25E0,-5.2E-1,-1.45E1));
#1717=LINE('',#1716,#1715);
#1718=DIRECTION('',(0.E0,0.E0,1.E0));
#1719=VECTOR('',#1718,7.E0);
#1720=CARTESIAN_POINT('',(-9.25E0,1.2E-1,-1.45E1));
#1721=LINE('',#1720,#1719);
#1722=DIRECTION('',(0.E0,0.E0,1.E0));
#1723=VECTOR('',#1722,7.E0);
#1724=CARTESIAN_POINT('',(-1.175E1,-5.08E0,-1.45E1));
#1725=LINE('',#1724,#1723);
#1726=DIRECTION('',(0.E0,0.E0,1.E0));
#1727=VECTOR('',#1726,7.E0);
#1728=CARTESIAN_POINT('',(-1.075E1,-5.08E0,-1.45E1));
#1729=LINE('',#1728,#1727);
#1730=DIRECTION('',(0.E0,0.E0,1.E0));
#1731=VECTOR('',#1730,7.E0);
#1732=CARTESIAN_POINT('',(-1.075E1,-5.72E0,-1.45E1));
#1733=LINE('',#1732,#1731);
#1734=DIRECTION('',(0.E0,0.E0,1.E0));
#1735=VECTOR('',#1734,7.E0);
#1736=CARTESIAN_POINT('',(-1.175E1,-5.72E0,-1.45E1));
#1737=LINE('',#1736,#1735);
#1738=DIRECTION('',(0.E0,-1.E0,0.E0));
#1739=VECTOR('',#1738,6.4E-1);
#1740=CARTESIAN_POINT('',(-1.175E1,-5.08E0,-7.5E0));
#1741=LINE('',#1740,#1739);
#1742=DIRECTION('',(-1.E0,0.E0,0.E0));
#1743=VECTOR('',#1742,1.E0);
#1744=CARTESIAN_POINT('',(-1.075E1,-5.08E0,-7.5E0));
#1745=LINE('',#1744,#1743);
#1746=DIRECTION('',(0.E0,1.E0,0.E0));
#1747=VECTOR('',#1746,6.4E-1);
#1748=CARTESIAN_POINT('',(-1.075E1,-5.72E0,-7.5E0));
#1749=LINE('',#1748,#1747);
#1750=DIRECTION('',(1.E0,0.E0,0.E0));
#1751=VECTOR('',#1750,1.E0);
#1752=CARTESIAN_POINT('',(-1.175E1,-5.72E0,-7.5E0));
#1753=LINE('',#1752,#1751);
#1754=DIRECTION('',(-1.E0,0.E0,0.E0));
#1755=VECTOR('',#1754,1.E0);
#1756=CARTESIAN_POINT('',(-1.075E1,1.2E-1,-7.5E0));
#1757=LINE('',#1756,#1755);
#1758=DIRECTION('',(0.E0,1.E0,0.E0));
#1759=VECTOR('',#1758,6.4E-1);
#1760=CARTESIAN_POINT('',(-1.075E1,-5.2E-1,-7.5E0));
#1761=LINE('',#1760,#1759);
#1762=DIRECTION('',(1.E0,0.E0,0.E0));
#1763=VECTOR('',#1762,1.E0);
#1764=CARTESIAN_POINT('',(-1.175E1,-5.2E-1,-7.5E0));
#1765=LINE('',#1764,#1763);
#1766=DIRECTION('',(0.E0,-1.E0,0.E0));
#1767=VECTOR('',#1766,6.4E-1);
#1768=CARTESIAN_POINT('',(-1.175E1,1.2E-1,-7.5E0));
#1769=LINE('',#1768,#1767);
#1770=DIRECTION('',(0.E0,0.E0,1.E0));
#1771=VECTOR('',#1770,7.E0);
#1772=CARTESIAN_POINT('',(-1.075E1,1.2E-1,-1.45E1));
#1773=LINE('',#1772,#1771);
#1774=DIRECTION('',(0.E0,0.E0,1.E0));
#1775=VECTOR('',#1774,7.E0);
#1776=CARTESIAN_POINT('',(-1.075E1,-5.2E-1,-1.45E1));
#1777=LINE('',#1776,#1775);
#1778=DIRECTION('',(0.E0,0.E0,1.E0));
#1779=VECTOR('',#1778,7.E0);
#1780=CARTESIAN_POINT('',(-1.175E1,-5.2E-1,-1.45E1));
#1781=LINE('',#1780,#1779);
#1782=DIRECTION('',(0.E0,0.E0,1.E0));
#1783=VECTOR('',#1782,7.E0);
#1784=CARTESIAN_POINT('',(-1.175E1,1.2E-1,-1.45E1));
#1785=LINE('',#1784,#1783);
#1786=DIRECTION('',(0.E0,-1.E0,0.E0));
#1787=VECTOR('',#1786,5.E0);
#1788=CARTESIAN_POINT('',(1.95E1,-3.45E0,-1.77E1));
#1789=LINE('',#1788,#1787);
#1790=DIRECTION('',(1.E0,0.E0,0.E0));
#1791=VECTOR('',#1790,1.5E0);
#1792=CARTESIAN_POINT('',(1.8E1,-3.45E0,-1.77E1));
#1793=LINE('',#1792,#1791);
#1794=DIRECTION('',(0.E0,-1.E0,0.E0));
#1795=VECTOR('',#1794,1.6E0);
#1796=CARTESIAN_POINT('',(1.8E1,-3.45E0,-1.77E1));
#1797=LINE('',#1796,#1795);
#1798=DIRECTION('',(-1.E0,0.E0,0.E0));
#1799=VECTOR('',#1798,2.4E0);
#1800=CARTESIAN_POINT('',(1.8E1,-5.05E0,-1.77E1));
#1801=LINE('',#1800,#1799);
#1802=DIRECTION('',(0.E0,1.E0,0.E0));
#1803=VECTOR('',#1802,1.6E0);
#1804=CARTESIAN_POINT('',(1.56E1,-5.05E0,-1.77E1));
#1805=LINE('',#1804,#1803);
#1806=DIRECTION('',(1.E0,0.E0,0.E0));
#1807=VECTOR('',#1806,1.05E0);
#1808=CARTESIAN_POINT('',(1.455E1,-3.45E0,-1.77E1));
#1809=LINE('',#1808,#1807);
#1810=DIRECTION('',(0.E0,-1.E0,0.E0));
#1811=VECTOR('',#1810,9.9E0);
#1812=CARTESIAN_POINT('',(1.455E1,6.45E0,-1.77E1));
#1813=LINE('',#1812,#1811);
#1814=CARTESIAN_POINT('',(1.255E1,6.45E0,-1.77E1));
#1815=DIRECTION('',(0.E0,0.E0,-1.E0));
#1816=DIRECTION('',(0.E0,1.E0,0.E0));
#1817=AXIS2_PLACEMENT_3D('',#1814,#1815,#1816);
#1819=DIRECTION('',(1.E0,0.E0,0.E0));
#1820=VECTOR('',#1819,2.51E1);
#1821=CARTESIAN_POINT('',(-1.255E1,8.45E0,-1.77E1));
#1822=LINE('',#1821,#1820);
#1823=CARTESIAN_POINT('',(-1.255E1,6.45E0,-1.77E1));
#1824=DIRECTION('',(0.E0,0.E0,-1.E0));
#1825=DIRECTION('',(-1.E0,0.E0,0.E0));
#1826=AXIS2_PLACEMENT_3D('',#1823,#1824,#1825);
#1828=DIRECTION('',(0.E0,1.E0,0.E0));
#1829=VECTOR('',#1828,9.9E0);
#1830=CARTESIAN_POINT('',(-1.455E1,-3.45E0,-1.77E1));
#1831=LINE('',#1830,#1829);
#1832=DIRECTION('',(1.E0,0.E0,0.E0));
#1833=VECTOR('',#1832,1.05E0);
#1834=CARTESIAN_POINT('',(-1.56E1,-3.45E0,-1.77E1));
#1835=LINE('',#1834,#1833);
#1836=DIRECTION('',(0.E0,-1.E0,0.E0));
#1837=VECTOR('',#1836,1.6E0);
#1838=CARTESIAN_POINT('',(-1.56E1,-3.45E0,-1.77E1));
#1839=LINE('',#1838,#1837);
#1840=DIRECTION('',(-1.E0,0.E0,0.E0));
#1841=VECTOR('',#1840,2.4E0);
#1842=CARTESIAN_POINT('',(-1.56E1,-5.05E0,-1.77E1));
#1843=LINE('',#1842,#1841);
#1844=DIRECTION('',(0.E0,1.E0,0.E0));
#1845=VECTOR('',#1844,1.6E0);
#1846=CARTESIAN_POINT('',(-1.8E1,-5.05E0,-1.77E1));
#1847=LINE('',#1846,#1845);
#1848=DIRECTION('',(1.E0,0.E0,0.E0));
#1849=VECTOR('',#1848,1.5E0);
#1850=CARTESIAN_POINT('',(-1.95E1,-3.45E0,-1.77E1));
#1851=LINE('',#1850,#1849);
#1852=DIRECTION('',(0.E0,1.E0,0.E0));
#1853=VECTOR('',#1852,5.E0);
#1854=CARTESIAN_POINT('',(-1.95E1,-8.45E0,-1.77E1));
#1855=LINE('',#1854,#1853);
#1856=DIRECTION('',(0.E0,1.E0,0.E0));
#1857=VECTOR('',#1856,1.6E0);
#1858=CARTESIAN_POINT('',(-1.8E1,-8.45E0,-1.77E1));
#1859=LINE('',#1858,#1857);
#1860=DIRECTION('',(1.E0,0.E0,0.E0));
#1861=VECTOR('',#1860,2.4E0);
#1862=CARTESIAN_POINT('',(-1.8E1,-6.85E0,-1.77E1));
#1863=LINE('',#1862,#1861);
#1864=DIRECTION('',(0.E0,1.E0,0.E0));
#1865=VECTOR('',#1864,1.6E0);
#1866=CARTESIAN_POINT('',(-1.56E1,-8.45E0,-1.77E1));
#1867=LINE('',#1866,#1865);
#1868=DIRECTION('',(0.E0,1.E0,0.E0));
#1869=VECTOR('',#1868,1.6E0);
#1870=CARTESIAN_POINT('',(1.56E1,-8.45E0,-1.77E1));
#1871=LINE('',#1870,#1869);
#1872=DIRECTION('',(1.E0,0.E0,0.E0));
#1873=VECTOR('',#1872,2.4E0);
#1874=CARTESIAN_POINT('',(1.56E1,-6.85E0,-1.77E1));
#1875=LINE('',#1874,#1873);
#1876=DIRECTION('',(0.E0,1.E0,0.E0));
#1877=VECTOR('',#1876,1.6E0);
#1878=CARTESIAN_POINT('',(1.8E1,-8.45E0,-1.77E1));
#1879=LINE('',#1878,#1877);
#1880=DIRECTION('',(1.E0,0.E0,0.E0));
#1881=VECTOR('',#1880,6.4E-1);
#1882=CARTESIAN_POINT('',(1.093E1,-5.08E0,-1.77E1));
#1883=LINE('',#1882,#1881);
#1884=DIRECTION('',(0.E0,1.E0,0.E0));
#1885=VECTOR('',#1884,6.4E-1);
#1886=CARTESIAN_POINT('',(1.157E1,-5.72E0,-1.77E1));
#1887=LINE('',#1886,#1885);
#1888=DIRECTION('',(-1.E0,0.E0,0.E0));
#1889=VECTOR('',#1888,6.4E-1);
#1890=CARTESIAN_POINT('',(1.157E1,-5.72E0,-1.77E1));
#1891=LINE('',#1890,#1889);
#1892=DIRECTION('',(0.E0,1.E0,0.E0));
#1893=VECTOR('',#1892,6.4E-1);
#1894=CARTESIAN_POINT('',(1.093E1,-5.72E0,-1.77E1));
#1895=LINE('',#1894,#1893);
#1896=DIRECTION('',(1.E0,0.E0,0.E0));
#1897=VECTOR('',#1896,6.4E-1);
#1898=CARTESIAN_POINT('',(8.43E0,-5.08E0,-1.77E1));
#1899=LINE('',#1898,#1897);
#1900=DIRECTION('',(0.E0,1.E0,0.E0));
#1901=VECTOR('',#1900,6.4E-1);
#1902=CARTESIAN_POINT('',(9.07E0,-5.72E0,-1.77E1));
#1903=LINE('',#1902,#1901);
#1904=DIRECTION('',(-1.E0,0.E0,0.E0));
#1905=VECTOR('',#1904,6.4E-1);
#1906=CARTESIAN_POINT('',(9.07E0,-5.72E0,-1.77E1));
#1907=LINE('',#1906,#1905);
#1908=DIRECTION('',(0.E0,1.E0,0.E0));
#1909=VECTOR('',#1908,6.4E-1);
#1910=CARTESIAN_POINT('',(8.43E0,-5.72E0,-1.77E1));
#1911=LINE('',#1910,#1909);
#1912=DIRECTION('',(1.E0,0.E0,0.E0));
#1913=VECTOR('',#1912,6.4E-1);
#1914=CARTESIAN_POINT('',(5.93E0,-5.08E0,-1.77E1));
#1915=LINE('',#1914,#1913);
#1916=DIRECTION('',(0.E0,1.E0,0.E0));
#1917=VECTOR('',#1916,6.4E-1);
#1918=CARTESIAN_POINT('',(6.57E0,-5.72E0,-1.77E1));
#1919=LINE('',#1918,#1917);
#1920=DIRECTION('',(-1.E0,0.E0,0.E0));
#1921=VECTOR('',#1920,6.4E-1);
#1922=CARTESIAN_POINT('',(6.57E0,-5.72E0,-1.77E1));
#1923=LINE('',#1922,#1921);
#1924=DIRECTION('',(0.E0,1.E0,0.E0));
#1925=VECTOR('',#1924,6.4E-1);
#1926=CARTESIAN_POINT('',(5.93E0,-5.72E0,-1.77E1));
#1927=LINE('',#1926,#1925);
#1928=DIRECTION('',(1.E0,0.E0,0.E0));
#1929=VECTOR('',#1928,6.4E-1);
#1930=CARTESIAN_POINT('',(3.43E0,-5.08E0,-1.77E1));
#1931=LINE('',#1930,#1929);
#1932=DIRECTION('',(0.E0,1.E0,0.E0));
#1933=VECTOR('',#1932,6.4E-1);
#1934=CARTESIAN_POINT('',(4.07E0,-5.72E0,-1.77E1));
#1935=LINE('',#1934,#1933);
#1936=DIRECTION('',(-1.E0,0.E0,0.E0));
#1937=VECTOR('',#1936,6.4E-1);
#1938=CARTESIAN_POINT('',(4.07E0,-5.72E0,-1.77E1));
#1939=LINE('',#1938,#1937);
#1940=DIRECTION('',(0.E0,1.E0,0.E0));
#1941=VECTOR('',#1940,6.4E-1);
#1942=CARTESIAN_POINT('',(3.43E0,-5.72E0,-1.77E1));
#1943=LINE('',#1942,#1941);
#1944=DIRECTION('',(1.E0,0.E0,0.E0));
#1945=VECTOR('',#1944,6.4E-1);
#1946=CARTESIAN_POINT('',(9.3E-1,-5.08E0,-1.77E1));
#1947=LINE('',#1946,#1945);
#1948=DIRECTION('',(0.E0,1.E0,0.E0));
#1949=VECTOR('',#1948,6.4E-1);
#1950=CARTESIAN_POINT('',(1.57E0,-5.72E0,-1.77E1));
#1951=LINE('',#1950,#1949);
#1952=DIRECTION('',(-1.E0,0.E0,0.E0));
#1953=VECTOR('',#1952,6.4E-1);
#1954=CARTESIAN_POINT('',(1.57E0,-5.72E0,-1.77E1));
#1955=LINE('',#1954,#1953);
#1956=DIRECTION('',(0.E0,1.E0,0.E0));
#1957=VECTOR('',#1956,6.4E-1);
#1958=CARTESIAN_POINT('',(9.3E-1,-5.72E0,-1.77E1));
#1959=LINE('',#1958,#1957);
#1960=DIRECTION('',(1.E0,0.E0,0.E0));
#1961=VECTOR('',#1960,6.4E-1);
#1962=CARTESIAN_POINT('',(-1.57E0,-5.08E0,-1.77E1));
#1963=LINE('',#1962,#1961);
#1964=DIRECTION('',(0.E0,1.E0,0.E0));
#1965=VECTOR('',#1964,6.4E-1);
#1966=CARTESIAN_POINT('',(-9.3E-1,-5.72E0,-1.77E1));
#1967=LINE('',#1966,#1965);
#1968=DIRECTION('',(-1.E0,0.E0,0.E0));
#1969=VECTOR('',#1968,6.4E-1);
#1970=CARTESIAN_POINT('',(-9.3E-1,-5.72E0,-1.77E1));
#1971=LINE('',#1970,#1969);
#1972=DIRECTION('',(0.E0,1.E0,0.E0));
#1973=VECTOR('',#1972,6.4E-1);
#1974=CARTESIAN_POINT('',(-1.57E0,-5.72E0,-1.77E1));
#1975=LINE('',#1974,#1973);
#1976=DIRECTION('',(1.E0,0.E0,0.E0));
#1977=VECTOR('',#1976,6.4E-1);
#1978=CARTESIAN_POINT('',(-4.07E0,-5.08E0,-1.77E1));
#1979=LINE('',#1978,#1977);
#1980=DIRECTION('',(0.E0,1.E0,0.E0));
#1981=VECTOR('',#1980,6.4E-1);
#1982=CARTESIAN_POINT('',(-3.43E0,-5.72E0,-1.77E1));
#1983=LINE('',#1982,#1981);
#1984=DIRECTION('',(-1.E0,0.E0,0.E0));
#1985=VECTOR('',#1984,6.4E-1);
#1986=CARTESIAN_POINT('',(-3.43E0,-5.72E0,-1.77E1));
#1987=LINE('',#1986,#1985);
#1988=DIRECTION('',(0.E0,1.E0,0.E0));
#1989=VECTOR('',#1988,6.4E-1);
#1990=CARTESIAN_POINT('',(-4.07E0,-5.72E0,-1.77E1));
#1991=LINE('',#1990,#1989);
#1992=DIRECTION('',(1.E0,0.E0,0.E0));
#1993=VECTOR('',#1992,6.4E-1);
#1994=CARTESIAN_POINT('',(-6.57E0,-5.08E0,-1.77E1));
#1995=LINE('',#1994,#1993);
#1996=DIRECTION('',(0.E0,1.E0,0.E0));
#1997=VECTOR('',#1996,6.4E-1);
#1998=CARTESIAN_POINT('',(-5.93E0,-5.72E0,-1.77E1));
#1999=LINE('',#1998,#1997);
#2000=DIRECTION('',(-1.E0,0.E0,0.E0));
#2001=VECTOR('',#2000,6.4E-1);
#2002=CARTESIAN_POINT('',(-5.93E0,-5.72E0,-1.77E1));
#2003=LINE('',#2002,#2001);
#2004=DIRECTION('',(0.E0,1.E0,0.E0));
#2005=VECTOR('',#2004,6.4E-1);
#2006=CARTESIAN_POINT('',(-6.57E0,-5.72E0,-1.77E1));
#2007=LINE('',#2006,#2005);
#2008=DIRECTION('',(1.E0,0.E0,0.E0));
#2009=VECTOR('',#2008,6.4E-1);
#2010=CARTESIAN_POINT('',(-9.07E0,-5.08E0,-1.77E1));
#2011=LINE('',#2010,#2009);
#2012=DIRECTION('',(0.E0,1.E0,0.E0));
#2013=VECTOR('',#2012,6.4E-1);
#2014=CARTESIAN_POINT('',(-8.43E0,-5.72E0,-1.77E1));
#2015=LINE('',#2014,#2013);
#2016=DIRECTION('',(-1.E0,0.E0,0.E0));
#2017=VECTOR('',#2016,6.4E-1);
#2018=CARTESIAN_POINT('',(-8.43E0,-5.72E0,-1.77E1));
#2019=LINE('',#2018,#2017);
#2020=DIRECTION('',(0.E0,1.E0,0.E0));
#2021=VECTOR('',#2020,6.4E-1);
#2022=CARTESIAN_POINT('',(-9.07E0,-5.72E0,-1.77E1));
#2023=LINE('',#2022,#2021);
#2024=DIRECTION('',(1.E0,0.E0,0.E0));
#2025=VECTOR('',#2024,6.4E-1);
#2026=CARTESIAN_POINT('',(-1.157E1,-5.08E0,-1.77E1));
#2027=LINE('',#2026,#2025);
#2028=DIRECTION('',(0.E0,1.E0,0.E0));
#2029=VECTOR('',#2028,6.4E-1);
#2030=CARTESIAN_POINT('',(-1.093E1,-5.72E0,-1.77E1));
#2031=LINE('',#2030,#2029);
#2032=DIRECTION('',(-1.E0,0.E0,0.E0));
#2033=VECTOR('',#2032,6.4E-1);
#2034=CARTESIAN_POINT('',(-1.093E1,-5.72E0,-1.77E1));
#2035=LINE('',#2034,#2033);
#2036=DIRECTION('',(0.E0,1.E0,0.E0));
#2037=VECTOR('',#2036,6.4E-1);
#2038=CARTESIAN_POINT('',(-1.157E1,-5.72E0,-1.77E1));
#2039=LINE('',#2038,#2037);
#2040=DIRECTION('',(1.E0,0.E0,0.E0));
#2041=VECTOR('',#2040,6.4E-1);
#2042=CARTESIAN_POINT('',(1.093E1,1.2E-1,-1.77E1));
#2043=LINE('',#2042,#2041);
#2044=DIRECTION('',(0.E0,1.E0,0.E0));
#2045=VECTOR('',#2044,6.4E-1);
#2046=CARTESIAN_POINT('',(1.157E1,-5.2E-1,-1.77E1));
#2047=LINE('',#2046,#2045);
#2048=DIRECTION('',(-1.E0,0.E0,0.E0));
#2049=VECTOR('',#2048,6.4E-1);
#2050=CARTESIAN_POINT('',(1.157E1,-5.2E-1,-1.77E1));
#2051=LINE('',#2050,#2049);
#2052=DIRECTION('',(0.E0,1.E0,0.E0));
#2053=VECTOR('',#2052,6.4E-1);
#2054=CARTESIAN_POINT('',(1.093E1,-5.2E-1,-1.77E1));
#2055=LINE('',#2054,#2053);
#2056=DIRECTION('',(1.E0,0.E0,0.E0));
#2057=VECTOR('',#2056,6.4E-1);
#2058=CARTESIAN_POINT('',(8.43E0,1.2E-1,-1.77E1));
#2059=LINE('',#2058,#2057);
#2060=DIRECTION('',(0.E0,1.E0,0.E0));
#2061=VECTOR('',#2060,6.4E-1);
#2062=CARTESIAN_POINT('',(9.07E0,-5.2E-1,-1.77E1));
#2063=LINE('',#2062,#2061);
#2064=DIRECTION('',(-1.E0,0.E0,0.E0));
#2065=VECTOR('',#2064,6.4E-1);
#2066=CARTESIAN_POINT('',(9.07E0,-5.2E-1,-1.77E1));
#2067=LINE('',#2066,#2065);
#2068=DIRECTION('',(0.E0,1.E0,0.E0));
#2069=VECTOR('',#2068,6.4E-1);
#2070=CARTESIAN_POINT('',(8.43E0,-5.2E-1,-1.77E1));
#2071=LINE('',#2070,#2069);
#2072=DIRECTION('',(1.E0,0.E0,0.E0));
#2073=VECTOR('',#2072,6.4E-1);
#2074=CARTESIAN_POINT('',(5.93E0,1.2E-1,-1.77E1));
#2075=LINE('',#2074,#2073);
#2076=DIRECTION('',(0.E0,1.E0,0.E0));
#2077=VECTOR('',#2076,6.4E-1);
#2078=CARTESIAN_POINT('',(6.57E0,-5.2E-1,-1.77E1));
#2079=LINE('',#2078,#2077);
#2080=DIRECTION('',(-1.E0,0.E0,0.E0));
#2081=VECTOR('',#2080,6.4E-1);
#2082=CARTESIAN_POINT('',(6.57E0,-5.2E-1,-1.77E1));
#2083=LINE('',#2082,#2081);
#2084=DIRECTION('',(0.E0,1.E0,0.E0));
#2085=VECTOR('',#2084,6.4E-1);
#2086=CARTESIAN_POINT('',(5.93E0,-5.2E-1,-1.77E1));
#2087=LINE('',#2086,#2085);
#2088=DIRECTION('',(1.E0,0.E0,0.E0));
#2089=VECTOR('',#2088,6.4E-1);
#2090=CARTESIAN_POINT('',(3.43E0,1.2E-1,-1.77E1));
#2091=LINE('',#2090,#2089);
#2092=DIRECTION('',(0.E0,1.E0,0.E0));
#2093=VECTOR('',#2092,6.4E-1);
#2094=CARTESIAN_POINT('',(4.07E0,-5.2E-1,-1.77E1));
#2095=LINE('',#2094,#2093);
#2096=DIRECTION('',(-1.E0,0.E0,0.E0));
#2097=VECTOR('',#2096,6.4E-1);
#2098=CARTESIAN_POINT('',(4.07E0,-5.2E-1,-1.77E1));
#2099=LINE('',#2098,#2097);
#2100=DIRECTION('',(0.E0,1.E0,0.E0));
#2101=VECTOR('',#2100,6.4E-1);
#2102=CARTESIAN_POINT('',(3.43E0,-5.2E-1,-1.77E1));
#2103=LINE('',#2102,#2101);
#2104=DIRECTION('',(1.E0,0.E0,0.E0));
#2105=VECTOR('',#2104,6.4E-1);
#2106=CARTESIAN_POINT('',(9.3E-1,1.2E-1,-1.77E1));
#2107=LINE('',#2106,#2105);
#2108=DIRECTION('',(0.E0,1.E0,0.E0));
#2109=VECTOR('',#2108,6.4E-1);
#2110=CARTESIAN_POINT('',(1.57E0,-5.2E-1,-1.77E1));
#2111=LINE('',#2110,#2109);
#2112=DIRECTION('',(-1.E0,0.E0,0.E0));
#2113=VECTOR('',#2112,6.4E-1);
#2114=CARTESIAN_POINT('',(1.57E0,-5.2E-1,-1.77E1));
#2115=LINE('',#2114,#2113);
#2116=DIRECTION('',(0.E0,1.E0,0.E0));
#2117=VECTOR('',#2116,6.4E-1);
#2118=CARTESIAN_POINT('',(9.3E-1,-5.2E-1,-1.77E1));
#2119=LINE('',#2118,#2117);
#2120=DIRECTION('',(1.E0,0.E0,0.E0));
#2121=VECTOR('',#2120,6.4E-1);
#2122=CARTESIAN_POINT('',(-1.57E0,1.2E-1,-1.77E1));
#2123=LINE('',#2122,#2121);
#2124=DIRECTION('',(0.E0,1.E0,0.E0));
#2125=VECTOR('',#2124,6.4E-1);
#2126=CARTESIAN_POINT('',(-9.3E-1,-5.2E-1,-1.77E1));
#2127=LINE('',#2126,#2125);
#2128=DIRECTION('',(-1.E0,0.E0,0.E0));
#2129=VECTOR('',#2128,6.4E-1);
#2130=CARTESIAN_POINT('',(-9.3E-1,-5.2E-1,-1.77E1));
#2131=LINE('',#2130,#2129);
#2132=DIRECTION('',(0.E0,1.E0,0.E0));
#2133=VECTOR('',#2132,6.4E-1);
#2134=CARTESIAN_POINT('',(-1.57E0,-5.2E-1,-1.77E1));
#2135=LINE('',#2134,#2133);
#2136=DIRECTION('',(1.E0,0.E0,0.E0));
#2137=VECTOR('',#2136,6.4E-1);
#2138=CARTESIAN_POINT('',(-4.07E0,1.2E-1,-1.77E1));
#2139=LINE('',#2138,#2137);
#2140=DIRECTION('',(0.E0,1.E0,0.E0));
#2141=VECTOR('',#2140,6.4E-1);
#2142=CARTESIAN_POINT('',(-3.43E0,-5.2E-1,-1.77E1));
#2143=LINE('',#2142,#2141);
#2144=DIRECTION('',(-1.E0,0.E0,0.E0));
#2145=VECTOR('',#2144,6.4E-1);
#2146=CARTESIAN_POINT('',(-3.43E0,-5.2E-1,-1.77E1));
#2147=LINE('',#2146,#2145);
#2148=DIRECTION('',(0.E0,1.E0,0.E0));
#2149=VECTOR('',#2148,6.4E-1);
#2150=CARTESIAN_POINT('',(-4.07E0,-5.2E-1,-1.77E1));
#2151=LINE('',#2150,#2149);
#2152=DIRECTION('',(1.E0,0.E0,0.E0));
#2153=VECTOR('',#2152,6.4E-1);
#2154=CARTESIAN_POINT('',(-6.57E0,1.2E-1,-1.77E1));
#2155=LINE('',#2154,#2153);
#2156=DIRECTION('',(0.E0,1.E0,0.E0));
#2157=VECTOR('',#2156,6.4E-1);
#2158=CARTESIAN_POINT('',(-5.93E0,-5.2E-1,-1.77E1));
#2159=LINE('',#2158,#2157);
#2160=DIRECTION('',(-1.E0,0.E0,0.E0));
#2161=VECTOR('',#2160,6.4E-1);
#2162=CARTESIAN_POINT('',(-5.93E0,-5.2E-1,-1.77E1));
#2163=LINE('',#2162,#2161);
#2164=DIRECTION('',(0.E0,1.E0,0.E0));
#2165=VECTOR('',#2164,6.4E-1);
#2166=CARTESIAN_POINT('',(-6.57E0,-5.2E-1,-1.77E1));
#2167=LINE('',#2166,#2165);
#2168=DIRECTION('',(1.E0,0.E0,0.E0));
#2169=VECTOR('',#2168,6.4E-1);
#2170=CARTESIAN_POINT('',(-9.07E0,1.2E-1,-1.77E1));
#2171=LINE('',#2170,#2169);
#2172=DIRECTION('',(0.E0,1.E0,0.E0));
#2173=VECTOR('',#2172,6.4E-1);
#2174=CARTESIAN_POINT('',(-8.43E0,-5.2E-1,-1.77E1));
#2175=LINE('',#2174,#2173);
#2176=DIRECTION('',(-1.E0,0.E0,0.E0));
#2177=VECTOR('',#2176,6.4E-1);
#2178=CARTESIAN_POINT('',(-8.43E0,-5.2E-1,-1.77E1));
#2179=LINE('',#2178,#2177);
#2180=DIRECTION('',(0.E0,1.E0,0.E0));
#2181=VECTOR('',#2180,6.4E-1);
#2182=CARTESIAN_POINT('',(-9.07E0,-5.2E-1,-1.77E1));
#2183=LINE('',#2182,#2181);
#2184=DIRECTION('',(1.E0,0.E0,0.E0));
#2185=VECTOR('',#2184,6.4E-1);
#2186=CARTESIAN_POINT('',(-1.157E1,1.2E-1,-1.77E1));
#2187=LINE('',#2186,#2185);
#2188=DIRECTION('',(0.E0,1.E0,0.E0));
#2189=VECTOR('',#2188,6.4E-1);
#2190=CARTESIAN_POINT('',(-1.093E1,-5.2E-1,-1.77E1));
#2191=LINE('',#2190,#2189);
#2192=DIRECTION('',(-1.E0,0.E0,0.E0));
#2193=VECTOR('',#2192,6.4E-1);
#2194=CARTESIAN_POINT('',(-1.093E1,-5.2E-1,-1.77E1));
#2195=LINE('',#2194,#2193);
#2196=DIRECTION('',(0.E0,1.E0,0.E0));
#2197=VECTOR('',#2196,6.4E-1);
#2198=CARTESIAN_POINT('',(-1.157E1,-5.2E-1,-1.77E1));
#2199=LINE('',#2198,#2197);
#2200=CARTESIAN_POINT('',(2.E1,-7.95E0,-1.72E1));
#2201=CARTESIAN_POINT('',(2.E1,-7.980708714173E0,-1.723070871417E1));
#2202=CARTESIAN_POINT('',(1.999440572122E1,-8.042840090093E0,
-1.729284009009E1));
#2203=CARTESIAN_POINT('',(1.996715031507E1,-8.137413209384E0,
-1.738741320938E1));
#2204=CARTESIAN_POINT('',(1.991976324543E1,-8.228305833985E0,
-1.747830583399E1));
#2205=CARTESIAN_POINT('',(1.985108640354E1,-8.311754549615E0,
-1.756175454962E1));
#2206=CARTESIAN_POINT('',(1.975961760840E1,-8.382935452999E0,
-1.763293545300E1));
#2207=CARTESIAN_POINT('',(1.964353951534E1,-8.435188491957E0,
-1.768518849196E1));
#2208=CARTESIAN_POINT('',(1.954948670367E1,-8.45E0,-1.77E1));
#2209=CARTESIAN_POINT('',(1.95E1,-8.45E0,-1.77E1));
#2211=DIRECTION('',(0.E0,-1.E0,0.E0));
#2212=VECTOR('',#2211,4.E0);
#2213=CARTESIAN_POINT('',(2.E1,-3.95E0,-1.72E1));
#2214=LINE('',#2213,#2212);
#2215=DIRECTION('',(0.E0,0.E0,1.E0));
#2216=VECTOR('',#2215,5.4E0);
#2217=CARTESIAN_POINT('',(2.E1,-7.95E0,-1.72E1));
#2218=LINE('',#2217,#2216);
#2219=DIRECTION('',(0.E0,1.E0,0.E0));
#2220=VECTOR('',#2219,4.E0);
#2221=CARTESIAN_POINT('',(2.E1,-7.95E0,-1.18E1));
#2222=LINE('',#2221,#2220);
#2223=DIRECTION('',(0.E0,0.E0,1.E0));
#2224=VECTOR('',#2223,5.4E0);
#2225=CARTESIAN_POINT('',(2.E1,-3.95E0,-1.72E1));
#2226=LINE('',#2225,#2224);
#2227=DIRECTION('',(-1.E0,0.E0,0.E0));
#2228=VECTOR('',#2227,1.5E0);
#2229=CARTESIAN_POINT('',(1.95E1,-8.45E0,-1.77E1));
#2230=LINE('',#2229,#2228);
#2231=DIRECTION('',(0.E0,0.E0,1.E0));
#2232=VECTOR('',#2231,3.2E0);
#2233=CARTESIAN_POINT('',(1.8E1,-8.45E0,-1.77E1));
#2234=LINE('',#2233,#2232);
#2235=CARTESIAN_POINT('',(1.68E1,-8.45E0,-1.45E1));
#2236=DIRECTION('',(0.E0,1.E0,0.E0));
#2237=DIRECTION('',(0.E0,0.E0,1.E0));
#2238=AXIS2_PLACEMENT_3D('',#2235,#2236,#2237);
#2240=CARTESIAN_POINT('',(1.68E1,-8.45E0,-1.45E1));
#2241=DIRECTION('',(0.E0,1.E0,0.E0));
#2242=DIRECTION('',(-1.E0,0.E0,0.E0));
#2243=AXIS2_PLACEMENT_3D('',#2240,#2241,#2242);
#2245=DIRECTION('',(0.E0,0.E0,1.E0));
#2246=VECTOR('',#2245,3.2E0);
#2247=CARTESIAN_POINT('',(1.56E1,-8.45E0,-1.77E1));
#2248=LINE('',#2247,#2246);
#2249=DIRECTION('',(-1.E0,0.E0,0.E0));
#2250=VECTOR('',#2249,3.12E1);
#2251=CARTESIAN_POINT('',(1.56E1,-8.45E0,-1.77E1));
#2252=LINE('',#2251,#2250);
#2253=DIRECTION('',(0.E0,0.E0,1.E0));
#2254=VECTOR('',#2253,3.2E0);
#2255=CARTESIAN_POINT('',(-1.56E1,-8.45E0,-1.77E1));
#2256=LINE('',#2255,#2254);
#2257=CARTESIAN_POINT('',(-1.68E1,-8.45E0,-1.45E1));
#2258=DIRECTION('',(0.E0,1.E0,0.E0));
#2259=DIRECTION('',(0.E0,0.E0,1.E0));
#2260=AXIS2_PLACEMENT_3D('',#2257,#2258,#2259);
#2262=CARTESIAN_POINT('',(-1.68E1,-8.45E0,-1.45E1));
#2263=DIRECTION('',(0.E0,1.E0,0.E0));
#2264=DIRECTION('',(-1.E0,0.E0,0.E0));
#2265=AXIS2_PLACEMENT_3D('',#2262,#2263,#2264);
#2267=DIRECTION('',(0.E0,0.E0,1.E0));
#2268=VECTOR('',#2267,3.2E0);
#2269=CARTESIAN_POINT('',(-1.8E1,-8.45E0,-1.77E1));
#2270=LINE('',#2269,#2268);
#2271=DIRECTION('',(-1.E0,0.E0,0.E0));
#2272=VECTOR('',#2271,1.5E0);
#2273=CARTESIAN_POINT('',(-1.8E1,-8.45E0,-1.77E1));
#2274=LINE('',#2273,#2272);
#2275=DIRECTION('',(0.E0,0.E0,1.E0));
#2276=VECTOR('',#2275,5.9E0);
#2277=CARTESIAN_POINT('',(-1.95E1,-8.45E0,-1.77E1));
#2278=LINE('',#2277,#2276);
#2279=DIRECTION('',(1.E0,0.E0,0.E0));
#2280=VECTOR('',#2279,4.95E0);
#2281=CARTESIAN_POINT('',(-1.95E1,-8.45E0,-1.18E1));
#2282=LINE('',#2281,#2280);
#2283=DIRECTION('',(1.E0,0.E0,0.E0));
#2284=VECTOR('',#2283,4.95E0);
#2285=CARTESIAN_POINT('',(1.455E1,-8.45E0,-1.18E1));
#2286=LINE('',#2285,#2284);
#2287=DIRECTION('',(0.E0,0.E0,1.E0));
#2288=VECTOR('',#2287,5.9E0);
#2289=CARTESIAN_POINT('',(1.95E1,-8.45E0,-1.77E1));
#2290=LINE('',#2289,#2288);
#2291=DIRECTION('',(0.E0,0.E0,1.E0));
#2292=VECTOR('',#2291,3.2E0);
#2293=CARTESIAN_POINT('',(1.8E1,-6.85E0,-1.77E1));
#2294=LINE('',#2293,#2292);
#2295=CARTESIAN_POINT('',(1.68E1,-5.05E0,-1.45E1));
#2296=DIRECTION('',(0.E0,1.E0,0.E0));
#2297=DIRECTION('',(0.E0,0.E0,1.E0));
#2298=AXIS2_PLACEMENT_3D('',#2295,#2296,#2297);
#2300=DIRECTION('',(0.E0,1.E0,0.E0));
#2301=VECTOR('',#2300,1.6E0);
#2302=CARTESIAN_POINT('',(1.8E1,-5.05E0,-1.45E1));
#2303=LINE('',#2302,#2301);
#2304=DIRECTION('',(0.E0,-1.E0,0.E0));
#2305=VECTOR('',#2304,1.6E0);
#2306=CARTESIAN_POINT('',(1.68E1,-3.45E0,-1.33E1));
#2307=LINE('',#2306,#2305);
#2308=CARTESIAN_POINT('',(1.68E1,-6.85E0,-1.45E1));
#2309=DIRECTION('',(0.E0,1.E0,0.E0));
#2310=DIRECTION('',(0.E0,0.E0,1.E0));
#2311=AXIS2_PLACEMENT_3D('',#2308,#2309,#2310);
#2313=DIRECTION('',(0.E0,-1.E0,0.E0));
#2314=VECTOR('',#2313,1.6E0);
#2315=CARTESIAN_POINT('',(1.68E1,-6.85E0,-1.33E1));
#2316=LINE('',#2315,#2314);
#2317=DIRECTION('',(0.E0,1.E0,0.E0));
#2318=VECTOR('',#2317,1.6E0);
#2319=CARTESIAN_POINT('',(1.8E1,-8.45E0,-1.45E1));
#2320=LINE('',#2319,#2318);
#2321=DIRECTION('',(0.E0,0.E0,-1.E0));
#2322=VECTOR('',#2321,3.2E0);
#2323=CARTESIAN_POINT('',(1.8E1,-5.05E0,-1.13E1));
#2324=LINE('',#2323,#2322);
#2325=DIRECTION('',(0.E0,1.E0,0.E0));
#2326=VECTOR('',#2325,1.8E0);
#2327=CARTESIAN_POINT('',(1.8E1,-6.85E0,-1.13E1));
#2328=LINE('',#2327,#2326);
#2329=DIRECTION('',(-1.E0,0.E0,0.E0));
#2330=VECTOR('',#2329,2.4E0);
#2331=CARTESIAN_POINT('',(1.8E1,-5.05E0,-1.13E1));
#2332=LINE('',#2331,#2330);
#2333=DIRECTION('',(0.E0,-1.E0,0.E0));
#2334=VECTOR('',#2333,1.8E0);
#2335=CARTESIAN_POINT('',(1.56E1,-5.05E0,-1.13E1));
#2336=LINE('',#2335,#2334);
#2337=DIRECTION('',(1.E0,0.E0,0.E0));
#2338=VECTOR('',#2337,2.4E0);
#2339=CARTESIAN_POINT('',(1.56E1,-6.85E0,-1.13E1));
#2340=LINE('',#2339,#2338);
#2341=DIRECTION('',(0.E0,1.E0,0.E0));
#2342=VECTOR('',#2341,1.8E0);
#2343=CARTESIAN_POINT('',(-1.56E1,-6.85E0,-1.13E1));
#2344=LINE('',#2343,#2342);
#2345=DIRECTION('',(-1.E0,0.E0,0.E0));
#2346=VECTOR('',#2345,2.4E0);
#2347=CARTESIAN_POINT('',(-1.56E1,-5.05E0,-1.13E1));
#2348=LINE('',#2347,#2346);
#2349=DIRECTION('',(0.E0,-1.E0,0.E0));
#2350=VECTOR('',#2349,1.8E0);
#2351=CARTESIAN_POINT('',(-1.8E1,-5.05E0,-1.13E1));
#2352=LINE('',#2351,#2350);
#2353=DIRECTION('',(1.E0,0.E0,0.E0));
#2354=VECTOR('',#2353,2.4E0);
#2355=CARTESIAN_POINT('',(-1.8E1,-6.85E0,-1.13E1));
#2356=LINE('',#2355,#2354);
#2357=DIRECTION('',(0.E0,1.E0,0.E0));
#2358=VECTOR('',#2357,4.E0);
#2359=CARTESIAN_POINT('',(1.95E1,-7.95E0,-1.13E1));
#2360=LINE('',#2359,#2358);
#2361=DIRECTION('',(1.E0,0.E0,0.E0));
#2362=VECTOR('',#2361,4.95E0);
#2363=CARTESIAN_POINT('',(1.455E1,-7.95E0,-1.13E1));
#2364=LINE('',#2363,#2362);
#2365=DIRECTION('',(-1.E0,0.E0,0.E0));
#2366=VECTOR('',#2365,4.95E0);
#2367=CARTESIAN_POINT('',(1.95E1,-3.95E0,-1.13E1));
#2368=LINE('',#2367,#2366);
#2369=DIRECTION('',(0.E0,-1.E0,0.E0));
#2370=VECTOR('',#2369,4.E0);
#2371=CARTESIAN_POINT('',(-1.95E1,-3.95E0,-1.13E1));
#2372=LINE('',#2371,#2370);
#2373=DIRECTION('',(-1.E0,0.E0,0.E0));
#2374=VECTOR('',#2373,4.95E0);
#2375=CARTESIAN_POINT('',(-1.455E1,-3.95E0,-1.13E1));
#2376=LINE('',#2375,#2374);
#2377=DIRECTION('',(1.E0,0.E0,0.E0));
#2378=VECTOR('',#2377,4.95E0);
#2379=CARTESIAN_POINT('',(-1.95E1,-7.95E0,-1.13E1));
#2380=LINE('',#2379,#2378);
#2381=DIRECTION('',(0.E0,0.E0,-1.E0));
#2382=VECTOR('',#2381,3.2E0);
#2383=CARTESIAN_POINT('',(1.8E1,-6.85E0,-1.13E1));
#2384=LINE('',#2383,#2382);
#2385=DIRECTION('',(0.E0,0.E0,-1.E0));
#2386=VECTOR('',#2385,3.2E0);
#2387=CARTESIAN_POINT('',(1.56E1,-6.85E0,-1.13E1));
#2388=LINE('',#2387,#2386);
#2389=DIRECTION('',(0.E0,0.E0,-1.E0));
#2390=VECTOR('',#2389,3.2E0);
#2391=CARTESIAN_POINT('',(1.56E1,-5.05E0,-1.13E1));
#2392=LINE('',#2391,#2390);
#2393=CARTESIAN_POINT('',(1.68E1,-6.85E0,-1.45E1));
#2394=DIRECTION('',(0.E0,1.E0,0.E0));
#2395=DIRECTION('',(1.E0,0.E0,0.E0));
#2396=AXIS2_PLACEMENT_3D('',#2393,#2394,#2395);
#2398=DIRECTION('',(0.E0,1.E0,0.E0));
#2399=VECTOR('',#2398,1.8E0);
#2400=CARTESIAN_POINT('',(1.56E1,-6.85E0,-1.45E1));
#2401=LINE('',#2400,#2399);
#2402=CARTESIAN_POINT('',(1.68E1,-5.05E0,-1.45E1));
#2403=DIRECTION('',(0.E0,-1.E0,0.E0));
#2404=DIRECTION('',(-1.E0,0.E0,0.E0));
#2405=AXIS2_PLACEMENT_3D('',#2402,#2403,#2404);
#2407=DIRECTION('',(0.E0,1.E0,0.E0));
#2408=VECTOR('',#2407,1.8E0);
#2409=CARTESIAN_POINT('',(1.8E1,-6.85E0,-1.45E1));
#2410=LINE('',#2409,#2408);
#2411=CARTESIAN_POINT('',(1.68E1,-5.05E0,-1.45E1));
#2412=DIRECTION('',(0.E0,1.E0,0.E0));
#2413=DIRECTION('',(-1.E0,0.E0,0.E0));
#2414=AXIS2_PLACEMENT_3D('',#2411,#2412,#2413);
#2416=DIRECTION('',(0.E0,1.E0,0.E0));
#2417=VECTOR('',#2416,1.6E0);
#2418=CARTESIAN_POINT('',(1.56E1,-5.05E0,-1.45E1));
#2419=LINE('',#2418,#2417);
#2420=CARTESIAN_POINT('',(1.68E1,-6.85E0,-1.45E1));
#2421=DIRECTION('',(0.E0,1.E0,0.E0));
#2422=DIRECTION('',(-1.E0,0.E0,0.E0));
#2423=AXIS2_PLACEMENT_3D('',#2420,#2421,#2422);
#2425=DIRECTION('',(0.E0,1.E0,0.E0));
#2426=VECTOR('',#2425,1.6E0);
#2427=CARTESIAN_POINT('',(1.56E1,-8.45E0,-1.45E1));
#2428=LINE('',#2427,#2426);
#2429=DIRECTION('',(0.E0,0.E0,1.E0));
#2430=VECTOR('',#2429,3.2E0);
#2431=CARTESIAN_POINT('',(1.56E1,-6.85E0,-1.77E1));
#2432=LINE('',#2431,#2430);
#2433=DIRECTION('',(0.E0,0.E0,1.E0));
#2434=VECTOR('',#2433,3.2E0);
#2435=CARTESIAN_POINT('',(1.8E1,-5.05E0,-1.77E1));
#2436=LINE('',#2435,#2434);
#2437=DIRECTION('',(0.E0,0.E0,1.E0));
#2438=VECTOR('',#2437,3.2E0);
#2439=CARTESIAN_POINT('',(1.56E1,-5.05E0,-1.77E1));
#2440=LINE('',#2439,#2438);
#2441=DIRECTION('',(0.E0,0.E0,1.E0));
#2442=VECTOR('',#2441,5.9E0);
#2443=CARTESIAN_POINT('',(1.95E1,-3.45E0,-1.77E1));
#2444=LINE('',#2443,#2442);
#2445=DIRECTION('',(-1.E0,0.E0,0.E0));
#2446=VECTOR('',#2445,4.95E0);
#2447=CARTESIAN_POINT('',(1.95E1,-3.45E0,-1.18E1));
#2448=LINE('',#2447,#2446);
#2449=DIRECTION('',(0.E0,0.E0,1.E0));
#2450=VECTOR('',#2449,3.2E0);
#2451=CARTESIAN_POINT('',(1.56E1,-3.45E0,-1.77E1));
#2452=LINE('',#2451,#2450);
#2453=CARTESIAN_POINT('',(1.68E1,-3.45E0,-1.45E1));
#2454=DIRECTION('',(0.E0,1.E0,0.E0));
#2455=DIRECTION('',(-1.E0,0.E0,0.E0));
#2456=AXIS2_PLACEMENT_3D('',#2453,#2454,#2455);
#2458=CARTESIAN_POINT('',(1.68E1,-3.45E0,-1.45E1));
#2459=DIRECTION('',(0.E0,1.E0,0.E0));
#2460=DIRECTION('',(0.E0,0.E0,1.E0));
#2461=AXIS2_PLACEMENT_3D('',#2458,#2459,#2460);
#2463=DIRECTION('',(0.E0,0.E0,1.E0));
#2464=VECTOR('',#2463,3.2E0);
#2465=CARTESIAN_POINT('',(1.8E1,-3.45E0,-1.77E1));
#2466=LINE('',#2465,#2464);
#2467=CARTESIAN_POINT('',(2.E1,-3.95E0,-1.72E1));
#2468=CARTESIAN_POINT('',(2.E1,-3.919291285827E0,-1.723070871417E1));
#2469=CARTESIAN_POINT('',(1.999440572122E1,-3.857159909907E0,
-1.729284009009E1));
#2470=CARTESIAN_POINT('',(1.996715031507E1,-3.762586790616E0,
-1.738741320938E1));
#2471=CARTESIAN_POINT('',(1.991976324543E1,-3.671694166015E0,
-1.747830583399E1));
#2472=CARTESIAN_POINT('',(1.985108640354E1,-3.588245450385E0,
-1.756175454962E1));
#2473=CARTESIAN_POINT('',(1.975961760840E1,-3.517064547001E0,
-1.763293545300E1));
#2474=CARTESIAN_POINT('',(1.964353951534E1,-3.464811508043E0,
-1.768518849196E1));
#2475=CARTESIAN_POINT('',(1.954948670367E1,-3.45E0,-1.77E1));
#2476=CARTESIAN_POINT('',(1.95E1,-3.45E0,-1.77E1));
#2478=CARTESIAN_POINT('',(1.95E1,-3.95E0,-1.18E1));
#2479=DIRECTION('',(-1.E0,0.E0,0.E0));
#2480=DIRECTION('',(0.E0,0.E0,1.E0));
#2481=AXIS2_PLACEMENT_3D('',#2478,#2479,#2480);
#2483=CARTESIAN_POINT('',(1.95E1,-3.95E0,-1.18E1));
#2484=DIRECTION('',(0.E0,0.E0,-1.E0));
#2485=DIRECTION('',(0.E0,1.E0,0.E0));
#2486=AXIS2_PLACEMENT_3D('',#2483,#2484,#2485);
#2488=CARTESIAN_POINT('',(1.95E1,-3.95E0,-1.18E1));
#2489=DIRECTION('',(0.E0,-1.E0,0.E0));
#2490=DIRECTION('',(1.E0,0.E0,0.E0));
#2491=AXIS2_PLACEMENT_3D('',#2488,#2489,#2490);
#2493=CARTESIAN_POINT('',(1.455E1,-3.95E0,-1.18E1));
#2494=DIRECTION('',(-1.E0,0.E0,0.E0));
#2495=DIRECTION('',(0.E0,0.E0,1.E0));
#2496=AXIS2_PLACEMENT_3D('',#2493,#2494,#2495);
#2498=DIRECTION('',(0.E0,0.E0,1.E0));
#2499=VECTOR('',#2498,5.9E0);
#2500=CARTESIAN_POINT('',(1.455E1,-3.45E0,-1.77E1));
#2501=LINE('',#2500,#2499);
#2502=DIRECTION('',(0.E0,1.E0,0.E0));
#2503=VECTOR('',#2502,4.E0);
#2504=CARTESIAN_POINT('',(1.455E1,-7.95E0,-1.13E1));
#2505=LINE('',#2504,#2503);
#2506=DIRECTION('',(0.E0,0.E0,1.E0));
#2507=VECTOR('',#2506,1.18E1);
#2508=CARTESIAN_POINT('',(1.455E1,-8.45E0,-1.18E1));
#2509=LINE('',#2508,#2507);
#2510=DIRECTION('',(0.E0,0.E0,-1.E0));
#2511=VECTOR('',#2510,1.77E1);
#2512=CARTESIAN_POINT('',(1.455E1,6.45E0,0.E0));
#2513=LINE('',#2512,#2511);
#2514=CARTESIAN_POINT('',(1.455E1,-7.95E0,-1.18E1));
#2515=DIRECTION('',(-1.E0,0.E0,0.E0));
#2516=DIRECTION('',(0.E0,-1.E0,0.E0));
#2517=AXIS2_PLACEMENT_3D('',#2514,#2515,#2516);
#2519=CARTESIAN_POINT('',(1.95E1,-7.95E0,-1.18E1));
#2520=DIRECTION('',(0.E0,1.E0,0.E0));
#2521=DIRECTION('',(0.E0,0.E0,1.E0));
#2522=AXIS2_PLACEMENT_3D('',#2519,#2520,#2521);
#2524=CARTESIAN_POINT('',(1.95E1,-7.95E0,-1.18E1));
#2525=DIRECTION('',(0.E0,0.E0,-1.E0));
#2526=DIRECTION('',(1.E0,0.E0,0.E0));
#2527=AXIS2_PLACEMENT_3D('',#2524,#2525,#2526);
#2529=CARTESIAN_POINT('',(1.95E1,-7.95E0,-1.18E1));
#2530=DIRECTION('',(-1.E0,0.E0,0.E0));
#2531=DIRECTION('',(0.E0,-1.E0,0.E0));
#2532=AXIS2_PLACEMENT_3D('',#2529,#2530,#2531);
#2534=DIRECTION('',(0.E0,0.E0,-1.E0));
#2535=VECTOR('',#2534,1.77E1);
#2536=CARTESIAN_POINT('',(-1.255E1,8.45E0,0.E0));
#2537=LINE('',#2536,#2535);
#2538=DIRECTION('',(0.E0,0.E0,-1.E0));
#2539=VECTOR('',#2538,1.77E1);
#2540=CARTESIAN_POINT('',(1.255E1,8.45E0,0.E0));
#2541=LINE('',#2540,#2539);
#2542=DIRECTION('',(0.E0,0.E0,-1.E0));
#2543=VECTOR('',#2542,3.2E0);
#2544=CARTESIAN_POINT('',(-1.56E1,-6.85E0,-1.13E1));
#2545=LINE('',#2544,#2543);
#2546=DIRECTION('',(0.E0,0.E0,-1.E0));
#2547=VECTOR('',#2546,3.2E0);
#2548=CARTESIAN_POINT('',(-1.8E1,-6.85E0,-1.13E1));
#2549=LINE('',#2548,#2547);
#2550=DIRECTION('',(0.E0,0.E0,-1.E0));
#2551=VECTOR('',#2550,3.2E0);
#2552=CARTESIAN_POINT('',(-1.8E1,-5.05E0,-1.13E1));
#2553=LINE('',#2552,#2551);
#2554=DIRECTION('',(0.E0,0.E0,-1.E0));
#2555=VECTOR('',#2554,3.2E0);
#2556=CARTESIAN_POINT('',(-1.56E1,-5.05E0,-1.13E1));
#2557=LINE('',#2556,#2555);
#2558=CARTESIAN_POINT('',(-1.68E1,-5.05E0,-1.45E1));
#2559=DIRECTION('',(0.E0,1.E0,0.E0));
#2560=DIRECTION('',(0.E0,0.E0,1.E0));
#2561=AXIS2_PLACEMENT_3D('',#2558,#2559,#2560);
#2563=DIRECTION('',(0.E0,1.E0,0.E0));
#2564=VECTOR('',#2563,1.6E0);
#2565=CARTESIAN_POINT('',(-1.56E1,-5.05E0,-1.45E1));
#2566=LINE('',#2565,#2564);
#2567=DIRECTION('',(0.E0,-1.E0,0.E0));
#2568=VECTOR('',#2567,1.6E0);
#2569=CARTESIAN_POINT('',(-1.68E1,-3.45E0,-1.33E1));
#2570=LINE('',#2569,#2568);
#2571=CARTESIAN_POINT('',(-1.68E1,-6.85E0,-1.45E1));
#2572=DIRECTION('',(0.E0,1.E0,0.E0));
#2573=DIRECTION('',(0.E0,0.E0,1.E0));
#2574=AXIS2_PLACEMENT_3D('',#2571,#2572,#2573);
#2576=DIRECTION('',(0.E0,-1.E0,0.E0));
#2577=VECTOR('',#2576,1.6E0);
#2578=CARTESIAN_POINT('',(-1.68E1,-6.85E0,-1.33E1));
#2579=LINE('',#2578,#2577);
#2580=DIRECTION('',(0.E0,1.E0,0.E0));
#2581=VECTOR('',#2580,1.6E0);
#2582=CARTESIAN_POINT('',(-1.56E1,-8.45E0,-1.45E1));
#2583=LINE('',#2582,#2581);
#2584=DIRECTION('',(0.E0,0.E0,1.E0));
#2585=VECTOR('',#2584,3.2E0);
#2586=CARTESIAN_POINT('',(-1.56E1,-5.05E0,-1.77E1));
#2587=LINE('',#2586,#2585);
#2588=CARTESIAN_POINT('',(-1.68E1,-6.85E0,-1.45E1));
#2589=DIRECTION('',(0.E0,1.E0,0.E0));
#2590=DIRECTION('',(1.E0,0.E0,0.E0));
#2591=AXIS2_PLACEMENT_3D('',#2588,#2589,#2590);
#2593=DIRECTION('',(0.E0,1.E0,0.E0));
#2594=VECTOR('',#2593,1.8E0);
#2595=CARTESIAN_POINT('',(-1.8E1,-6.85E0,-1.45E1));
#2596=LINE('',#2595,#2594);
#2597=CARTESIAN_POINT('',(-1.68E1,-5.05E0,-1.45E1));
#2598=DIRECTION('',(0.E0,-1.E0,0.E0));
#2599=DIRECTION('',(-1.E0,0.E0,0.E0));
#2600=AXIS2_PLACEMENT_3D('',#2597,#2598,#2599);
#2602=DIRECTION('',(0.E0,1.E0,0.E0));
#2603=VECTOR('',#2602,1.8E0);
#2604=CARTESIAN_POINT('',(-1.56E1,-6.85E0,-1.45E1));
#2605=LINE('',#2604,#2603);
#2606=CARTESIAN_POINT('',(-1.68E1,-5.05E0,-1.45E1));
#2607=DIRECTION('',(0.E0,1.E0,0.E0));
#2608=DIRECTION('',(-1.E0,0.E0,0.E0));
#2609=AXIS2_PLACEMENT_3D('',#2606,#2607,#2608);
#2611=DIRECTION('',(0.E0,1.E0,0.E0));
#2612=VECTOR('',#2611,1.6E0);
#2613=CARTESIAN_POINT('',(-1.8E1,-5.05E0,-1.45E1));
#2614=LINE('',#2613,#2612);
#2615=CARTESIAN_POINT('',(-1.68E1,-6.85E0,-1.45E1));
#2616=DIRECTION('',(0.E0,1.E0,0.E0));
#2617=DIRECTION('',(-1.E0,0.E0,0.E0));
#2618=AXIS2_PLACEMENT_3D('',#2615,#2616,#2617);
#2620=DIRECTION('',(0.E0,1.E0,0.E0));
#2621=VECTOR('',#2620,1.6E0);
#2622=CARTESIAN_POINT('',(-1.8E1,-8.45E0,-1.45E1));
#2623=LINE('',#2622,#2621);
#2624=DIRECTION('',(0.E0,0.E0,1.E0));
#2625=VECTOR('',#2624,3.2E0);
#2626=CARTESIAN_POINT('',(-1.8E1,-6.85E0,-1.77E1));
#2627=LINE('',#2626,#2625);
#2628=DIRECTION('',(0.E0,0.E0,1.E0));
#2629=VECTOR('',#2628,3.2E0);
#2630=CARTESIAN_POINT('',(-1.56E1,-6.85E0,-1.77E1));
#2631=LINE('',#2630,#2629);
#2632=DIRECTION('',(0.E0,0.E0,1.E0));
#2633=VECTOR('',#2632,3.2E0);
#2634=CARTESIAN_POINT('',(-1.8E1,-3.45E0,-1.77E1));
#2635=LINE('',#2634,#2633);
#2636=CARTESIAN_POINT('',(-1.68E1,-3.45E0,-1.45E1));
#2637=DIRECTION('',(0.E0,1.E0,0.E0));
#2638=DIRECTION('',(-1.E0,0.E0,0.E0));
#2639=AXIS2_PLACEMENT_3D('',#2636,#2637,#2638);
#2641=CARTESIAN_POINT('',(-1.68E1,-3.45E0,-1.45E1));
#2642=DIRECTION('',(0.E0,1.E0,0.E0));
#2643=DIRECTION('',(0.E0,0.E0,1.E0));
#2644=AXIS2_PLACEMENT_3D('',#2641,#2642,#2643);
#2646=DIRECTION('',(0.E0,0.E0,1.E0));
#2647=VECTOR('',#2646,3.2E0);
#2648=CARTESIAN_POINT('',(-1.56E1,-3.45E0,-1.77E1));
#2649=LINE('',#2648,#2647);
#2650=DIRECTION('',(-1.E0,0.E0,0.E0));
#2651=VECTOR('',#2650,4.95E0);
#2652=CARTESIAN_POINT('',(-1.455E1,-3.45E0,-1.18E1));
#2653=LINE('',#2652,#2651);
#2654=DIRECTION('',(0.E0,0.E0,1.E0));
#2655=VECTOR('',#2654,5.9E0);
#2656=CARTESIAN_POINT('',(-1.95E1,-3.45E0,-1.77E1));
#2657=LINE('',#2656,#2655);
#2658=DIRECTION('',(0.E0,0.E0,1.E0));
#2659=VECTOR('',#2658,3.2E0);
#2660=CARTESIAN_POINT('',(-1.8E1,-5.05E0,-1.77E1));
#2661=LINE('',#2660,#2659);
#2662=DIRECTION('',(0.E0,1.E0,0.E0));
#2663=VECTOR('',#2662,4.E0);
#2664=CARTESIAN_POINT('',(-1.455E1,-7.95E0,-1.13E1));
#2665=LINE('',#2664,#2663);
#2666=DIRECTION('',(0.E0,0.E0,1.E0));
#2667=VECTOR('',#2666,5.9E0);
#2668=CARTESIAN_POINT('',(-1.455E1,-3.45E0,-1.77E1));
#2669=LINE('',#2668,#2667);
#2670=DIRECTION('',(0.E0,0.E0,-1.E0));
#2671=VECTOR('',#2670,1.77E1);
#2672=CARTESIAN_POINT('',(-1.455E1,6.45E0,0.E0));
#2673=LINE('',#2672,#2671);
#2674=DIRECTION('',(0.E0,0.E0,-1.E0));
#2675=VECTOR('',#2674,1.18E1);
#2676=CARTESIAN_POINT('',(-1.455E1,-8.45E0,0.E0));
#2677=LINE('',#2676,#2675);
#2678=CARTESIAN_POINT('',(-1.455E1,-3.95E0,-1.18E1));
#2679=DIRECTION('',(1.E0,0.E0,0.E0));
#2680=DIRECTION('',(0.E0,1.E0,0.E0));
#2681=AXIS2_PLACEMENT_3D('',#2678,#2679,#2680);
#2683=CARTESIAN_POINT('',(-1.95E1,-3.95E0,-1.18E1));
#2684=DIRECTION('',(0.E0,-1.E0,0.E0));
#2685=DIRECTION('',(0.E0,0.E0,1.E0));
#2686=AXIS2_PLACEMENT_3D('',#2683,#2684,#2685);
#2688=CARTESIAN_POINT('',(-1.95E1,-3.95E0,-1.18E1));
#2689=DIRECTION('',(0.E0,0.E0,-1.E0));
#2690=DIRECTION('',(-1.E0,0.E0,0.E0));
#2691=AXIS2_PLACEMENT_3D('',#2688,#2689,#2690);
#2693=CARTESIAN_POINT('',(-1.95E1,-3.95E0,-1.18E1));
#2694=DIRECTION('',(1.E0,0.E0,0.E0));
#2695=DIRECTION('',(0.E0,1.E0,0.E0));
#2696=AXIS2_PLACEMENT_3D('',#2693,#2694,#2695);
#2698=DIRECTION('',(0.E0,-1.E0,0.E0));
#2699=VECTOR('',#2698,4.E0);
#2700=CARTESIAN_POINT('',(-2.E1,-3.95E0,-1.18E1));
#2701=LINE('',#2700,#2699);
#2702=DIRECTION('',(0.E0,0.E0,1.E0));
#2703=VECTOR('',#2702,5.4E0);
#2704=CARTESIAN_POINT('',(-2.E1,-7.95E0,-1.72E1));
#2705=LINE('',#2704,#2703);
#2706=DIRECTION('',(0.E0,1.E0,0.E0));
#2707=VECTOR('',#2706,4.E0);
#2708=CARTESIAN_POINT('',(-2.E1,-7.95E0,-1.72E1));
#2709=LINE('',#2708,#2707);
#2710=DIRECTION('',(0.E0,0.E0,1.E0));
#2711=VECTOR('',#2710,5.4E0);
#2712=CARTESIAN_POINT('',(-2.E1,-3.95E0,-1.72E1));
#2713=LINE('',#2712,#2711);
#2714=CARTESIAN_POINT('',(-2.E1,-7.95E0,-1.72E1));
#2715=CARTESIAN_POINT('',(-2.E1,-7.980708714173E0,-1.723070871417E1));
#2716=CARTESIAN_POINT('',(-1.999440572122E1,-8.042840090093E0,
-1.729284009009E1));
#2717=CARTESIAN_POINT('',(-1.996715031507E1,-8.137413209384E0,
-1.738741320938E1));
#2718=CARTESIAN_POINT('',(-1.991976324543E1,-8.228305833985E0,
-1.747830583399E1));
#2719=CARTESIAN_POINT('',(-1.985108640354E1,-8.311754549615E0,
-1.756175454962E1));
#2720=CARTESIAN_POINT('',(-1.975961760840E1,-8.382935452999E0,
-1.763293545300E1));
#2721=CARTESIAN_POINT('',(-1.964353951534E1,-8.435188491957E0,
-1.768518849196E1));
#2722=CARTESIAN_POINT('',(-1.954948670367E1,-8.45E0,-1.77E1));
#2723=CARTESIAN_POINT('',(-1.95E1,-8.45E0,-1.77E1));
#2725=CARTESIAN_POINT('',(-1.95E1,-7.95E0,-1.18E1));
#2726=DIRECTION('',(1.E0,0.E0,0.E0));
#2727=DIRECTION('',(0.E0,0.E0,1.E0));
#2728=AXIS2_PLACEMENT_3D('',#2725,#2726,#2727);
#2730=CARTESIAN_POINT('',(-1.95E1,-7.95E0,-1.18E1));
#2731=DIRECTION('',(0.E0,0.E0,-1.E0));
#2732=DIRECTION('',(0.E0,-1.E0,0.E0));
#2733=AXIS2_PLACEMENT_3D('',#2730,#2731,#2732);
#2735=CARTESIAN_POINT('',(-1.95E1,-7.95E0,-1.18E1));
#2736=DIRECTION('',(0.E0,1.E0,0.E0));
#2737=DIRECTION('',(-1.E0,0.E0,0.E0));
#2738=AXIS2_PLACEMENT_3D('',#2735,#2736,#2737);
#2740=CARTESIAN_POINT('',(-1.455E1,-7.95E0,-1.18E1));
#2741=DIRECTION('',(1.E0,0.E0,0.E0));
#2742=DIRECTION('',(0.E0,-1.065814103640E-14,1.E0));
#2743=AXIS2_PLACEMENT_3D('',#2740,#2741,#2742);
#2745=CARTESIAN_POINT('',(-1.95E1,-3.45E0,-1.77E1));
#2746=CARTESIAN_POINT('',(-1.954948670367E1,-3.45E0,-1.77E1));
#2747=CARTESIAN_POINT('',(-1.964353951534E1,-3.464811508043E0,
-1.768518849196E1));
#2748=CARTESIAN_POINT('',(-1.975961760840E1,-3.517064547001E0,
-1.763293545300E1));
#2749=CARTESIAN_POINT('',(-1.985108640354E1,-3.588245450385E0,
-1.756175454962E1));
#2750=CARTESIAN_POINT('',(-1.991976324543E1,-3.671694166015E0,
-1.747830583399E1));
#2751=CARTESIAN_POINT('',(-1.996715031507E1,-3.762586790616E0,
-1.738741320938E1));
#2752=CARTESIAN_POINT('',(-1.999440572122E1,-3.857159909907E0,
-1.729284009009E1));
#2753=CARTESIAN_POINT('',(-2.E1,-3.919291285827E0,-1.723070871417E1));
#2754=CARTESIAN_POINT('',(-2.E1,-3.95E0,-1.72E1));
#2756=DIRECTION('',(0.E0,0.E0,-1.E0));
#2757=VECTOR('',#2756,1.8E-1);
#2758=CARTESIAN_POINT('',(1.093E1,-5.08E0,-1.77E1));
#2759=LINE('',#2758,#2757);
#2760=DIRECTION('',(0.E0,0.E0,-1.E0));
#2761=VECTOR('',#2760,1.8E-1);
#2762=CARTESIAN_POINT('',(1.093E1,-5.72E0,-1.77E1));
#2763=LINE('',#2762,#2761);
#2764=CARTESIAN_POINT('',(1.093E1,-6.72E0,-1.788E1));
#2765=DIRECTION('',(-1.E0,0.E0,0.E0));
#2766=DIRECTION('',(0.E0,1.E0,0.E0));
#2767=AXIS2_PLACEMENT_3D('',#2764,#2765,#2766);
#2769=DIRECTION('',(0.E0,-1.E0,0.E0));
#2770=VECTOR('',#2769,5.43E0);
#2771=CARTESIAN_POINT('',(1.093E1,-6.72E0,-1.888E1));
#2772=LINE('',#2771,#2770);
#2773=DIRECTION('',(0.E0,0.E0,-1.E0));
#2774=VECTOR('',#2773,1.8E-1);
#2775=CARTESIAN_POINT('',(1.157E1,-5.72E0,-1.77E1));
#2776=LINE('',#2775,#2774);
#2777=DIRECTION('',(0.E0,0.E0,-1.E0));
#2778=VECTOR('',#2777,1.8E-1);
#2779=CARTESIAN_POINT('',(1.157E1,-5.08E0,-1.77E1));
#2780=LINE('',#2779,#2778);
#2781=CARTESIAN_POINT('',(1.157E1,-6.72E0,-1.788E1));
#2782=DIRECTION('',(-1.E0,0.E0,0.E0));
#2783=DIRECTION('',(0.E0,1.E0,0.E0));
#2784=AXIS2_PLACEMENT_3D('',#2781,#2782,#2783);
#2786=DIRECTION('',(0.E0,-1.E0,0.E0));
#2787=VECTOR('',#2786,5.43E0);
#2788=CARTESIAN_POINT('',(1.157E1,-6.72E0,-1.952E1));
#2789=LINE('',#2788,#2787);
#2790=DIRECTION('',(1.E0,0.E0,0.E0));
#2791=VECTOR('',#2790,6.4E-1);
#2792=CARTESIAN_POINT('',(1.093E1,-5.08E0,-1.788E1));
#2793=LINE('',#2792,#2791);
#2794=CARTESIAN_POINT('',(1.093E1,-6.72E0,-1.788E1));
#2795=DIRECTION('',(-1.E0,0.E0,0.E0));
#2796=DIRECTION('',(0.E0,1.E0,0.E0));
#2797=AXIS2_PLACEMENT_3D('',#2794,#2795,#2796);
#2799=DIRECTION('',(1.E0,0.E0,0.E0));
#2800=VECTOR('',#2799,6.4E-1);
#2801=CARTESIAN_POINT('',(1.093E1,-6.72E0,-1.952E1));
#2802=LINE('',#2801,#2800);
#2803=DIRECTION('',(0.E0,-1.E0,0.E0));
#2804=VECTOR('',#2803,5.43E0);
#2805=CARTESIAN_POINT('',(1.093E1,-6.72E0,-1.952E1));
#2806=LINE('',#2805,#2804);
#2807=DIRECTION('',(1.E0,0.E0,0.E0));
#2808=VECTOR('',#2807,6.4E-1);
#2809=CARTESIAN_POINT('',(1.093E1,-1.215E1,-1.952E1));
#2810=LINE('',#2809,#2808);
#2811=DIRECTION('',(0.E0,0.E0,-1.E0));
#2812=VECTOR('',#2811,6.4E-1);
#2813=CARTESIAN_POINT('',(1.093E1,-1.215E1,-1.888E1));
#2814=LINE('',#2813,#2812);
#2815=DIRECTION('',(-1.E0,0.E0,0.E0));
#2816=VECTOR('',#2815,6.4E-1);
#2817=CARTESIAN_POINT('',(1.157E1,-1.215E1,-1.888E1));
#2818=LINE('',#2817,#2816);
#2819=DIRECTION('',(0.E0,0.E0,1.E0));
#2820=VECTOR('',#2819,6.4E-1);
#2821=CARTESIAN_POINT('',(1.157E1,-1.215E1,-1.952E1));
#2822=LINE('',#2821,#2820);
#2823=DIRECTION('',(-1.E0,0.E0,0.E0));
#2824=VECTOR('',#2823,6.4E-1);
#2825=CARTESIAN_POINT('',(1.157E1,-6.72E0,-1.888E1));
#2826=LINE('',#2825,#2824);
#2827=DIRECTION('',(0.E0,-1.E0,0.E0));
#2828=VECTOR('',#2827,5.43E0);
#2829=CARTESIAN_POINT('',(1.157E1,-6.72E0,-1.888E1));
#2830=LINE('',#2829,#2828);
#2831=DIRECTION('',(-1.E0,0.E0,0.E0));
#2832=VECTOR('',#2831,6.4E-1);
#2833=CARTESIAN_POINT('',(1.157E1,-5.72E0,-1.788E1));
#2834=LINE('',#2833,#2832);
#2835=CARTESIAN_POINT('',(1.157E1,-6.72E0,-1.788E1));
#2836=DIRECTION('',(-1.E0,0.E0,0.E0));
#2837=DIRECTION('',(0.E0,1.E0,0.E0));
#2838=AXIS2_PLACEMENT_3D('',#2835,#2836,#2837);
#2840=DIRECTION('',(0.E0,0.E0,-1.E0));
#2841=VECTOR('',#2840,1.8E-1);
#2842=CARTESIAN_POINT('',(8.43E0,-5.08E0,-1.77E1));
#2843=LINE('',#2842,#2841);
#2844=DIRECTION('',(0.E0,0.E0,-1.E0));
#2845=VECTOR('',#2844,1.8E-1);
#2846=CARTESIAN_POINT('',(8.43E0,-5.72E0,-1.77E1));
#2847=LINE('',#2846,#2845);
#2848=CARTESIAN_POINT('',(8.43E0,-6.72E0,-1.788E1));
#2849=DIRECTION('',(-1.E0,0.E0,0.E0));
#2850=DIRECTION('',(0.E0,1.E0,0.E0));
#2851=AXIS2_PLACEMENT_3D('',#2848,#2849,#2850);
#2853=DIRECTION('',(0.E0,-1.E0,0.E0));
#2854=VECTOR('',#2853,5.43E0);
#2855=CARTESIAN_POINT('',(8.43E0,-6.72E0,-1.888E1));
#2856=LINE('',#2855,#2854);
#2857=DIRECTION('',(0.E0,0.E0,-1.E0));
#2858=VECTOR('',#2857,1.8E-1);
#2859=CARTESIAN_POINT('',(9.07E0,-5.72E0,-1.77E1));
#2860=LINE('',#2859,#2858);
#2861=DIRECTION('',(0.E0,0.E0,-1.E0));
#2862=VECTOR('',#2861,1.8E-1);
#2863=CARTESIAN_POINT('',(9.07E0,-5.08E0,-1.77E1));
#2864=LINE('',#2863,#2862);
#2865=CARTESIAN_POINT('',(9.07E0,-6.72E0,-1.788E1));
#2866=DIRECTION('',(-1.E0,0.E0,0.E0));
#2867=DIRECTION('',(0.E0,1.E0,0.E0));
#2868=AXIS2_PLACEMENT_3D('',#2865,#2866,#2867);
#2870=DIRECTION('',(0.E0,-1.E0,0.E0));
#2871=VECTOR('',#2870,5.43E0);
#2872=CARTESIAN_POINT('',(9.07E0,-6.72E0,-1.952E1));
#2873=LINE('',#2872,#2871);
#2874=DIRECTION('',(1.E0,0.E0,0.E0));
#2875=VECTOR('',#2874,6.4E-1);
#2876=CARTESIAN_POINT('',(8.43E0,-5.08E0,-1.788E1));
#2877=LINE('',#2876,#2875);
#2878=CARTESIAN_POINT('',(8.43E0,-6.72E0,-1.788E1));
#2879=DIRECTION('',(-1.E0,0.E0,0.E0));
#2880=DIRECTION('',(0.E0,1.E0,0.E0));
#2881=AXIS2_PLACEMENT_3D('',#2878,#2879,#2880);
#2883=DIRECTION('',(1.E0,0.E0,0.E0));
#2884=VECTOR('',#2883,6.4E-1);
#2885=CARTESIAN_POINT('',(8.43E0,-6.72E0,-1.952E1));
#2886=LINE('',#2885,#2884);
#2887=DIRECTION('',(0.E0,-1.E0,0.E0));
#2888=VECTOR('',#2887,5.43E0);
#2889=CARTESIAN_POINT('',(8.43E0,-6.72E0,-1.952E1));
#2890=LINE('',#2889,#2888);
#2891=DIRECTION('',(1.E0,0.E0,0.E0));
#2892=VECTOR('',#2891,6.4E-1);
#2893=CARTESIAN_POINT('',(8.43E0,-1.215E1,-1.952E1));
#2894=LINE('',#2893,#2892);
#2895=DIRECTION('',(0.E0,0.E0,-1.E0));
#2896=VECTOR('',#2895,6.4E-1);
#2897=CARTESIAN_POINT('',(8.43E0,-1.215E1,-1.888E1));
#2898=LINE('',#2897,#2896);
#2899=DIRECTION('',(-1.E0,0.E0,0.E0));
#2900=VECTOR('',#2899,6.4E-1);
#2901=CARTESIAN_POINT('',(9.07E0,-1.215E1,-1.888E1));
#2902=LINE('',#2901,#2900);
#2903=DIRECTION('',(0.E0,0.E0,1.E0));
#2904=VECTOR('',#2903,6.4E-1);
#2905=CARTESIAN_POINT('',(9.07E0,-1.215E1,-1.952E1));
#2906=LINE('',#2905,#2904);
#2907=DIRECTION('',(-1.E0,0.E0,0.E0));
#2908=VECTOR('',#2907,6.4E-1);
#2909=CARTESIAN_POINT('',(9.07E0,-6.72E0,-1.888E1));
#2910=LINE('',#2909,#2908);
#2911=DIRECTION('',(0.E0,-1.E0,0.E0));
#2912=VECTOR('',#2911,5.43E0);
#2913=CARTESIAN_POINT('',(9.07E0,-6.72E0,-1.888E1));
#2914=LINE('',#2913,#2912);
#2915=DIRECTION('',(-1.E0,0.E0,0.E0));
#2916=VECTOR('',#2915,6.4E-1);
#2917=CARTESIAN_POINT('',(9.07E0,-5.72E0,-1.788E1));
#2918=LINE('',#2917,#2916);
#2919=CARTESIAN_POINT('',(9.07E0,-6.72E0,-1.788E1));
#2920=DIRECTION('',(-1.E0,0.E0,0.E0));
#2921=DIRECTION('',(0.E0,1.E0,0.E0));
#2922=AXIS2_PLACEMENT_3D('',#2919,#2920,#2921);
#2924=DIRECTION('',(-1.973729821556E-14,0.E0,-1.E0));
#2925=VECTOR('',#2924,1.8E-1);
#2926=CARTESIAN_POINT('',(5.93E0,-5.08E0,-1.77E1));
#2927=LINE('',#2926,#2925);
#2928=DIRECTION('',(-1.973729821556E-14,0.E0,-1.E0));
#2929=VECTOR('',#2928,1.8E-1);
#2930=CARTESIAN_POINT('',(5.93E0,-5.72E0,-1.77E1));
#2931=LINE('',#2930,#2929);
#2932=CARTESIAN_POINT('',(5.93E0,-6.72E0,-1.788E1));
#2933=DIRECTION('',(-1.E0,0.E0,0.E0));
#2934=DIRECTION('',(0.E0,1.E0,0.E0));
#2935=AXIS2_PLACEMENT_3D('',#2932,#2933,#2934);
#2937=DIRECTION('',(0.E0,-1.E0,0.E0));
#2938=VECTOR('',#2937,5.43E0);
#2939=CARTESIAN_POINT('',(5.93E0,-6.72E0,-1.888E1));
#2940=LINE('',#2939,#2938);
#2941=DIRECTION('',(0.E0,0.E0,-1.E0));
#2942=VECTOR('',#2941,1.8E-1);
#2943=CARTESIAN_POINT('',(6.57E0,-5.72E0,-1.77E1));
#2944=LINE('',#2943,#2942);
#2945=DIRECTION('',(0.E0,0.E0,-1.E0));
#2946=VECTOR('',#2945,1.8E-1);
#2947=CARTESIAN_POINT('',(6.57E0,-5.08E0,-1.77E1));
#2948=LINE('',#2947,#2946);
#2949=CARTESIAN_POINT('',(6.57E0,-6.72E0,-1.788E1));
#2950=DIRECTION('',(-1.E0,0.E0,0.E0));
#2951=DIRECTION('',(0.E0,1.E0,0.E0));
#2952=AXIS2_PLACEMENT_3D('',#2949,#2950,#2951);
#2954=DIRECTION('',(0.E0,-1.E0,0.E0));
#2955=VECTOR('',#2954,5.43E0);
#2956=CARTESIAN_POINT('',(6.57E0,-6.72E0,-1.952E1));
#2957=LINE('',#2956,#2955);
#2958=DIRECTION('',(1.E0,0.E0,0.E0));
#2959=VECTOR('',#2958,6.4E-1);
#2960=CARTESIAN_POINT('',(5.93E0,-5.08E0,-1.788E1));
#2961=LINE('',#2960,#2959);
#2962=CARTESIAN_POINT('',(5.93E0,-6.72E0,-1.788E1));
#2963=DIRECTION('',(-1.E0,0.E0,0.E0));
#2964=DIRECTION('',(0.E0,1.E0,0.E0));
#2965=AXIS2_PLACEMENT_3D('',#2962,#2963,#2964);
#2967=DIRECTION('',(1.E0,0.E0,0.E0));
#2968=VECTOR('',#2967,6.4E-1);
#2969=CARTESIAN_POINT('',(5.93E0,-6.72E0,-1.952E1));
#2970=LINE('',#2969,#2968);
#2971=DIRECTION('',(0.E0,-1.E0,0.E0));
#2972=VECTOR('',#2971,5.43E0);
#2973=CARTESIAN_POINT('',(5.93E0,-6.72E0,-1.952E1));
#2974=LINE('',#2973,#2972);
#2975=DIRECTION('',(1.E0,0.E0,0.E0));
#2976=VECTOR('',#2975,6.4E-1);
#2977=CARTESIAN_POINT('',(5.93E0,-1.215E1,-1.952E1));
#2978=LINE('',#2977,#2976);
#2979=DIRECTION('',(0.E0,0.E0,-1.E0));
#2980=VECTOR('',#2979,6.4E-1);
#2981=CARTESIAN_POINT('',(5.93E0,-1.215E1,-1.888E1));
#2982=LINE('',#2981,#2980);
#2983=DIRECTION('',(-1.E0,0.E0,0.E0));
#2984=VECTOR('',#2983,6.4E-1);
#2985=CARTESIAN_POINT('',(6.57E0,-1.215E1,-1.888E1));
#2986=LINE('',#2985,#2984);
#2987=DIRECTION('',(0.E0,0.E0,1.E0));
#2988=VECTOR('',#2987,6.4E-1);
#2989=CARTESIAN_POINT('',(6.57E0,-1.215E1,-1.952E1));
#2990=LINE('',#2989,#2988);
#2991=DIRECTION('',(-1.E0,0.E0,0.E0));
#2992=VECTOR('',#2991,6.4E-1);
#2993=CARTESIAN_POINT('',(6.57E0,-6.72E0,-1.888E1));
#2994=LINE('',#2993,#2992);
#2995=DIRECTION('',(0.E0,-1.E0,0.E0));
#2996=VECTOR('',#2995,5.43E0);
#2997=CARTESIAN_POINT('',(6.57E0,-6.72E0,-1.888E1));
#2998=LINE('',#2997,#2996);
#2999=DIRECTION('',(-1.E0,0.E0,0.E0));
#3000=VECTOR('',#2999,6.4E-1);
#3001=CARTESIAN_POINT('',(6.57E0,-5.72E0,-1.788E1));
#3002=LINE('',#3001,#3000);
#3003=CARTESIAN_POINT('',(6.57E0,-6.72E0,-1.788E1));
#3004=DIRECTION('',(-1.E0,0.E0,0.E0));
#3005=DIRECTION('',(0.E0,1.E0,0.E0));
#3006=AXIS2_PLACEMENT_3D('',#3003,#3004,#3005);
#3008=DIRECTION('',(-1.973729821556E-14,0.E0,-1.E0));
#3009=VECTOR('',#3008,1.8E-1);
#3010=CARTESIAN_POINT('',(3.43E0,-5.08E0,-1.77E1));
#3011=LINE('',#3010,#3009);
#3012=DIRECTION('',(-1.973729821556E-14,0.E0,-1.E0));
#3013=VECTOR('',#3012,1.8E-1);
#3014=CARTESIAN_POINT('',(3.43E0,-5.72E0,-1.77E1));
#3015=LINE('',#3014,#3013);
#3016=CARTESIAN_POINT('',(3.43E0,-6.72E0,-1.788E1));
#3017=DIRECTION('',(-1.E0,0.E0,0.E0));
#3018=DIRECTION('',(0.E0,1.E0,0.E0));
#3019=AXIS2_PLACEMENT_3D('',#3016,#3017,#3018);
#3021=DIRECTION('',(0.E0,-1.E0,0.E0));
#3022=VECTOR('',#3021,5.43E0);
#3023=CARTESIAN_POINT('',(3.43E0,-6.72E0,-1.888E1));
#3024=LINE('',#3023,#3022);
#3025=DIRECTION('',(-1.973729821556E-14,0.E0,-1.E0));
#3026=VECTOR('',#3025,1.8E-1);
#3027=CARTESIAN_POINT('',(4.07E0,-5.72E0,-1.77E1));
#3028=LINE('',#3027,#3026);
#3029=DIRECTION('',(-1.973729821556E-14,0.E0,-1.E0));
#3030=VECTOR('',#3029,1.8E-1);
#3031=CARTESIAN_POINT('',(4.07E0,-5.08E0,-1.77E1));
#3032=LINE('',#3031,#3030);
#3033=CARTESIAN_POINT('',(4.07E0,-6.72E0,-1.788E1));
#3034=DIRECTION('',(-1.E0,0.E0,0.E0));
#3035=DIRECTION('',(0.E0,1.E0,0.E0));
#3036=AXIS2_PLACEMENT_3D('',#3033,#3034,#3035);
#3038=DIRECTION('',(0.E0,-1.E0,0.E0));
#3039=VECTOR('',#3038,5.43E0);
#3040=CARTESIAN_POINT('',(4.07E0,-6.72E0,-1.952E1));
#3041=LINE('',#3040,#3039);
#3042=DIRECTION('',(1.E0,0.E0,0.E0));
#3043=VECTOR('',#3042,6.4E-1);
#3044=CARTESIAN_POINT('',(3.43E0,-5.08E0,-1.788E1));
#3045=LINE('',#3044,#3043);
#3046=CARTESIAN_POINT('',(3.43E0,-6.72E0,-1.788E1));
#3047=DIRECTION('',(-1.E0,0.E0,0.E0));
#3048=DIRECTION('',(0.E0,1.E0,0.E0));
#3049=AXIS2_PLACEMENT_3D('',#3046,#3047,#3048);
#3051=DIRECTION('',(1.E0,0.E0,0.E0));
#3052=VECTOR('',#3051,6.4E-1);
#3053=CARTESIAN_POINT('',(3.43E0,-6.72E0,-1.952E1));
#3054=LINE('',#3053,#3052);
#3055=DIRECTION('',(0.E0,-1.E0,0.E0));
#3056=VECTOR('',#3055,5.43E0);
#3057=CARTESIAN_POINT('',(3.43E0,-6.72E0,-1.952E1));
#3058=LINE('',#3057,#3056);
#3059=DIRECTION('',(1.E0,0.E0,0.E0));
#3060=VECTOR('',#3059,6.4E-1);
#3061=CARTESIAN_POINT('',(3.43E0,-1.215E1,-1.952E1));
#3062=LINE('',#3061,#3060);
#3063=DIRECTION('',(0.E0,0.E0,-1.E0));
#3064=VECTOR('',#3063,6.4E-1);
#3065=CARTESIAN_POINT('',(3.43E0,-1.215E1,-1.888E1));
#3066=LINE('',#3065,#3064);
#3067=DIRECTION('',(-1.E0,0.E0,0.E0));
#3068=VECTOR('',#3067,6.4E-1);
#3069=CARTESIAN_POINT('',(4.07E0,-1.215E1,-1.888E1));
#3070=LINE('',#3069,#3068);
#3071=DIRECTION('',(0.E0,0.E0,1.E0));
#3072=VECTOR('',#3071,6.4E-1);
#3073=CARTESIAN_POINT('',(4.07E0,-1.215E1,-1.952E1));
#3074=LINE('',#3073,#3072);
#3075=DIRECTION('',(-1.E0,0.E0,0.E0));
#3076=VECTOR('',#3075,6.4E-1);
#3077=CARTESIAN_POINT('',(4.07E0,-6.72E0,-1.888E1));
#3078=LINE('',#3077,#3076);
#3079=DIRECTION('',(0.E0,-1.E0,0.E0));
#3080=VECTOR('',#3079,5.43E0);
#3081=CARTESIAN_POINT('',(4.07E0,-6.72E0,-1.888E1));
#3082=LINE('',#3081,#3080);
#3083=DIRECTION('',(-1.E0,0.E0,0.E0));
#3084=VECTOR('',#3083,6.4E-1);
#3085=CARTESIAN_POINT('',(4.07E0,-5.72E0,-1.788E1));
#3086=LINE('',#3085,#3084);
#3087=CARTESIAN_POINT('',(4.07E0,-6.72E0,-1.788E1));
#3088=DIRECTION('',(-1.E0,0.E0,0.E0));
#3089=DIRECTION('',(0.E0,1.E0,0.E0));
#3090=AXIS2_PLACEMENT_3D('',#3087,#3088,#3089);
#3092=DIRECTION('',(0.E0,0.E0,-1.E0));
#3093=VECTOR('',#3092,1.8E-1);
#3094=CARTESIAN_POINT('',(9.3E-1,-5.08E0,-1.77E1));
#3095=LINE('',#3094,#3093);
#3096=DIRECTION('',(0.E0,0.E0,-1.E0));
#3097=VECTOR('',#3096,1.8E-1);
#3098=CARTESIAN_POINT('',(9.3E-1,-5.72E0,-1.77E1));
#3099=LINE('',#3098,#3097);
#3100=CARTESIAN_POINT('',(9.3E-1,-6.72E0,-1.788E1));
#3101=DIRECTION('',(-1.E0,0.E0,0.E0));
#3102=DIRECTION('',(0.E0,1.E0,0.E0));
#3103=AXIS2_PLACEMENT_3D('',#3100,#3101,#3102);
#3105=DIRECTION('',(0.E0,-1.E0,0.E0));
#3106=VECTOR('',#3105,5.43E0);
#3107=CARTESIAN_POINT('',(9.3E-1,-6.72E0,-1.888E1));
#3108=LINE('',#3107,#3106);
#3109=DIRECTION('',(0.E0,0.E0,-1.E0));
#3110=VECTOR('',#3109,1.8E-1);
#3111=CARTESIAN_POINT('',(1.57E0,-5.72E0,-1.77E1));
#3112=LINE('',#3111,#3110);
#3113=DIRECTION('',(0.E0,0.E0,-1.E0));
#3114=VECTOR('',#3113,1.8E-1);
#3115=CARTESIAN_POINT('',(1.57E0,-5.08E0,-1.77E1));
#3116=LINE('',#3115,#3114);
#3117=CARTESIAN_POINT('',(1.57E0,-6.72E0,-1.788E1));
#3118=DIRECTION('',(-1.E0,0.E0,0.E0));
#3119=DIRECTION('',(0.E0,1.E0,0.E0));
#3120=AXIS2_PLACEMENT_3D('',#3117,#3118,#3119);
#3122=DIRECTION('',(0.E0,-1.E0,0.E0));
#3123=VECTOR('',#3122,5.43E0);
#3124=CARTESIAN_POINT('',(1.57E0,-6.72E0,-1.952E1));
#3125=LINE('',#3124,#3123);
#3126=DIRECTION('',(1.E0,0.E0,0.E0));
#3127=VECTOR('',#3126,6.4E-1);
#3128=CARTESIAN_POINT('',(9.3E-1,-5.08E0,-1.788E1));
#3129=LINE('',#3128,#3127);
#3130=CARTESIAN_POINT('',(9.3E-1,-6.72E0,-1.788E1));
#3131=DIRECTION('',(-1.E0,0.E0,0.E0));
#3132=DIRECTION('',(0.E0,1.E0,0.E0));
#3133=AXIS2_PLACEMENT_3D('',#3130,#3131,#3132);
#3135=DIRECTION('',(1.E0,0.E0,0.E0));
#3136=VECTOR('',#3135,6.4E-1);
#3137=CARTESIAN_POINT('',(9.3E-1,-6.72E0,-1.952E1));
#3138=LINE('',#3137,#3136);
#3139=DIRECTION('',(0.E0,-1.E0,0.E0));
#3140=VECTOR('',#3139,5.43E0);
#3141=CARTESIAN_POINT('',(9.3E-1,-6.72E0,-1.952E1));
#3142=LINE('',#3141,#3140);
#3143=DIRECTION('',(1.E0,0.E0,0.E0));
#3144=VECTOR('',#3143,6.4E-1);
#3145=CARTESIAN_POINT('',(9.3E-1,-1.215E1,-1.952E1));
#3146=LINE('',#3145,#3144);
#3147=DIRECTION('',(0.E0,0.E0,-1.E0));
#3148=VECTOR('',#3147,6.4E-1);
#3149=CARTESIAN_POINT('',(9.3E-1,-1.215E1,-1.888E1));
#3150=LINE('',#3149,#3148);
#3151=DIRECTION('',(-1.E0,0.E0,0.E0));
#3152=VECTOR('',#3151,6.4E-1);
#3153=CARTESIAN_POINT('',(1.57E0,-1.215E1,-1.888E1));
#3154=LINE('',#3153,#3152);
#3155=DIRECTION('',(0.E0,0.E0,1.E0));
#3156=VECTOR('',#3155,6.4E-1);
#3157=CARTESIAN_POINT('',(1.57E0,-1.215E1,-1.952E1));
#3158=LINE('',#3157,#3156);
#3159=DIRECTION('',(-1.E0,0.E0,0.E0));
#3160=VECTOR('',#3159,6.4E-1);
#3161=CARTESIAN_POINT('',(1.57E0,-6.72E0,-1.888E1));
#3162=LINE('',#3161,#3160);
#3163=DIRECTION('',(0.E0,-1.E0,0.E0));
#3164=VECTOR('',#3163,5.43E0);
#3165=CARTESIAN_POINT('',(1.57E0,-6.72E0,-1.888E1));
#3166=LINE('',#3165,#3164);
#3167=DIRECTION('',(-1.E0,0.E0,0.E0));
#3168=VECTOR('',#3167,6.4E-1);
#3169=CARTESIAN_POINT('',(1.57E0,-5.72E0,-1.788E1));
#3170=LINE('',#3169,#3168);
#3171=CARTESIAN_POINT('',(1.57E0,-6.72E0,-1.788E1));
#3172=DIRECTION('',(-1.E0,0.E0,0.E0));
#3173=DIRECTION('',(0.E0,1.E0,0.E0));
#3174=AXIS2_PLACEMENT_3D('',#3171,#3172,#3173);
#3176=DIRECTION('',(0.E0,0.E0,-1.E0));
#3177=VECTOR('',#3176,1.8E-1);
#3178=CARTESIAN_POINT('',(-1.57E0,-5.08E0,-1.77E1));
#3179=LINE('',#3178,#3177);
#3180=DIRECTION('',(0.E0,0.E0,-1.E0));
#3181=VECTOR('',#3180,1.8E-1);
#3182=CARTESIAN_POINT('',(-1.57E0,-5.72E0,-1.77E1));
#3183=LINE('',#3182,#3181);
#3184=CARTESIAN_POINT('',(-1.57E0,-6.72E0,-1.788E1));
#3185=DIRECTION('',(-1.E0,0.E0,0.E0));
#3186=DIRECTION('',(0.E0,1.E0,0.E0));
#3187=AXIS2_PLACEMENT_3D('',#3184,#3185,#3186);
#3189=DIRECTION('',(0.E0,-1.E0,0.E0));
#3190=VECTOR('',#3189,5.43E0);
#3191=CARTESIAN_POINT('',(-1.57E0,-6.72E0,-1.888E1));
#3192=LINE('',#3191,#3190);
#3193=DIRECTION('',(0.E0,0.E0,-1.E0));
#3194=VECTOR('',#3193,1.8E-1);
#3195=CARTESIAN_POINT('',(-9.3E-1,-5.72E0,-1.77E1));
#3196=LINE('',#3195,#3194);
#3197=DIRECTION('',(0.E0,0.E0,-1.E0));
#3198=VECTOR('',#3197,1.8E-1);
#3199=CARTESIAN_POINT('',(-9.3E-1,-5.08E0,-1.77E1));
#3200=LINE('',#3199,#3198);
#3201=CARTESIAN_POINT('',(-9.3E-1,-6.72E0,-1.788E1));
#3202=DIRECTION('',(-1.E0,0.E0,0.E0));
#3203=DIRECTION('',(0.E0,1.E0,0.E0));
#3204=AXIS2_PLACEMENT_3D('',#3201,#3202,#3203);
#3206=DIRECTION('',(0.E0,-1.E0,0.E0));
#3207=VECTOR('',#3206,5.43E0);
#3208=CARTESIAN_POINT('',(-9.3E-1,-6.72E0,-1.952E1));
#3209=LINE('',#3208,#3207);
#3210=DIRECTION('',(1.E0,0.E0,0.E0));
#3211=VECTOR('',#3210,6.4E-1);
#3212=CARTESIAN_POINT('',(-1.57E0,-5.08E0,-1.788E1));
#3213=LINE('',#3212,#3211);
#3214=CARTESIAN_POINT('',(-1.57E0,-6.72E0,-1.788E1));
#3215=DIRECTION('',(-1.E0,0.E0,0.E0));
#3216=DIRECTION('',(0.E0,1.E0,0.E0));
#3217=AXIS2_PLACEMENT_3D('',#3214,#3215,#3216);
#3219=DIRECTION('',(1.E0,0.E0,0.E0));
#3220=VECTOR('',#3219,6.4E-1);
#3221=CARTESIAN_POINT('',(-1.57E0,-6.72E0,-1.952E1));
#3222=LINE('',#3221,#3220);
#3223=DIRECTION('',(0.E0,-1.E0,0.E0));
#3224=VECTOR('',#3223,5.43E0);
#3225=CARTESIAN_POINT('',(-1.57E0,-6.72E0,-1.952E1));
#3226=LINE('',#3225,#3224);
#3227=DIRECTION('',(1.E0,0.E0,0.E0));
#3228=VECTOR('',#3227,6.4E-1);
#3229=CARTESIAN_POINT('',(-1.57E0,-1.215E1,-1.952E1));
#3230=LINE('',#3229,#3228);
#3231=DIRECTION('',(0.E0,0.E0,-1.E0));
#3232=VECTOR('',#3231,6.4E-1);
#3233=CARTESIAN_POINT('',(-1.57E0,-1.215E1,-1.888E1));
#3234=LINE('',#3233,#3232);
#3235=DIRECTION('',(-1.E0,0.E0,0.E0));
#3236=VECTOR('',#3235,6.4E-1);
#3237=CARTESIAN_POINT('',(-9.3E-1,-1.215E1,-1.888E1));
#3238=LINE('',#3237,#3236);
#3239=DIRECTION('',(0.E0,0.E0,1.E0));
#3240=VECTOR('',#3239,6.4E-1);
#3241=CARTESIAN_POINT('',(-9.3E-1,-1.215E1,-1.952E1));
#3242=LINE('',#3241,#3240);
#3243=DIRECTION('',(-1.E0,0.E0,0.E0));
#3244=VECTOR('',#3243,6.4E-1);
#3245=CARTESIAN_POINT('',(-9.3E-1,-6.72E0,-1.888E1));
#3246=LINE('',#3245,#3244);
#3247=DIRECTION('',(0.E0,-1.E0,0.E0));
#3248=VECTOR('',#3247,5.43E0);
#3249=CARTESIAN_POINT('',(-9.3E-1,-6.72E0,-1.888E1));
#3250=LINE('',#3249,#3248);
#3251=DIRECTION('',(-1.E0,0.E0,0.E0));
#3252=VECTOR('',#3251,6.4E-1);
#3253=CARTESIAN_POINT('',(-9.3E-1,-5.72E0,-1.788E1));
#3254=LINE('',#3253,#3252);
#3255=CARTESIAN_POINT('',(-9.3E-1,-6.72E0,-1.788E1));
#3256=DIRECTION('',(-1.E0,0.E0,0.E0));
#3257=DIRECTION('',(0.E0,1.E0,0.E0));
#3258=AXIS2_PLACEMENT_3D('',#3255,#3256,#3257);
#3260=DIRECTION('',(0.E0,0.E0,-1.E0));
#3261=VECTOR('',#3260,1.8E-1);
#3262=CARTESIAN_POINT('',(-4.07E0,-5.08E0,-1.77E1));
#3263=LINE('',#3262,#3261);
#3264=DIRECTION('',(0.E0,0.E0,-1.E0));
#3265=VECTOR('',#3264,1.8E-1);
#3266=CARTESIAN_POINT('',(-4.07E0,-5.72E0,-1.77E1));
#3267=LINE('',#3266,#3265);
#3268=CARTESIAN_POINT('',(-4.07E0,-6.72E0,-1.788E1));
#3269=DIRECTION('',(-1.E0,0.E0,0.E0));
#3270=DIRECTION('',(0.E0,1.E0,0.E0));
#3271=AXIS2_PLACEMENT_3D('',#3268,#3269,#3270);
#3273=DIRECTION('',(0.E0,-1.E0,0.E0));
#3274=VECTOR('',#3273,5.43E0);
#3275=CARTESIAN_POINT('',(-4.07E0,-6.72E0,-1.888E1));
#3276=LINE('',#3275,#3274);
#3277=DIRECTION('',(0.E0,0.E0,-1.E0));
#3278=VECTOR('',#3277,1.8E-1);
#3279=CARTESIAN_POINT('',(-3.43E0,-5.72E0,-1.77E1));
#3280=LINE('',#3279,#3278);
#3281=DIRECTION('',(0.E0,0.E0,-1.E0));
#3282=VECTOR('',#3281,1.8E-1);
#3283=CARTESIAN_POINT('',(-3.43E0,-5.08E0,-1.77E1));
#3284=LINE('',#3283,#3282);
#3285=CARTESIAN_POINT('',(-3.43E0,-6.72E0,-1.788E1));
#3286=DIRECTION('',(-1.E0,0.E0,0.E0));
#3287=DIRECTION('',(0.E0,1.E0,0.E0));
#3288=AXIS2_PLACEMENT_3D('',#3285,#3286,#3287);
#3290=DIRECTION('',(0.E0,-1.E0,0.E0));
#3291=VECTOR('',#3290,5.43E0);
#3292=CARTESIAN_POINT('',(-3.43E0,-6.72E0,-1.952E1));
#3293=LINE('',#3292,#3291);
#3294=DIRECTION('',(1.E0,0.E0,0.E0));
#3295=VECTOR('',#3294,6.4E-1);
#3296=CARTESIAN_POINT('',(-4.07E0,-5.08E0,-1.788E1));
#3297=LINE('',#3296,#3295);
#3298=CARTESIAN_POINT('',(-4.07E0,-6.72E0,-1.788E1));
#3299=DIRECTION('',(-1.E0,0.E0,0.E0));
#3300=DIRECTION('',(0.E0,1.E0,0.E0));
#3301=AXIS2_PLACEMENT_3D('',#3298,#3299,#3300);
#3303=DIRECTION('',(1.E0,0.E0,0.E0));
#3304=VECTOR('',#3303,6.4E-1);
#3305=CARTESIAN_POINT('',(-4.07E0,-6.72E0,-1.952E1));
#3306=LINE('',#3305,#3304);
#3307=DIRECTION('',(0.E0,-1.E0,0.E0));
#3308=VECTOR('',#3307,5.43E0);
#3309=CARTESIAN_POINT('',(-4.07E0,-6.72E0,-1.952E1));
#3310=LINE('',#3309,#3308);
#3311=DIRECTION('',(1.E0,0.E0,0.E0));
#3312=VECTOR('',#3311,6.4E-1);
#3313=CARTESIAN_POINT('',(-4.07E0,-1.215E1,-1.952E1));
#3314=LINE('',#3313,#3312);
#3315=DIRECTION('',(0.E0,0.E0,-1.E0));
#3316=VECTOR('',#3315,6.4E-1);
#3317=CARTESIAN_POINT('',(-4.07E0,-1.215E1,-1.888E1));
#3318=LINE('',#3317,#3316);
#3319=DIRECTION('',(-1.E0,0.E0,0.E0));
#3320=VECTOR('',#3319,6.4E-1);
#3321=CARTESIAN_POINT('',(-3.43E0,-1.215E1,-1.888E1));
#3322=LINE('',#3321,#3320);
#3323=DIRECTION('',(0.E0,0.E0,1.E0));
#3324=VECTOR('',#3323,6.4E-1);
#3325=CARTESIAN_POINT('',(-3.43E0,-1.215E1,-1.952E1));
#3326=LINE('',#3325,#3324);
#3327=DIRECTION('',(-1.E0,0.E0,0.E0));
#3328=VECTOR('',#3327,6.4E-1);
#3329=CARTESIAN_POINT('',(-3.43E0,-6.72E0,-1.888E1));
#3330=LINE('',#3329,#3328);
#3331=DIRECTION('',(0.E0,-1.E0,0.E0));
#3332=VECTOR('',#3331,5.43E0);
#3333=CARTESIAN_POINT('',(-3.43E0,-6.72E0,-1.888E1));
#3334=LINE('',#3333,#3332);
#3335=DIRECTION('',(-1.E0,0.E0,0.E0));
#3336=VECTOR('',#3335,6.4E-1);
#3337=CARTESIAN_POINT('',(-3.43E0,-5.72E0,-1.788E1));
#3338=LINE('',#3337,#3336);
#3339=CARTESIAN_POINT('',(-3.43E0,-6.72E0,-1.788E1));
#3340=DIRECTION('',(-1.E0,0.E0,0.E0));
#3341=DIRECTION('',(0.E0,1.E0,0.E0));
#3342=AXIS2_PLACEMENT_3D('',#3339,#3340,#3341);
#3344=DIRECTION('',(-1.480297366167E-14,0.E0,-1.E0));
#3345=VECTOR('',#3344,1.8E-1);
#3346=CARTESIAN_POINT('',(-6.57E0,-5.08E0,-1.77E1));
#3347=LINE('',#3346,#3345);
#3348=DIRECTION('',(0.E0,0.E0,-1.E0));
#3349=VECTOR('',#3348,1.8E-1);
#3350=CARTESIAN_POINT('',(-6.57E0,-5.72E0,-1.77E1));
#3351=LINE('',#3350,#3349);
#3352=CARTESIAN_POINT('',(-6.57E0,-6.72E0,-1.788E1));
#3353=DIRECTION('',(-1.E0,0.E0,0.E0));
#3354=DIRECTION('',(0.E0,1.E0,0.E0));
#3355=AXIS2_PLACEMENT_3D('',#3352,#3353,#3354);
#3357=DIRECTION('',(0.E0,-1.E0,0.E0));
#3358=VECTOR('',#3357,5.43E0);
#3359=CARTESIAN_POINT('',(-6.57E0,-6.72E0,-1.888E1));
#3360=LINE('',#3359,#3358);
#3361=DIRECTION('',(-1.973729821556E-14,0.E0,-1.E0));
#3362=VECTOR('',#3361,1.8E-1);
#3363=CARTESIAN_POINT('',(-5.93E0,-5.72E0,-1.77E1));
#3364=LINE('',#3363,#3362);
#3365=DIRECTION('',(-1.973729821556E-14,0.E0,-1.E0));
#3366=VECTOR('',#3365,1.8E-1);
#3367=CARTESIAN_POINT('',(-5.93E0,-5.08E0,-1.77E1));
#3368=LINE('',#3367,#3366);
#3369=CARTESIAN_POINT('',(-5.93E0,-6.72E0,-1.788E1));
#3370=DIRECTION('',(-1.E0,0.E0,0.E0));
#3371=DIRECTION('',(0.E0,1.E0,0.E0));
#3372=AXIS2_PLACEMENT_3D('',#3369,#3370,#3371);
#3374=DIRECTION('',(0.E0,-1.E0,0.E0));
#3375=VECTOR('',#3374,5.43E0);
#3376=CARTESIAN_POINT('',(-5.93E0,-6.72E0,-1.952E1));
#3377=LINE('',#3376,#3375);
#3378=DIRECTION('',(1.E0,0.E0,0.E0));
#3379=VECTOR('',#3378,6.4E-1);
#3380=CARTESIAN_POINT('',(-6.57E0,-5.08E0,-1.788E1));
#3381=LINE('',#3380,#3379);
#3382=CARTESIAN_POINT('',(-6.57E0,-6.72E0,-1.788E1));
#3383=DIRECTION('',(-1.E0,0.E0,0.E0));
#3384=DIRECTION('',(0.E0,1.E0,0.E0));
#3385=AXIS2_PLACEMENT_3D('',#3382,#3383,#3384);
#3387=DIRECTION('',(1.E0,0.E0,0.E0));
#3388=VECTOR('',#3387,6.4E-1);
#3389=CARTESIAN_POINT('',(-6.57E0,-6.72E0,-1.952E1));
#3390=LINE('',#3389,#3388);
#3391=DIRECTION('',(0.E0,-1.E0,0.E0));
#3392=VECTOR('',#3391,5.43E0);
#3393=CARTESIAN_POINT('',(-6.57E0,-6.72E0,-1.952E1));
#3394=LINE('',#3393,#3392);
#3395=DIRECTION('',(1.E0,0.E0,0.E0));
#3396=VECTOR('',#3395,6.4E-1);
#3397=CARTESIAN_POINT('',(-6.57E0,-1.215E1,-1.952E1));
#3398=LINE('',#3397,#3396);
#3399=DIRECTION('',(0.E0,0.E0,-1.E0));
#3400=VECTOR('',#3399,6.4E-1);
#3401=CARTESIAN_POINT('',(-6.57E0,-1.215E1,-1.888E1));
#3402=LINE('',#3401,#3400);
#3403=DIRECTION('',(-1.E0,0.E0,0.E0));
#3404=VECTOR('',#3403,6.4E-1);
#3405=CARTESIAN_POINT('',(-5.93E0,-1.215E1,-1.888E1));
#3406=LINE('',#3405,#3404);
#3407=DIRECTION('',(0.E0,0.E0,1.E0));
#3408=VECTOR('',#3407,6.4E-1);
#3409=CARTESIAN_POINT('',(-5.93E0,-1.215E1,-1.952E1));
#3410=LINE('',#3409,#3408);
#3411=DIRECTION('',(-1.E0,0.E0,0.E0));
#3412=VECTOR('',#3411,6.4E-1);
#3413=CARTESIAN_POINT('',(-5.93E0,-6.72E0,-1.888E1));
#3414=LINE('',#3413,#3412);
#3415=DIRECTION('',(0.E0,-1.E0,0.E0));
#3416=VECTOR('',#3415,5.43E0);
#3417=CARTESIAN_POINT('',(-5.93E0,-6.72E0,-1.888E1));
#3418=LINE('',#3417,#3416);
#3419=DIRECTION('',(-1.E0,0.E0,0.E0));
#3420=VECTOR('',#3419,6.4E-1);
#3421=CARTESIAN_POINT('',(-5.93E0,-5.72E0,-1.788E1));
#3422=LINE('',#3421,#3420);
#3423=CARTESIAN_POINT('',(-5.93E0,-6.72E0,-1.788E1));
#3424=DIRECTION('',(-1.E0,0.E0,0.E0));
#3425=DIRECTION('',(0.E0,1.E0,0.E0));
#3426=AXIS2_PLACEMENT_3D('',#3423,#3424,#3425);
#3428=DIRECTION('',(-1.973729821556E-14,0.E0,-1.E0));
#3429=VECTOR('',#3428,1.8E-1);
#3430=CARTESIAN_POINT('',(-9.07E0,-5.08E0,-1.77E1));
#3431=LINE('',#3430,#3429);
#3432=DIRECTION('',(-1.973729821556E-14,0.E0,-1.E0));
#3433=VECTOR('',#3432,1.8E-1);
#3434=CARTESIAN_POINT('',(-9.07E0,-5.72E0,-1.77E1));
#3435=LINE('',#3434,#3433);
#3436=CARTESIAN_POINT('',(-9.07E0,-6.72E0,-1.788E1));
#3437=DIRECTION('',(-1.E0,0.E0,0.E0));
#3438=DIRECTION('',(0.E0,1.E0,0.E0));
#3439=AXIS2_PLACEMENT_3D('',#3436,#3437,#3438);
#3441=DIRECTION('',(0.E0,-1.E0,0.E0));
#3442=VECTOR('',#3441,5.43E0);
#3443=CARTESIAN_POINT('',(-9.07E0,-6.72E0,-1.888E1));
#3444=LINE('',#3443,#3442);
#3445=DIRECTION('',(-1.973729821556E-14,0.E0,-1.E0));
#3446=VECTOR('',#3445,1.8E-1);
#3447=CARTESIAN_POINT('',(-8.43E0,-5.72E0,-1.77E1));
#3448=LINE('',#3447,#3446);
#3449=DIRECTION('',(-1.973729821556E-14,0.E0,-1.E0));
#3450=VECTOR('',#3449,1.8E-1);
#3451=CARTESIAN_POINT('',(-8.43E0,-5.08E0,-1.77E1));
#3452=LINE('',#3451,#3450);
#3453=CARTESIAN_POINT('',(-8.43E0,-6.72E0,-1.788E1));
#3454=DIRECTION('',(-1.E0,0.E0,0.E0));
#3455=DIRECTION('',(0.E0,1.E0,0.E0));
#3456=AXIS2_PLACEMENT_3D('',#3453,#3454,#3455);
#3458=DIRECTION('',(0.E0,-1.E0,0.E0));
#3459=VECTOR('',#3458,5.43E0);
#3460=CARTESIAN_POINT('',(-8.43E0,-6.72E0,-1.952E1));
#3461=LINE('',#3460,#3459);
#3462=DIRECTION('',(1.E0,0.E0,0.E0));
#3463=VECTOR('',#3462,6.4E-1);
#3464=CARTESIAN_POINT('',(-9.07E0,-5.08E0,-1.788E1));
#3465=LINE('',#3464,#3463);
#3466=CARTESIAN_POINT('',(-9.07E0,-6.72E0,-1.788E1));
#3467=DIRECTION('',(-1.E0,0.E0,0.E0));
#3468=DIRECTION('',(0.E0,1.E0,0.E0));
#3469=AXIS2_PLACEMENT_3D('',#3466,#3467,#3468);
#3471=DIRECTION('',(1.E0,0.E0,0.E0));
#3472=VECTOR('',#3471,6.4E-1);
#3473=CARTESIAN_POINT('',(-9.07E0,-6.72E0,-1.952E1));
#3474=LINE('',#3473,#3472);
#3475=DIRECTION('',(0.E0,-1.E0,0.E0));
#3476=VECTOR('',#3475,5.43E0);
#3477=CARTESIAN_POINT('',(-9.07E0,-6.72E0,-1.952E1));
#3478=LINE('',#3477,#3476);
#3479=DIRECTION('',(1.E0,0.E0,0.E0));
#3480=VECTOR('',#3479,6.4E-1);
#3481=CARTESIAN_POINT('',(-9.07E0,-1.215E1,-1.952E1));
#3482=LINE('',#3481,#3480);
#3483=DIRECTION('',(0.E0,0.E0,-1.E0));
#3484=VECTOR('',#3483,6.4E-1);
#3485=CARTESIAN_POINT('',(-9.07E0,-1.215E1,-1.888E1));
#3486=LINE('',#3485,#3484);
#3487=DIRECTION('',(-1.E0,0.E0,0.E0));
#3488=VECTOR('',#3487,6.4E-1);
#3489=CARTESIAN_POINT('',(-8.43E0,-1.215E1,-1.888E1));
#3490=LINE('',#3489,#3488);
#3491=DIRECTION('',(0.E0,0.E0,1.E0));
#3492=VECTOR('',#3491,6.4E-1);
#3493=CARTESIAN_POINT('',(-8.43E0,-1.215E1,-1.952E1));
#3494=LINE('',#3493,#3492);
#3495=DIRECTION('',(-1.E0,0.E0,0.E0));
#3496=VECTOR('',#3495,6.4E-1);
#3497=CARTESIAN_POINT('',(-8.43E0,-6.72E0,-1.888E1));
#3498=LINE('',#3497,#3496);
#3499=DIRECTION('',(0.E0,-1.E0,0.E0));
#3500=VECTOR('',#3499,5.43E0);
#3501=CARTESIAN_POINT('',(-8.43E0,-6.72E0,-1.888E1));
#3502=LINE('',#3501,#3500);
#3503=DIRECTION('',(-1.E0,0.E0,0.E0));
#3504=VECTOR('',#3503,6.4E-1);
#3505=CARTESIAN_POINT('',(-8.43E0,-5.72E0,-1.788E1));
#3506=LINE('',#3505,#3504);
#3507=CARTESIAN_POINT('',(-8.43E0,-6.72E0,-1.788E1));
#3508=DIRECTION('',(-1.E0,0.E0,0.E0));
#3509=DIRECTION('',(0.E0,1.E0,0.E0));
#3510=AXIS2_PLACEMENT_3D('',#3507,#3508,#3509);
#3512=DIRECTION('',(0.E0,0.E0,-1.E0));
#3513=VECTOR('',#3512,1.8E-1);
#3514=CARTESIAN_POINT('',(-1.157E1,-5.08E0,-1.77E1));
#3515=LINE('',#3514,#3513);
#3516=DIRECTION('',(0.E0,0.E0,-1.E0));
#3517=VECTOR('',#3516,1.8E-1);
#3518=CARTESIAN_POINT('',(-1.157E1,-5.72E0,-1.77E1));
#3519=LINE('',#3518,#3517);
#3520=CARTESIAN_POINT('',(-1.157E1,-6.72E0,-1.788E1));
#3521=DIRECTION('',(-1.E0,0.E0,0.E0));
#3522=DIRECTION('',(0.E0,1.E0,0.E0));
#3523=AXIS2_PLACEMENT_3D('',#3520,#3521,#3522);
#3525=DIRECTION('',(0.E0,-1.E0,0.E0));
#3526=VECTOR('',#3525,5.43E0);
#3527=CARTESIAN_POINT('',(-1.157E1,-6.72E0,-1.888E1));
#3528=LINE('',#3527,#3526);
#3529=DIRECTION('',(0.E0,0.E0,-1.E0));
#3530=VECTOR('',#3529,1.8E-1);
#3531=CARTESIAN_POINT('',(-1.093E1,-5.72E0,-1.77E1));
#3532=LINE('',#3531,#3530);
#3533=DIRECTION('',(0.E0,0.E0,-1.E0));
#3534=VECTOR('',#3533,1.8E-1);
#3535=CARTESIAN_POINT('',(-1.093E1,-5.08E0,-1.77E1));
#3536=LINE('',#3535,#3534);
#3537=CARTESIAN_POINT('',(-1.093E1,-6.72E0,-1.788E1));
#3538=DIRECTION('',(-1.E0,0.E0,0.E0));
#3539=DIRECTION('',(0.E0,1.E0,0.E0));
#3540=AXIS2_PLACEMENT_3D('',#3537,#3538,#3539);
#3542=DIRECTION('',(0.E0,-1.E0,0.E0));
#3543=VECTOR('',#3542,5.43E0);
#3544=CARTESIAN_POINT('',(-1.093E1,-6.72E0,-1.952E1));
#3545=LINE('',#3544,#3543);
#3546=DIRECTION('',(1.E0,0.E0,0.E0));
#3547=VECTOR('',#3546,6.4E-1);
#3548=CARTESIAN_POINT('',(-1.157E1,-5.08E0,-1.788E1));
#3549=LINE('',#3548,#3547);
#3550=CARTESIAN_POINT('',(-1.157E1,-6.72E0,-1.788E1));
#3551=DIRECTION('',(-1.E0,0.E0,0.E0));
#3552=DIRECTION('',(0.E0,1.E0,0.E0));
#3553=AXIS2_PLACEMENT_3D('',#3550,#3551,#3552);
#3555=DIRECTION('',(1.E0,0.E0,0.E0));
#3556=VECTOR('',#3555,6.4E-1);
#3557=CARTESIAN_POINT('',(-1.157E1,-6.72E0,-1.952E1));
#3558=LINE('',#3557,#3556);
#3559=DIRECTION('',(0.E0,-1.E0,0.E0));
#3560=VECTOR('',#3559,5.43E0);
#3561=CARTESIAN_POINT('',(-1.157E1,-6.72E0,-1.952E1));
#3562=LINE('',#3561,#3560);
#3563=DIRECTION('',(1.E0,0.E0,0.E0));
#3564=VECTOR('',#3563,6.4E-1);
#3565=CARTESIAN_POINT('',(-1.157E1,-1.215E1,-1.952E1));
#3566=LINE('',#3565,#3564);
#3567=DIRECTION('',(0.E0,0.E0,-1.E0));
#3568=VECTOR('',#3567,6.4E-1);
#3569=CARTESIAN_POINT('',(-1.157E1,-1.215E1,-1.888E1));
#3570=LINE('',#3569,#3568);
#3571=DIRECTION('',(-1.E0,0.E0,0.E0));
#3572=VECTOR('',#3571,6.4E-1);
#3573=CARTESIAN_POINT('',(-1.093E1,-1.215E1,-1.888E1));
#3574=LINE('',#3573,#3572);
#3575=DIRECTION('',(0.E0,0.E0,1.E0));
#3576=VECTOR('',#3575,6.4E-1);
#3577=CARTESIAN_POINT('',(-1.093E1,-1.215E1,-1.952E1));
#3578=LINE('',#3577,#3576);
#3579=DIRECTION('',(-1.E0,0.E0,0.E0));
#3580=VECTOR('',#3579,6.4E-1);
#3581=CARTESIAN_POINT('',(-1.093E1,-6.72E0,-1.888E1));
#3582=LINE('',#3581,#3580);
#3583=DIRECTION('',(0.E0,-1.E0,0.E0));
#3584=VECTOR('',#3583,5.43E0);
#3585=CARTESIAN_POINT('',(-1.093E1,-6.72E0,-1.888E1));
#3586=LINE('',#3585,#3584);
#3587=DIRECTION('',(-1.E0,0.E0,0.E0));
#3588=VECTOR('',#3587,6.4E-1);
#3589=CARTESIAN_POINT('',(-1.093E1,-5.72E0,-1.788E1));
#3590=LINE('',#3589,#3588);
#3591=CARTESIAN_POINT('',(-1.093E1,-6.72E0,-1.788E1));
#3592=DIRECTION('',(-1.E0,0.E0,0.E0));
#3593=DIRECTION('',(0.E0,1.E0,0.E0));
#3594=AXIS2_PLACEMENT_3D('',#3591,#3592,#3593);
#3596=DIRECTION('',(0.E0,0.E0,-1.E0));
#3597=VECTOR('',#3596,3.18E0);
#3598=CARTESIAN_POINT('',(1.093E1,1.2E-1,-1.77E1));
#3599=LINE('',#3598,#3597);
#3600=DIRECTION('',(0.E0,0.E0,-1.E0));
#3601=VECTOR('',#3600,3.18E0);
#3602=CARTESIAN_POINT('',(1.093E1,-5.2E-1,-1.77E1));
#3603=LINE('',#3602,#3601);
#3604=CARTESIAN_POINT('',(1.093E1,-1.52E0,-2.088E1));
#3605=DIRECTION('',(-1.E0,0.E0,0.E0));
#3606=DIRECTION('',(0.E0,1.E0,0.E0));
#3607=AXIS2_PLACEMENT_3D('',#3604,#3605,#3606);
#3609=DIRECTION('',(0.E0,-1.E0,0.E0));
#3610=VECTOR('',#3609,1.063E1);
#3611=CARTESIAN_POINT('',(1.093E1,-1.52E0,-2.188E1));
#3612=LINE('',#3611,#3610);
#3613=DIRECTION('',(0.E0,0.E0,-1.E0));
#3614=VECTOR('',#3613,3.18E0);
#3615=CARTESIAN_POINT('',(1.157E1,-5.2E-1,-1.77E1));
#3616=LINE('',#3615,#3614);
#3617=DIRECTION('',(0.E0,0.E0,-1.E0));
#3618=VECTOR('',#3617,3.18E0);
#3619=CARTESIAN_POINT('',(1.157E1,1.2E-1,-1.77E1));
#3620=LINE('',#3619,#3618);
#3621=CARTESIAN_POINT('',(1.157E1,-1.52E0,-2.088E1));
#3622=DIRECTION('',(-1.E0,0.E0,0.E0));
#3623=DIRECTION('',(0.E0,1.E0,0.E0));
#3624=AXIS2_PLACEMENT_3D('',#3621,#3622,#3623);
#3626=DIRECTION('',(0.E0,-1.E0,0.E0));
#3627=VECTOR('',#3626,1.063E1);
#3628=CARTESIAN_POINT('',(1.157E1,-1.52E0,-2.252E1));
#3629=LINE('',#3628,#3627);
#3630=DIRECTION('',(1.E0,0.E0,0.E0));
#3631=VECTOR('',#3630,6.4E-1);
#3632=CARTESIAN_POINT('',(1.093E1,1.2E-1,-2.088E1));
#3633=LINE('',#3632,#3631);
#3634=CARTESIAN_POINT('',(1.093E1,-1.52E0,-2.088E1));
#3635=DIRECTION('',(-1.E0,0.E0,0.E0));
#3636=DIRECTION('',(0.E0,1.E0,0.E0));
#3637=AXIS2_PLACEMENT_3D('',#3634,#3635,#3636);
#3639=DIRECTION('',(1.E0,0.E0,0.E0));
#3640=VECTOR('',#3639,6.4E-1);
#3641=CARTESIAN_POINT('',(1.093E1,-1.52E0,-2.252E1));
#3642=LINE('',#3641,#3640);
#3643=DIRECTION('',(0.E0,-1.E0,0.E0));
#3644=VECTOR('',#3643,1.063E1);
#3645=CARTESIAN_POINT('',(1.093E1,-1.52E0,-2.252E1));
#3646=LINE('',#3645,#3644);
#3647=DIRECTION('',(1.E0,0.E0,0.E0));
#3648=VECTOR('',#3647,6.4E-1);
#3649=CARTESIAN_POINT('',(1.093E1,-1.215E1,-2.252E1));
#3650=LINE('',#3649,#3648);
#3651=DIRECTION('',(0.E0,0.E0,-1.E0));
#3652=VECTOR('',#3651,6.4E-1);
#3653=CARTESIAN_POINT('',(1.093E1,-1.215E1,-2.188E1));
#3654=LINE('',#3653,#3652);
#3655=DIRECTION('',(-1.E0,0.E0,0.E0));
#3656=VECTOR('',#3655,6.4E-1);
#3657=CARTESIAN_POINT('',(1.157E1,-1.215E1,-2.188E1));
#3658=LINE('',#3657,#3656);
#3659=DIRECTION('',(0.E0,0.E0,1.E0));
#3660=VECTOR('',#3659,6.4E-1);
#3661=CARTESIAN_POINT('',(1.157E1,-1.215E1,-2.252E1));
#3662=LINE('',#3661,#3660);
#3663=DIRECTION('',(-1.E0,0.E0,0.E0));
#3664=VECTOR('',#3663,6.4E-1);
#3665=CARTESIAN_POINT('',(1.157E1,-1.52E0,-2.188E1));
#3666=LINE('',#3665,#3664);
#3667=DIRECTION('',(0.E0,-1.E0,0.E0));
#3668=VECTOR('',#3667,1.063E1);
#3669=CARTESIAN_POINT('',(1.157E1,-1.52E0,-2.188E1));
#3670=LINE('',#3669,#3668);
#3671=DIRECTION('',(-1.E0,0.E0,0.E0));
#3672=VECTOR('',#3671,6.4E-1);
#3673=CARTESIAN_POINT('',(1.157E1,-5.2E-1,-2.088E1));
#3674=LINE('',#3673,#3672);
#3675=CARTESIAN_POINT('',(1.157E1,-1.52E0,-2.088E1));
#3676=DIRECTION('',(-1.E0,0.E0,0.E0));
#3677=DIRECTION('',(0.E0,1.E0,0.E0));
#3678=AXIS2_PLACEMENT_3D('',#3675,#3676,#3677);
#3680=DIRECTION('',(0.E0,0.E0,-1.E0));
#3681=VECTOR('',#3680,3.18E0);
#3682=CARTESIAN_POINT('',(8.43E0,1.2E-1,-1.77E1));
#3683=LINE('',#3682,#3681);
#3684=DIRECTION('',(0.E0,0.E0,-1.E0));
#3685=VECTOR('',#3684,3.18E0);
#3686=CARTESIAN_POINT('',(8.43E0,-5.2E-1,-1.77E1));
#3687=LINE('',#3686,#3685);
#3688=CARTESIAN_POINT('',(8.43E0,-1.52E0,-2.088E1));
#3689=DIRECTION('',(-1.E0,0.E0,0.E0));
#3690=DIRECTION('',(0.E0,1.E0,0.E0));
#3691=AXIS2_PLACEMENT_3D('',#3688,#3689,#3690);
#3693=DIRECTION('',(0.E0,-1.E0,0.E0));
#3694=VECTOR('',#3693,1.063E1);
#3695=CARTESIAN_POINT('',(8.43E0,-1.52E0,-2.188E1));
#3696=LINE('',#3695,#3694);
#3697=DIRECTION('',(0.E0,0.E0,-1.E0));
#3698=VECTOR('',#3697,3.18E0);
#3699=CARTESIAN_POINT('',(9.07E0,-5.2E-1,-1.77E1));
#3700=LINE('',#3699,#3698);
#3701=DIRECTION('',(0.E0,0.E0,-1.E0));
#3702=VECTOR('',#3701,3.18E0);
#3703=CARTESIAN_POINT('',(9.07E0,1.2E-1,-1.77E1));
#3704=LINE('',#3703,#3702);
#3705=CARTESIAN_POINT('',(9.07E0,-1.52E0,-2.088E1));
#3706=DIRECTION('',(-1.E0,0.E0,0.E0));
#3707=DIRECTION('',(0.E0,1.E0,0.E0));
#3708=AXIS2_PLACEMENT_3D('',#3705,#3706,#3707);
#3710=DIRECTION('',(0.E0,-1.E0,0.E0));
#3711=VECTOR('',#3710,1.063E1);
#3712=CARTESIAN_POINT('',(9.07E0,-1.52E0,-2.252E1));
#3713=LINE('',#3712,#3711);
#3714=DIRECTION('',(1.E0,0.E0,0.E0));
#3715=VECTOR('',#3714,6.4E-1);
#3716=CARTESIAN_POINT('',(8.43E0,1.2E-1,-2.088E1));
#3717=LINE('',#3716,#3715);
#3718=CARTESIAN_POINT('',(8.43E0,-1.52E0,-2.088E1));
#3719=DIRECTION('',(-1.E0,0.E0,0.E0));
#3720=DIRECTION('',(0.E0,1.E0,0.E0));
#3721=AXIS2_PLACEMENT_3D('',#3718,#3719,#3720);
#3723=DIRECTION('',(1.E0,0.E0,0.E0));
#3724=VECTOR('',#3723,6.4E-1);
#3725=CARTESIAN_POINT('',(8.43E0,-1.52E0,-2.252E1));
#3726=LINE('',#3725,#3724);
#3727=DIRECTION('',(0.E0,-1.E0,0.E0));
#3728=VECTOR('',#3727,1.063E1);
#3729=CARTESIAN_POINT('',(8.43E0,-1.52E0,-2.252E1));
#3730=LINE('',#3729,#3728);
#3731=DIRECTION('',(1.E0,0.E0,0.E0));
#3732=VECTOR('',#3731,6.4E-1);
#3733=CARTESIAN_POINT('',(8.43E0,-1.215E1,-2.252E1));
#3734=LINE('',#3733,#3732);
#3735=DIRECTION('',(0.E0,0.E0,-1.E0));
#3736=VECTOR('',#3735,6.4E-1);
#3737=CARTESIAN_POINT('',(8.43E0,-1.215E1,-2.188E1));
#3738=LINE('',#3737,#3736);
#3739=DIRECTION('',(-1.E0,0.E0,0.E0));
#3740=VECTOR('',#3739,6.4E-1);
#3741=CARTESIAN_POINT('',(9.07E0,-1.215E1,-2.188E1));
#3742=LINE('',#3741,#3740);
#3743=DIRECTION('',(0.E0,0.E0,1.E0));
#3744=VECTOR('',#3743,6.4E-1);
#3745=CARTESIAN_POINT('',(9.07E0,-1.215E1,-2.252E1));
#3746=LINE('',#3745,#3744);
#3747=DIRECTION('',(-1.E0,0.E0,0.E0));
#3748=VECTOR('',#3747,6.4E-1);
#3749=CARTESIAN_POINT('',(9.07E0,-1.52E0,-2.188E1));
#3750=LINE('',#3749,#3748);
#3751=DIRECTION('',(0.E0,-1.E0,0.E0));
#3752=VECTOR('',#3751,1.063E1);
#3753=CARTESIAN_POINT('',(9.07E0,-1.52E0,-2.188E1));
#3754=LINE('',#3753,#3752);
#3755=DIRECTION('',(-1.E0,0.E0,0.E0));
#3756=VECTOR('',#3755,6.4E-1);
#3757=CARTESIAN_POINT('',(9.07E0,-5.2E-1,-2.088E1));
#3758=LINE('',#3757,#3756);
#3759=CARTESIAN_POINT('',(9.07E0,-1.52E0,-2.088E1));
#3760=DIRECTION('',(-1.E0,0.E0,0.E0));
#3761=DIRECTION('',(0.E0,1.E0,0.E0));
#3762=AXIS2_PLACEMENT_3D('',#3759,#3760,#3761);
#3764=DIRECTION('',(0.E0,0.E0,-1.E0));
#3765=VECTOR('',#3764,3.18E0);
#3766=CARTESIAN_POINT('',(5.93E0,1.2E-1,-1.77E1));
#3767=LINE('',#3766,#3765);
#3768=DIRECTION('',(0.E0,0.E0,-1.E0));
#3769=VECTOR('',#3768,3.18E0);
#3770=CARTESIAN_POINT('',(5.93E0,-5.2E-1,-1.77E1));
#3771=LINE('',#3770,#3769);
#3772=CARTESIAN_POINT('',(5.93E0,-1.52E0,-2.088E1));
#3773=DIRECTION('',(-1.E0,0.E0,0.E0));
#3774=DIRECTION('',(0.E0,1.E0,0.E0));
#3775=AXIS2_PLACEMENT_3D('',#3772,#3773,#3774);
#3777=DIRECTION('',(0.E0,-1.E0,0.E0));
#3778=VECTOR('',#3777,1.063E1);
#3779=CARTESIAN_POINT('',(5.93E0,-1.52E0,-2.188E1));
#3780=LINE('',#3779,#3778);
#3781=DIRECTION('',(0.E0,0.E0,-1.E0));
#3782=VECTOR('',#3781,3.18E0);
#3783=CARTESIAN_POINT('',(6.57E0,-5.2E-1,-1.77E1));
#3784=LINE('',#3783,#3782);
#3785=DIRECTION('',(0.E0,0.E0,-1.E0));
#3786=VECTOR('',#3785,3.18E0);
#3787=CARTESIAN_POINT('',(6.57E0,1.2E-1,-1.77E1));
#3788=LINE('',#3787,#3786);
#3789=CARTESIAN_POINT('',(6.57E0,-1.52E0,-2.088E1));
#3790=DIRECTION('',(-1.E0,0.E0,0.E0));
#3791=DIRECTION('',(0.E0,1.E0,0.E0));
#3792=AXIS2_PLACEMENT_3D('',#3789,#3790,#3791);
#3794=DIRECTION('',(0.E0,-1.E0,0.E0));
#3795=VECTOR('',#3794,1.063E1);
#3796=CARTESIAN_POINT('',(6.57E0,-1.52E0,-2.252E1));
#3797=LINE('',#3796,#3795);
#3798=DIRECTION('',(1.E0,0.E0,0.E0));
#3799=VECTOR('',#3798,6.4E-1);
#3800=CARTESIAN_POINT('',(5.93E0,1.2E-1,-2.088E1));
#3801=LINE('',#3800,#3799);
#3802=CARTESIAN_POINT('',(5.93E0,-1.52E0,-2.088E1));
#3803=DIRECTION('',(-1.E0,0.E0,0.E0));
#3804=DIRECTION('',(0.E0,1.E0,0.E0));
#3805=AXIS2_PLACEMENT_3D('',#3802,#3803,#3804);
#3807=DIRECTION('',(1.E0,0.E0,0.E0));
#3808=VECTOR('',#3807,6.4E-1);
#3809=CARTESIAN_POINT('',(5.93E0,-1.52E0,-2.252E1));
#3810=LINE('',#3809,#3808);
#3811=DIRECTION('',(0.E0,-1.E0,0.E0));
#3812=VECTOR('',#3811,1.063E1);
#3813=CARTESIAN_POINT('',(5.93E0,-1.52E0,-2.252E1));
#3814=LINE('',#3813,#3812);
#3815=DIRECTION('',(1.E0,0.E0,0.E0));
#3816=VECTOR('',#3815,6.4E-1);
#3817=CARTESIAN_POINT('',(5.93E0,-1.215E1,-2.252E1));
#3818=LINE('',#3817,#3816);
#3819=DIRECTION('',(0.E0,0.E0,-1.E0));
#3820=VECTOR('',#3819,6.4E-1);
#3821=CARTESIAN_POINT('',(5.93E0,-1.215E1,-2.188E1));
#3822=LINE('',#3821,#3820);
#3823=DIRECTION('',(-1.E0,0.E0,0.E0));
#3824=VECTOR('',#3823,6.4E-1);
#3825=CARTESIAN_POINT('',(6.57E0,-1.215E1,-2.188E1));
#3826=LINE('',#3825,#3824);
#3827=DIRECTION('',(0.E0,0.E0,1.E0));
#3828=VECTOR('',#3827,6.4E-1);
#3829=CARTESIAN_POINT('',(6.57E0,-1.215E1,-2.252E1));
#3830=LINE('',#3829,#3828);
#3831=DIRECTION('',(-1.E0,0.E0,0.E0));
#3832=VECTOR('',#3831,6.4E-1);
#3833=CARTESIAN_POINT('',(6.57E0,-1.52E0,-2.188E1));
#3834=LINE('',#3833,#3832);
#3835=DIRECTION('',(0.E0,-1.E0,0.E0));
#3836=VECTOR('',#3835,1.063E1);
#3837=CARTESIAN_POINT('',(6.57E0,-1.52E0,-2.188E1));
#3838=LINE('',#3837,#3836);
#3839=DIRECTION('',(-1.E0,0.E0,0.E0));
#3840=VECTOR('',#3839,6.4E-1);
#3841=CARTESIAN_POINT('',(6.57E0,-5.2E-1,-2.088E1));
#3842=LINE('',#3841,#3840);
#3843=CARTESIAN_POINT('',(6.57E0,-1.52E0,-2.088E1));
#3844=DIRECTION('',(-1.E0,0.E0,0.E0));
#3845=DIRECTION('',(0.E0,1.E0,0.E0));
#3846=AXIS2_PLACEMENT_3D('',#3843,#3844,#3845);
#3848=DIRECTION('',(0.E0,0.E0,-1.E0));
#3849=VECTOR('',#3848,3.18E0);
#3850=CARTESIAN_POINT('',(3.43E0,1.2E-1,-1.77E1));
#3851=LINE('',#3850,#3849);
#3852=DIRECTION('',(0.E0,0.E0,-1.E0));
#3853=VECTOR('',#3852,3.18E0);
#3854=CARTESIAN_POINT('',(3.43E0,-5.2E-1,-1.77E1));
#3855=LINE('',#3854,#3853);
#3856=CARTESIAN_POINT('',(3.43E0,-1.52E0,-2.088E1));
#3857=DIRECTION('',(-1.E0,0.E0,0.E0));
#3858=DIRECTION('',(0.E0,1.E0,0.E0));
#3859=AXIS2_PLACEMENT_3D('',#3856,#3857,#3858);
#3861=DIRECTION('',(0.E0,-1.E0,0.E0));
#3862=VECTOR('',#3861,1.063E1);
#3863=CARTESIAN_POINT('',(3.43E0,-1.52E0,-2.188E1));
#3864=LINE('',#3863,#3862);
#3865=DIRECTION('',(0.E0,0.E0,-1.E0));
#3866=VECTOR('',#3865,3.18E0);
#3867=CARTESIAN_POINT('',(4.07E0,-5.2E-1,-1.77E1));
#3868=LINE('',#3867,#3866);
#3869=DIRECTION('',(0.E0,0.E0,-1.E0));
#3870=VECTOR('',#3869,3.18E0);
#3871=CARTESIAN_POINT('',(4.07E0,1.2E-1,-1.77E1));
#3872=LINE('',#3871,#3870);
#3873=CARTESIAN_POINT('',(4.07E0,-1.52E0,-2.088E1));
#3874=DIRECTION('',(-1.E0,0.E0,0.E0));
#3875=DIRECTION('',(0.E0,1.E0,0.E0));
#3876=AXIS2_PLACEMENT_3D('',#3873,#3874,#3875);
#3878=DIRECTION('',(0.E0,-1.E0,0.E0));
#3879=VECTOR('',#3878,1.063E1);
#3880=CARTESIAN_POINT('',(4.07E0,-1.52E0,-2.252E1));
#3881=LINE('',#3880,#3879);
#3882=DIRECTION('',(1.E0,0.E0,0.E0));
#3883=VECTOR('',#3882,6.4E-1);
#3884=CARTESIAN_POINT('',(3.43E0,1.2E-1,-2.088E1));
#3885=LINE('',#3884,#3883);
#3886=CARTESIAN_POINT('',(3.43E0,-1.52E0,-2.088E1));
#3887=DIRECTION('',(-1.E0,0.E0,0.E0));
#3888=DIRECTION('',(0.E0,1.E0,0.E0));
#3889=AXIS2_PLACEMENT_3D('',#3886,#3887,#3888);
#3891=DIRECTION('',(1.E0,0.E0,0.E0));
#3892=VECTOR('',#3891,6.4E-1);
#3893=CARTESIAN_POINT('',(3.43E0,-1.52E0,-2.252E1));
#3894=LINE('',#3893,#3892);
#3895=DIRECTION('',(0.E0,-1.E0,0.E0));
#3896=VECTOR('',#3895,1.063E1);
#3897=CARTESIAN_POINT('',(3.43E0,-1.52E0,-2.252E1));
#3898=LINE('',#3897,#3896);
#3899=DIRECTION('',(1.E0,0.E0,0.E0));
#3900=VECTOR('',#3899,6.4E-1);
#3901=CARTESIAN_POINT('',(3.43E0,-1.215E1,-2.252E1));
#3902=LINE('',#3901,#3900);
#3903=DIRECTION('',(0.E0,0.E0,-1.E0));
#3904=VECTOR('',#3903,6.4E-1);
#3905=CARTESIAN_POINT('',(3.43E0,-1.215E1,-2.188E1));
#3906=LINE('',#3905,#3904);
#3907=DIRECTION('',(-1.E0,0.E0,0.E0));
#3908=VECTOR('',#3907,6.4E-1);
#3909=CARTESIAN_POINT('',(4.07E0,-1.215E1,-2.188E1));
#3910=LINE('',#3909,#3908);
#3911=DIRECTION('',(0.E0,0.E0,1.E0));
#3912=VECTOR('',#3911,6.4E-1);
#3913=CARTESIAN_POINT('',(4.07E0,-1.215E1,-2.252E1));
#3914=LINE('',#3913,#3912);
#3915=DIRECTION('',(-1.E0,0.E0,0.E0));
#3916=VECTOR('',#3915,6.4E-1);
#3917=CARTESIAN_POINT('',(4.07E0,-1.52E0,-2.188E1));
#3918=LINE('',#3917,#3916);
#3919=DIRECTION('',(0.E0,-1.E0,0.E0));
#3920=VECTOR('',#3919,1.063E1);
#3921=CARTESIAN_POINT('',(4.07E0,-1.52E0,-2.188E1));
#3922=LINE('',#3921,#3920);
#3923=DIRECTION('',(-1.E0,0.E0,0.E0));
#3924=VECTOR('',#3923,6.4E-1);
#3925=CARTESIAN_POINT('',(4.07E0,-5.2E-1,-2.088E1));
#3926=LINE('',#3925,#3924);
#3927=CARTESIAN_POINT('',(4.07E0,-1.52E0,-2.088E1));
#3928=DIRECTION('',(-1.E0,0.E0,0.E0));
#3929=DIRECTION('',(0.E0,1.E0,0.E0));
#3930=AXIS2_PLACEMENT_3D('',#3927,#3928,#3929);
#3932=DIRECTION('',(0.E0,0.E0,-1.E0));
#3933=VECTOR('',#3932,3.18E0);
#3934=CARTESIAN_POINT('',(9.3E-1,1.2E-1,-1.77E1));
#3935=LINE('',#3934,#3933);
#3936=DIRECTION('',(0.E0,0.E0,-1.E0));
#3937=VECTOR('',#3936,3.18E0);
#3938=CARTESIAN_POINT('',(9.3E-1,-5.2E-1,-1.77E1));
#3939=LINE('',#3938,#3937);
#3940=CARTESIAN_POINT('',(9.3E-1,-1.52E0,-2.088E1));
#3941=DIRECTION('',(-1.E0,0.E0,0.E0));
#3942=DIRECTION('',(0.E0,1.E0,0.E0));
#3943=AXIS2_PLACEMENT_3D('',#3940,#3941,#3942);
#3945=DIRECTION('',(0.E0,-1.E0,0.E0));
#3946=VECTOR('',#3945,1.063E1);
#3947=CARTESIAN_POINT('',(9.3E-1,-1.52E0,-2.188E1));
#3948=LINE('',#3947,#3946);
#3949=DIRECTION('',(0.E0,0.E0,-1.E0));
#3950=VECTOR('',#3949,3.18E0);
#3951=CARTESIAN_POINT('',(1.57E0,-5.2E-1,-1.77E1));
#3952=LINE('',#3951,#3950);
#3953=DIRECTION('',(0.E0,0.E0,-1.E0));
#3954=VECTOR('',#3953,3.18E0);
#3955=CARTESIAN_POINT('',(1.57E0,1.2E-1,-1.77E1));
#3956=LINE('',#3955,#3954);
#3957=CARTESIAN_POINT('',(1.57E0,-1.52E0,-2.088E1));
#3958=DIRECTION('',(-1.E0,0.E0,0.E0));
#3959=DIRECTION('',(0.E0,1.E0,0.E0));
#3960=AXIS2_PLACEMENT_3D('',#3957,#3958,#3959);
#3962=DIRECTION('',(0.E0,-1.E0,0.E0));
#3963=VECTOR('',#3962,1.063E1);
#3964=CARTESIAN_POINT('',(1.57E0,-1.52E0,-2.252E1));
#3965=LINE('',#3964,#3963);
#3966=DIRECTION('',(1.E0,0.E0,0.E0));
#3967=VECTOR('',#3966,6.4E-1);
#3968=CARTESIAN_POINT('',(9.3E-1,1.2E-1,-2.088E1));
#3969=LINE('',#3968,#3967);
#3970=CARTESIAN_POINT('',(9.3E-1,-1.52E0,-2.088E1));
#3971=DIRECTION('',(-1.E0,0.E0,0.E0));
#3972=DIRECTION('',(0.E0,1.E0,0.E0));
#3973=AXIS2_PLACEMENT_3D('',#3970,#3971,#3972);
#3975=DIRECTION('',(1.E0,0.E0,0.E0));
#3976=VECTOR('',#3975,6.4E-1);
#3977=CARTESIAN_POINT('',(9.3E-1,-1.52E0,-2.252E1));
#3978=LINE('',#3977,#3976);
#3979=DIRECTION('',(0.E0,-1.E0,0.E0));
#3980=VECTOR('',#3979,1.063E1);
#3981=CARTESIAN_POINT('',(9.3E-1,-1.52E0,-2.252E1));
#3982=LINE('',#3981,#3980);
#3983=DIRECTION('',(1.E0,0.E0,0.E0));
#3984=VECTOR('',#3983,6.4E-1);
#3985=CARTESIAN_POINT('',(9.3E-1,-1.215E1,-2.252E1));
#3986=LINE('',#3985,#3984);
#3987=DIRECTION('',(0.E0,0.E0,-1.E0));
#3988=VECTOR('',#3987,6.4E-1);
#3989=CARTESIAN_POINT('',(9.3E-1,-1.215E1,-2.188E1));
#3990=LINE('',#3989,#3988);
#3991=DIRECTION('',(-1.E0,0.E0,0.E0));
#3992=VECTOR('',#3991,6.4E-1);
#3993=CARTESIAN_POINT('',(1.57E0,-1.215E1,-2.188E1));
#3994=LINE('',#3993,#3992);
#3995=DIRECTION('',(0.E0,0.E0,1.E0));
#3996=VECTOR('',#3995,6.4E-1);
#3997=CARTESIAN_POINT('',(1.57E0,-1.215E1,-2.252E1));
#3998=LINE('',#3997,#3996);
#3999=DIRECTION('',(-1.E0,0.E0,0.E0));
#4000=VECTOR('',#3999,6.4E-1);
#4001=CARTESIAN_POINT('',(1.57E0,-1.52E0,-2.188E1));
#4002=LINE('',#4001,#4000);
#4003=DIRECTION('',(0.E0,-1.E0,0.E0));
#4004=VECTOR('',#4003,1.063E1);
#4005=CARTESIAN_POINT('',(1.57E0,-1.52E0,-2.188E1));
#4006=LINE('',#4005,#4004);
#4007=DIRECTION('',(-1.E0,0.E0,0.E0));
#4008=VECTOR('',#4007,6.4E-1);
#4009=CARTESIAN_POINT('',(1.57E0,-5.2E-1,-2.088E1));
#4010=LINE('',#4009,#4008);
#4011=CARTESIAN_POINT('',(1.57E0,-1.52E0,-2.088E1));
#4012=DIRECTION('',(-1.E0,0.E0,0.E0));
#4013=DIRECTION('',(0.E0,1.E0,0.E0));
#4014=AXIS2_PLACEMENT_3D('',#4011,#4012,#4013);
#4016=DIRECTION('',(0.E0,0.E0,-1.E0));
#4017=VECTOR('',#4016,3.18E0);
#4018=CARTESIAN_POINT('',(-1.57E0,1.2E-1,-1.77E1));
#4019=LINE('',#4018,#4017);
#4020=DIRECTION('',(0.E0,0.E0,-1.E0));
#4021=VECTOR('',#4020,3.18E0);
#4022=CARTESIAN_POINT('',(-1.57E0,-5.2E-1,-1.77E1));
#4023=LINE('',#4022,#4021);
#4024=CARTESIAN_POINT('',(-1.57E0,-1.52E0,-2.088E1));
#4025=DIRECTION('',(-1.E0,0.E0,0.E0));
#4026=DIRECTION('',(0.E0,1.E0,0.E0));
#4027=AXIS2_PLACEMENT_3D('',#4024,#4025,#4026);
#4029=DIRECTION('',(0.E0,-1.E0,0.E0));
#4030=VECTOR('',#4029,1.063E1);
#4031=CARTESIAN_POINT('',(-1.57E0,-1.52E0,-2.188E1));
#4032=LINE('',#4031,#4030);
#4033=DIRECTION('',(0.E0,0.E0,-1.E0));
#4034=VECTOR('',#4033,3.18E0);
#4035=CARTESIAN_POINT('',(-9.3E-1,-5.2E-1,-1.77E1));
#4036=LINE('',#4035,#4034);
#4037=DIRECTION('',(0.E0,0.E0,-1.E0));
#4038=VECTOR('',#4037,3.18E0);
#4039=CARTESIAN_POINT('',(-9.3E-1,1.2E-1,-1.77E1));
#4040=LINE('',#4039,#4038);
#4041=CARTESIAN_POINT('',(-9.3E-1,-1.52E0,-2.088E1));
#4042=DIRECTION('',(-1.E0,0.E0,0.E0));
#4043=DIRECTION('',(0.E0,1.E0,0.E0));
#4044=AXIS2_PLACEMENT_3D('',#4041,#4042,#4043);
#4046=DIRECTION('',(0.E0,-1.E0,0.E0));
#4047=VECTOR('',#4046,1.063E1);
#4048=CARTESIAN_POINT('',(-9.3E-1,-1.52E0,-2.252E1));
#4049=LINE('',#4048,#4047);
#4050=DIRECTION('',(1.E0,0.E0,0.E0));
#4051=VECTOR('',#4050,6.4E-1);
#4052=CARTESIAN_POINT('',(-1.57E0,1.2E-1,-2.088E1));
#4053=LINE('',#4052,#4051);
#4054=CARTESIAN_POINT('',(-1.57E0,-1.52E0,-2.088E1));
#4055=DIRECTION('',(-1.E0,0.E0,0.E0));
#4056=DIRECTION('',(0.E0,1.E0,0.E0));
#4057=AXIS2_PLACEMENT_3D('',#4054,#4055,#4056);
#4059=DIRECTION('',(1.E0,0.E0,0.E0));
#4060=VECTOR('',#4059,6.4E-1);
#4061=CARTESIAN_POINT('',(-1.57E0,-1.52E0,-2.252E1));
#4062=LINE('',#4061,#4060);
#4063=DIRECTION('',(0.E0,-1.E0,0.E0));
#4064=VECTOR('',#4063,1.063E1);
#4065=CARTESIAN_POINT('',(-1.57E0,-1.52E0,-2.252E1));
#4066=LINE('',#4065,#4064);
#4067=DIRECTION('',(1.E0,0.E0,0.E0));
#4068=VECTOR('',#4067,6.4E-1);
#4069=CARTESIAN_POINT('',(-1.57E0,-1.215E1,-2.252E1));
#4070=LINE('',#4069,#4068);
#4071=DIRECTION('',(0.E0,0.E0,-1.E0));
#4072=VECTOR('',#4071,6.4E-1);
#4073=CARTESIAN_POINT('',(-1.57E0,-1.215E1,-2.188E1));
#4074=LINE('',#4073,#4072);
#4075=DIRECTION('',(-1.E0,0.E0,0.E0));
#4076=VECTOR('',#4075,6.4E-1);
#4077=CARTESIAN_POINT('',(-9.3E-1,-1.215E1,-2.188E1));
#4078=LINE('',#4077,#4076);
#4079=DIRECTION('',(0.E0,0.E0,1.E0));
#4080=VECTOR('',#4079,6.4E-1);
#4081=CARTESIAN_POINT('',(-9.3E-1,-1.215E1,-2.252E1));
#4082=LINE('',#4081,#4080);
#4083=DIRECTION('',(-1.E0,0.E0,0.E0));
#4084=VECTOR('',#4083,6.4E-1);
#4085=CARTESIAN_POINT('',(-9.3E-1,-1.52E0,-2.188E1));
#4086=LINE('',#4085,#4084);
#4087=DIRECTION('',(0.E0,-1.E0,0.E0));
#4088=VECTOR('',#4087,1.063E1);
#4089=CARTESIAN_POINT('',(-9.3E-1,-1.52E0,-2.188E1));
#4090=LINE('',#4089,#4088);
#4091=DIRECTION('',(-1.E0,0.E0,0.E0));
#4092=VECTOR('',#4091,6.4E-1);
#4093=CARTESIAN_POINT('',(-9.3E-1,-5.2E-1,-2.088E1));
#4094=LINE('',#4093,#4092);
#4095=CARTESIAN_POINT('',(-9.3E-1,-1.52E0,-2.088E1));
#4096=DIRECTION('',(-1.E0,0.E0,0.E0));
#4097=DIRECTION('',(0.E0,1.E0,0.E0));
#4098=AXIS2_PLACEMENT_3D('',#4095,#4096,#4097);
#4100=DIRECTION('',(0.E0,0.E0,-1.E0));
#4101=VECTOR('',#4100,3.18E0);
#4102=CARTESIAN_POINT('',(-4.07E0,1.2E-1,-1.77E1));
#4103=LINE('',#4102,#4101);
#4104=DIRECTION('',(0.E0,0.E0,-1.E0));
#4105=VECTOR('',#4104,3.18E0);
#4106=CARTESIAN_POINT('',(-4.07E0,-5.2E-1,-1.77E1));
#4107=LINE('',#4106,#4105);
#4108=CARTESIAN_POINT('',(-4.07E0,-1.52E0,-2.088E1));
#4109=DIRECTION('',(-1.E0,0.E0,0.E0));
#4110=DIRECTION('',(0.E0,1.E0,0.E0));
#4111=AXIS2_PLACEMENT_3D('',#4108,#4109,#4110);
#4113=DIRECTION('',(0.E0,-1.E0,0.E0));
#4114=VECTOR('',#4113,1.063E1);
#4115=CARTESIAN_POINT('',(-4.07E0,-1.52E0,-2.188E1));
#4116=LINE('',#4115,#4114);
#4117=DIRECTION('',(0.E0,0.E0,-1.E0));
#4118=VECTOR('',#4117,3.18E0);
#4119=CARTESIAN_POINT('',(-3.43E0,-5.2E-1,-1.77E1));
#4120=LINE('',#4119,#4118);
#4121=DIRECTION('',(0.E0,0.E0,-1.E0));
#4122=VECTOR('',#4121,3.18E0);
#4123=CARTESIAN_POINT('',(-3.43E0,1.2E-1,-1.77E1));
#4124=LINE('',#4123,#4122);
#4125=CARTESIAN_POINT('',(-3.43E0,-1.52E0,-2.088E1));
#4126=DIRECTION('',(-1.E0,0.E0,0.E0));
#4127=DIRECTION('',(0.E0,1.E0,0.E0));
#4128=AXIS2_PLACEMENT_3D('',#4125,#4126,#4127);
#4130=DIRECTION('',(0.E0,-1.E0,0.E0));
#4131=VECTOR('',#4130,1.063E1);
#4132=CARTESIAN_POINT('',(-3.43E0,-1.52E0,-2.252E1));
#4133=LINE('',#4132,#4131);
#4134=DIRECTION('',(1.E0,0.E0,0.E0));
#4135=VECTOR('',#4134,6.4E-1);
#4136=CARTESIAN_POINT('',(-4.07E0,1.2E-1,-2.088E1));
#4137=LINE('',#4136,#4135);
#4138=CARTESIAN_POINT('',(-4.07E0,-1.52E0,-2.088E1));
#4139=DIRECTION('',(-1.E0,0.E0,0.E0));
#4140=DIRECTION('',(0.E0,1.E0,0.E0));
#4141=AXIS2_PLACEMENT_3D('',#4138,#4139,#4140);
#4143=DIRECTION('',(1.E0,0.E0,0.E0));
#4144=VECTOR('',#4143,6.4E-1);
#4145=CARTESIAN_POINT('',(-4.07E0,-1.52E0,-2.252E1));
#4146=LINE('',#4145,#4144);
#4147=DIRECTION('',(0.E0,-1.E0,0.E0));
#4148=VECTOR('',#4147,1.063E1);
#4149=CARTESIAN_POINT('',(-4.07E0,-1.52E0,-2.252E1));
#4150=LINE('',#4149,#4148);
#4151=DIRECTION('',(1.E0,0.E0,0.E0));
#4152=VECTOR('',#4151,6.4E-1);
#4153=CARTESIAN_POINT('',(-4.07E0,-1.215E1,-2.252E1));
#4154=LINE('',#4153,#4152);
#4155=DIRECTION('',(0.E0,0.E0,-1.E0));
#4156=VECTOR('',#4155,6.4E-1);
#4157=CARTESIAN_POINT('',(-4.07E0,-1.215E1,-2.188E1));
#4158=LINE('',#4157,#4156);
#4159=DIRECTION('',(-1.E0,0.E0,0.E0));
#4160=VECTOR('',#4159,6.4E-1);
#4161=CARTESIAN_POINT('',(-3.43E0,-1.215E1,-2.188E1));
#4162=LINE('',#4161,#4160);
#4163=DIRECTION('',(0.E0,0.E0,1.E0));
#4164=VECTOR('',#4163,6.4E-1);
#4165=CARTESIAN_POINT('',(-3.43E0,-1.215E1,-2.252E1));
#4166=LINE('',#4165,#4164);
#4167=DIRECTION('',(-1.E0,0.E0,0.E0));
#4168=VECTOR('',#4167,6.4E-1);
#4169=CARTESIAN_POINT('',(-3.43E0,-1.52E0,-2.188E1));
#4170=LINE('',#4169,#4168);
#4171=DIRECTION('',(0.E0,-1.E0,0.E0));
#4172=VECTOR('',#4171,1.063E1);
#4173=CARTESIAN_POINT('',(-3.43E0,-1.52E0,-2.188E1));
#4174=LINE('',#4173,#4172);
#4175=DIRECTION('',(-1.E0,0.E0,0.E0));
#4176=VECTOR('',#4175,6.4E-1);
#4177=CARTESIAN_POINT('',(-3.43E0,-5.2E-1,-2.088E1));
#4178=LINE('',#4177,#4176);
#4179=CARTESIAN_POINT('',(-3.43E0,-1.52E0,-2.088E1));
#4180=DIRECTION('',(-1.E0,0.E0,0.E0));
#4181=DIRECTION('',(0.E0,1.E0,0.E0));
#4182=AXIS2_PLACEMENT_3D('',#4179,#4180,#4181);
#4184=DIRECTION('',(0.E0,0.E0,-1.E0));
#4185=VECTOR('',#4184,3.18E0);
#4186=CARTESIAN_POINT('',(-6.57E0,1.2E-1,-1.77E1));
#4187=LINE('',#4186,#4185);
#4188=DIRECTION('',(0.E0,0.E0,-1.E0));
#4189=VECTOR('',#4188,3.18E0);
#4190=CARTESIAN_POINT('',(-6.57E0,-5.2E-1,-1.77E1));
#4191=LINE('',#4190,#4189);
#4192=CARTESIAN_POINT('',(-6.57E0,-1.52E0,-2.088E1));
#4193=DIRECTION('',(-1.E0,0.E0,0.E0));
#4194=DIRECTION('',(0.E0,1.E0,0.E0));
#4195=AXIS2_PLACEMENT_3D('',#4192,#4193,#4194);
#4197=DIRECTION('',(0.E0,-1.E0,0.E0));
#4198=VECTOR('',#4197,1.063E1);
#4199=CARTESIAN_POINT('',(-6.57E0,-1.52E0,-2.188E1));
#4200=LINE('',#4199,#4198);
#4201=DIRECTION('',(0.E0,0.E0,-1.E0));
#4202=VECTOR('',#4201,3.18E0);
#4203=CARTESIAN_POINT('',(-5.93E0,-5.2E-1,-1.77E1));
#4204=LINE('',#4203,#4202);
#4205=DIRECTION('',(0.E0,0.E0,-1.E0));
#4206=VECTOR('',#4205,3.18E0);
#4207=CARTESIAN_POINT('',(-5.93E0,1.2E-1,-1.77E1));
#4208=LINE('',#4207,#4206);
#4209=CARTESIAN_POINT('',(-5.93E0,-1.52E0,-2.088E1));
#4210=DIRECTION('',(-1.E0,0.E0,0.E0));
#4211=DIRECTION('',(0.E0,1.E0,0.E0));
#4212=AXIS2_PLACEMENT_3D('',#4209,#4210,#4211);
#4214=DIRECTION('',(0.E0,-1.E0,0.E0));
#4215=VECTOR('',#4214,1.063E1);
#4216=CARTESIAN_POINT('',(-5.93E0,-1.52E0,-2.252E1));
#4217=LINE('',#4216,#4215);
#4218=DIRECTION('',(1.E0,0.E0,0.E0));
#4219=VECTOR('',#4218,6.4E-1);
#4220=CARTESIAN_POINT('',(-6.57E0,1.2E-1,-2.088E1));
#4221=LINE('',#4220,#4219);
#4222=CARTESIAN_POINT('',(-6.57E0,-1.52E0,-2.088E1));
#4223=DIRECTION('',(-1.E0,0.E0,0.E0));
#4224=DIRECTION('',(0.E0,1.E0,0.E0));
#4225=AXIS2_PLACEMENT_3D('',#4222,#4223,#4224);
#4227=DIRECTION('',(1.E0,0.E0,0.E0));
#4228=VECTOR('',#4227,6.4E-1);
#4229=CARTESIAN_POINT('',(-6.57E0,-1.52E0,-2.252E1));
#4230=LINE('',#4229,#4228);
#4231=DIRECTION('',(0.E0,-1.E0,0.E0));
#4232=VECTOR('',#4231,1.063E1);
#4233=CARTESIAN_POINT('',(-6.57E0,-1.52E0,-2.252E1));
#4234=LINE('',#4233,#4232);
#4235=DIRECTION('',(1.E0,0.E0,0.E0));
#4236=VECTOR('',#4235,6.4E-1);
#4237=CARTESIAN_POINT('',(-6.57E0,-1.215E1,-2.252E1));
#4238=LINE('',#4237,#4236);
#4239=DIRECTION('',(0.E0,0.E0,-1.E0));
#4240=VECTOR('',#4239,6.4E-1);
#4241=CARTESIAN_POINT('',(-6.57E0,-1.215E1,-2.188E1));
#4242=LINE('',#4241,#4240);
#4243=DIRECTION('',(-1.E0,0.E0,0.E0));
#4244=VECTOR('',#4243,6.4E-1);
#4245=CARTESIAN_POINT('',(-5.93E0,-1.215E1,-2.188E1));
#4246=LINE('',#4245,#4244);
#4247=DIRECTION('',(0.E0,0.E0,1.E0));
#4248=VECTOR('',#4247,6.4E-1);
#4249=CARTESIAN_POINT('',(-5.93E0,-1.215E1,-2.252E1));
#4250=LINE('',#4249,#4248);
#4251=DIRECTION('',(-1.E0,0.E0,0.E0));
#4252=VECTOR('',#4251,6.4E-1);
#4253=CARTESIAN_POINT('',(-5.93E0,-1.52E0,-2.188E1));
#4254=LINE('',#4253,#4252);
#4255=DIRECTION('',(0.E0,-1.E0,0.E0));
#4256=VECTOR('',#4255,1.063E1);
#4257=CARTESIAN_POINT('',(-5.93E0,-1.52E0,-2.188E1));
#4258=LINE('',#4257,#4256);
#4259=DIRECTION('',(-1.E0,0.E0,0.E0));
#4260=VECTOR('',#4259,6.4E-1);
#4261=CARTESIAN_POINT('',(-5.93E0,-5.2E-1,-2.088E1));
#4262=LINE('',#4261,#4260);
#4263=CARTESIAN_POINT('',(-5.93E0,-1.52E0,-2.088E1));
#4264=DIRECTION('',(-1.E0,0.E0,0.E0));
#4265=DIRECTION('',(0.E0,1.E0,0.E0));
#4266=AXIS2_PLACEMENT_3D('',#4263,#4264,#4265);
#4268=DIRECTION('',(0.E0,0.E0,-1.E0));
#4269=VECTOR('',#4268,3.18E0);
#4270=CARTESIAN_POINT('',(-9.07E0,1.2E-1,-1.77E1));
#4271=LINE('',#4270,#4269);
#4272=DIRECTION('',(0.E0,0.E0,-1.E0));
#4273=VECTOR('',#4272,3.18E0);
#4274=CARTESIAN_POINT('',(-9.07E0,-5.2E-1,-1.77E1));
#4275=LINE('',#4274,#4273);
#4276=CARTESIAN_POINT('',(-9.07E0,-1.52E0,-2.088E1));
#4277=DIRECTION('',(-1.E0,0.E0,0.E0));
#4278=DIRECTION('',(0.E0,1.E0,0.E0));
#4279=AXIS2_PLACEMENT_3D('',#4276,#4277,#4278);
#4281=DIRECTION('',(0.E0,-1.E0,0.E0));
#4282=VECTOR('',#4281,1.063E1);
#4283=CARTESIAN_POINT('',(-9.07E0,-1.52E0,-2.188E1));
#4284=LINE('',#4283,#4282);
#4285=DIRECTION('',(0.E0,0.E0,-1.E0));
#4286=VECTOR('',#4285,3.18E0);
#4287=CARTESIAN_POINT('',(-8.43E0,-5.2E-1,-1.77E1));
#4288=LINE('',#4287,#4286);
#4289=DIRECTION('',(0.E0,0.E0,-1.E0));
#4290=VECTOR('',#4289,3.18E0);
#4291=CARTESIAN_POINT('',(-8.43E0,1.2E-1,-1.77E1));
#4292=LINE('',#4291,#4290);
#4293=CARTESIAN_POINT('',(-8.43E0,-1.52E0,-2.088E1));
#4294=DIRECTION('',(-1.E0,0.E0,0.E0));
#4295=DIRECTION('',(0.E0,1.E0,0.E0));
#4296=AXIS2_PLACEMENT_3D('',#4293,#4294,#4295);
#4298=DIRECTION('',(0.E0,-1.E0,0.E0));
#4299=VECTOR('',#4298,1.063E1);
#4300=CARTESIAN_POINT('',(-8.43E0,-1.52E0,-2.252E1));
#4301=LINE('',#4300,#4299);
#4302=DIRECTION('',(1.E0,0.E0,0.E0));
#4303=VECTOR('',#4302,6.4E-1);
#4304=CARTESIAN_POINT('',(-9.07E0,1.2E-1,-2.088E1));
#4305=LINE('',#4304,#4303);
#4306=CARTESIAN_POINT('',(-9.07E0,-1.52E0,-2.088E1));
#4307=DIRECTION('',(-1.E0,0.E0,0.E0));
#4308=DIRECTION('',(0.E0,1.E0,0.E0));
#4309=AXIS2_PLACEMENT_3D('',#4306,#4307,#4308);
#4311=DIRECTION('',(1.E0,0.E0,0.E0));
#4312=VECTOR('',#4311,6.4E-1);
#4313=CARTESIAN_POINT('',(-9.07E0,-1.52E0,-2.252E1));
#4314=LINE('',#4313,#4312);
#4315=DIRECTION('',(0.E0,-1.E0,0.E0));
#4316=VECTOR('',#4315,1.063E1);
#4317=CARTESIAN_POINT('',(-9.07E0,-1.52E0,-2.252E1));
#4318=LINE('',#4317,#4316);
#4319=DIRECTION('',(1.E0,0.E0,0.E0));
#4320=VECTOR('',#4319,6.4E-1);
#4321=CARTESIAN_POINT('',(-9.07E0,-1.215E1,-2.252E1));
#4322=LINE('',#4321,#4320);
#4323=DIRECTION('',(0.E0,0.E0,-1.E0));
#4324=VECTOR('',#4323,6.4E-1);
#4325=CARTESIAN_POINT('',(-9.07E0,-1.215E1,-2.188E1));
#4326=LINE('',#4325,#4324);
#4327=DIRECTION('',(-1.E0,0.E0,0.E0));
#4328=VECTOR('',#4327,6.4E-1);
#4329=CARTESIAN_POINT('',(-8.43E0,-1.215E1,-2.188E1));
#4330=LINE('',#4329,#4328);
#4331=DIRECTION('',(0.E0,0.E0,1.E0));
#4332=VECTOR('',#4331,6.4E-1);
#4333=CARTESIAN_POINT('',(-8.43E0,-1.215E1,-2.252E1));
#4334=LINE('',#4333,#4332);
#4335=DIRECTION('',(-1.E0,0.E0,0.E0));
#4336=VECTOR('',#4335,6.4E-1);
#4337=CARTESIAN_POINT('',(-8.43E0,-1.52E0,-2.188E1));
#4338=LINE('',#4337,#4336);
#4339=DIRECTION('',(0.E0,-1.E0,0.E0));
#4340=VECTOR('',#4339,1.063E1);
#4341=CARTESIAN_POINT('',(-8.43E0,-1.52E0,-2.188E1));
#4342=LINE('',#4341,#4340);
#4343=DIRECTION('',(-1.E0,0.E0,0.E0));
#4344=VECTOR('',#4343,6.4E-1);
#4345=CARTESIAN_POINT('',(-8.43E0,-5.2E-1,-2.088E1));
#4346=LINE('',#4345,#4344);
#4347=CARTESIAN_POINT('',(-8.43E0,-1.52E0,-2.088E1));
#4348=DIRECTION('',(-1.E0,0.E0,0.E0));
#4349=DIRECTION('',(0.E0,1.E0,0.E0));
#4350=AXIS2_PLACEMENT_3D('',#4347,#4348,#4349);
#4352=DIRECTION('',(0.E0,0.E0,-1.E0));
#4353=VECTOR('',#4352,3.18E0);
#4354=CARTESIAN_POINT('',(-1.157E1,1.2E-1,-1.77E1));
#4355=LINE('',#4354,#4353);
#4356=DIRECTION('',(0.E0,0.E0,-1.E0));
#4357=VECTOR('',#4356,3.18E0);
#4358=CARTESIAN_POINT('',(-1.157E1,-5.2E-1,-1.77E1));
#4359=LINE('',#4358,#4357);
#4360=CARTESIAN_POINT('',(-1.157E1,-1.52E0,-2.088E1));
#4361=DIRECTION('',(-1.E0,0.E0,0.E0));
#4362=DIRECTION('',(0.E0,1.E0,0.E0));
#4363=AXIS2_PLACEMENT_3D('',#4360,#4361,#4362);
#4365=DIRECTION('',(0.E0,-1.E0,0.E0));
#4366=VECTOR('',#4365,1.063E1);
#4367=CARTESIAN_POINT('',(-1.157E1,-1.52E0,-2.188E1));
#4368=LINE('',#4367,#4366);
#4369=DIRECTION('',(0.E0,0.E0,-1.E0));
#4370=VECTOR('',#4369,3.18E0);
#4371=CARTESIAN_POINT('',(-1.093E1,-5.2E-1,-1.77E1));
#4372=LINE('',#4371,#4370);
#4373=DIRECTION('',(0.E0,0.E0,-1.E0));
#4374=VECTOR('',#4373,3.18E0);
#4375=CARTESIAN_POINT('',(-1.093E1,1.2E-1,-1.77E1));
#4376=LINE('',#4375,#4374);
#4377=CARTESIAN_POINT('',(-1.093E1,-1.52E0,-2.088E1));
#4378=DIRECTION('',(-1.E0,0.E0,0.E0));
#4379=DIRECTION('',(0.E0,1.E0,0.E0));
#4380=AXIS2_PLACEMENT_3D('',#4377,#4378,#4379);
#4382=DIRECTION('',(0.E0,-1.E0,0.E0));
#4383=VECTOR('',#4382,1.063E1);
#4384=CARTESIAN_POINT('',(-1.093E1,-1.52E0,-2.252E1));
#4385=LINE('',#4384,#4383);
#4386=DIRECTION('',(1.E0,0.E0,0.E0));
#4387=VECTOR('',#4386,6.4E-1);
#4388=CARTESIAN_POINT('',(-1.157E1,1.2E-1,-2.088E1));
#4389=LINE('',#4388,#4387);
#4390=CARTESIAN_POINT('',(-1.157E1,-1.52E0,-2.088E1));
#4391=DIRECTION('',(-1.E0,0.E0,0.E0));
#4392=DIRECTION('',(0.E0,1.E0,0.E0));
#4393=AXIS2_PLACEMENT_3D('',#4390,#4391,#4392);
#4395=DIRECTION('',(1.E0,0.E0,0.E0));
#4396=VECTOR('',#4395,6.4E-1);
#4397=CARTESIAN_POINT('',(-1.157E1,-1.52E0,-2.252E1));
#4398=LINE('',#4397,#4396);
#4399=DIRECTION('',(0.E0,-1.E0,0.E0));
#4400=VECTOR('',#4399,1.063E1);
#4401=CARTESIAN_POINT('',(-1.157E1,-1.52E0,-2.252E1));
#4402=LINE('',#4401,#4400);
#4403=DIRECTION('',(1.E0,0.E0,0.E0));
#4404=VECTOR('',#4403,6.4E-1);
#4405=CARTESIAN_POINT('',(-1.157E1,-1.215E1,-2.252E1));
#4406=LINE('',#4405,#4404);
#4407=DIRECTION('',(0.E0,0.E0,-1.E0));
#4408=VECTOR('',#4407,6.4E-1);
#4409=CARTESIAN_POINT('',(-1.157E1,-1.215E1,-2.188E1));
#4410=LINE('',#4409,#4408);
#4411=DIRECTION('',(-1.E0,0.E0,0.E0));
#4412=VECTOR('',#4411,6.4E-1);
#4413=CARTESIAN_POINT('',(-1.093E1,-1.215E1,-2.188E1));
#4414=LINE('',#4413,#4412);
#4415=DIRECTION('',(0.E0,0.E0,1.E0));
#4416=VECTOR('',#4415,6.4E-1);
#4417=CARTESIAN_POINT('',(-1.093E1,-1.215E1,-2.252E1));
#4418=LINE('',#4417,#4416);
#4419=DIRECTION('',(-1.E0,0.E0,0.E0));
#4420=VECTOR('',#4419,6.4E-1);
#4421=CARTESIAN_POINT('',(-1.093E1,-1.52E0,-2.188E1));
#4422=LINE('',#4421,#4420);
#4423=DIRECTION('',(0.E0,-1.E0,0.E0));
#4424=VECTOR('',#4423,1.063E1);
#4425=CARTESIAN_POINT('',(-1.093E1,-1.52E0,-2.188E1));
#4426=LINE('',#4425,#4424);
#4427=DIRECTION('',(-1.E0,0.E0,0.E0));
#4428=VECTOR('',#4427,6.4E-1);
#4429=CARTESIAN_POINT('',(-1.093E1,-5.2E-1,-2.088E1));
#4430=LINE('',#4429,#4428);
#4431=CARTESIAN_POINT('',(-1.093E1,-1.52E0,-2.088E1));
#4432=DIRECTION('',(-1.E0,0.E0,0.E0));
#4433=DIRECTION('',(0.E0,1.E0,0.E0));
#4434=AXIS2_PLACEMENT_3D('',#4431,#4432,#4433);
#4436=CARTESIAN_POINT('',(1.455E1,-8.45E0,0.E0));
#4437=CARTESIAN_POINT('',(-1.455E1,-8.45E0,0.E0));
#4438=VERTEX_POINT('',#4436);
#4439=VERTEX_POINT('',#4437);
#4440=CARTESIAN_POINT('',(-1.375E1,-1.9E0,0.E0));
#4441=CARTESIAN_POINT('',(-1.335E1,-1.9E0,-4.E-1));
#4442=VERTEX_POINT('',#4440);
#4443=VERTEX_POINT('',#4441);
#4444=CARTESIAN_POINT('',(1.335E1,-7.25E0,-4.E-1));
#4445=CARTESIAN_POINT('',(1.375E1,-7.65E0,0.E0));
#4446=VERTEX_POINT('',#4444);
#4447=VERTEX_POINT('',#4445);
#4448=CARTESIAN_POINT('',(1.335E1,-1.9E0,-4.E-1));
#4449=CARTESIAN_POINT('',(1.375E1,-1.9E0,0.E0));
#4450=VERTEX_POINT('',#4448);
#4451=VERTEX_POINT('',#4449);
#4452=CARTESIAN_POINT('',(1.375E1,-1.1E0,0.E0));
#4453=CARTESIAN_POINT('',(1.335E1,-1.1E0,-4.E-1));
#4454=VERTEX_POINT('',#4452);
#4455=VERTEX_POINT('',#4453);
#4456=CARTESIAN_POINT('',(1.185E1,4.55E0,-4.E-1));
#4457=CARTESIAN_POINT('',(1.165E1,4.75E0,-2.E-1));
#4458=VERTEX_POINT('',#4456);
#4459=VERTEX_POINT('',#4457);
#4460=CARTESIAN_POINT('',(1.185E1,4.55E0,-1.45E1));
#4461=CARTESIAN_POINT('',(1.145E1,4.95E0,-1.45E1));
#4462=VERTEX_POINT('',#4460);
#4463=VERTEX_POINT('',#4461);
#4464=CARTESIAN_POINT('',(1.185E1,4.95E0,0.E0));
#4465=VERTEX_POINT('',#4464);
#4466=CARTESIAN_POINT('',(1.145E1,4.95E0,-4.E-1));
#4467=VERTEX_POINT('',#4466);
#4468=CARTESIAN_POINT('',(1.185E1,7.85E0,0.E0));
#4469=CARTESIAN_POINT('',(1.105E1,7.45E0,-4.E-1));
#4470=VERTEX_POINT('',#4468);
#4471=VERTEX_POINT('',#4469);
#4472=CARTESIAN_POINT('',(9.55E0,7.05E0,-4.E-1));
#4473=CARTESIAN_POINT('',(9.95E0,7.45E0,-4.E-1));
#4474=VERTEX_POINT('',#4472);
#4475=VERTEX_POINT('',#4473);
#4476=CARTESIAN_POINT('',(1.145E1,7.05E0,-4.E-1));
#4477=VERTEX_POINT('',#4476);
#4478=CARTESIAN_POINT('',(9.15E0,7.85E0,0.E0));
#4479=VERTEX_POINT('',#4478);
#4480=CARTESIAN_POINT('',(2.E1,-3.95E0,-1.72E1));
#4481=CARTESIAN_POINT('',(2.E1,-7.95E0,-1.72E1));
#4482=VERTEX_POINT('',#4480);
#4483=VERTEX_POINT('',#4481);
#4484=CARTESIAN_POINT('',(1.95E1,-3.45E0,-1.77E1));
#4485=CARTESIAN_POINT('',(1.95E1,-8.45E0,-1.77E1));
#4486=VERTEX_POINT('',#4484);
#4487=VERTEX_POINT('',#4485);
#4488=CARTESIAN_POINT('',(4.3E0,4.55E0,-1.45E1));
#4489=CARTESIAN_POINT('',(4.3E0,7.45E0,-1.45E1));
#4490=VERTEX_POINT('',#4488);
#4491=VERTEX_POINT('',#4489);
#4492=CARTESIAN_POINT('',(1.335E1,-1.1E0,-1.45E1));
#4493=CARTESIAN_POINT('',(1.335E1,4.55E0,-1.45E1));
#4494=VERTEX_POINT('',#4492);
#4495=VERTEX_POINT('',#4493);
#4496=CARTESIAN_POINT('',(1.265E1,-1.1E0,-1.45E1));
#4497=VERTEX_POINT('',#4496);
#4498=CARTESIAN_POINT('',(1.265E1,-1.9E0,-1.45E1));
#4499=VERTEX_POINT('',#4498);
#4500=CARTESIAN_POINT('',(1.335E1,-1.9E0,-1.45E1));
#4501=VERTEX_POINT('',#4500);
#4502=CARTESIAN_POINT('',(1.335E1,-7.25E0,-1.45E1));
#4503=VERTEX_POINT('',#4502);
#4504=CARTESIAN_POINT('',(-1.335E1,-7.25E0,-1.45E1));
#4505=VERTEX_POINT('',#4504);
#4506=CARTESIAN_POINT('',(-1.335E1,-1.9E0,-1.45E1));
#4507=VERTEX_POINT('',#4506);
#4508=CARTESIAN_POINT('',(-1.265E1,-1.9E0,-1.45E1));
#4509=VERTEX_POINT('',#4508);
#4510=CARTESIAN_POINT('',(-1.265E1,-1.1E0,-1.45E1));
#4511=VERTEX_POINT('',#4510);
#4512=CARTESIAN_POINT('',(-1.335E1,-1.1E0,-1.45E1));
#4513=VERTEX_POINT('',#4512);
#4514=CARTESIAN_POINT('',(-1.335E1,4.55E0,-1.45E1));
#4515=VERTEX_POINT('',#4514);
#4516=CARTESIAN_POINT('',(-4.3E0,7.45E0,-1.45E1));
#4517=CARTESIAN_POINT('',(-4.3E0,4.55E0,-1.45E1));
#4518=VERTEX_POINT('',#4516);
#4519=VERTEX_POINT('',#4517);
#4520=CARTESIAN_POINT('',(1.265E1,-1.9E0,0.E0));
#4521=CARTESIAN_POINT('',(1.265E1,-1.1E0,0.E0));
#4522=VERTEX_POINT('',#4520);
#4523=VERTEX_POINT('',#4521);
#4524=CARTESIAN_POINT('',(-1.265E1,-1.1E0,0.E0));
#4525=CARTESIAN_POINT('',(-1.265E1,-1.9E0,0.E0));
#4526=VERTEX_POINT('',#4524);
#4527=VERTEX_POINT('',#4525);
#4528=CARTESIAN_POINT('',(6.E-1,7.85E0,0.E0));
#4529=CARTESIAN_POINT('',(4.7E0,7.85E0,0.E0));
#4530=VERTEX_POINT('',#4528);
#4531=VERTEX_POINT('',#4529);
#4532=CARTESIAN_POINT('',(4.3E0,7.45E0,-4.E-1));
#4533=VERTEX_POINT('',#4532);
#4534=CARTESIAN_POINT('',(-4.3E0,7.45E0,-4.E-1));
#4535=VERTEX_POINT('',#4534);
#4536=CARTESIAN_POINT('',(1.56E1,-8.45E0,-1.77E1));
#4537=CARTESIAN_POINT('',(1.56E1,-6.85E0,-1.77E1));
#4538=VERTEX_POINT('',#4536);
#4539=VERTEX_POINT('',#4537);
#4540=CARTESIAN_POINT('',(1.8E1,-6.85E0,-1.77E1));
#4541=VERTEX_POINT('',#4540);
#4542=CARTESIAN_POINT('',(1.8E1,-8.45E0,-1.77E1));
#4543=VERTEX_POINT('',#4542);
#4544=CARTESIAN_POINT('',(1.8E1,-3.45E0,-1.77E1));
#4545=CARTESIAN_POINT('',(1.8E1,-5.05E0,-1.77E1));
#4546=VERTEX_POINT('',#4544);
#4547=VERTEX_POINT('',#4545);
#4548=CARTESIAN_POINT('',(1.56E1,-5.05E0,-1.77E1));
#4549=VERTEX_POINT('',#4548);
#4550=CARTESIAN_POINT('',(1.56E1,-3.45E0,-1.77E1));
#4551=VERTEX_POINT('',#4550);
#4552=CARTESIAN_POINT('',(-1.8E1,-8.45E0,-1.77E1));
#4553=CARTESIAN_POINT('',(-1.8E1,-6.85E0,-1.77E1));
#4554=VERTEX_POINT('',#4552);
#4555=VERTEX_POINT('',#4553);
#4556=CARTESIAN_POINT('',(-1.56E1,-6.85E0,-1.77E1));
#4557=VERTEX_POINT('',#4556);
#4558=CARTESIAN_POINT('',(-1.56E1,-8.45E0,-1.77E1));
#4559=VERTEX_POINT('',#4558);
#4560=CARTESIAN_POINT('',(-1.56E1,-3.45E0,-1.77E1));
#4561=CARTESIAN_POINT('',(-1.56E1,-5.05E0,-1.77E1));
#4562=VERTEX_POINT('',#4560);
#4563=VERTEX_POINT('',#4561);
#4564=CARTESIAN_POINT('',(-1.8E1,-5.05E0,-1.77E1));
#4565=VERTEX_POINT('',#4564);
#4566=CARTESIAN_POINT('',(-1.8E1,-3.45E0,-1.77E1));
#4567=VERTEX_POINT('',#4566);
#4568=CARTESIAN_POINT('',(1.56E1,-8.45E0,-1.45E1));
#4569=VERTEX_POINT('',#4568);
#4570=CARTESIAN_POINT('',(1.8E1,-8.45E0,-1.45E1));
#4571=VERTEX_POINT('',#4570);
#4572=CARTESIAN_POINT('',(-1.8E1,-8.45E0,-1.45E1));
#4573=VERTEX_POINT('',#4572);
#4574=CARTESIAN_POINT('',(-1.56E1,-8.45E0,-1.45E1));
#4575=VERTEX_POINT('',#4574);
#4576=CARTESIAN_POINT('',(-1.56E1,-3.45E0,-1.45E1));
#4577=VERTEX_POINT('',#4576);
#4578=CARTESIAN_POINT('',(-1.8E1,-3.45E0,-1.45E1));
#4579=VERTEX_POINT('',#4578);
#4580=CARTESIAN_POINT('',(1.8E1,-3.45E0,-1.45E1));
#4581=VERTEX_POINT('',#4580);
#4582=CARTESIAN_POINT('',(1.56E1,-3.45E0,-1.45E1));
#4583=VERTEX_POINT('',#4582);
#4584=CARTESIAN_POINT('',(-1.455E1,-3.45E0,-1.77E1));
#4585=VERTEX_POINT('',#4584);
#4586=CARTESIAN_POINT('',(1.455E1,-3.45E0,-1.77E1));
#4587=VERTEX_POINT('',#4586);
#4588=CARTESIAN_POINT('',(1.56E1,-6.85E0,-1.45E1));
#4589=VERTEX_POINT('',#4588);
#4590=CARTESIAN_POINT('',(1.8E1,-6.85E0,-1.45E1));
#4591=VERTEX_POINT('',#4590);
#4592=CARTESIAN_POINT('',(1.8E1,-5.05E0,-1.45E1));
#4593=VERTEX_POINT('',#4592);
#4594=CARTESIAN_POINT('',(1.56E1,-5.05E0,-1.45E1));
#4595=VERTEX_POINT('',#4594);
#4596=CARTESIAN_POINT('',(-1.8E1,-6.85E0,-1.45E1));
#4597=VERTEX_POINT('',#4596);
#4598=CARTESIAN_POINT('',(-1.56E1,-6.85E0,-1.45E1));
#4599=VERTEX_POINT('',#4598);
#4600=CARTESIAN_POINT('',(-1.56E1,-5.05E0,-1.45E1));
#4601=VERTEX_POINT('',#4600);
#4602=CARTESIAN_POINT('',(-1.8E1,-5.05E0,-1.45E1));
#4603=VERTEX_POINT('',#4602);
#4604=CARTESIAN_POINT('',(1.8E1,-6.85E0,-1.13E1));
#4605=CARTESIAN_POINT('',(1.8E1,-5.05E0,-1.13E1));
#4606=VERTEX_POINT('',#4604);
#4607=VERTEX_POINT('',#4605);
#4608=CARTESIAN_POINT('',(1.56E1,-5.05E0,-1.13E1));
#4609=VERTEX_POINT('',#4608);
#4610=CARTESIAN_POINT('',(1.56E1,-6.85E0,-1.13E1));
#4611=VERTEX_POINT('',#4610);
#4612=CARTESIAN_POINT('',(-1.56E1,-6.85E0,-1.13E1));
#4613=CARTESIAN_POINT('',(-1.56E1,-5.05E0,-1.13E1));
#4614=VERTEX_POINT('',#4612);
#4615=VERTEX_POINT('',#4613);
#4616=CARTESIAN_POINT('',(-1.8E1,-5.05E0,-1.13E1));
#4617=VERTEX_POINT('',#4616);
#4618=CARTESIAN_POINT('',(-1.8E1,-6.85E0,-1.13E1));
#4619=VERTEX_POINT('',#4618);
#4620=CARTESIAN_POINT('',(1.68E1,-5.05E0,-1.33E1));
#4621=VERTEX_POINT('',#4620);
#4622=CARTESIAN_POINT('',(1.68E1,-6.85E0,-1.33E1));
#4623=VERTEX_POINT('',#4622);
#4624=CARTESIAN_POINT('',(-1.68E1,-5.05E0,-1.33E1));
#4625=VERTEX_POINT('',#4624);
#4626=CARTESIAN_POINT('',(-1.68E1,-6.85E0,-1.33E1));
#4627=VERTEX_POINT('',#4626);
#4628=CARTESIAN_POINT('',(1.68E1,-3.45E0,-1.33E1));
#4629=VERTEX_POINT('',#4628);
#4630=CARTESIAN_POINT('',(1.68E1,-8.45E0,-1.33E1));
#4631=VERTEX_POINT('',#4630);
#4632=CARTESIAN_POINT('',(-1.68E1,-3.45E0,-1.33E1));
#4633=VERTEX_POINT('',#4632);
#4634=CARTESIAN_POINT('',(-1.68E1,-8.45E0,-1.33E1));
#4635=VERTEX_POINT('',#4634);
#4636=CARTESIAN_POINT('',(2.E1,-7.95E0,-1.18E1));
#4637=CARTESIAN_POINT('',(2.E1,-3.95E0,-1.18E1));
#4638=VERTEX_POINT('',#4636);
#4639=VERTEX_POINT('',#4637);
#4640=CARTESIAN_POINT('',(1.95E1,-7.95E0,-1.13E1));
#4641=CARTESIAN_POINT('',(1.95E1,-3.95E0,-1.13E1));
#4642=VERTEX_POINT('',#4640);
#4643=VERTEX_POINT('',#4641);
#4644=CARTESIAN_POINT('',(-2.E1,-3.95E0,-1.18E1));
#4645=CARTESIAN_POINT('',(-2.E1,-7.95E0,-1.18E1));
#4646=VERTEX_POINT('',#4644);
#4647=VERTEX_POINT('',#4645);
#4648=CARTESIAN_POINT('',(-1.95E1,-3.95E0,-1.13E1));
#4649=CARTESIAN_POINT('',(-1.95E1,-7.95E0,-1.13E1));
#4650=VERTEX_POINT('',#4648);
#4651=VERTEX_POINT('',#4649);
#4652=CARTESIAN_POINT('',(-2.E1,-7.95E0,-1.72E1));
#4653=CARTESIAN_POINT('',(-2.E1,-3.95E0,-1.72E1));
#4654=VERTEX_POINT('',#4652);
#4655=VERTEX_POINT('',#4653);
#4656=CARTESIAN_POINT('',(-1.95E1,-8.45E0,-1.77E1));
#4657=CARTESIAN_POINT('',(-1.95E1,-3.45E0,-1.77E1));
#4658=VERTEX_POINT('',#4656);
#4659=VERTEX_POINT('',#4657);
#4660=CARTESIAN_POINT('',(-1.E0,7.45E0,-1.45E1));
#4661=CARTESIAN_POINT('',(-1.E0,4.25E0,-1.45E1));
#4662=VERTEX_POINT('',#4660);
#4663=VERTEX_POINT('',#4661);
#4664=CARTESIAN_POINT('',(1.E0,4.25E0,-1.45E1));
#4665=VERTEX_POINT('',#4664);
#4666=CARTESIAN_POINT('',(1.E0,7.45E0,-1.45E1));
#4667=VERTEX_POINT('',#4666);
#4668=CARTESIAN_POINT('',(-4.7E0,7.85E0,0.E0));
#4669=CARTESIAN_POINT('',(-6.E-1,7.85E0,0.E0));
#4670=VERTEX_POINT('',#4668);
#4671=VERTEX_POINT('',#4669);
#4672=CARTESIAN_POINT('',(-1.335E1,-7.25E0,-4.E-1));
#4673=CARTESIAN_POINT('',(-1.375E1,-7.65E0,0.E0));
#4674=VERTEX_POINT('',#4672);
#4675=VERTEX_POINT('',#4673);
#4676=CARTESIAN_POINT('',(-1.375E1,-1.1E0,0.E0));
#4677=CARTESIAN_POINT('',(-1.375E1,4.95E0,0.E0));
#4678=VERTEX_POINT('',#4676);
#4679=VERTEX_POINT('',#4677);
#4680=CARTESIAN_POINT('',(-1.335E1,-1.1E0,-4.E-1));
#4681=CARTESIAN_POINT('',(-1.335E1,4.55E0,-4.E-1));
#4682=VERTEX_POINT('',#4680);
#4683=VERTEX_POINT('',#4681);
#4684=CARTESIAN_POINT('',(-9.15E0,4.55E0,-4.E-1));
#4685=CARTESIAN_POINT('',(-4.3E0,4.55E0,-4.E-1));
#4686=VERTEX_POINT('',#4684);
#4687=VERTEX_POINT('',#4685);
#4688=CARTESIAN_POINT('',(-9.15E0,4.95E0,0.E0));
#4689=CARTESIAN_POINT('',(-4.7E0,4.95E0,0.E0));
#4690=VERTEX_POINT('',#4688);
#4691=VERTEX_POINT('',#4689);
#4692=CARTESIAN_POINT('',(-6.E-1,4.65E0,0.E0));
#4693=VERTEX_POINT('',#4692);
#4694=CARTESIAN_POINT('',(-1.E0,4.25E0,-4.E-1));
#4695=CARTESIAN_POINT('',(1.E0,4.25E0,-4.E-1));
#4696=VERTEX_POINT('',#4694);
#4697=VERTEX_POINT('',#4695);
#4698=CARTESIAN_POINT('',(6.E-1,4.65E0,0.E0));
#4699=VERTEX_POINT('',#4698);
#4700=CARTESIAN_POINT('',(4.3E0,4.55E0,-4.E-1));
#4701=VERTEX_POINT('',#4700);
#4702=CARTESIAN_POINT('',(4.7E0,4.95E0,0.E0));
#4703=VERTEX_POINT('',#4702);
#4704=CARTESIAN_POINT('',(9.15E0,4.55E0,-4.E-1));
#4705=VERTEX_POINT('',#4704);
#4706=CARTESIAN_POINT('',(9.15E0,4.95E0,0.E0));
#4707=VERTEX_POINT('',#4706);
#4708=CARTESIAN_POINT('',(1.335E1,4.55E0,-4.E-1));
#4709=VERTEX_POINT('',#4708);
#4710=CARTESIAN_POINT('',(1.375E1,4.95E0,0.E0));
#4711=VERTEX_POINT('',#4710);
#4712=CARTESIAN_POINT('',(9.55E0,4.95E0,-4.E-1));
#4713=CARTESIAN_POINT('',(9.35E0,4.75E0,-2.E-1));
#4714=VERTEX_POINT('',#4712);
#4715=VERTEX_POINT('',#4713);
#4716=CARTESIAN_POINT('',(1.075E1,-5.08E0,-7.5E0));
#4717=CARTESIAN_POINT('',(1.075E1,-5.72E0,-7.5E0));
#4718=VERTEX_POINT('',#4716);
#4719=VERTEX_POINT('',#4717);
#4720=CARTESIAN_POINT('',(1.175E1,-5.72E0,-7.5E0));
#4721=CARTESIAN_POINT('',(1.175E1,-5.08E0,-7.5E0));
#4722=VERTEX_POINT('',#4720);
#4723=VERTEX_POINT('',#4721);
#4724=CARTESIAN_POINT('',(1.075E1,-5.08E0,-1.45E1));
#4725=CARTESIAN_POINT('',(1.075E1,-5.72E0,-1.45E1));
#4726=VERTEX_POINT('',#4724);
#4727=VERTEX_POINT('',#4725);
#4728=CARTESIAN_POINT('',(1.175E1,-5.72E0,-1.45E1));
#4729=CARTESIAN_POINT('',(1.175E1,-5.08E0,-1.45E1));
#4730=VERTEX_POINT('',#4728);
#4731=VERTEX_POINT('',#4729);
#4732=CARTESIAN_POINT('',(1.093E1,-5.08E0,-1.788E1));
#4733=CARTESIAN_POINT('',(1.157E1,-5.08E0,-1.788E1));
#4734=VERTEX_POINT('',#4732);
#4735=VERTEX_POINT('',#4733);
#4736=CARTESIAN_POINT('',(1.157E1,-5.72E0,-1.788E1));
#4737=CARTESIAN_POINT('',(1.093E1,-5.72E0,-1.788E1));
#4738=VERTEX_POINT('',#4736);
#4739=VERTEX_POINT('',#4737);
#4740=CARTESIAN_POINT('',(1.093E1,-1.215E1,-1.952E1));
#4741=CARTESIAN_POINT('',(1.157E1,-1.215E1,-1.952E1));
#4742=VERTEX_POINT('',#4740);
#4743=VERTEX_POINT('',#4741);
#4744=CARTESIAN_POINT('',(1.157E1,-1.215E1,-1.888E1));
#4745=VERTEX_POINT('',#4744);
#4746=CARTESIAN_POINT('',(1.093E1,-1.215E1,-1.888E1));
#4747=VERTEX_POINT('',#4746);
#4748=CARTESIAN_POINT('',(1.093E1,-6.72E0,-1.952E1));
#4749=VERTEX_POINT('',#4748);
#4750=CARTESIAN_POINT('',(1.157E1,-6.72E0,-1.952E1));
#4751=VERTEX_POINT('',#4750);
#4752=CARTESIAN_POINT('',(1.157E1,-6.72E0,-1.888E1));
#4753=VERTEX_POINT('',#4752);
#4754=CARTESIAN_POINT('',(1.093E1,-6.72E0,-1.888E1));
#4755=VERTEX_POINT('',#4754);
#4756=CARTESIAN_POINT('',(1.093E1,-5.08E0,-1.77E1));
#4757=CARTESIAN_POINT('',(1.157E1,-5.08E0,-1.77E1));
#4758=VERTEX_POINT('',#4756);
#4759=VERTEX_POINT('',#4757);
#4760=CARTESIAN_POINT('',(1.157E1,-5.72E0,-1.77E1));
#4761=VERTEX_POINT('',#4760);
#4762=CARTESIAN_POINT('',(1.093E1,-5.72E0,-1.77E1));
#4763=VERTEX_POINT('',#4762);
#4764=CARTESIAN_POINT('',(1.093E1,1.2E-1,-2.088E1));
#4765=CARTESIAN_POINT('',(1.157E1,1.2E-1,-2.088E1));
#4766=VERTEX_POINT('',#4764);
#4767=VERTEX_POINT('',#4765);
#4768=CARTESIAN_POINT('',(1.157E1,-5.2E-1,-2.088E1));
#4769=CARTESIAN_POINT('',(1.093E1,-5.2E-1,-2.088E1));
#4770=VERTEX_POINT('',#4768);
#4771=VERTEX_POINT('',#4769);
#4772=CARTESIAN_POINT('',(1.093E1,-1.215E1,-2.252E1));
#4773=CARTESIAN_POINT('',(1.157E1,-1.215E1,-2.252E1));
#4774=VERTEX_POINT('',#4772);
#4775=VERTEX_POINT('',#4773);
#4776=CARTESIAN_POINT('',(1.157E1,-1.215E1,-2.188E1));
#4777=VERTEX_POINT('',#4776);
#4778=CARTESIAN_POINT('',(1.093E1,-1.215E1,-2.188E1));
#4779=VERTEX_POINT('',#4778);
#4780=CARTESIAN_POINT('',(1.093E1,-1.52E0,-2.252E1));
#4781=VERTEX_POINT('',#4780);
#4782=CARTESIAN_POINT('',(1.157E1,-1.52E0,-2.252E1));
#4783=VERTEX_POINT('',#4782);
#4784=CARTESIAN_POINT('',(1.157E1,-1.52E0,-2.188E1));
#4785=VERTEX_POINT('',#4784);
#4786=CARTESIAN_POINT('',(1.093E1,-1.52E0,-2.188E1));
#4787=VERTEX_POINT('',#4786);
#4788=CARTESIAN_POINT('',(1.093E1,1.2E-1,-1.77E1));
#4789=CARTESIAN_POINT('',(1.157E1,1.2E-1,-1.77E1));
#4790=VERTEX_POINT('',#4788);
#4791=VERTEX_POINT('',#4789);
#4792=CARTESIAN_POINT('',(1.157E1,-5.2E-1,-1.77E1));
#4793=VERTEX_POINT('',#4792);
#4794=CARTESIAN_POINT('',(1.093E1,-5.2E-1,-1.77E1));
#4795=VERTEX_POINT('',#4794);
#4796=CARTESIAN_POINT('',(2.4E0,6.354123203703E0,-1.495876796297E0));
#4797=CARTESIAN_POINT('',(2.4E0,6.354123203703E0,-2.595876796297E0));
#4798=VERTEX_POINT('',#4796);
#4799=VERTEX_POINT('',#4797);
#4800=CARTESIAN_POINT('',(-2.4E0,6.354123203703E0,-1.495876796297E0));
#4801=CARTESIAN_POINT('',(-2.4E0,6.354123203703E0,-2.595876796297E0));
#4802=VERTEX_POINT('',#4800);
#4803=VERTEX_POINT('',#4801);
#4804=CARTESIAN_POINT('',(-1.E0,7.45E0,-2.5E0));
#4805=CARTESIAN_POINT('',(-1.E0,6.354123203703E0,-2.595876796297E0));
#4806=VERTEX_POINT('',#4804);
#4807=VERTEX_POINT('',#4805);
#4808=CARTESIAN_POINT('',(-1.E0,6.354123203703E0,-1.495876796297E0));
#4809=VERTEX_POINT('',#4808);
#4810=CARTESIAN_POINT('',(-1.E0,7.45E0,-4.E-1));
#4811=VERTEX_POINT('',#4810);
#4812=CARTESIAN_POINT('',(1.E0,7.45E0,-2.5E0));
#4813=CARTESIAN_POINT('',(1.E0,6.354123203703E0,-2.595876796297E0));
#4814=VERTEX_POINT('',#4812);
#4815=VERTEX_POINT('',#4813);
#4816=CARTESIAN_POINT('',(1.E0,6.354123203703E0,-1.495876796297E0));
#4817=VERTEX_POINT('',#4816);
#4818=CARTESIAN_POINT('',(1.E0,7.45E0,-4.E-1));
#4819=VERTEX_POINT('',#4818);
#4820=CARTESIAN_POINT('',(2.4E0,7.45E0,-4.E-1));
#4821=VERTEX_POINT('',#4820);
#4822=CARTESIAN_POINT('',(-2.4E0,7.45E0,-4.E-1));
#4823=VERTEX_POINT('',#4822);
#4824=CARTESIAN_POINT('',(2.4E0,7.45E0,-2.5E0));
#4825=VERTEX_POINT('',#4824);
#4826=CARTESIAN_POINT('',(-2.4E0,7.45E0,-2.5E0));
#4827=VERTEX_POINT('',#4826);
#4828=CARTESIAN_POINT('',(9.55E0,4.95E0,-1.45E1));
#4829=CARTESIAN_POINT('',(9.15E0,4.55E0,-1.45E1));
#4830=VERTEX_POINT('',#4828);
#4831=VERTEX_POINT('',#4829);
#4832=CARTESIAN_POINT('',(1.455E1,-7.95E0,-1.13E1));
#4833=VERTEX_POINT('',#4832);
#4834=CARTESIAN_POINT('',(1.455E1,-8.45E0,-1.18E1));
#4835=CARTESIAN_POINT('',(1.95E1,-8.45E0,-1.18E1));
#4836=VERTEX_POINT('',#4834);
#4837=VERTEX_POINT('',#4835);
#4838=CARTESIAN_POINT('',(1.95E1,-3.45E0,-1.18E1));
#4839=VERTEX_POINT('',#4838);
#4840=CARTESIAN_POINT('',(1.455E1,-3.45E0,-1.18E1));
#4841=VERTEX_POINT('',#4840);
#4842=CARTESIAN_POINT('',(1.455E1,-3.95E0,-1.13E1));
#4843=VERTEX_POINT('',#4842);
#4844=CARTESIAN_POINT('',(-1.95E1,-8.45E0,-1.18E1));
#4845=VERTEX_POINT('',#4844);
#4846=CARTESIAN_POINT('',(-1.95E1,-3.45E0,-1.18E1));
#4847=VERTEX_POINT('',#4846);
#4848=CARTESIAN_POINT('',(-1.455E1,-3.95E0,-1.13E1));
#4849=VERTEX_POINT('',#4848);
#4850=CARTESIAN_POINT('',(-1.455E1,-3.45E0,-1.18E1));
#4851=VERTEX_POINT('',#4850);
#4852=CARTESIAN_POINT('',(-1.455E1,-8.45E0,-1.18E1));
#4853=VERTEX_POINT('',#4852);
#4854=CARTESIAN_POINT('',(-1.455E1,-7.95E0,-1.13E1));
#4855=VERTEX_POINT('',#4854);
#4856=CARTESIAN_POINT('',(8.43E0,-5.08E0,-1.788E1));
#4857=CARTESIAN_POINT('',(9.07E0,-5.08E0,-1.788E1));
#4858=VERTEX_POINT('',#4856);
#4859=VERTEX_POINT('',#4857);
#4860=CARTESIAN_POINT('',(9.07E0,-5.72E0,-1.788E1));
#4861=CARTESIAN_POINT('',(8.43E0,-5.72E0,-1.788E1));
#4862=VERTEX_POINT('',#4860);
#4863=VERTEX_POINT('',#4861);
#4864=CARTESIAN_POINT('',(8.43E0,-6.72E0,-1.952E1));
#4865=CARTESIAN_POINT('',(9.07E0,-6.72E0,-1.952E1));
#4866=VERTEX_POINT('',#4864);
#4867=VERTEX_POINT('',#4865);
#4868=CARTESIAN_POINT('',(9.07E0,-6.72E0,-1.888E1));
#4869=CARTESIAN_POINT('',(8.43E0,-6.72E0,-1.888E1));
#4870=VERTEX_POINT('',#4868);
#4871=VERTEX_POINT('',#4869);
#4872=CARTESIAN_POINT('',(8.43E0,-1.215E1,-1.952E1));
#4873=CARTESIAN_POINT('',(9.07E0,-1.215E1,-1.952E1));
#4874=VERTEX_POINT('',#4872);
#4875=VERTEX_POINT('',#4873);
#4876=CARTESIAN_POINT('',(9.07E0,-1.215E1,-1.888E1));
#4877=VERTEX_POINT('',#4876);
#4878=CARTESIAN_POINT('',(8.43E0,-1.215E1,-1.888E1));
#4879=VERTEX_POINT('',#4878);
#4880=CARTESIAN_POINT('',(8.43E0,-5.08E0,-1.77E1));
#4881=CARTESIAN_POINT('',(9.07E0,-5.08E0,-1.77E1));
#4882=VERTEX_POINT('',#4880);
#4883=VERTEX_POINT('',#4881);
#4884=CARTESIAN_POINT('',(9.07E0,-5.72E0,-1.77E1));
#4885=VERTEX_POINT('',#4884);
#4886=CARTESIAN_POINT('',(8.43E0,-5.72E0,-1.77E1));
#4887=VERTEX_POINT('',#4886);
#4888=CARTESIAN_POINT('',(5.93E0,-5.08E0,-1.788E1));
#4889=CARTESIAN_POINT('',(6.57E0,-5.08E0,-1.788E1));
#4890=VERTEX_POINT('',#4888);
#4891=VERTEX_POINT('',#4889);
#4892=CARTESIAN_POINT('',(6.57E0,-5.72E0,-1.788E1));
#4893=CARTESIAN_POINT('',(5.93E0,-5.72E0,-1.788E1));
#4894=VERTEX_POINT('',#4892);
#4895=VERTEX_POINT('',#4893);
#4896=CARTESIAN_POINT('',(5.93E0,-6.72E0,-1.952E1));
#4897=CARTESIAN_POINT('',(6.57E0,-6.72E0,-1.952E1));
#4898=VERTEX_POINT('',#4896);
#4899=VERTEX_POINT('',#4897);
#4900=CARTESIAN_POINT('',(6.57E0,-6.72E0,-1.888E1));
#4901=CARTESIAN_POINT('',(5.93E0,-6.72E0,-1.888E1));
#4902=VERTEX_POINT('',#4900);
#4903=VERTEX_POINT('',#4901);
#4904=CARTESIAN_POINT('',(5.93E0,-1.215E1,-1.952E1));
#4905=CARTESIAN_POINT('',(6.57E0,-1.215E1,-1.952E1));
#4906=VERTEX_POINT('',#4904);
#4907=VERTEX_POINT('',#4905);
#4908=CARTESIAN_POINT('',(6.57E0,-1.215E1,-1.888E1));
#4909=VERTEX_POINT('',#4908);
#4910=CARTESIAN_POINT('',(5.93E0,-1.215E1,-1.888E1));
#4911=VERTEX_POINT('',#4910);
#4912=CARTESIAN_POINT('',(5.93E0,-5.08E0,-1.77E1));
#4913=CARTESIAN_POINT('',(6.57E0,-5.08E0,-1.77E1));
#4914=VERTEX_POINT('',#4912);
#4915=VERTEX_POINT('',#4913);
#4916=CARTESIAN_POINT('',(6.57E0,-5.72E0,-1.77E1));
#4917=VERTEX_POINT('',#4916);
#4918=CARTESIAN_POINT('',(5.93E0,-5.72E0,-1.77E1));
#4919=VERTEX_POINT('',#4918);
#4920=CARTESIAN_POINT('',(3.43E0,-5.08E0,-1.788E1));
#4921=CARTESIAN_POINT('',(4.07E0,-5.08E0,-1.788E1));
#4922=VERTEX_POINT('',#4920);
#4923=VERTEX_POINT('',#4921);
#4924=CARTESIAN_POINT('',(4.07E0,-5.72E0,-1.788E1));
#4925=CARTESIAN_POINT('',(3.43E0,-5.72E0,-1.788E1));
#4926=VERTEX_POINT('',#4924);
#4927=VERTEX_POINT('',#4925);
#4928=CARTESIAN_POINT('',(3.43E0,-6.72E0,-1.952E1));
#4929=CARTESIAN_POINT('',(4.07E0,-6.72E0,-1.952E1));
#4930=VERTEX_POINT('',#4928);
#4931=VERTEX_POINT('',#4929);
#4932=CARTESIAN_POINT('',(4.07E0,-6.72E0,-1.888E1));
#4933=CARTESIAN_POINT('',(3.43E0,-6.72E0,-1.888E1));
#4934=VERTEX_POINT('',#4932);
#4935=VERTEX_POINT('',#4933);
#4936=CARTESIAN_POINT('',(3.43E0,-1.215E1,-1.952E1));
#4937=CARTESIAN_POINT('',(4.07E0,-1.215E1,-1.952E1));
#4938=VERTEX_POINT('',#4936);
#4939=VERTEX_POINT('',#4937);
#4940=CARTESIAN_POINT('',(4.07E0,-1.215E1,-1.888E1));
#4941=VERTEX_POINT('',#4940);
#4942=CARTESIAN_POINT('',(3.43E0,-1.215E1,-1.888E1));
#4943=VERTEX_POINT('',#4942);
#4944=CARTESIAN_POINT('',(3.43E0,-5.08E0,-1.77E1));
#4945=CARTESIAN_POINT('',(4.07E0,-5.08E0,-1.77E1));
#4946=VERTEX_POINT('',#4944);
#4947=VERTEX_POINT('',#4945);
#4948=CARTESIAN_POINT('',(4.07E0,-5.72E0,-1.77E1));
#4949=VERTEX_POINT('',#4948);
#4950=CARTESIAN_POINT('',(3.43E0,-5.72E0,-1.77E1));
#4951=VERTEX_POINT('',#4950);
#4952=CARTESIAN_POINT('',(8.43E0,1.2E-1,-2.088E1));
#4953=CARTESIAN_POINT('',(9.07E0,1.2E-1,-2.088E1));
#4954=VERTEX_POINT('',#4952);
#4955=VERTEX_POINT('',#4953);
#4956=CARTESIAN_POINT('',(9.07E0,-5.2E-1,-2.088E1));
#4957=CARTESIAN_POINT('',(8.43E0,-5.2E-1,-2.088E1));
#4958=VERTEX_POINT('',#4956);
#4959=VERTEX_POINT('',#4957);
#4960=CARTESIAN_POINT('',(8.43E0,-1.52E0,-2.252E1));
#4961=CARTESIAN_POINT('',(9.07E0,-1.52E0,-2.252E1));
#4962=VERTEX_POINT('',#4960);
#4963=VERTEX_POINT('',#4961);
#4964=CARTESIAN_POINT('',(9.07E0,-1.52E0,-2.188E1));
#4965=CARTESIAN_POINT('',(8.43E0,-1.52E0,-2.188E1));
#4966=VERTEX_POINT('',#4964);
#4967=VERTEX_POINT('',#4965);
#4968=CARTESIAN_POINT('',(8.43E0,-1.215E1,-2.252E1));
#4969=CARTESIAN_POINT('',(9.07E0,-1.215E1,-2.252E1));
#4970=VERTEX_POINT('',#4968);
#4971=VERTEX_POINT('',#4969);
#4972=CARTESIAN_POINT('',(9.07E0,-1.215E1,-2.188E1));
#4973=VERTEX_POINT('',#4972);
#4974=CARTESIAN_POINT('',(8.43E0,-1.215E1,-2.188E1));
#4975=VERTEX_POINT('',#4974);
#4976=CARTESIAN_POINT('',(8.43E0,1.2E-1,-1.77E1));
#4977=CARTESIAN_POINT('',(9.07E0,1.2E-1,-1.77E1));
#4978=VERTEX_POINT('',#4976);
#4979=VERTEX_POINT('',#4977);
#4980=CARTESIAN_POINT('',(9.07E0,-5.2E-1,-1.77E1));
#4981=VERTEX_POINT('',#4980);
#4982=CARTESIAN_POINT('',(8.43E0,-5.2E-1,-1.77E1));
#4983=VERTEX_POINT('',#4982);
#4984=CARTESIAN_POINT('',(5.93E0,1.2E-1,-2.088E1));
#4985=CARTESIAN_POINT('',(6.57E0,1.2E-1,-2.088E1));
#4986=VERTEX_POINT('',#4984);
#4987=VERTEX_POINT('',#4985);
#4988=CARTESIAN_POINT('',(6.57E0,-5.2E-1,-2.088E1));
#4989=CARTESIAN_POINT('',(5.93E0,-5.2E-1,-2.088E1));
#4990=VERTEX_POINT('',#4988);
#4991=VERTEX_POINT('',#4989);
#4992=CARTESIAN_POINT('',(5.93E0,-1.52E0,-2.252E1));
#4993=CARTESIAN_POINT('',(6.57E0,-1.52E0,-2.252E1));
#4994=VERTEX_POINT('',#4992);
#4995=VERTEX_POINT('',#4993);
#4996=CARTESIAN_POINT('',(6.57E0,-1.52E0,-2.188E1));
#4997=CARTESIAN_POINT('',(5.93E0,-1.52E0,-2.188E1));
#4998=VERTEX_POINT('',#4996);
#4999=VERTEX_POINT('',#4997);
#5000=CARTESIAN_POINT('',(5.93E0,-1.215E1,-2.252E1));
#5001=CARTESIAN_POINT('',(6.57E0,-1.215E1,-2.252E1));
#5002=VERTEX_POINT('',#5000);
#5003=VERTEX_POINT('',#5001);
#5004=CARTESIAN_POINT('',(6.57E0,-1.215E1,-2.188E1));
#5005=VERTEX_POINT('',#5004);
#5006=CARTESIAN_POINT('',(5.93E0,-1.215E1,-2.188E1));
#5007=VERTEX_POINT('',#5006);
#5008=CARTESIAN_POINT('',(5.93E0,1.2E-1,-1.77E1));
#5009=CARTESIAN_POINT('',(6.57E0,1.2E-1,-1.77E1));
#5010=VERTEX_POINT('',#5008);
#5011=VERTEX_POINT('',#5009);
#5012=CARTESIAN_POINT('',(6.57E0,-5.2E-1,-1.77E1));
#5013=VERTEX_POINT('',#5012);
#5014=CARTESIAN_POINT('',(5.93E0,-5.2E-1,-1.77E1));
#5015=VERTEX_POINT('',#5014);
#5016=CARTESIAN_POINT('',(3.43E0,1.2E-1,-2.088E1));
#5017=CARTESIAN_POINT('',(4.07E0,1.2E-1,-2.088E1));
#5018=VERTEX_POINT('',#5016);
#5019=VERTEX_POINT('',#5017);
#5020=CARTESIAN_POINT('',(4.07E0,-5.2E-1,-2.088E1));
#5021=CARTESIAN_POINT('',(3.43E0,-5.2E-1,-2.088E1));
#5022=VERTEX_POINT('',#5020);
#5023=VERTEX_POINT('',#5021);
#5024=CARTESIAN_POINT('',(3.43E0,-1.52E0,-2.252E1));
#5025=CARTESIAN_POINT('',(4.07E0,-1.52E0,-2.252E1));
#5026=VERTEX_POINT('',#5024);
#5027=VERTEX_POINT('',#5025);
#5028=CARTESIAN_POINT('',(4.07E0,-1.52E0,-2.188E1));
#5029=CARTESIAN_POINT('',(3.43E0,-1.52E0,-2.188E1));
#5030=VERTEX_POINT('',#5028);
#5031=VERTEX_POINT('',#5029);
#5032=CARTESIAN_POINT('',(3.43E0,-1.215E1,-2.252E1));
#5033=CARTESIAN_POINT('',(4.07E0,-1.215E1,-2.252E1));
#5034=VERTEX_POINT('',#5032);
#5035=VERTEX_POINT('',#5033);
#5036=CARTESIAN_POINT('',(4.07E0,-1.215E1,-2.188E1));
#5037=VERTEX_POINT('',#5036);
#5038=CARTESIAN_POINT('',(3.43E0,-1.215E1,-2.188E1));
#5039=VERTEX_POINT('',#5038);
#5040=CARTESIAN_POINT('',(3.43E0,1.2E-1,-1.77E1));
#5041=CARTESIAN_POINT('',(4.07E0,1.2E-1,-1.77E1));
#5042=VERTEX_POINT('',#5040);
#5043=VERTEX_POINT('',#5041);
#5044=CARTESIAN_POINT('',(4.07E0,-5.2E-1,-1.77E1));
#5045=VERTEX_POINT('',#5044);
#5046=CARTESIAN_POINT('',(3.43E0,-5.2E-1,-1.77E1));
#5047=VERTEX_POINT('',#5046);
#5048=CARTESIAN_POINT('',(8.25E0,-5.08E0,-7.5E0));
#5049=CARTESIAN_POINT('',(8.25E0,-5.72E0,-7.5E0));
#5050=VERTEX_POINT('',#5048);
#5051=VERTEX_POINT('',#5049);
#5052=CARTESIAN_POINT('',(9.25E0,-5.72E0,-7.5E0));
#5053=VERTEX_POINT('',#5052);
#5054=CARTESIAN_POINT('',(9.25E0,-5.08E0,-7.5E0));
#5055=VERTEX_POINT('',#5054);
#5056=CARTESIAN_POINT('',(8.25E0,-5.08E0,-1.45E1));
#5057=CARTESIAN_POINT('',(8.25E0,-5.72E0,-1.45E1));
#5058=VERTEX_POINT('',#5056);
#5059=VERTEX_POINT('',#5057);
#5060=CARTESIAN_POINT('',(9.25E0,-5.72E0,-1.45E1));
#5061=VERTEX_POINT('',#5060);
#5062=CARTESIAN_POINT('',(9.25E0,-5.08E0,-1.45E1));
#5063=VERTEX_POINT('',#5062);
#5064=CARTESIAN_POINT('',(5.75E0,-5.08E0,-7.5E0));
#5065=CARTESIAN_POINT('',(5.75E0,-5.72E0,-7.5E0));
#5066=VERTEX_POINT('',#5064);
#5067=VERTEX_POINT('',#5065);
#5068=CARTESIAN_POINT('',(6.75E0,-5.72E0,-7.5E0));
#5069=VERTEX_POINT('',#5068);
#5070=CARTESIAN_POINT('',(6.75E0,-5.08E0,-7.5E0));
#5071=VERTEX_POINT('',#5070);
#5072=CARTESIAN_POINT('',(5.75E0,-5.08E0,-1.45E1));
#5073=CARTESIAN_POINT('',(5.75E0,-5.72E0,-1.45E1));
#5074=VERTEX_POINT('',#5072);
#5075=VERTEX_POINT('',#5073);
#5076=CARTESIAN_POINT('',(6.75E0,-5.72E0,-1.45E1));
#5077=VERTEX_POINT('',#5076);
#5078=CARTESIAN_POINT('',(6.75E0,-5.08E0,-1.45E1));
#5079=VERTEX_POINT('',#5078);
#5080=CARTESIAN_POINT('',(3.25E0,-5.08E0,-7.5E0));
#5081=CARTESIAN_POINT('',(3.25E0,-5.72E0,-7.5E0));
#5082=VERTEX_POINT('',#5080);
#5083=VERTEX_POINT('',#5081);
#5084=CARTESIAN_POINT('',(4.25E0,-5.72E0,-7.5E0));
#5085=VERTEX_POINT('',#5084);
#5086=CARTESIAN_POINT('',(4.25E0,-5.08E0,-7.5E0));
#5087=VERTEX_POINT('',#5086);
#5088=CARTESIAN_POINT('',(3.25E0,-5.08E0,-1.45E1));
#5089=CARTESIAN_POINT('',(3.25E0,-5.72E0,-1.45E1));
#5090=VERTEX_POINT('',#5088);
#5091=VERTEX_POINT('',#5089);
#5092=CARTESIAN_POINT('',(4.25E0,-5.72E0,-1.45E1));
#5093=VERTEX_POINT('',#5092);
#5094=CARTESIAN_POINT('',(4.25E0,-5.08E0,-1.45E1));
#5095=VERTEX_POINT('',#5094);
#5096=CARTESIAN_POINT('',(1.175E1,1.2E-1,-7.5E0));
#5097=CARTESIAN_POINT('',(1.075E1,1.2E-1,-7.5E0));
#5098=VERTEX_POINT('',#5096);
#5099=VERTEX_POINT('',#5097);
#5100=CARTESIAN_POINT('',(1.075E1,-5.2E-1,-7.5E0));
#5101=VERTEX_POINT('',#5100);
#5102=CARTESIAN_POINT('',(1.175E1,-5.2E-1,-7.5E0));
#5103=VERTEX_POINT('',#5102);
#5104=CARTESIAN_POINT('',(1.175E1,1.2E-1,-1.45E1));
#5105=CARTESIAN_POINT('',(1.075E1,1.2E-1,-1.45E1));
#5106=VERTEX_POINT('',#5104);
#5107=VERTEX_POINT('',#5105);
#5108=CARTESIAN_POINT('',(1.075E1,-5.2E-1,-1.45E1));
#5109=VERTEX_POINT('',#5108);
#5110=CARTESIAN_POINT('',(1.175E1,-5.2E-1,-1.45E1));
#5111=VERTEX_POINT('',#5110);
#5112=CARTESIAN_POINT('',(9.25E0,1.2E-1,-7.5E0));
#5113=CARTESIAN_POINT('',(8.25E0,1.2E-1,-7.5E0));
#5114=VERTEX_POINT('',#5112);
#5115=VERTEX_POINT('',#5113);
#5116=CARTESIAN_POINT('',(8.25E0,-5.2E-1,-7.5E0));
#5117=VERTEX_POINT('',#5116);
#5118=CARTESIAN_POINT('',(9.25E0,-5.2E-1,-7.5E0));
#5119=VERTEX_POINT('',#5118);
#5120=CARTESIAN_POINT('',(9.25E0,1.2E-1,-1.45E1));
#5121=CARTESIAN_POINT('',(8.25E0,1.2E-1,-1.45E1));
#5122=VERTEX_POINT('',#5120);
#5123=VERTEX_POINT('',#5121);
#5124=CARTESIAN_POINT('',(8.25E0,-5.2E-1,-1.45E1));
#5125=VERTEX_POINT('',#5124);
#5126=CARTESIAN_POINT('',(9.25E0,-5.2E-1,-1.45E1));
#5127=VERTEX_POINT('',#5126);
#5128=CARTESIAN_POINT('',(6.75E0,1.2E-1,-7.5E0));
#5129=CARTESIAN_POINT('',(5.75E0,1.2E-1,-7.5E0));
#5130=VERTEX_POINT('',#5128);
#5131=VERTEX_POINT('',#5129);
#5132=CARTESIAN_POINT('',(5.75E0,-5.2E-1,-7.5E0));
#5133=VERTEX_POINT('',#5132);
#5134=CARTESIAN_POINT('',(6.75E0,-5.2E-1,-7.5E0));
#5135=VERTEX_POINT('',#5134);
#5136=CARTESIAN_POINT('',(6.75E0,1.2E-1,-1.45E1));
#5137=CARTESIAN_POINT('',(5.75E0,1.2E-1,-1.45E1));
#5138=VERTEX_POINT('',#5136);
#5139=VERTEX_POINT('',#5137);
#5140=CARTESIAN_POINT('',(5.75E0,-5.2E-1,-1.45E1));
#5141=VERTEX_POINT('',#5140);
#5142=CARTESIAN_POINT('',(6.75E0,-5.2E-1,-1.45E1));
#5143=VERTEX_POINT('',#5142);
#5144=CARTESIAN_POINT('',(4.25E0,1.2E-1,-7.5E0));
#5145=CARTESIAN_POINT('',(3.25E0,1.2E-1,-7.5E0));
#5146=VERTEX_POINT('',#5144);
#5147=VERTEX_POINT('',#5145);
#5148=CARTESIAN_POINT('',(3.25E0,-5.2E-1,-7.5E0));
#5149=VERTEX_POINT('',#5148);
#5150=CARTESIAN_POINT('',(4.25E0,-5.2E-1,-7.5E0));
#5151=VERTEX_POINT('',#5150);
#5152=CARTESIAN_POINT('',(4.25E0,1.2E-1,-1.45E1));
#5153=CARTESIAN_POINT('',(3.25E0,1.2E-1,-1.45E1));
#5154=VERTEX_POINT('',#5152);
#5155=VERTEX_POINT('',#5153);
#5156=CARTESIAN_POINT('',(3.25E0,-5.2E-1,-1.45E1));
#5157=VERTEX_POINT('',#5156);
#5158=CARTESIAN_POINT('',(4.25E0,-5.2E-1,-1.45E1));
#5159=VERTEX_POINT('',#5158);
#5160=CARTESIAN_POINT('',(-1.185E1,4.55E0,-4.E-1));
#5161=VERTEX_POINT('',#5160);
#5162=CARTESIAN_POINT('',(-1.185E1,4.95E0,0.E0));
#5163=VERTEX_POINT('',#5162);
#5164=CARTESIAN_POINT('',(-1.145E1,4.95E0,-4.E-1));
#5165=CARTESIAN_POINT('',(-1.145E1,7.05E0,-4.E-1));
#5166=VERTEX_POINT('',#5164);
#5167=VERTEX_POINT('',#5165);
#5168=CARTESIAN_POINT('',(-1.185E1,7.85E0,0.E0));
#5169=VERTEX_POINT('',#5168);
#5170=CARTESIAN_POINT('',(-1.105E1,7.45E0,-4.E-1));
#5171=CARTESIAN_POINT('',(-9.95E0,7.45E0,-4.E-1));
#5172=VERTEX_POINT('',#5170);
#5173=VERTEX_POINT('',#5171);
#5174=CARTESIAN_POINT('',(-9.15E0,7.85E0,0.E0));
#5175=VERTEX_POINT('',#5174);
#5176=CARTESIAN_POINT('',(-9.55E0,7.05E0,-4.E-1));
#5177=CARTESIAN_POINT('',(-9.55E0,4.95E0,-4.E-1));
#5178=VERTEX_POINT('',#5176);
#5179=VERTEX_POINT('',#5177);
#5180=CARTESIAN_POINT('',(9.55E0,7.05E0,-1.45E1));
#5181=VERTEX_POINT('',#5180);
#5182=CARTESIAN_POINT('',(-9.55E0,4.95E0,-1.45E1));
#5183=VERTEX_POINT('',#5182);
#5184=CARTESIAN_POINT('',(-9.15E0,4.55E0,-1.45E1));
#5185=VERTEX_POINT('',#5184);
#5186=CARTESIAN_POINT('',(-1.185E1,4.55E0,-1.45E1));
#5187=VERTEX_POINT('',#5186);
#5188=CARTESIAN_POINT('',(-1.145E1,4.95E0,-1.45E1));
#5189=VERTEX_POINT('',#5188);
#5190=CARTESIAN_POINT('',(-1.105E1,7.45E0,-1.45E1));
#5191=CARTESIAN_POINT('',(-1.145E1,7.05E0,-1.45E1));
#5192=VERTEX_POINT('',#5190);
#5193=VERTEX_POINT('',#5191);
#5194=CARTESIAN_POINT('',(-9.55E0,7.05E0,-1.45E1));
#5195=CARTESIAN_POINT('',(-9.95E0,7.45E0,-1.45E1));
#5196=VERTEX_POINT('',#5194);
#5197=VERTEX_POINT('',#5195);
#5198=CARTESIAN_POINT('',(9.95E0,7.45E0,-1.45E1));
#5199=VERTEX_POINT('',#5198);
#5200=CARTESIAN_POINT('',(1.145E1,7.05E0,-1.45E1));
#5201=CARTESIAN_POINT('',(1.105E1,7.45E0,-1.45E1));
#5202=VERTEX_POINT('',#5200);
#5203=VERTEX_POINT('',#5201);
#5204=CARTESIAN_POINT('',(-9.35E0,4.75E0,-2.E-1));
#5205=VERTEX_POINT('',#5204);
#5206=CARTESIAN_POINT('',(-1.165E1,4.75E0,-2.E-1));
#5207=VERTEX_POINT('',#5206);
#5208=CARTESIAN_POINT('',(9.3E-1,-5.08E0,-1.788E1));
#5209=CARTESIAN_POINT('',(1.57E0,-5.08E0,-1.788E1));
#5210=VERTEX_POINT('',#5208);
#5211=VERTEX_POINT('',#5209);
#5212=CARTESIAN_POINT('',(1.57E0,-5.72E0,-1.788E1));
#5213=CARTESIAN_POINT('',(9.3E-1,-5.72E0,-1.788E1));
#5214=VERTEX_POINT('',#5212);
#5215=VERTEX_POINT('',#5213);
#5216=CARTESIAN_POINT('',(9.3E-1,-6.72E0,-1.952E1));
#5217=CARTESIAN_POINT('',(1.57E0,-6.72E0,-1.952E1));
#5218=VERTEX_POINT('',#5216);
#5219=VERTEX_POINT('',#5217);
#5220=CARTESIAN_POINT('',(1.57E0,-6.72E0,-1.888E1));
#5221=CARTESIAN_POINT('',(9.3E-1,-6.72E0,-1.888E1));
#5222=VERTEX_POINT('',#5220);
#5223=VERTEX_POINT('',#5221);
#5224=CARTESIAN_POINT('',(9.3E-1,-1.215E1,-1.952E1));
#5225=CARTESIAN_POINT('',(1.57E0,-1.215E1,-1.952E1));
#5226=VERTEX_POINT('',#5224);
#5227=VERTEX_POINT('',#5225);
#5228=CARTESIAN_POINT('',(1.57E0,-1.215E1,-1.888E1));
#5229=VERTEX_POINT('',#5228);
#5230=CARTESIAN_POINT('',(9.3E-1,-1.215E1,-1.888E1));
#5231=VERTEX_POINT('',#5230);
#5232=CARTESIAN_POINT('',(9.3E-1,-5.08E0,-1.77E1));
#5233=CARTESIAN_POINT('',(1.57E0,-5.08E0,-1.77E1));
#5234=VERTEX_POINT('',#5232);
#5235=VERTEX_POINT('',#5233);
#5236=CARTESIAN_POINT('',(1.57E0,-5.72E0,-1.77E1));
#5237=VERTEX_POINT('',#5236);
#5238=CARTESIAN_POINT('',(9.3E-1,-5.72E0,-1.77E1));
#5239=VERTEX_POINT('',#5238);
#5240=CARTESIAN_POINT('',(-1.57E0,-5.08E0,-1.788E1));
#5241=CARTESIAN_POINT('',(-9.3E-1,-5.08E0,-1.788E1));
#5242=VERTEX_POINT('',#5240);
#5243=VERTEX_POINT('',#5241);
#5244=CARTESIAN_POINT('',(-9.3E-1,-5.72E0,-1.788E1));
#5245=CARTESIAN_POINT('',(-1.57E0,-5.72E0,-1.788E1));
#5246=VERTEX_POINT('',#5244);
#5247=VERTEX_POINT('',#5245);
#5248=CARTESIAN_POINT('',(-1.57E0,-6.72E0,-1.952E1));
#5249=CARTESIAN_POINT('',(-9.3E-1,-6.72E0,-1.952E1));
#5250=VERTEX_POINT('',#5248);
#5251=VERTEX_POINT('',#5249);
#5252=CARTESIAN_POINT('',(-9.3E-1,-6.72E0,-1.888E1));
#5253=CARTESIAN_POINT('',(-1.57E0,-6.72E0,-1.888E1));
#5254=VERTEX_POINT('',#5252);
#5255=VERTEX_POINT('',#5253);
#5256=CARTESIAN_POINT('',(-1.57E0,-1.215E1,-1.952E1));
#5257=CARTESIAN_POINT('',(-9.3E-1,-1.215E1,-1.952E1));
#5258=VERTEX_POINT('',#5256);
#5259=VERTEX_POINT('',#5257);
#5260=CARTESIAN_POINT('',(-9.3E-1,-1.215E1,-1.888E1));
#5261=VERTEX_POINT('',#5260);
#5262=CARTESIAN_POINT('',(-1.57E0,-1.215E1,-1.888E1));
#5263=VERTEX_POINT('',#5262);
#5264=CARTESIAN_POINT('',(-1.57E0,-5.08E0,-1.77E1));
#5265=CARTESIAN_POINT('',(-9.3E-1,-5.08E0,-1.77E1));
#5266=VERTEX_POINT('',#5264);
#5267=VERTEX_POINT('',#5265);
#5268=CARTESIAN_POINT('',(-9.3E-1,-5.72E0,-1.77E1));
#5269=VERTEX_POINT('',#5268);
#5270=CARTESIAN_POINT('',(-1.57E0,-5.72E0,-1.77E1));
#5271=VERTEX_POINT('',#5270);
#5272=CARTESIAN_POINT('',(-4.07E0,-5.08E0,-1.788E1));
#5273=CARTESIAN_POINT('',(-3.43E0,-5.08E0,-1.788E1));
#5274=VERTEX_POINT('',#5272);
#5275=VERTEX_POINT('',#5273);
#5276=CARTESIAN_POINT('',(-3.43E0,-5.72E0,-1.788E1));
#5277=CARTESIAN_POINT('',(-4.07E0,-5.72E0,-1.788E1));
#5278=VERTEX_POINT('',#5276);
#5279=VERTEX_POINT('',#5277);
#5280=CARTESIAN_POINT('',(-4.07E0,-6.72E0,-1.952E1));
#5281=CARTESIAN_POINT('',(-3.43E0,-6.72E0,-1.952E1));
#5282=VERTEX_POINT('',#5280);
#5283=VERTEX_POINT('',#5281);
#5284=CARTESIAN_POINT('',(-3.43E0,-6.72E0,-1.888E1));
#5285=CARTESIAN_POINT('',(-4.07E0,-6.72E0,-1.888E1));
#5286=VERTEX_POINT('',#5284);
#5287=VERTEX_POINT('',#5285);
#5288=CARTESIAN_POINT('',(-4.07E0,-1.215E1,-1.952E1));
#5289=CARTESIAN_POINT('',(-3.43E0,-1.215E1,-1.952E1));
#5290=VERTEX_POINT('',#5288);
#5291=VERTEX_POINT('',#5289);
#5292=CARTESIAN_POINT('',(-3.43E0,-1.215E1,-1.888E1));
#5293=VERTEX_POINT('',#5292);
#5294=CARTESIAN_POINT('',(-4.07E0,-1.215E1,-1.888E1));
#5295=VERTEX_POINT('',#5294);
#5296=CARTESIAN_POINT('',(-4.07E0,-5.08E0,-1.77E1));
#5297=CARTESIAN_POINT('',(-3.43E0,-5.08E0,-1.77E1));
#5298=VERTEX_POINT('',#5296);
#5299=VERTEX_POINT('',#5297);
#5300=CARTESIAN_POINT('',(-3.43E0,-5.72E0,-1.77E1));
#5301=VERTEX_POINT('',#5300);
#5302=CARTESIAN_POINT('',(-4.07E0,-5.72E0,-1.77E1));
#5303=VERTEX_POINT('',#5302);
#5304=CARTESIAN_POINT('',(-6.57E0,-5.08E0,-1.788E1));
#5305=CARTESIAN_POINT('',(-5.93E0,-5.08E0,-1.788E1));
#5306=VERTEX_POINT('',#5304);
#5307=VERTEX_POINT('',#5305);
#5308=CARTESIAN_POINT('',(-5.93E0,-5.72E0,-1.788E1));
#5309=CARTESIAN_POINT('',(-6.57E0,-5.72E0,-1.788E1));
#5310=VERTEX_POINT('',#5308);
#5311=VERTEX_POINT('',#5309);
#5312=CARTESIAN_POINT('',(-6.57E0,-6.72E0,-1.952E1));
#5313=CARTESIAN_POINT('',(-5.93E0,-6.72E0,-1.952E1));
#5314=VERTEX_POINT('',#5312);
#5315=VERTEX_POINT('',#5313);
#5316=CARTESIAN_POINT('',(-5.93E0,-6.72E0,-1.888E1));
#5317=CARTESIAN_POINT('',(-6.57E0,-6.72E0,-1.888E1));
#5318=VERTEX_POINT('',#5316);
#5319=VERTEX_POINT('',#5317);
#5320=CARTESIAN_POINT('',(-6.57E0,-1.215E1,-1.952E1));
#5321=CARTESIAN_POINT('',(-5.93E0,-1.215E1,-1.952E1));
#5322=VERTEX_POINT('',#5320);
#5323=VERTEX_POINT('',#5321);
#5324=CARTESIAN_POINT('',(-5.93E0,-1.215E1,-1.888E1));
#5325=VERTEX_POINT('',#5324);
#5326=CARTESIAN_POINT('',(-6.57E0,-1.215E1,-1.888E1));
#5327=VERTEX_POINT('',#5326);
#5328=CARTESIAN_POINT('',(-6.57E0,-5.08E0,-1.77E1));
#5329=CARTESIAN_POINT('',(-5.93E0,-5.08E0,-1.77E1));
#5330=VERTEX_POINT('',#5328);
#5331=VERTEX_POINT('',#5329);
#5332=CARTESIAN_POINT('',(-5.93E0,-5.72E0,-1.77E1));
#5333=VERTEX_POINT('',#5332);
#5334=CARTESIAN_POINT('',(-6.57E0,-5.72E0,-1.77E1));
#5335=VERTEX_POINT('',#5334);
#5336=CARTESIAN_POINT('',(-9.07E0,-5.08E0,-1.788E1));
#5337=CARTESIAN_POINT('',(-8.43E0,-5.08E0,-1.788E1));
#5338=VERTEX_POINT('',#5336);
#5339=VERTEX_POINT('',#5337);
#5340=CARTESIAN_POINT('',(-8.43E0,-5.72E0,-1.788E1));
#5341=CARTESIAN_POINT('',(-9.07E0,-5.72E0,-1.788E1));
#5342=VERTEX_POINT('',#5340);
#5343=VERTEX_POINT('',#5341);
#5344=CARTESIAN_POINT('',(-9.07E0,-6.72E0,-1.952E1));
#5345=CARTESIAN_POINT('',(-8.43E0,-6.72E0,-1.952E1));
#5346=VERTEX_POINT('',#5344);
#5347=VERTEX_POINT('',#5345);
#5348=CARTESIAN_POINT('',(-8.43E0,-6.72E0,-1.888E1));
#5349=CARTESIAN_POINT('',(-9.07E0,-6.72E0,-1.888E1));
#5350=VERTEX_POINT('',#5348);
#5351=VERTEX_POINT('',#5349);
#5352=CARTESIAN_POINT('',(-9.07E0,-1.215E1,-1.952E1));
#5353=CARTESIAN_POINT('',(-8.43E0,-1.215E1,-1.952E1));
#5354=VERTEX_POINT('',#5352);
#5355=VERTEX_POINT('',#5353);
#5356=CARTESIAN_POINT('',(-8.43E0,-1.215E1,-1.888E1));
#5357=VERTEX_POINT('',#5356);
#5358=CARTESIAN_POINT('',(-9.07E0,-1.215E1,-1.888E1));
#5359=VERTEX_POINT('',#5358);
#5360=CARTESIAN_POINT('',(-9.07E0,-5.08E0,-1.77E1));
#5361=CARTESIAN_POINT('',(-8.43E0,-5.08E0,-1.77E1));
#5362=VERTEX_POINT('',#5360);
#5363=VERTEX_POINT('',#5361);
#5364=CARTESIAN_POINT('',(-8.43E0,-5.72E0,-1.77E1));
#5365=VERTEX_POINT('',#5364);
#5366=CARTESIAN_POINT('',(-9.07E0,-5.72E0,-1.77E1));
#5367=VERTEX_POINT('',#5366);
#5368=CARTESIAN_POINT('',(-1.157E1,-5.08E0,-1.788E1));
#5369=CARTESIAN_POINT('',(-1.093E1,-5.08E0,-1.788E1));
#5370=VERTEX_POINT('',#5368);
#5371=VERTEX_POINT('',#5369);
#5372=CARTESIAN_POINT('',(-1.093E1,-5.72E0,-1.788E1));
#5373=CARTESIAN_POINT('',(-1.157E1,-5.72E0,-1.788E1));
#5374=VERTEX_POINT('',#5372);
#5375=VERTEX_POINT('',#5373);
#5376=CARTESIAN_POINT('',(-1.157E1,-6.72E0,-1.952E1));
#5377=CARTESIAN_POINT('',(-1.093E1,-6.72E0,-1.952E1));
#5378=VERTEX_POINT('',#5376);
#5379=VERTEX_POINT('',#5377);
#5380=CARTESIAN_POINT('',(-1.093E1,-6.72E0,-1.888E1));
#5381=CARTESIAN_POINT('',(-1.157E1,-6.72E0,-1.888E1));
#5382=VERTEX_POINT('',#5380);
#5383=VERTEX_POINT('',#5381);
#5384=CARTESIAN_POINT('',(-1.157E1,-1.215E1,-1.952E1));
#5385=CARTESIAN_POINT('',(-1.093E1,-1.215E1,-1.952E1));
#5386=VERTEX_POINT('',#5384);
#5387=VERTEX_POINT('',#5385);
#5388=CARTESIAN_POINT('',(-1.093E1,-1.215E1,-1.888E1));
#5389=VERTEX_POINT('',#5388);
#5390=CARTESIAN_POINT('',(-1.157E1,-1.215E1,-1.888E1));
#5391=VERTEX_POINT('',#5390);
#5392=CARTESIAN_POINT('',(-1.157E1,-5.08E0,-1.77E1));
#5393=CARTESIAN_POINT('',(-1.093E1,-5.08E0,-1.77E1));
#5394=VERTEX_POINT('',#5392);
#5395=VERTEX_POINT('',#5393);
#5396=CARTESIAN_POINT('',(-1.093E1,-5.72E0,-1.77E1));
#5397=VERTEX_POINT('',#5396);
#5398=CARTESIAN_POINT('',(-1.157E1,-5.72E0,-1.77E1));
#5399=VERTEX_POINT('',#5398);
#5400=CARTESIAN_POINT('',(9.3E-1,1.2E-1,-2.088E1));
#5401=CARTESIAN_POINT('',(1.57E0,1.2E-1,-2.088E1));
#5402=VERTEX_POINT('',#5400);
#5403=VERTEX_POINT('',#5401);
#5404=CARTESIAN_POINT('',(1.57E0,-5.2E-1,-2.088E1));
#5405=CARTESIAN_POINT('',(9.3E-1,-5.2E-1,-2.088E1));
#5406=VERTEX_POINT('',#5404);
#5407=VERTEX_POINT('',#5405);
#5408=CARTESIAN_POINT('',(9.3E-1,-1.52E0,-2.252E1));
#5409=CARTESIAN_POINT('',(1.57E0,-1.52E0,-2.252E1));
#5410=VERTEX_POINT('',#5408);
#5411=VERTEX_POINT('',#5409);
#5412=CARTESIAN_POINT('',(1.57E0,-1.52E0,-2.188E1));
#5413=CARTESIAN_POINT('',(9.3E-1,-1.52E0,-2.188E1));
#5414=VERTEX_POINT('',#5412);
#5415=VERTEX_POINT('',#5413);
#5416=CARTESIAN_POINT('',(9.3E-1,-1.215E1,-2.252E1));
#5417=CARTESIAN_POINT('',(1.57E0,-1.215E1,-2.252E1));
#5418=VERTEX_POINT('',#5416);
#5419=VERTEX_POINT('',#5417);
#5420=CARTESIAN_POINT('',(1.57E0,-1.215E1,-2.188E1));
#5421=VERTEX_POINT('',#5420);
#5422=CARTESIAN_POINT('',(9.3E-1,-1.215E1,-2.188E1));
#5423=VERTEX_POINT('',#5422);
#5424=CARTESIAN_POINT('',(9.3E-1,1.2E-1,-1.77E1));
#5425=CARTESIAN_POINT('',(1.57E0,1.2E-1,-1.77E1));
#5426=VERTEX_POINT('',#5424);
#5427=VERTEX_POINT('',#5425);
#5428=CARTESIAN_POINT('',(1.57E0,-5.2E-1,-1.77E1));
#5429=VERTEX_POINT('',#5428);
#5430=CARTESIAN_POINT('',(9.3E-1,-5.2E-1,-1.77E1));
#5431=VERTEX_POINT('',#5430);
#5432=CARTESIAN_POINT('',(-1.57E0,1.2E-1,-2.088E1));
#5433=CARTESIAN_POINT('',(-9.3E-1,1.2E-1,-2.088E1));
#5434=VERTEX_POINT('',#5432);
#5435=VERTEX_POINT('',#5433);
#5436=CARTESIAN_POINT('',(-9.3E-1,-5.2E-1,-2.088E1));
#5437=CARTESIAN_POINT('',(-1.57E0,-5.2E-1,-2.088E1));
#5438=VERTEX_POINT('',#5436);
#5439=VERTEX_POINT('',#5437);
#5440=CARTESIAN_POINT('',(-1.57E0,-1.52E0,-2.252E1));
#5441=CARTESIAN_POINT('',(-9.3E-1,-1.52E0,-2.252E1));
#5442=VERTEX_POINT('',#5440);
#5443=VERTEX_POINT('',#5441);
#5444=CARTESIAN_POINT('',(-9.3E-1,-1.52E0,-2.188E1));
#5445=CARTESIAN_POINT('',(-1.57E0,-1.52E0,-2.188E1));
#5446=VERTEX_POINT('',#5444);
#5447=VERTEX_POINT('',#5445);
#5448=CARTESIAN_POINT('',(-1.57E0,-1.215E1,-2.252E1));
#5449=CARTESIAN_POINT('',(-9.3E-1,-1.215E1,-2.252E1));
#5450=VERTEX_POINT('',#5448);
#5451=VERTEX_POINT('',#5449);
#5452=CARTESIAN_POINT('',(-9.3E-1,-1.215E1,-2.188E1));
#5453=VERTEX_POINT('',#5452);
#5454=CARTESIAN_POINT('',(-1.57E0,-1.215E1,-2.188E1));
#5455=VERTEX_POINT('',#5454);
#5456=CARTESIAN_POINT('',(-1.57E0,1.2E-1,-1.77E1));
#5457=CARTESIAN_POINT('',(-9.3E-1,1.2E-1,-1.77E1));
#5458=VERTEX_POINT('',#5456);
#5459=VERTEX_POINT('',#5457);
#5460=CARTESIAN_POINT('',(-9.3E-1,-5.2E-1,-1.77E1));
#5461=VERTEX_POINT('',#5460);
#5462=CARTESIAN_POINT('',(-1.57E0,-5.2E-1,-1.77E1));
#5463=VERTEX_POINT('',#5462);
#5464=CARTESIAN_POINT('',(-4.07E0,1.2E-1,-2.088E1));
#5465=CARTESIAN_POINT('',(-3.43E0,1.2E-1,-2.088E1));
#5466=VERTEX_POINT('',#5464);
#5467=VERTEX_POINT('',#5465);
#5468=CARTESIAN_POINT('',(-3.43E0,-5.2E-1,-2.088E1));
#5469=CARTESIAN_POINT('',(-4.07E0,-5.2E-1,-2.088E1));
#5470=VERTEX_POINT('',#5468);
#5471=VERTEX_POINT('',#5469);
#5472=CARTESIAN_POINT('',(-4.07E0,-1.52E0,-2.252E1));
#5473=CARTESIAN_POINT('',(-3.43E0,-1.52E0,-2.252E1));
#5474=VERTEX_POINT('',#5472);
#5475=VERTEX_POINT('',#5473);
#5476=CARTESIAN_POINT('',(-3.43E0,-1.52E0,-2.188E1));
#5477=CARTESIAN_POINT('',(-4.07E0,-1.52E0,-2.188E1));
#5478=VERTEX_POINT('',#5476);
#5479=VERTEX_POINT('',#5477);
#5480=CARTESIAN_POINT('',(-4.07E0,-1.215E1,-2.252E1));
#5481=CARTESIAN_POINT('',(-3.43E0,-1.215E1,-2.252E1));
#5482=VERTEX_POINT('',#5480);
#5483=VERTEX_POINT('',#5481);
#5484=CARTESIAN_POINT('',(-3.43E0,-1.215E1,-2.188E1));
#5485=VERTEX_POINT('',#5484);
#5486=CARTESIAN_POINT('',(-4.07E0,-1.215E1,-2.188E1));
#5487=VERTEX_POINT('',#5486);
#5488=CARTESIAN_POINT('',(-4.07E0,1.2E-1,-1.77E1));
#5489=CARTESIAN_POINT('',(-3.43E0,1.2E-1,-1.77E1));
#5490=VERTEX_POINT('',#5488);
#5491=VERTEX_POINT('',#5489);
#5492=CARTESIAN_POINT('',(-3.43E0,-5.2E-1,-1.77E1));
#5493=VERTEX_POINT('',#5492);
#5494=CARTESIAN_POINT('',(-4.07E0,-5.2E-1,-1.77E1));
#5495=VERTEX_POINT('',#5494);
#5496=CARTESIAN_POINT('',(-6.57E0,1.2E-1,-2.088E1));
#5497=CARTESIAN_POINT('',(-5.93E0,1.2E-1,-2.088E1));
#5498=VERTEX_POINT('',#5496);
#5499=VERTEX_POINT('',#5497);
#5500=CARTESIAN_POINT('',(-5.93E0,-5.2E-1,-2.088E1));
#5501=CARTESIAN_POINT('',(-6.57E0,-5.2E-1,-2.088E1));
#5502=VERTEX_POINT('',#5500);
#5503=VERTEX_POINT('',#5501);
#5504=CARTESIAN_POINT('',(-6.57E0,-1.52E0,-2.252E1));
#5505=CARTESIAN_POINT('',(-5.93E0,-1.52E0,-2.252E1));
#5506=VERTEX_POINT('',#5504);
#5507=VERTEX_POINT('',#5505);
#5508=CARTESIAN_POINT('',(-5.93E0,-1.52E0,-2.188E1));
#5509=CARTESIAN_POINT('',(-6.57E0,-1.52E0,-2.188E1));
#5510=VERTEX_POINT('',#5508);
#5511=VERTEX_POINT('',#5509);
#5512=CARTESIAN_POINT('',(-6.57E0,-1.215E1,-2.252E1));
#5513=CARTESIAN_POINT('',(-5.93E0,-1.215E1,-2.252E1));
#5514=VERTEX_POINT('',#5512);
#5515=VERTEX_POINT('',#5513);
#5516=CARTESIAN_POINT('',(-5.93E0,-1.215E1,-2.188E1));
#5517=VERTEX_POINT('',#5516);
#5518=CARTESIAN_POINT('',(-6.57E0,-1.215E1,-2.188E1));
#5519=VERTEX_POINT('',#5518);
#5520=CARTESIAN_POINT('',(-6.57E0,1.2E-1,-1.77E1));
#5521=CARTESIAN_POINT('',(-5.93E0,1.2E-1,-1.77E1));
#5522=VERTEX_POINT('',#5520);
#5523=VERTEX_POINT('',#5521);
#5524=CARTESIAN_POINT('',(-5.93E0,-5.2E-1,-1.77E1));
#5525=VERTEX_POINT('',#5524);
#5526=CARTESIAN_POINT('',(-6.57E0,-5.2E-1,-1.77E1));
#5527=VERTEX_POINT('',#5526);
#5528=CARTESIAN_POINT('',(-9.07E0,1.2E-1,-2.088E1));
#5529=CARTESIAN_POINT('',(-8.43E0,1.2E-1,-2.088E1));
#5530=VERTEX_POINT('',#5528);
#5531=VERTEX_POINT('',#5529);
#5532=CARTESIAN_POINT('',(-8.43E0,-5.2E-1,-2.088E1));
#5533=CARTESIAN_POINT('',(-9.07E0,-5.2E-1,-2.088E1));
#5534=VERTEX_POINT('',#5532);
#5535=VERTEX_POINT('',#5533);
#5536=CARTESIAN_POINT('',(-9.07E0,-1.52E0,-2.252E1));
#5537=CARTESIAN_POINT('',(-8.43E0,-1.52E0,-2.252E1));
#5538=VERTEX_POINT('',#5536);
#5539=VERTEX_POINT('',#5537);
#5540=CARTESIAN_POINT('',(-8.43E0,-1.52E0,-2.188E1));
#5541=CARTESIAN_POINT('',(-9.07E0,-1.52E0,-2.188E1));
#5542=VERTEX_POINT('',#5540);
#5543=VERTEX_POINT('',#5541);
#5544=CARTESIAN_POINT('',(-9.07E0,-1.215E1,-2.252E1));
#5545=CARTESIAN_POINT('',(-8.43E0,-1.215E1,-2.252E1));
#5546=VERTEX_POINT('',#5544);
#5547=VERTEX_POINT('',#5545);
#5548=CARTESIAN_POINT('',(-8.43E0,-1.215E1,-2.188E1));
#5549=VERTEX_POINT('',#5548);
#5550=CARTESIAN_POINT('',(-9.07E0,-1.215E1,-2.188E1));
#5551=VERTEX_POINT('',#5550);
#5552=CARTESIAN_POINT('',(-9.07E0,1.2E-1,-1.77E1));
#5553=CARTESIAN_POINT('',(-8.43E0,1.2E-1,-1.77E1));
#5554=VERTEX_POINT('',#5552);
#5555=VERTEX_POINT('',#5553);
#5556=CARTESIAN_POINT('',(-8.43E0,-5.2E-1,-1.77E1));
#5557=VERTEX_POINT('',#5556);
#5558=CARTESIAN_POINT('',(-9.07E0,-5.2E-1,-1.77E1));
#5559=VERTEX_POINT('',#5558);
#5560=CARTESIAN_POINT('',(-1.157E1,1.2E-1,-2.088E1));
#5561=CARTESIAN_POINT('',(-1.093E1,1.2E-1,-2.088E1));
#5562=VERTEX_POINT('',#5560);
#5563=VERTEX_POINT('',#5561);
#5564=CARTESIAN_POINT('',(-1.093E1,-5.2E-1,-2.088E1));
#5565=CARTESIAN_POINT('',(-1.157E1,-5.2E-1,-2.088E1));
#5566=VERTEX_POINT('',#5564);
#5567=VERTEX_POINT('',#5565);
#5568=CARTESIAN_POINT('',(-1.157E1,-1.52E0,-2.252E1));
#5569=CARTESIAN_POINT('',(-1.093E1,-1.52E0,-2.252E1));
#5570=VERTEX_POINT('',#5568);
#5571=VERTEX_POINT('',#5569);
#5572=CARTESIAN_POINT('',(-1.093E1,-1.52E0,-2.188E1));
#5573=CARTESIAN_POINT('',(-1.157E1,-1.52E0,-2.188E1));
#5574=VERTEX_POINT('',#5572);
#5575=VERTEX_POINT('',#5573);
#5576=CARTESIAN_POINT('',(-1.157E1,-1.215E1,-2.252E1));
#5577=CARTESIAN_POINT('',(-1.093E1,-1.215E1,-2.252E1));
#5578=VERTEX_POINT('',#5576);
#5579=VERTEX_POINT('',#5577);
#5580=CARTESIAN_POINT('',(-1.093E1,-1.215E1,-2.188E1));
#5581=VERTEX_POINT('',#5580);
#5582=CARTESIAN_POINT('',(-1.157E1,-1.215E1,-2.188E1));
#5583=VERTEX_POINT('',#5582);
#5584=CARTESIAN_POINT('',(-1.157E1,1.2E-1,-1.77E1));
#5585=CARTESIAN_POINT('',(-1.093E1,1.2E-1,-1.77E1));
#5586=VERTEX_POINT('',#5584);
#5587=VERTEX_POINT('',#5585);
#5588=CARTESIAN_POINT('',(-1.093E1,-5.2E-1,-1.77E1));
#5589=VERTEX_POINT('',#5588);
#5590=CARTESIAN_POINT('',(-1.157E1,-5.2E-1,-1.77E1));
#5591=VERTEX_POINT('',#5590);
#5592=CARTESIAN_POINT('',(7.5E-1,-5.08E0,-7.5E0));
#5593=CARTESIAN_POINT('',(7.5E-1,-5.72E0,-7.5E0));
#5594=VERTEX_POINT('',#5592);
#5595=VERTEX_POINT('',#5593);
#5596=CARTESIAN_POINT('',(1.75E0,-5.72E0,-7.5E0));
#5597=VERTEX_POINT('',#5596);
#5598=CARTESIAN_POINT('',(1.75E0,-5.08E0,-7.5E0));
#5599=VERTEX_POINT('',#5598);
#5600=CARTESIAN_POINT('',(1.75E0,1.2E-1,-7.5E0));
#5601=CARTESIAN_POINT('',(7.5E-1,1.2E-1,-7.5E0));
#5602=VERTEX_POINT('',#5600);
#5603=VERTEX_POINT('',#5601);
#5604=CARTESIAN_POINT('',(7.5E-1,-5.2E-1,-7.5E0));
#5605=VERTEX_POINT('',#5604);
#5606=CARTESIAN_POINT('',(1.75E0,-5.2E-1,-7.5E0));
#5607=VERTEX_POINT('',#5606);
#5608=CARTESIAN_POINT('',(7.5E-1,-5.08E0,-1.45E1));
#5609=CARTESIAN_POINT('',(7.5E-1,-5.72E0,-1.45E1));
#5610=VERTEX_POINT('',#5608);
#5611=VERTEX_POINT('',#5609);
#5612=CARTESIAN_POINT('',(1.75E0,-5.72E0,-1.45E1));
#5613=VERTEX_POINT('',#5612);
#5614=CARTESIAN_POINT('',(1.75E0,-5.08E0,-1.45E1));
#5615=VERTEX_POINT('',#5614);
#5616=CARTESIAN_POINT('',(1.75E0,1.2E-1,-1.45E1));
#5617=CARTESIAN_POINT('',(7.5E-1,1.2E-1,-1.45E1));
#5618=VERTEX_POINT('',#5616);
#5619=VERTEX_POINT('',#5617);
#5620=CARTESIAN_POINT('',(7.5E-1,-5.2E-1,-1.45E1));
#5621=VERTEX_POINT('',#5620);
#5622=CARTESIAN_POINT('',(1.75E0,-5.2E-1,-1.45E1));
#5623=VERTEX_POINT('',#5622);
#5624=CARTESIAN_POINT('',(-1.75E0,-5.08E0,-7.5E0));
#5625=CARTESIAN_POINT('',(-1.75E0,-5.72E0,-7.5E0));
#5626=VERTEX_POINT('',#5624);
#5627=VERTEX_POINT('',#5625);
#5628=CARTESIAN_POINT('',(-7.5E-1,-5.72E0,-7.5E0));
#5629=VERTEX_POINT('',#5628);
#5630=CARTESIAN_POINT('',(-7.5E-1,-5.08E0,-7.5E0));
#5631=VERTEX_POINT('',#5630);
#5632=CARTESIAN_POINT('',(-7.5E-1,1.2E-1,-7.5E0));
#5633=CARTESIAN_POINT('',(-1.75E0,1.2E-1,-7.5E0));
#5634=VERTEX_POINT('',#5632);
#5635=VERTEX_POINT('',#5633);
#5636=CARTESIAN_POINT('',(-1.75E0,-5.2E-1,-7.5E0));
#5637=VERTEX_POINT('',#5636);
#5638=CARTESIAN_POINT('',(-7.5E-1,-5.2E-1,-7.5E0));
#5639=VERTEX_POINT('',#5638);
#5640=CARTESIAN_POINT('',(-1.75E0,-5.08E0,-1.45E1));
#5641=CARTESIAN_POINT('',(-1.75E0,-5.72E0,-1.45E1));
#5642=VERTEX_POINT('',#5640);
#5643=VERTEX_POINT('',#5641);
#5644=CARTESIAN_POINT('',(-7.5E-1,-5.72E0,-1.45E1));
#5645=VERTEX_POINT('',#5644);
#5646=CARTESIAN_POINT('',(-7.5E-1,-5.08E0,-1.45E1));
#5647=VERTEX_POINT('',#5646);
#5648=CARTESIAN_POINT('',(-7.5E-1,1.2E-1,-1.45E1));
#5649=CARTESIAN_POINT('',(-1.75E0,1.2E-1,-1.45E1));
#5650=VERTEX_POINT('',#5648);
#5651=VERTEX_POINT('',#5649);
#5652=CARTESIAN_POINT('',(-1.75E0,-5.2E-1,-1.45E1));
#5653=VERTEX_POINT('',#5652);
#5654=CARTESIAN_POINT('',(-7.5E-1,-5.2E-1,-1.45E1));
#5655=VERTEX_POINT('',#5654);
#5656=CARTESIAN_POINT('',(-4.25E0,-5.08E0,-7.5E0));
#5657=CARTESIAN_POINT('',(-4.25E0,-5.72E0,-7.5E0));
#5658=VERTEX_POINT('',#5656);
#5659=VERTEX_POINT('',#5657);
#5660=CARTESIAN_POINT('',(-3.25E0,-5.72E0,-7.5E0));
#5661=VERTEX_POINT('',#5660);
#5662=CARTESIAN_POINT('',(-3.25E0,-5.08E0,-7.5E0));
#5663=VERTEX_POINT('',#5662);
#5664=CARTESIAN_POINT('',(-3.25E0,1.2E-1,-7.5E0));
#5665=CARTESIAN_POINT('',(-4.25E0,1.2E-1,-7.5E0));
#5666=VERTEX_POINT('',#5664);
#5667=VERTEX_POINT('',#5665);
#5668=CARTESIAN_POINT('',(-4.25E0,-5.2E-1,-7.5E0));
#5669=VERTEX_POINT('',#5668);
#5670=CARTESIAN_POINT('',(-3.25E0,-5.2E-1,-7.5E0));
#5671=VERTEX_POINT('',#5670);
#5672=CARTESIAN_POINT('',(-4.25E0,-5.08E0,-1.45E1));
#5673=CARTESIAN_POINT('',(-4.25E0,-5.72E0,-1.45E1));
#5674=VERTEX_POINT('',#5672);
#5675=VERTEX_POINT('',#5673);
#5676=CARTESIAN_POINT('',(-3.25E0,-5.72E0,-1.45E1));
#5677=VERTEX_POINT('',#5676);
#5678=CARTESIAN_POINT('',(-3.25E0,-5.08E0,-1.45E1));
#5679=VERTEX_POINT('',#5678);
#5680=CARTESIAN_POINT('',(-3.25E0,1.2E-1,-1.45E1));
#5681=CARTESIAN_POINT('',(-4.25E0,1.2E-1,-1.45E1));
#5682=VERTEX_POINT('',#5680);
#5683=VERTEX_POINT('',#5681);
#5684=CARTESIAN_POINT('',(-4.25E0,-5.2E-1,-1.45E1));
#5685=VERTEX_POINT('',#5684);
#5686=CARTESIAN_POINT('',(-3.25E0,-5.2E-1,-1.45E1));
#5687=VERTEX_POINT('',#5686);
#5688=CARTESIAN_POINT('',(-6.75E0,-5.08E0,-7.5E0));
#5689=CARTESIAN_POINT('',(-6.75E0,-5.72E0,-7.5E0));
#5690=VERTEX_POINT('',#5688);
#5691=VERTEX_POINT('',#5689);
#5692=CARTESIAN_POINT('',(-5.75E0,-5.72E0,-7.5E0));
#5693=VERTEX_POINT('',#5692);
#5694=CARTESIAN_POINT('',(-5.75E0,-5.08E0,-7.5E0));
#5695=VERTEX_POINT('',#5694);
#5696=CARTESIAN_POINT('',(-5.75E0,1.2E-1,-7.5E0));
#5697=CARTESIAN_POINT('',(-6.75E0,1.2E-1,-7.5E0));
#5698=VERTEX_POINT('',#5696);
#5699=VERTEX_POINT('',#5697);
#5700=CARTESIAN_POINT('',(-6.75E0,-5.2E-1,-7.5E0));
#5701=VERTEX_POINT('',#5700);
#5702=CARTESIAN_POINT('',(-5.75E0,-5.2E-1,-7.5E0));
#5703=VERTEX_POINT('',#5702);
#5704=CARTESIAN_POINT('',(-6.75E0,-5.08E0,-1.45E1));
#5705=CARTESIAN_POINT('',(-6.75E0,-5.72E0,-1.45E1));
#5706=VERTEX_POINT('',#5704);
#5707=VERTEX_POINT('',#5705);
#5708=CARTESIAN_POINT('',(-5.75E0,-5.72E0,-1.45E1));
#5709=VERTEX_POINT('',#5708);
#5710=CARTESIAN_POINT('',(-5.75E0,-5.08E0,-1.45E1));
#5711=VERTEX_POINT('',#5710);
#5712=CARTESIAN_POINT('',(-5.75E0,1.2E-1,-1.45E1));
#5713=CARTESIAN_POINT('',(-6.75E0,1.2E-1,-1.45E1));
#5714=VERTEX_POINT('',#5712);
#5715=VERTEX_POINT('',#5713);
#5716=CARTESIAN_POINT('',(-6.75E0,-5.2E-1,-1.45E1));
#5717=VERTEX_POINT('',#5716);
#5718=CARTESIAN_POINT('',(-5.75E0,-5.2E-1,-1.45E1));
#5719=VERTEX_POINT('',#5718);
#5720=CARTESIAN_POINT('',(-9.25E0,-5.08E0,-7.5E0));
#5721=CARTESIAN_POINT('',(-9.25E0,-5.72E0,-7.5E0));
#5722=VERTEX_POINT('',#5720);
#5723=VERTEX_POINT('',#5721);
#5724=CARTESIAN_POINT('',(-8.25E0,-5.72E0,-7.5E0));
#5725=VERTEX_POINT('',#5724);
#5726=CARTESIAN_POINT('',(-8.25E0,-5.08E0,-7.5E0));
#5727=VERTEX_POINT('',#5726);
#5728=CARTESIAN_POINT('',(-8.25E0,1.2E-1,-7.5E0));
#5729=CARTESIAN_POINT('',(-9.25E0,1.2E-1,-7.5E0));
#5730=VERTEX_POINT('',#5728);
#5731=VERTEX_POINT('',#5729);
#5732=CARTESIAN_POINT('',(-9.25E0,-5.2E-1,-7.5E0));
#5733=VERTEX_POINT('',#5732);
#5734=CARTESIAN_POINT('',(-8.25E0,-5.2E-1,-7.5E0));
#5735=VERTEX_POINT('',#5734);
#5736=CARTESIAN_POINT('',(-9.25E0,-5.08E0,-1.45E1));
#5737=CARTESIAN_POINT('',(-9.25E0,-5.72E0,-1.45E1));
#5738=VERTEX_POINT('',#5736);
#5739=VERTEX_POINT('',#5737);
#5740=CARTESIAN_POINT('',(-8.25E0,-5.72E0,-1.45E1));
#5741=VERTEX_POINT('',#5740);
#5742=CARTESIAN_POINT('',(-8.25E0,-5.08E0,-1.45E1));
#5743=VERTEX_POINT('',#5742);
#5744=CARTESIAN_POINT('',(-8.25E0,1.2E-1,-1.45E1));
#5745=CARTESIAN_POINT('',(-9.25E0,1.2E-1,-1.45E1));
#5746=VERTEX_POINT('',#5744);
#5747=VERTEX_POINT('',#5745);
#5748=CARTESIAN_POINT('',(-9.25E0,-5.2E-1,-1.45E1));
#5749=VERTEX_POINT('',#5748);
#5750=CARTESIAN_POINT('',(-8.25E0,-5.2E-1,-1.45E1));
#5751=VERTEX_POINT('',#5750);
#5752=CARTESIAN_POINT('',(-1.175E1,-5.08E0,-7.5E0));
#5753=CARTESIAN_POINT('',(-1.175E1,-5.72E0,-7.5E0));
#5754=VERTEX_POINT('',#5752);
#5755=VERTEX_POINT('',#5753);
#5756=CARTESIAN_POINT('',(-1.075E1,-5.72E0,-7.5E0));
#5757=VERTEX_POINT('',#5756);
#5758=CARTESIAN_POINT('',(-1.075E1,-5.08E0,-7.5E0));
#5759=VERTEX_POINT('',#5758);
#5760=CARTESIAN_POINT('',(-1.075E1,1.2E-1,-7.5E0));
#5761=CARTESIAN_POINT('',(-1.175E1,1.2E-1,-7.5E0));
#5762=VERTEX_POINT('',#5760);
#5763=VERTEX_POINT('',#5761);
#5764=CARTESIAN_POINT('',(-1.175E1,-5.2E-1,-7.5E0));
#5765=VERTEX_POINT('',#5764);
#5766=CARTESIAN_POINT('',(-1.075E1,-5.2E-1,-7.5E0));
#5767=VERTEX_POINT('',#5766);
#5768=CARTESIAN_POINT('',(-1.175E1,-5.08E0,-1.45E1));
#5769=CARTESIAN_POINT('',(-1.175E1,-5.72E0,-1.45E1));
#5770=VERTEX_POINT('',#5768);
#5771=VERTEX_POINT('',#5769);
#5772=CARTESIAN_POINT('',(-1.075E1,-5.72E0,-1.45E1));
#5773=VERTEX_POINT('',#5772);
#5774=CARTESIAN_POINT('',(-1.075E1,-5.08E0,-1.45E1));
#5775=VERTEX_POINT('',#5774);
#5776=CARTESIAN_POINT('',(-1.075E1,1.2E-1,-1.45E1));
#5777=CARTESIAN_POINT('',(-1.175E1,1.2E-1,-1.45E1));
#5778=VERTEX_POINT('',#5776);
#5779=VERTEX_POINT('',#5777);
#5780=CARTESIAN_POINT('',(-1.175E1,-5.2E-1,-1.45E1));
#5781=VERTEX_POINT('',#5780);
#5782=CARTESIAN_POINT('',(-1.075E1,-5.2E-1,-1.45E1));
#5783=VERTEX_POINT('',#5782);
#5784=CARTESIAN_POINT('',(-1.455E1,6.45E0,-1.77E1));
#5785=CARTESIAN_POINT('',(-1.255E1,8.45E0,-1.77E1));
#5786=VERTEX_POINT('',#5784);
#5787=VERTEX_POINT('',#5785);
#5788=CARTESIAN_POINT('',(-1.255E1,8.45E0,0.E0));
#5789=VERTEX_POINT('',#5788);
#5790=CARTESIAN_POINT('',(-1.455E1,6.45E0,0.E0));
#5791=VERTEX_POINT('',#5790);
#5792=CARTESIAN_POINT('',(1.255E1,8.45E0,-1.77E1));
#5793=CARTESIAN_POINT('',(1.455E1,6.45E0,-1.77E1));
#5794=VERTEX_POINT('',#5792);
#5795=VERTEX_POINT('',#5793);
#5796=CARTESIAN_POINT('',(1.455E1,6.45E0,0.E0));
#5797=VERTEX_POINT('',#5796);
#5798=CARTESIAN_POINT('',(1.255E1,8.45E0,0.E0));
#5799=VERTEX_POINT('',#5798);
#5800=CARTESIAN_POINT('',(0.E0,0.E0,0.E0));
#5801=DIRECTION('',(0.E0,0.E0,1.E0));
#5802=DIRECTION('',(-1.E0,0.E0,0.E0));
#5803=AXIS2_PLACEMENT_3D('',#5800,#5801,#5802);
#5804=PLANE('',#5803);
#5806=ORIENTED_EDGE('',*,*,#5805,.F.);
#5808=ORIENTED_EDGE('',*,*,#5807,.T.);
#5810=ORIENTED_EDGE('',*,*,#5809,.F.);
#5812=ORIENTED_EDGE('',*,*,#5811,.T.);
#5814=ORIENTED_EDGE('',*,*,#5813,.T.);
#5816=ORIENTED_EDGE('',*,*,#5815,.T.);
#5817=EDGE_LOOP('',(#5806,#5808,#5810,#5812,#5814,#5816));
#5818=FACE_OUTER_BOUND('',#5817,.F.);
#5820=ORIENTED_EDGE('',*,*,#5819,.F.);
#5822=ORIENTED_EDGE('',*,*,#5821,.F.);
#5824=ORIENTED_EDGE('',*,*,#5823,.F.);
#5826=ORIENTED_EDGE('',*,*,#5825,.F.);
#5828=ORIENTED_EDGE('',*,*,#5827,.F.);
#5830=ORIENTED_EDGE('',*,*,#5829,.F.);
#5832=ORIENTED_EDGE('',*,*,#5831,.F.);
#5834=ORIENTED_EDGE('',*,*,#5833,.F.);
#5836=ORIENTED_EDGE('',*,*,#5835,.F.);
#5838=ORIENTED_EDGE('',*,*,#5837,.F.);
#5840=ORIENTED_EDGE('',*,*,#5839,.F.);
#5842=ORIENTED_EDGE('',*,*,#5841,.F.);
#5844=ORIENTED_EDGE('',*,*,#5843,.F.);
#5846=ORIENTED_EDGE('',*,*,#5845,.T.);
#5848=ORIENTED_EDGE('',*,*,#5847,.F.);
#5850=ORIENTED_EDGE('',*,*,#5849,.F.);
#5852=ORIENTED_EDGE('',*,*,#5851,.F.);
#5854=ORIENTED_EDGE('',*,*,#5853,.F.);
#5856=ORIENTED_EDGE('',*,*,#5855,.F.);
#5858=ORIENTED_EDGE('',*,*,#5857,.T.);
#5860=ORIENTED_EDGE('',*,*,#5859,.F.);
#5862=ORIENTED_EDGE('',*,*,#5861,.F.);
#5864=ORIENTED_EDGE('',*,*,#5863,.F.);
#5866=ORIENTED_EDGE('',*,*,#5865,.F.);
#5868=ORIENTED_EDGE('',*,*,#5867,.F.);
#5870=ORIENTED_EDGE('',*,*,#5869,.F.);
#5872=ORIENTED_EDGE('',*,*,#5871,.F.);
#5874=ORIENTED_EDGE('',*,*,#5873,.F.);
#5875=EDGE_LOOP('',(#5820,#5822,#5824,#5826,#5828,#5830,#5832,#5834,#5836,#5838,
#5840,#5842,#5844,#5846,#5848,#5850,#5852,#5854,#5856,#5858,#5860,#5862,#5864,
#5866,#5868,#5870,#5872,#5874));
#5876=FACE_BOUND('',#5875,.F.);
#5877=ADVANCED_FACE('',(#5818,#5876),#5804,.T.);
#5878=CARTESIAN_POINT('',(2.65E0,7.65E0,-2.E-1));
#5879=DIRECTION('',(0.E0,-7.071067811865E-1,7.071067811865E-1));
#5880=DIRECTION('',(-1.E0,0.E0,0.E0));
#5881=AXIS2_PLACEMENT_3D('',#5878,#5879,#5880);
#5882=PLANE('',#5881);
#5884=ORIENTED_EDGE('',*,*,#5883,.T.);
#5886=ORIENTED_EDGE('',*,*,#5885,.F.);
#5888=ORIENTED_EDGE('',*,*,#5887,.T.);
#5889=ORIENTED_EDGE('',*,*,#5827,.T.);
#5891=ORIENTED_EDGE('',*,*,#5890,.F.);
#5893=ORIENTED_EDGE('',*,*,#5892,.F.);
#5895=ORIENTED_EDGE('',*,*,#5894,.T.);
#5896=EDGE_LOOP('',(#5884,#5886,#5888,#5889,#5891,#5893,#5895));
#5897=FACE_OUTER_BOUND('',#5896,.F.);
#5898=ADVANCED_FACE('',(#5897),#5882,.T.);
#5899=CARTESIAN_POINT('',(2.65E0,7.65E0,-2.E-1));
#5900=DIRECTION('',(0.E0,-7.071067811865E-1,7.071067811865E-1));
#5901=DIRECTION('',(-1.E0,0.E0,0.E0));
#5902=AXIS2_PLACEMENT_3D('',#5899,#5900,#5901);
#5903=PLANE('',#5902);
#5905=ORIENTED_EDGE('',*,*,#5904,.F.);
#5907=ORIENTED_EDGE('',*,*,#5906,.F.);
#5909=ORIENTED_EDGE('',*,*,#5908,.F.);
#5911=ORIENTED_EDGE('',*,*,#5910,.T.);
#5913=ORIENTED_EDGE('',*,*,#5912,.T.);
#5914=ORIENTED_EDGE('',*,*,#5819,.T.);
#5916=ORIENTED_EDGE('',*,*,#5915,.F.);
#5917=EDGE_LOOP('',(#5905,#5907,#5909,#5911,#5913,#5914,#5916));
#5918=FACE_OUTER_BOUND('',#5917,.F.);
#5919=ADVANCED_FACE('',(#5918),#5903,.T.);
#5920=CARTESIAN_POINT('',(-2.4E0,0.E0,0.E0));
#5921=DIRECTION('',(-1.E0,0.E0,0.E0));
#5922=DIRECTION('',(0.E0,-1.E0,0.E0));
#5923=AXIS2_PLACEMENT_3D('',#5920,#5921,#5922);
#5924=PLANE('',#5923);
#5926=ORIENTED_EDGE('',*,*,#5925,.F.);
#5927=ORIENTED_EDGE('',*,*,#5883,.F.);
#5929=ORIENTED_EDGE('',*,*,#5928,.T.);
#5931=ORIENTED_EDGE('',*,*,#5930,.F.);
#5932=EDGE_LOOP('',(#5926,#5927,#5929,#5931));
#5933=FACE_OUTER_BOUND('',#5932,.F.);
#5934=ADVANCED_FACE('',(#5933),#5924,.T.);
#5935=CARTESIAN_POINT('',(-4.3E0,7.45E0,0.E0));
#5936=DIRECTION('',(0.E0,1.E0,0.E0));
#5937=DIRECTION('',(1.E0,0.E0,0.E0));
#5938=AXIS2_PLACEMENT_3D('',#5935,#5936,#5937);
#5939=PLANE('',#5938);
#5940=ORIENTED_EDGE('',*,*,#5904,.T.);
#5942=ORIENTED_EDGE('',*,*,#5941,.F.);
#5944=ORIENTED_EDGE('',*,*,#5943,.T.);
#5946=ORIENTED_EDGE('',*,*,#5945,.F.);
#5948=ORIENTED_EDGE('',*,*,#5947,.F.);
#5950=ORIENTED_EDGE('',*,*,#5949,.F.);
#5951=EDGE_LOOP('',(#5940,#5942,#5944,#5946,#5948,#5950));
#5952=FACE_OUTER_BOUND('',#5951,.F.);
#5953=ADVANCED_FACE('',(#5952),#5939,.F.);
#5954=CARTESIAN_POINT('',(-4.3E0,7.45E0,0.E0));
#5955=DIRECTION('',(0.E0,1.E0,0.E0));
#5956=DIRECTION('',(1.E0,0.E0,0.E0));
#5957=AXIS2_PLACEMENT_3D('',#5954,#5955,#5956);
#5958=PLANE('',#5957);
#5959=ORIENTED_EDGE('',*,*,#5885,.T.);
#5960=ORIENTED_EDGE('',*,*,#5925,.T.);
#5962=ORIENTED_EDGE('',*,*,#5961,.F.);
#5964=ORIENTED_EDGE('',*,*,#5963,.T.);
#5966=ORIENTED_EDGE('',*,*,#5965,.T.);
#5968=ORIENTED_EDGE('',*,*,#5967,.T.);
#5969=EDGE_LOOP('',(#5959,#5960,#5962,#5964,#5966,#5968));
#5970=FACE_OUTER_BOUND('',#5969,.F.);
#5971=ADVANCED_FACE('',(#5970),#5958,.F.);
#5972=CARTESIAN_POINT('',(4.3E0,7.45E0,0.E0));
#5973=DIRECTION('',(1.E0,0.E0,0.E0));
#5974=DIRECTION('',(0.E0,-1.E0,0.E0));
#5975=AXIS2_PLACEMENT_3D('',#5972,#5973,#5974);
#5976=PLANE('',#5975);
#5977=ORIENTED_EDGE('',*,*,#5941,.T.);
#5979=ORIENTED_EDGE('',*,*,#5978,.T.);
#5981=ORIENTED_EDGE('',*,*,#5980,.F.);
#5983=ORIENTED_EDGE('',*,*,#5982,.T.);
#5984=EDGE_LOOP('',(#5977,#5979,#5981,#5983));
#5985=FACE_OUTER_BOUND('',#5984,.F.);
#5986=ADVANCED_FACE('',(#5985),#5976,.F.);
#5987=CARTESIAN_POINT('',(4.5E0,6.E0,-2.E-1));
#5988=DIRECTION('',(-7.071067811865E-1,0.E0,7.071067811865E-1));
#5989=DIRECTION('',(0.E0,-1.E0,0.E0));
#5990=AXIS2_PLACEMENT_3D('',#5987,#5988,#5989);
#5991=PLANE('',#5990);
#5992=ORIENTED_EDGE('',*,*,#5978,.F.);
#5993=ORIENTED_EDGE('',*,*,#5915,.T.);
#5994=ORIENTED_EDGE('',*,*,#5873,.T.);
#5996=ORIENTED_EDGE('',*,*,#5995,.F.);
#5997=EDGE_LOOP('',(#5992,#5993,#5994,#5996));
#5998=FACE_OUTER_BOUND('',#5997,.F.);
#5999=ADVANCED_FACE('',(#5998),#5991,.T.);
#6000=CARTESIAN_POINT('',(6.925E0,4.75E0,-2.E-1));
#6001=DIRECTION('',(0.E0,-7.071067811865E-1,7.071067811865E-1));
#6002=DIRECTION('',(-1.E0,0.E0,0.E0));
#6003=AXIS2_PLACEMENT_3D('',#6000,#6001,#6002);
#6004=PLANE('',#6003);
#6006=ORIENTED_EDGE('',*,*,#6005,.F.);
#6007=ORIENTED_EDGE('',*,*,#5995,.T.);
#6008=ORIENTED_EDGE('',*,*,#5871,.T.);
#6010=ORIENTED_EDGE('',*,*,#6009,.T.);
#6012=ORIENTED_EDGE('',*,*,#6011,.T.);
#6013=EDGE_LOOP('',(#6006,#6007,#6008,#6010,#6012));
#6014=FACE_OUTER_BOUND('',#6013,.F.);
#6015=ADVANCED_FACE('',(#6014),#6004,.T.);
#6016=CARTESIAN_POINT('',(4.3E0,4.55E0,0.E0));
#6017=DIRECTION('',(0.E0,1.E0,0.E0));
#6018=DIRECTION('',(1.E0,0.E0,0.E0));
#6019=AXIS2_PLACEMENT_3D('',#6016,#6017,#6018);
#6020=PLANE('',#6019);
#6021=ORIENTED_EDGE('',*,*,#6005,.T.);
#6023=ORIENTED_EDGE('',*,*,#6022,.T.);
#6025=ORIENTED_EDGE('',*,*,#6024,.T.);
#6026=ORIENTED_EDGE('',*,*,#5980,.T.);
#6027=EDGE_LOOP('',(#6021,#6023,#6025,#6026));
#6028=FACE_OUTER_BOUND('',#6027,.F.);
#6029=ADVANCED_FACE('',(#6028),#6020,.F.);
#6030=CARTESIAN_POINT('',(9.35E0,4.75E0,-7.25E0));
#6031=DIRECTION('',(7.071067811865E-1,-7.071067811865E-1,0.E0));
#6032=DIRECTION('',(0.E0,0.E0,-1.E0));
#6033=AXIS2_PLACEMENT_3D('',#6030,#6031,#6032);
#6034=PLANE('',#6033);
#6036=ORIENTED_EDGE('',*,*,#6035,.F.);
#6038=ORIENTED_EDGE('',*,*,#6037,.T.);
#6040=ORIENTED_EDGE('',*,*,#6039,.T.);
#6041=ORIENTED_EDGE('',*,*,#6022,.F.);
#6042=ORIENTED_EDGE('',*,*,#6011,.F.);
#6043=EDGE_LOOP('',(#6036,#6038,#6040,#6041,#6042));
#6044=FACE_OUTER_BOUND('',#6043,.F.);
#6045=ADVANCED_FACE('',(#6044),#6034,.T.);
#6046=CARTESIAN_POINT('',(9.35E0,6.E0,-2.E-1));
#6047=DIRECTION('',(7.071067811865E-1,0.E0,7.071067811865E-1));
#6048=DIRECTION('',(0.E0,-1.E0,0.E0));
#6049=AXIS2_PLACEMENT_3D('',#6046,#6047,#6048);
#6050=PLANE('',#6049);
#6052=ORIENTED_EDGE('',*,*,#6051,.T.);
#6054=ORIENTED_EDGE('',*,*,#6053,.F.);
#6055=ORIENTED_EDGE('',*,*,#6035,.T.);
#6056=ORIENTED_EDGE('',*,*,#6009,.F.);
#6057=ORIENTED_EDGE('',*,*,#5869,.T.);
#6058=EDGE_LOOP('',(#6052,#6054,#6055,#6056,#6057));
#6059=FACE_OUTER_BOUND('',#6058,.F.);
#6060=ADVANCED_FACE('',(#6059),#6050,.T.);
#6061=CARTESIAN_POINT('',(9.95E0,7.45E0,-4.E-1));
#6062=DIRECTION('',(3.015113445778E-1,-3.015113445778E-1,9.045340337333E-1));
#6063=DIRECTION('',(-9.534625892456E-2,-9.534625892456E-1,-2.860387767737E-1));
#6064=AXIS2_PLACEMENT_3D('',#6061,#6062,#6063);
#6065=PLANE('',#6064);
#6067=ORIENTED_EDGE('',*,*,#6066,.F.);
#6068=ORIENTED_EDGE('',*,*,#6051,.F.);
#6070=ORIENTED_EDGE('',*,*,#6069,.T.);
#6071=EDGE_LOOP('',(#6067,#6068,#6070));
#6072=FACE_OUTER_BOUND('',#6071,.F.);
#6073=ADVANCED_FACE('',(#6072),#6065,.T.);
#6074=CARTESIAN_POINT('',(9.75E0,7.25E0,-7.25E0));
#6075=DIRECTION('',(7.071067811865E-1,-7.071067811865E-1,0.E0));
#6076=DIRECTION('',(0.E0,0.E0,-1.E0));
#6077=AXIS2_PLACEMENT_3D('',#6074,#6075,#6076);
#6078=PLANE('',#6077);
#6079=ORIENTED_EDGE('',*,*,#6066,.T.);
#6081=ORIENTED_EDGE('',*,*,#6080,.F.);
#6083=ORIENTED_EDGE('',*,*,#6082,.T.);
#6085=ORIENTED_EDGE('',*,*,#6084,.T.);
#6086=EDGE_LOOP('',(#6079,#6081,#6083,#6085));
#6087=FACE_OUTER_BOUND('',#6086,.F.);
#6088=ADVANCED_FACE('',(#6087),#6078,.T.);
#6089=CARTESIAN_POINT('',(9.55E0,7.45E0,0.E0));
#6090=DIRECTION('',(0.E0,1.E0,0.E0));
#6091=DIRECTION('',(1.E0,0.E0,0.E0));
#6092=AXIS2_PLACEMENT_3D('',#6089,#6090,#6091);
#6093=PLANE('',#6092);
#6095=ORIENTED_EDGE('',*,*,#6094,.T.);
#6097=ORIENTED_EDGE('',*,*,#6096,.F.);
#6099=ORIENTED_EDGE('',*,*,#6098,.F.);
#6100=ORIENTED_EDGE('',*,*,#6080,.T.);
#6101=EDGE_LOOP('',(#6095,#6097,#6099,#6100));
#6102=FACE_OUTER_BOUND('',#6101,.F.);
#6103=ADVANCED_FACE('',(#6102),#6093,.F.);
#6104=CARTESIAN_POINT('',(1.05E1,7.65E0,-2.E-1));
#6105=DIRECTION('',(0.E0,-7.071067811865E-1,7.071067811865E-1));
#6106=DIRECTION('',(-1.E0,0.E0,0.E0));
#6107=AXIS2_PLACEMENT_3D('',#6104,#6105,#6106);
#6108=PLANE('',#6107);
#6110=ORIENTED_EDGE('',*,*,#6109,.T.);
#6111=ORIENTED_EDGE('',*,*,#6094,.F.);
#6112=ORIENTED_EDGE('',*,*,#6069,.F.);
#6113=ORIENTED_EDGE('',*,*,#5867,.T.);
#6114=EDGE_LOOP('',(#6110,#6111,#6112,#6113));
#6115=FACE_OUTER_BOUND('',#6114,.F.);
#6116=ADVANCED_FACE('',(#6115),#6108,.T.);
#6117=CARTESIAN_POINT('',(1.145E1,7.05E0,-4.E-1));
#6118=DIRECTION('',(-3.015113445778E-1,-3.015113445778E-1,9.045340337333E-1));
#6119=DIRECTION('',(9.534625892456E-2,-9.534625892456E-1,-2.860387767737E-1));
#6120=AXIS2_PLACEMENT_3D('',#6117,#6118,#6119);
#6121=PLANE('',#6120);
#6122=ORIENTED_EDGE('',*,*,#6109,.F.);
#6124=ORIENTED_EDGE('',*,*,#6123,.F.);
#6126=ORIENTED_EDGE('',*,*,#6125,.F.);
#6127=EDGE_LOOP('',(#6122,#6124,#6126));
#6128=FACE_OUTER_BOUND('',#6127,.F.);
#6129=ADVANCED_FACE('',(#6128),#6121,.T.);
#6130=CARTESIAN_POINT('',(1.165E1,6.E0,-2.E-1));
#6131=DIRECTION('',(-7.071067811865E-1,0.E0,7.071067811865E-1));
#6132=DIRECTION('',(0.E0,-1.E0,0.E0));
#6133=AXIS2_PLACEMENT_3D('',#6130,#6131,#6132);
#6134=PLANE('',#6133);
#6136=ORIENTED_EDGE('',*,*,#6135,.T.);
#6138=ORIENTED_EDGE('',*,*,#6137,.T.);
#6140=ORIENTED_EDGE('',*,*,#6139,.F.);
#6141=ORIENTED_EDGE('',*,*,#6123,.T.);
#6142=ORIENTED_EDGE('',*,*,#5865,.T.);
#6143=EDGE_LOOP('',(#6136,#6138,#6140,#6141,#6142));
#6144=FACE_OUTER_BOUND('',#6143,.F.);
#6145=ADVANCED_FACE('',(#6144),#6134,.T.);
#6146=CARTESIAN_POINT('',(1.24E1,4.75E0,-2.E-1));
#6147=DIRECTION('',(0.E0,-7.071067811865E-1,7.071067811865E-1));
#6148=DIRECTION('',(-1.E0,0.E0,0.E0));
#6149=AXIS2_PLACEMENT_3D('',#6146,#6147,#6148);
#6150=PLANE('',#6149);
#6152=ORIENTED_EDGE('',*,*,#6151,.T.);
#6153=ORIENTED_EDGE('',*,*,#6135,.F.);
#6154=ORIENTED_EDGE('',*,*,#5863,.T.);
#6156=ORIENTED_EDGE('',*,*,#6155,.F.);
#6158=ORIENTED_EDGE('',*,*,#6157,.F.);
#6159=EDGE_LOOP('',(#6152,#6153,#6154,#6156,#6158));
#6160=FACE_OUTER_BOUND('',#6159,.F.);
#6161=ADVANCED_FACE('',(#6160),#6150,.T.);
#6162=CARTESIAN_POINT('',(1.165E1,4.75E0,-7.25E0));
#6163=DIRECTION('',(-7.071067811865E-1,-7.071067811865E-1,0.E0));
#6164=DIRECTION('',(0.E0,0.E0,-1.E0));
#6165=AXIS2_PLACEMENT_3D('',#6162,#6163,#6164);
#6166=PLANE('',#6165);
#6167=ORIENTED_EDGE('',*,*,#6151,.F.);
#6169=ORIENTED_EDGE('',*,*,#6168,.T.);
#6171=ORIENTED_EDGE('',*,*,#6170,.T.);
#6173=ORIENTED_EDGE('',*,*,#6172,.F.);
#6174=ORIENTED_EDGE('',*,*,#6137,.F.);
#6175=EDGE_LOOP('',(#6167,#6169,#6171,#6173,#6174));
#6176=FACE_OUTER_BOUND('',#6175,.F.);
#6177=ADVANCED_FACE('',(#6176),#6166,.T.);
#6178=CARTESIAN_POINT('',(1.145E1,4.55E0,0.E0));
#6179=DIRECTION('',(0.E0,1.E0,0.E0));
#6180=DIRECTION('',(1.E0,0.E0,0.E0));
#6181=AXIS2_PLACEMENT_3D('',#6178,#6179,#6180);
#6182=PLANE('',#6181);
#6184=ORIENTED_EDGE('',*,*,#6183,.T.);
#6186=ORIENTED_EDGE('',*,*,#6185,.F.);
#6187=ORIENTED_EDGE('',*,*,#6168,.F.);
#6188=ORIENTED_EDGE('',*,*,#6157,.T.);
#6189=EDGE_LOOP('',(#6184,#6186,#6187,#6188));
#6190=FACE_OUTER_BOUND('',#6189,.F.);
#6191=ADVANCED_FACE('',(#6190),#6182,.F.);
#6192=CARTESIAN_POINT('',(1.335E1,4.55E0,0.E0));
#6193=DIRECTION('',(1.E0,0.E0,0.E0));
#6194=DIRECTION('',(0.E0,-1.E0,0.E0));
#6195=AXIS2_PLACEMENT_3D('',#6192,#6193,#6194);
#6196=PLANE('',#6195);
#6198=ORIENTED_EDGE('',*,*,#6197,.T.);
#6200=ORIENTED_EDGE('',*,*,#6199,.F.);
#6202=ORIENTED_EDGE('',*,*,#6201,.T.);
#6203=ORIENTED_EDGE('',*,*,#6183,.F.);
#6204=EDGE_LOOP('',(#6198,#6200,#6202,#6203));
#6205=FACE_OUTER_BOUND('',#6204,.F.);
#6206=ADVANCED_FACE('',(#6205),#6196,.F.);
#6207=CARTESIAN_POINT('',(1.355E1,1.725E0,-2.E-1));
#6208=DIRECTION('',(-7.071067811865E-1,0.E0,7.071067811865E-1));
#6209=DIRECTION('',(0.E0,-1.E0,0.E0));
#6210=AXIS2_PLACEMENT_3D('',#6207,#6208,#6209);
#6211=PLANE('',#6210);
#6213=ORIENTED_EDGE('',*,*,#6212,.T.);
#6214=ORIENTED_EDGE('',*,*,#6197,.F.);
#6215=ORIENTED_EDGE('',*,*,#6155,.T.);
#6216=ORIENTED_EDGE('',*,*,#5861,.T.);
#6217=EDGE_LOOP('',(#6213,#6214,#6215,#6216));
#6218=FACE_OUTER_BOUND('',#6217,.F.);
#6219=ADVANCED_FACE('',(#6218),#6211,.T.);
#6220=CARTESIAN_POINT('',(1.335E1,-1.1E0,0.E0));
#6221=DIRECTION('',(0.E0,-1.E0,0.E0));
#6222=DIRECTION('',(-1.E0,0.E0,0.E0));
#6223=AXIS2_PLACEMENT_3D('',#6220,#6221,#6222);
#6224=PLANE('',#6223);
#6225=ORIENTED_EDGE('',*,*,#6199,.T.);
#6226=ORIENTED_EDGE('',*,*,#6212,.F.);
#6227=ORIENTED_EDGE('',*,*,#5859,.T.);
#6229=ORIENTED_EDGE('',*,*,#6228,.F.);
#6231=ORIENTED_EDGE('',*,*,#6230,.T.);
#6232=EDGE_LOOP('',(#6225,#6226,#6227,#6229,#6231));
#6233=FACE_OUTER_BOUND('',#6232,.F.);
#6234=ADVANCED_FACE('',(#6233),#6224,.F.);
#6235=CARTESIAN_POINT('',(1.265E1,-1.1E0,0.E0));
#6236=DIRECTION('',(1.E0,0.E0,0.E0));
#6237=DIRECTION('',(0.E0,-1.E0,0.E0));
#6238=AXIS2_PLACEMENT_3D('',#6235,#6236,#6237);
#6239=PLANE('',#6238);
#6240=ORIENTED_EDGE('',*,*,#5857,.F.);
#6242=ORIENTED_EDGE('',*,*,#6241,.F.);
#6244=ORIENTED_EDGE('',*,*,#6243,.T.);
#6245=ORIENTED_EDGE('',*,*,#6228,.T.);
#6246=EDGE_LOOP('',(#6240,#6242,#6244,#6245));
#6247=FACE_OUTER_BOUND('',#6246,.F.);
#6248=ADVANCED_FACE('',(#6247),#6239,.F.);
#6249=CARTESIAN_POINT('',(1.265E1,-1.9E0,0.E0));
#6250=DIRECTION('',(0.E0,1.E0,0.E0));
#6251=DIRECTION('',(1.E0,0.E0,0.E0));
#6252=AXIS2_PLACEMENT_3D('',#6249,#6250,#6251);
#6253=PLANE('',#6252);
#6254=ORIENTED_EDGE('',*,*,#5855,.T.);
#6256=ORIENTED_EDGE('',*,*,#6255,.F.);
#6258=ORIENTED_EDGE('',*,*,#6257,.F.);
#6260=ORIENTED_EDGE('',*,*,#6259,.T.);
#6261=ORIENTED_EDGE('',*,*,#6241,.T.);
#6262=EDGE_LOOP('',(#6254,#6256,#6258,#6260,#6261));
#6263=FACE_OUTER_BOUND('',#6262,.F.);
#6264=ADVANCED_FACE('',(#6263),#6253,.F.);
#6265=CARTESIAN_POINT('',(1.355E1,-4.575E0,-2.E-1));
#6266=DIRECTION('',(-7.071067811865E-1,0.E0,7.071067811865E-1));
#6267=DIRECTION('',(0.E0,-1.E0,0.E0));
#6268=AXIS2_PLACEMENT_3D('',#6265,#6266,#6267);
#6269=PLANE('',#6268);
#6271=ORIENTED_EDGE('',*,*,#6270,.F.);
#6273=ORIENTED_EDGE('',*,*,#6272,.F.);
#6274=ORIENTED_EDGE('',*,*,#6255,.T.);
#6275=ORIENTED_EDGE('',*,*,#5853,.T.);
#6276=EDGE_LOOP('',(#6271,#6273,#6274,#6275));
#6277=FACE_OUTER_BOUND('',#6276,.F.);
#6278=ADVANCED_FACE('',(#6277),#6269,.T.);
#6279=CARTESIAN_POINT('',(0.E0,-7.45E0,-2.E-1));
#6280=DIRECTION('',(0.E0,7.071067811865E-1,7.071067811865E-1));
#6281=DIRECTION('',(-1.E0,0.E0,0.E0));
#6282=AXIS2_PLACEMENT_3D('',#6279,#6280,#6281);
#6283=PLANE('',#6282);
#6284=ORIENTED_EDGE('',*,*,#6270,.T.);
#6285=ORIENTED_EDGE('',*,*,#5851,.T.);
#6287=ORIENTED_EDGE('',*,*,#6286,.F.);
#6289=ORIENTED_EDGE('',*,*,#6288,.F.);
#6290=EDGE_LOOP('',(#6284,#6285,#6287,#6289));
#6291=FACE_OUTER_BOUND('',#6290,.F.);
#6292=ADVANCED_FACE('',(#6291),#6283,.T.);
#6293=CARTESIAN_POINT('',(-1.355E1,-4.575E0,-2.E-1));
#6294=DIRECTION('',(7.071067811865E-1,0.E0,7.071067811865E-1));
#6295=DIRECTION('',(0.E0,-1.E0,0.E0));
#6296=AXIS2_PLACEMENT_3D('',#6293,#6294,#6295);
#6297=PLANE('',#6296);
#6299=ORIENTED_EDGE('',*,*,#6298,.T.);
#6301=ORIENTED_EDGE('',*,*,#6300,.F.);
#6302=ORIENTED_EDGE('',*,*,#6286,.T.);
#6303=ORIENTED_EDGE('',*,*,#5849,.T.);
#6304=EDGE_LOOP('',(#6299,#6301,#6302,#6303));
#6305=FACE_OUTER_BOUND('',#6304,.F.);
#6306=ADVANCED_FACE('',(#6305),#6297,.T.);
#6307=CARTESIAN_POINT('',(-1.335E1,-1.9E0,0.E0));
#6308=DIRECTION('',(0.E0,1.E0,0.E0));
#6309=DIRECTION('',(1.E0,0.E0,0.E0));
#6310=AXIS2_PLACEMENT_3D('',#6307,#6308,#6309);
#6311=PLANE('',#6310);
#6313=ORIENTED_EDGE('',*,*,#6312,.T.);
#6314=ORIENTED_EDGE('',*,*,#6298,.F.);
#6315=ORIENTED_EDGE('',*,*,#5847,.T.);
#6317=ORIENTED_EDGE('',*,*,#6316,.F.);
#6319=ORIENTED_EDGE('',*,*,#6318,.T.);
#6320=EDGE_LOOP('',(#6313,#6314,#6315,#6317,#6319));
#6321=FACE_OUTER_BOUND('',#6320,.F.);
#6322=ADVANCED_FACE('',(#6321),#6311,.F.);
#6323=CARTESIAN_POINT('',(-1.335E1,-7.25E0,0.E0));
#6324=DIRECTION('',(-1.E0,0.E0,0.E0));
#6325=DIRECTION('',(0.E0,1.E0,0.E0));
#6326=AXIS2_PLACEMENT_3D('',#6323,#6324,#6325);
#6327=PLANE('',#6326);
#6328=ORIENTED_EDGE('',*,*,#6300,.T.);
#6329=ORIENTED_EDGE('',*,*,#6312,.F.);
#6331=ORIENTED_EDGE('',*,*,#6330,.T.);
#6333=ORIENTED_EDGE('',*,*,#6332,.T.);
#6334=EDGE_LOOP('',(#6328,#6329,#6331,#6333));
#6335=FACE_OUTER_BOUND('',#6334,.F.);
#6336=ADVANCED_FACE('',(#6335),#6327,.F.);
#6337=CARTESIAN_POINT('',(0.E0,0.E0,-1.45E1));
#6338=DIRECTION('',(0.E0,0.E0,-1.E0));
#6339=DIRECTION('',(-1.E0,0.E0,0.E0));
#6340=AXIS2_PLACEMENT_3D('',#6337,#6338,#6339);
#6341=PLANE('',#6340);
#6343=ORIENTED_EDGE('',*,*,#6342,.T.);
#6344=ORIENTED_EDGE('',*,*,#6170,.F.);
#6345=ORIENTED_EDGE('',*,*,#6185,.T.);
#6346=ORIENTED_EDGE('',*,*,#6201,.F.);
#6347=ORIENTED_EDGE('',*,*,#6230,.F.);
#6348=ORIENTED_EDGE('',*,*,#6243,.F.);
#6349=ORIENTED_EDGE('',*,*,#6259,.F.);
#6351=ORIENTED_EDGE('',*,*,#6350,.F.);
#6353=ORIENTED_EDGE('',*,*,#6352,.F.);
#6354=ORIENTED_EDGE('',*,*,#6330,.F.);
#6355=ORIENTED_EDGE('',*,*,#6318,.F.);
#6357=ORIENTED_EDGE('',*,*,#6356,.F.);
#6359=ORIENTED_EDGE('',*,*,#6358,.F.);
#6361=ORIENTED_EDGE('',*,*,#6360,.F.);
#6363=ORIENTED_EDGE('',*,*,#6362,.T.);
#6365=ORIENTED_EDGE('',*,*,#6364,.F.);
#6367=ORIENTED_EDGE('',*,*,#6366,.T.);
#6369=ORIENTED_EDGE('',*,*,#6368,.F.);
#6371=ORIENTED_EDGE('',*,*,#6370,.T.);
#6373=ORIENTED_EDGE('',*,*,#6372,.F.);
#6375=ORIENTED_EDGE('',*,*,#6374,.T.);
#6377=ORIENTED_EDGE('',*,*,#6376,.F.);
#6379=ORIENTED_EDGE('',*,*,#6378,.F.);
#6381=ORIENTED_EDGE('',*,*,#6380,.F.);
#6382=ORIENTED_EDGE('',*,*,#5965,.F.);
#6384=ORIENTED_EDGE('',*,*,#6383,.T.);
#6386=ORIENTED_EDGE('',*,*,#6385,.T.);
#6388=ORIENTED_EDGE('',*,*,#6387,.F.);
#6389=ORIENTED_EDGE('',*,*,#5943,.F.);
#6390=ORIENTED_EDGE('',*,*,#5982,.F.);
#6391=ORIENTED_EDGE('',*,*,#6024,.F.);
#6392=ORIENTED_EDGE('',*,*,#6039,.F.);
#6394=ORIENTED_EDGE('',*,*,#6393,.T.);
#6395=ORIENTED_EDGE('',*,*,#6082,.F.);
#6396=ORIENTED_EDGE('',*,*,#6098,.T.);
#6398=ORIENTED_EDGE('',*,*,#6397,.F.);
#6399=EDGE_LOOP('',(#6343,#6344,#6345,#6346,#6347,#6348,#6349,#6351,#6353,#6354,
#6355,#6357,#6359,#6361,#6363,#6365,#6367,#6369,#6371,#6373,#6375,#6377,#6379,
#6381,#6382,#6384,#6386,#6388,#6389,#6390,#6391,#6392,#6394,#6395,#6396,#6398));
#6400=FACE_OUTER_BOUND('',#6399,.F.);
#6402=ORIENTED_EDGE('',*,*,#6401,.T.);
#6404=ORIENTED_EDGE('',*,*,#6403,.T.);
#6406=ORIENTED_EDGE('',*,*,#6405,.T.);
#6408=ORIENTED_EDGE('',*,*,#6407,.T.);
#6409=EDGE_LOOP('',(#6402,#6404,#6406,#6408));
#6410=FACE_BOUND('',#6409,.F.);
#6412=ORIENTED_EDGE('',*,*,#6411,.T.);
#6414=ORIENTED_EDGE('',*,*,#6413,.T.);
#6416=ORIENTED_EDGE('',*,*,#6415,.T.);
#6418=ORIENTED_EDGE('',*,*,#6417,.T.);
#6419=EDGE_LOOP('',(#6412,#6414,#6416,#6418));
#6420=FACE_BOUND('',#6419,.F.);
#6422=ORIENTED_EDGE('',*,*,#6421,.T.);
#6424=ORIENTED_EDGE('',*,*,#6423,.T.);
#6426=ORIENTED_EDGE('',*,*,#6425,.T.);
#6428=ORIENTED_EDGE('',*,*,#6427,.T.);
#6429=EDGE_LOOP('',(#6422,#6424,#6426,#6428));
#6430=FACE_BOUND('',#6429,.F.);
#6432=ORIENTED_EDGE('',*,*,#6431,.T.);
#6434=ORIENTED_EDGE('',*,*,#6433,.T.);
#6436=ORIENTED_EDGE('',*,*,#6435,.T.);
#6438=ORIENTED_EDGE('',*,*,#6437,.T.);
#6439=EDGE_LOOP('',(#6432,#6434,#6436,#6438));
#6440=FACE_BOUND('',#6439,.F.);
#6442=ORIENTED_EDGE('',*,*,#6441,.T.);
#6444=ORIENTED_EDGE('',*,*,#6443,.T.);
#6446=ORIENTED_EDGE('',*,*,#6445,.T.);
#6448=ORIENTED_EDGE('',*,*,#6447,.T.);
#6449=EDGE_LOOP('',(#6442,#6444,#6446,#6448));
#6450=FACE_BOUND('',#6449,.F.);
#6452=ORIENTED_EDGE('',*,*,#6451,.T.);
#6454=ORIENTED_EDGE('',*,*,#6453,.T.);
#6456=ORIENTED_EDGE('',*,*,#6455,.T.);
#6458=ORIENTED_EDGE('',*,*,#6457,.T.);
#6459=EDGE_LOOP('',(#6452,#6454,#6456,#6458));
#6460=FACE_BOUND('',#6459,.F.);
#6462=ORIENTED_EDGE('',*,*,#6461,.T.);
#6464=ORIENTED_EDGE('',*,*,#6463,.T.);
#6466=ORIENTED_EDGE('',*,*,#6465,.T.);
#6468=ORIENTED_EDGE('',*,*,#6467,.T.);
#6469=EDGE_LOOP('',(#6462,#6464,#6466,#6468));
#6470=FACE_BOUND('',#6469,.F.);
#6472=ORIENTED_EDGE('',*,*,#6471,.T.);
#6474=ORIENTED_EDGE('',*,*,#6473,.T.);
#6476=ORIENTED_EDGE('',*,*,#6475,.T.);
#6478=ORIENTED_EDGE('',*,*,#6477,.T.);
#6479=EDGE_LOOP('',(#6472,#6474,#6476,#6478));
#6480=FACE_BOUND('',#6479,.F.);
#6482=ORIENTED_EDGE('',*,*,#6481,.T.);
#6484=ORIENTED_EDGE('',*,*,#6483,.T.);
#6486=ORIENTED_EDGE('',*,*,#6485,.T.);
#6488=ORIENTED_EDGE('',*,*,#6487,.T.);
#6489=EDGE_LOOP('',(#6482,#6484,#6486,#6488));
#6490=FACE_BOUND('',#6489,.F.);
#6492=ORIENTED_EDGE('',*,*,#6491,.T.);
#6494=ORIENTED_EDGE('',*,*,#6493,.T.);
#6496=ORIENTED_EDGE('',*,*,#6495,.T.);
#6498=ORIENTED_EDGE('',*,*,#6497,.T.);
#6499=EDGE_LOOP('',(#6492,#6494,#6496,#6498));
#6500=FACE_BOUND('',#6499,.F.);
#6502=ORIENTED_EDGE('',*,*,#6501,.T.);
#6504=ORIENTED_EDGE('',*,*,#6503,.T.);
#6506=ORIENTED_EDGE('',*,*,#6505,.T.);
#6508=ORIENTED_EDGE('',*,*,#6507,.T.);
#6509=EDGE_LOOP('',(#6502,#6504,#6506,#6508));
#6510=FACE_BOUND('',#6509,.F.);
#6512=ORIENTED_EDGE('',*,*,#6511,.T.);
#6514=ORIENTED_EDGE('',*,*,#6513,.T.);
#6516=ORIENTED_EDGE('',*,*,#6515,.T.);
#6518=ORIENTED_EDGE('',*,*,#6517,.T.);
#6519=EDGE_LOOP('',(#6512,#6514,#6516,#6518));
#6520=FACE_BOUND('',#6519,.F.);
#6522=ORIENTED_EDGE('',*,*,#6521,.T.);
#6524=ORIENTED_EDGE('',*,*,#6523,.T.);
#6526=ORIENTED_EDGE('',*,*,#6525,.T.);
#6528=ORIENTED_EDGE('',*,*,#6527,.T.);
#6529=EDGE_LOOP('',(#6522,#6524,#6526,#6528));
#6530=FACE_BOUND('',#6529,.F.);
#6532=ORIENTED_EDGE('',*,*,#6531,.T.);
#6534=ORIENTED_EDGE('',*,*,#6533,.T.);
#6536=ORIENTED_EDGE('',*,*,#6535,.T.);
#6538=ORIENTED_EDGE('',*,*,#6537,.T.);
#6539=EDGE_LOOP('',(#6532,#6534,#6536,#6538));
#6540=FACE_BOUND('',#6539,.F.);
#6542=ORIENTED_EDGE('',*,*,#6541,.T.);
#6544=ORIENTED_EDGE('',*,*,#6543,.T.);
#6546=ORIENTED_EDGE('',*,*,#6545,.T.);
#6548=ORIENTED_EDGE('',*,*,#6547,.T.);
#6549=EDGE_LOOP('',(#6542,#6544,#6546,#6548));
#6550=FACE_BOUND('',#6549,.F.);
#6552=ORIENTED_EDGE('',*,*,#6551,.T.);
#6554=ORIENTED_EDGE('',*,*,#6553,.T.);
#6556=ORIENTED_EDGE('',*,*,#6555,.T.);
#6558=ORIENTED_EDGE('',*,*,#6557,.T.);
#6559=EDGE_LOOP('',(#6552,#6554,#6556,#6558));
#6560=FACE_BOUND('',#6559,.F.);
#6562=ORIENTED_EDGE('',*,*,#6561,.T.);
#6564=ORIENTED_EDGE('',*,*,#6563,.T.);
#6566=ORIENTED_EDGE('',*,*,#6565,.T.);
#6568=ORIENTED_EDGE('',*,*,#6567,.T.);
#6569=EDGE_LOOP('',(#6562,#6564,#6566,#6568));
#6570=FACE_BOUND('',#6569,.F.);
#6572=ORIENTED_EDGE('',*,*,#6571,.T.);
#6574=ORIENTED_EDGE('',*,*,#6573,.T.);
#6576=ORIENTED_EDGE('',*,*,#6575,.T.);
#6578=ORIENTED_EDGE('',*,*,#6577,.T.);
#6579=EDGE_LOOP('',(#6572,#6574,#6576,#6578));
#6580=FACE_BOUND('',#6579,.F.);
#6582=ORIENTED_EDGE('',*,*,#6581,.T.);
#6584=ORIENTED_EDGE('',*,*,#6583,.T.);
#6586=ORIENTED_EDGE('',*,*,#6585,.T.);
#6588=ORIENTED_EDGE('',*,*,#6587,.T.);
#6589=EDGE_LOOP('',(#6582,#6584,#6586,#6588));
#6590=FACE_BOUND('',#6589,.F.);
#6592=ORIENTED_EDGE('',*,*,#6591,.T.);
#6594=ORIENTED_EDGE('',*,*,#6593,.T.);
#6596=ORIENTED_EDGE('',*,*,#6595,.T.);
#6598=ORIENTED_EDGE('',*,*,#6597,.T.);
#6599=EDGE_LOOP('',(#6592,#6594,#6596,#6598));
#6600=FACE_BOUND('',#6599,.F.);
#6601=ADVANCED_FACE('',(#6400,#6410,#6420,#6430,#6440,#6450,#6460,#6470,#6480,
#6490,#6500,#6510,#6520,#6530,#6540,#6550,#6560,#6570,#6580,#6590,#6600),#6341,
.F.);
#6602=CARTESIAN_POINT('',(1.145E1,7.45E0,0.E0));
#6603=DIRECTION('',(1.E0,0.E0,0.E0));
#6604=DIRECTION('',(0.E0,-1.E0,0.E0));
#6605=AXIS2_PLACEMENT_3D('',#6602,#6603,#6604);
#6606=PLANE('',#6605);
#6607=ORIENTED_EDGE('',*,*,#6139,.T.);
#6608=ORIENTED_EDGE('',*,*,#6172,.T.);
#6609=ORIENTED_EDGE('',*,*,#6342,.F.);
#6611=ORIENTED_EDGE('',*,*,#6610,.T.);
#6612=EDGE_LOOP('',(#6607,#6608,#6609,#6611));
#6613=FACE_OUTER_BOUND('',#6612,.F.);
#6614=ADVANCED_FACE('',(#6613),#6606,.F.);
#6615=CARTESIAN_POINT('',(1.125E1,7.25E0,-7.25E0));
#6616=DIRECTION('',(-7.071067811865E-1,-7.071067811865E-1,0.E0));
#6617=DIRECTION('',(0.E0,0.E0,-1.E0));
#6618=AXIS2_PLACEMENT_3D('',#6615,#6616,#6617);
#6619=PLANE('',#6618);
#6620=ORIENTED_EDGE('',*,*,#6125,.T.);
#6621=ORIENTED_EDGE('',*,*,#6610,.F.);
#6622=ORIENTED_EDGE('',*,*,#6397,.T.);
#6623=ORIENTED_EDGE('',*,*,#6096,.T.);
#6624=EDGE_LOOP('',(#6620,#6621,#6622,#6623));
#6625=FACE_OUTER_BOUND('',#6624,.F.);
#6626=ADVANCED_FACE('',(#6625),#6619,.T.);
#6627=CARTESIAN_POINT('',(1.335E1,-1.9E0,0.E0));
#6628=DIRECTION('',(1.E0,0.E0,0.E0));
#6629=DIRECTION('',(0.E0,-1.E0,0.E0));
#6630=AXIS2_PLACEMENT_3D('',#6627,#6628,#6629);
#6631=PLANE('',#6630);
#6632=ORIENTED_EDGE('',*,*,#6272,.T.);
#6634=ORIENTED_EDGE('',*,*,#6633,.F.);
#6635=ORIENTED_EDGE('',*,*,#6350,.T.);
#6636=ORIENTED_EDGE('',*,*,#6257,.T.);
#6637=EDGE_LOOP('',(#6632,#6634,#6635,#6636));
#6638=FACE_OUTER_BOUND('',#6637,.F.);
#6639=ADVANCED_FACE('',(#6638),#6631,.F.);
#6640=CARTESIAN_POINT('',(1.335E1,-7.25E0,0.E0));
#6641=DIRECTION('',(0.E0,-1.E0,0.E0));
#6642=DIRECTION('',(-1.E0,0.E0,0.E0));
#6643=AXIS2_PLACEMENT_3D('',#6640,#6641,#6642);
#6644=PLANE('',#6643);
#6645=ORIENTED_EDGE('',*,*,#6288,.T.);
#6646=ORIENTED_EDGE('',*,*,#6332,.F.);
#6647=ORIENTED_EDGE('',*,*,#6352,.T.);
#6648=ORIENTED_EDGE('',*,*,#6633,.T.);
#6649=EDGE_LOOP('',(#6645,#6646,#6647,#6648));
#6650=FACE_OUTER_BOUND('',#6649,.F.);
#6651=ADVANCED_FACE('',(#6650),#6644,.F.);
#6652=CARTESIAN_POINT('',(-1.265E1,-1.9E0,0.E0));
#6653=DIRECTION('',(-1.E0,0.E0,0.E0));
#6654=DIRECTION('',(0.E0,1.E0,0.E0));
#6655=AXIS2_PLACEMENT_3D('',#6652,#6653,#6654);
#6656=PLANE('',#6655);
#6657=ORIENTED_EDGE('',*,*,#5845,.F.);
#6659=ORIENTED_EDGE('',*,*,#6658,.F.);
#6660=ORIENTED_EDGE('',*,*,#6356,.T.);
#6661=ORIENTED_EDGE('',*,*,#6316,.T.);
#6662=EDGE_LOOP('',(#6657,#6659,#6660,#6661));
#6663=FACE_OUTER_BOUND('',#6662,.F.);
#6664=ADVANCED_FACE('',(#6663),#6656,.F.);
#6665=CARTESIAN_POINT('',(-1.265E1,-1.1E0,0.E0));
#6666=DIRECTION('',(0.E0,-1.E0,0.E0));
#6667=DIRECTION('',(-1.E0,0.E0,0.E0));
#6668=AXIS2_PLACEMENT_3D('',#6665,#6666,#6667);
#6669=PLANE('',#6668);
#6670=ORIENTED_EDGE('',*,*,#5843,.T.);
#6672=ORIENTED_EDGE('',*,*,#6671,.F.);
#6674=ORIENTED_EDGE('',*,*,#6673,.F.);
#6675=ORIENTED_EDGE('',*,*,#6358,.T.);
#6676=ORIENTED_EDGE('',*,*,#6658,.T.);
#6677=EDGE_LOOP('',(#6670,#6672,#6674,#6675,#6676));
#6678=FACE_OUTER_BOUND('',#6677,.F.);
#6679=ADVANCED_FACE('',(#6678),#6669,.F.);
#6680=CARTESIAN_POINT('',(-1.355E1,1.725E0,-2.E-1));
#6681=DIRECTION('',(7.071067811865E-1,0.E0,7.071067811865E-1));
#6682=DIRECTION('',(0.E0,-1.E0,0.E0));
#6683=AXIS2_PLACEMENT_3D('',#6680,#6681,#6682);
#6684=PLANE('',#6683);
#6685=ORIENTED_EDGE('',*,*,#5841,.T.);
#6687=ORIENTED_EDGE('',*,*,#6686,.F.);
#6689=ORIENTED_EDGE('',*,*,#6688,.F.);
#6690=ORIENTED_EDGE('',*,*,#6671,.T.);
#6691=EDGE_LOOP('',(#6685,#6687,#6689,#6690));
#6692=FACE_OUTER_BOUND('',#6691,.F.);
#6693=ADVANCED_FACE('',(#6692),#6684,.T.);
#6694=CARTESIAN_POINT('',(-1.24E1,4.75E0,-2.E-1));
#6695=DIRECTION('',(0.E0,-7.071067811865E-1,7.071067811865E-1));
#6696=DIRECTION('',(-1.E0,0.E0,0.E0));
#6697=AXIS2_PLACEMENT_3D('',#6694,#6695,#6696);
#6698=PLANE('',#6697);
#6700=ORIENTED_EDGE('',*,*,#6699,.F.);
#6701=ORIENTED_EDGE('',*,*,#6686,.T.);
#6702=ORIENTED_EDGE('',*,*,#5839,.T.);
#6704=ORIENTED_EDGE('',*,*,#6703,.T.);
#6706=ORIENTED_EDGE('',*,*,#6705,.T.);
#6707=EDGE_LOOP('',(#6700,#6701,#6702,#6704,#6706));
#6708=FACE_OUTER_BOUND('',#6707,.F.);
#6709=ADVANCED_FACE('',(#6708),#6698,.T.);
#6710=CARTESIAN_POINT('',(-1.335E1,4.55E0,0.E0));
#6711=DIRECTION('',(0.E0,1.E0,0.E0));
#6712=DIRECTION('',(1.E0,0.E0,0.E0));
#6713=AXIS2_PLACEMENT_3D('',#6710,#6711,#6712);
#6714=PLANE('',#6713);
#6716=ORIENTED_EDGE('',*,*,#6715,.F.);
#6717=ORIENTED_EDGE('',*,*,#6699,.T.);
#6719=ORIENTED_EDGE('',*,*,#6718,.T.);
#6720=ORIENTED_EDGE('',*,*,#6362,.F.);
#6721=EDGE_LOOP('',(#6716,#6717,#6719,#6720));
#6722=FACE_OUTER_BOUND('',#6721,.F.);
#6723=ADVANCED_FACE('',(#6722),#6714,.F.);
#6724=CARTESIAN_POINT('',(-1.335E1,-1.1E0,0.E0));
#6725=DIRECTION('',(-1.E0,0.E0,0.E0));
#6726=DIRECTION('',(0.E0,1.E0,0.E0));
#6727=AXIS2_PLACEMENT_3D('',#6724,#6725,#6726);
#6728=PLANE('',#6727);
#6729=ORIENTED_EDGE('',*,*,#6688,.T.);
#6730=ORIENTED_EDGE('',*,*,#6715,.T.);
#6731=ORIENTED_EDGE('',*,*,#6360,.T.);
#6732=ORIENTED_EDGE('',*,*,#6673,.T.);
#6733=EDGE_LOOP('',(#6729,#6730,#6731,#6732));
#6734=FACE_OUTER_BOUND('',#6733,.F.);
#6735=ADVANCED_FACE('',(#6734),#6728,.F.);
#6736=CARTESIAN_POINT('',(-1.165E1,4.75E0,-7.25E0));
#6737=DIRECTION('',(7.071067811865E-1,-7.071067811865E-1,0.E0));
#6738=DIRECTION('',(0.E0,0.E0,-1.E0));
#6739=AXIS2_PLACEMENT_3D('',#6736,#6737,#6738);
#6740=PLANE('',#6739);
#6741=ORIENTED_EDGE('',*,*,#6718,.F.);
#6742=ORIENTED_EDGE('',*,*,#6705,.F.);
#6744=ORIENTED_EDGE('',*,*,#6743,.F.);
#6746=ORIENTED_EDGE('',*,*,#6745,.T.);
#6747=ORIENTED_EDGE('',*,*,#6364,.T.);
#6748=EDGE_LOOP('',(#6741,#6742,#6744,#6746,#6747));
#6749=FACE_OUTER_BOUND('',#6748,.F.);
#6750=ADVANCED_FACE('',(#6749),#6740,.T.);
#6751=CARTESIAN_POINT('',(-1.165E1,6.E0,-2.E-1));
#6752=DIRECTION('',(7.071067811865E-1,0.E0,7.071067811865E-1));
#6753=DIRECTION('',(0.E0,-1.E0,0.E0));
#6754=AXIS2_PLACEMENT_3D('',#6751,#6752,#6753);
#6755=PLANE('',#6754);
#6757=ORIENTED_EDGE('',*,*,#6756,.F.);
#6758=ORIENTED_EDGE('',*,*,#6743,.T.);
#6759=ORIENTED_EDGE('',*,*,#6703,.F.);
#6760=ORIENTED_EDGE('',*,*,#5837,.T.);
#6762=ORIENTED_EDGE('',*,*,#6761,.T.);
#6763=EDGE_LOOP('',(#6757,#6758,#6759,#6760,#6762));
#6764=FACE_OUTER_BOUND('',#6763,.F.);
#6765=ADVANCED_FACE('',(#6764),#6755,.T.);
#6766=CARTESIAN_POINT('',(-1.145E1,4.55E0,0.E0));
#6767=DIRECTION('',(-1.E0,0.E0,0.E0));
#6768=DIRECTION('',(0.E0,1.E0,0.E0));
#6769=AXIS2_PLACEMENT_3D('',#6766,#6767,#6768);
#6770=PLANE('',#6769);
#6771=ORIENTED_EDGE('',*,*,#6756,.T.);
#6773=ORIENTED_EDGE('',*,*,#6772,.F.);
#6774=ORIENTED_EDGE('',*,*,#6366,.F.);
#6775=ORIENTED_EDGE('',*,*,#6745,.F.);
#6776=EDGE_LOOP('',(#6771,#6773,#6774,#6775));
#6777=FACE_OUTER_BOUND('',#6776,.F.);
#6778=ADVANCED_FACE('',(#6777),#6770,.F.);
#6779=CARTESIAN_POINT('',(-1.125E1,7.25E0,-7.25E0));
#6780=DIRECTION('',(7.071067811865E-1,-7.071067811865E-1,0.E0));
#6781=DIRECTION('',(0.E0,0.E0,-1.E0));
#6782=AXIS2_PLACEMENT_3D('',#6779,#6780,#6781);
#6783=PLANE('',#6782);
#6784=ORIENTED_EDGE('',*,*,#6368,.T.);
#6785=ORIENTED_EDGE('',*,*,#6772,.T.);
#6787=ORIENTED_EDGE('',*,*,#6786,.T.);
#6789=ORIENTED_EDGE('',*,*,#6788,.F.);
#6790=EDGE_LOOP('',(#6784,#6785,#6787,#6789));
#6791=FACE_OUTER_BOUND('',#6790,.F.);
#6792=ADVANCED_FACE('',(#6791),#6783,.T.);
#6793=CARTESIAN_POINT('',(-1.105E1,7.45E0,-4.E-1));
#6794=DIRECTION('',(3.015113445778E-1,-3.015113445778E-1,9.045340337333E-1));
#6795=DIRECTION('',(-9.534625892456E-2,-9.534625892456E-1,-2.860387767737E-1));
#6796=AXIS2_PLACEMENT_3D('',#6793,#6794,#6795);
#6797=PLANE('',#6796);
#6799=ORIENTED_EDGE('',*,*,#6798,.T.);
#6800=ORIENTED_EDGE('',*,*,#6786,.F.);
#6801=ORIENTED_EDGE('',*,*,#6761,.F.);
#6802=EDGE_LOOP('',(#6799,#6800,#6801));
#6803=FACE_OUTER_BOUND('',#6802,.F.);
#6804=ADVANCED_FACE('',(#6803),#6797,.T.);
#6805=CARTESIAN_POINT('',(-1.05E1,7.65E0,-2.E-1));
#6806=DIRECTION('',(0.E0,-7.071067811865E-1,7.071067811865E-1));
#6807=DIRECTION('',(-1.E0,0.E0,0.E0));
#6808=AXIS2_PLACEMENT_3D('',#6805,#6806,#6807);
#6809=PLANE('',#6808);
#6811=ORIENTED_EDGE('',*,*,#6810,.F.);
#6812=ORIENTED_EDGE('',*,*,#6798,.F.);
#6813=ORIENTED_EDGE('',*,*,#5835,.T.);
#6815=ORIENTED_EDGE('',*,*,#6814,.T.);
#6816=EDGE_LOOP('',(#6811,#6812,#6813,#6815));
#6817=FACE_OUTER_BOUND('',#6816,.F.);
#6818=ADVANCED_FACE('',(#6817),#6809,.T.);
#6819=CARTESIAN_POINT('',(-1.145E1,7.45E0,0.E0));
#6820=DIRECTION('',(0.E0,1.E0,0.E0));
#6821=DIRECTION('',(1.E0,0.E0,0.E0));
#6822=AXIS2_PLACEMENT_3D('',#6819,#6820,#6821);
#6823=PLANE('',#6822);
#6824=ORIENTED_EDGE('',*,*,#6810,.T.);
#6826=ORIENTED_EDGE('',*,*,#6825,.F.);
#6827=ORIENTED_EDGE('',*,*,#6370,.F.);
#6828=ORIENTED_EDGE('',*,*,#6788,.T.);
#6829=EDGE_LOOP('',(#6824,#6826,#6827,#6828));
#6830=FACE_OUTER_BOUND('',#6829,.F.);
#6831=ADVANCED_FACE('',(#6830),#6823,.F.);
#6832=CARTESIAN_POINT('',(-9.75E0,7.25E0,-7.25E0));
#6833=DIRECTION('',(-7.071067811865E-1,-7.071067811865E-1,0.E0));
#6834=DIRECTION('',(0.E0,0.E0,-1.E0));
#6835=AXIS2_PLACEMENT_3D('',#6832,#6833,#6834);
#6836=PLANE('',#6835);
#6837=ORIENTED_EDGE('',*,*,#6372,.T.);
#6838=ORIENTED_EDGE('',*,*,#6825,.T.);
#6840=ORIENTED_EDGE('',*,*,#6839,.T.);
#6842=ORIENTED_EDGE('',*,*,#6841,.F.);
#6843=EDGE_LOOP('',(#6837,#6838,#6840,#6842));
#6844=FACE_OUTER_BOUND('',#6843,.F.);
#6845=ADVANCED_FACE('',(#6844),#6836,.T.);
#6846=CARTESIAN_POINT('',(-9.55E0,7.05E0,-4.E-1));
#6847=DIRECTION('',(-3.015113445778E-1,-3.015113445778E-1,9.045340337333E-1));
#6848=DIRECTION('',(9.534625892456E-2,-9.534625892456E-1,-2.860387767737E-1));
#6849=AXIS2_PLACEMENT_3D('',#6846,#6847,#6848);
#6850=PLANE('',#6849);
#6852=ORIENTED_EDGE('',*,*,#6851,.F.);
#6853=ORIENTED_EDGE('',*,*,#6839,.F.);
#6854=ORIENTED_EDGE('',*,*,#6814,.F.);
#6855=EDGE_LOOP('',(#6852,#6853,#6854));
#6856=FACE_OUTER_BOUND('',#6855,.F.);
#6857=ADVANCED_FACE('',(#6856),#6850,.T.);
#6858=CARTESIAN_POINT('',(-9.35E0,6.E0,-2.E-1));
#6859=DIRECTION('',(-7.071067811865E-1,0.E0,7.071067811865E-1));
#6860=DIRECTION('',(0.E0,-1.E0,0.E0));
#6861=AXIS2_PLACEMENT_3D('',#6858,#6859,#6860);
#6862=PLANE('',#6861);
#6863=ORIENTED_EDGE('',*,*,#5833,.T.);
#6865=ORIENTED_EDGE('',*,*,#6864,.F.);
#6867=ORIENTED_EDGE('',*,*,#6866,.F.);
#6869=ORIENTED_EDGE('',*,*,#6868,.F.);
#6870=ORIENTED_EDGE('',*,*,#6851,.T.);
#6871=EDGE_LOOP('',(#6863,#6865,#6867,#6869,#6870));
#6872=FACE_OUTER_BOUND('',#6871,.F.);
#6873=ADVANCED_FACE('',(#6872),#6862,.T.);
#6874=CARTESIAN_POINT('',(-6.925E0,4.75E0,-2.E-1));
#6875=DIRECTION('',(0.E0,-7.071067811865E-1,7.071067811865E-1));
#6876=DIRECTION('',(-1.E0,0.E0,0.E0));
#6877=AXIS2_PLACEMENT_3D('',#6874,#6875,#6876);
#6878=PLANE('',#6877);
#6880=ORIENTED_EDGE('',*,*,#6879,.F.);
#6882=ORIENTED_EDGE('',*,*,#6881,.T.);
#6883=ORIENTED_EDGE('',*,*,#6864,.T.);
#6884=ORIENTED_EDGE('',*,*,#5831,.T.);
#6886=ORIENTED_EDGE('',*,*,#6885,.F.);
#6887=EDGE_LOOP('',(#6880,#6882,#6883,#6884,#6886));
#6888=FACE_OUTER_BOUND('',#6887,.F.);
#6889=ADVANCED_FACE('',(#6888),#6878,.T.);
#6890=CARTESIAN_POINT('',(-9.55E0,4.55E0,0.E0));
#6891=DIRECTION('',(0.E0,1.E0,0.E0));
#6892=DIRECTION('',(1.E0,0.E0,0.E0));
#6893=AXIS2_PLACEMENT_3D('',#6890,#6891,#6892);
#6894=PLANE('',#6893);
#6895=ORIENTED_EDGE('',*,*,#6879,.T.);
#6897=ORIENTED_EDGE('',*,*,#6896,.F.);
#6898=ORIENTED_EDGE('',*,*,#6378,.T.);
#6900=ORIENTED_EDGE('',*,*,#6899,.F.);
#6901=EDGE_LOOP('',(#6895,#6897,#6898,#6900));
#6902=FACE_OUTER_BOUND('',#6901,.F.);
#6903=ADVANCED_FACE('',(#6902),#6894,.F.);
#6904=CARTESIAN_POINT('',(-4.3E0,4.55E0,0.E0));
#6905=DIRECTION('',(-1.E0,0.E0,0.E0));
#6906=DIRECTION('',(0.E0,1.E0,0.E0));
#6907=AXIS2_PLACEMENT_3D('',#6904,#6905,#6906);
#6908=PLANE('',#6907);
#6909=ORIENTED_EDGE('',*,*,#5967,.F.);
#6910=ORIENTED_EDGE('',*,*,#6380,.T.);
#6911=ORIENTED_EDGE('',*,*,#6896,.T.);
#6913=ORIENTED_EDGE('',*,*,#6912,.T.);
#6914=EDGE_LOOP('',(#6909,#6910,#6911,#6913));
#6915=FACE_OUTER_BOUND('',#6914,.F.);
#6916=ADVANCED_FACE('',(#6915),#6908,.F.);
#6917=CARTESIAN_POINT('',(-4.5E0,6.E0,-2.E-1));
#6918=DIRECTION('',(7.071067811865E-1,0.E0,7.071067811865E-1));
#6919=DIRECTION('',(0.E0,-1.E0,0.E0));
#6920=AXIS2_PLACEMENT_3D('',#6917,#6918,#6919);
#6921=PLANE('',#6920);
#6922=ORIENTED_EDGE('',*,*,#6912,.F.);
#6923=ORIENTED_EDGE('',*,*,#6885,.T.);
#6924=ORIENTED_EDGE('',*,*,#5829,.T.);
#6925=ORIENTED_EDGE('',*,*,#5887,.F.);
#6926=EDGE_LOOP('',(#6922,#6923,#6924,#6925));
#6927=FACE_OUTER_BOUND('',#6926,.F.);
#6928=ADVANCED_FACE('',(#6927),#6921,.T.);
#6929=CARTESIAN_POINT('',(-9.35E0,4.75E0,-7.25E0));
#6930=DIRECTION('',(-7.071067811865E-1,-7.071067811865E-1,0.E0));
#6931=DIRECTION('',(0.E0,0.E0,-1.E0));
#6932=AXIS2_PLACEMENT_3D('',#6929,#6930,#6931);
#6933=PLANE('',#6932);
#6935=ORIENTED_EDGE('',*,*,#6934,.F.);
#6936=ORIENTED_EDGE('',*,*,#6866,.T.);
#6937=ORIENTED_EDGE('',*,*,#6881,.F.);
#6938=ORIENTED_EDGE('',*,*,#6899,.T.);
#6939=ORIENTED_EDGE('',*,*,#6376,.T.);
#6940=EDGE_LOOP('',(#6935,#6936,#6937,#6938,#6939));
#6941=FACE_OUTER_BOUND('',#6940,.F.);
#6942=ADVANCED_FACE('',(#6941),#6933,.T.);
#6943=CARTESIAN_POINT('',(-9.55E0,7.45E0,0.E0));
#6944=DIRECTION('',(1.E0,0.E0,0.E0));
#6945=DIRECTION('',(0.E0,-1.E0,0.E0));
#6946=AXIS2_PLACEMENT_3D('',#6943,#6944,#6945);
#6947=PLANE('',#6946);
#6948=ORIENTED_EDGE('',*,*,#6868,.T.);
#6949=ORIENTED_EDGE('',*,*,#6934,.T.);
#6950=ORIENTED_EDGE('',*,*,#6374,.F.);
#6951=ORIENTED_EDGE('',*,*,#6841,.T.);
#6952=EDGE_LOOP('',(#6948,#6949,#6950,#6951));
#6953=FACE_OUTER_BOUND('',#6952,.F.);
#6954=ADVANCED_FACE('',(#6953),#6947,.F.);
#6955=CARTESIAN_POINT('',(-1.E0,7.45E0,-1.45E1));
#6956=DIRECTION('',(-1.E0,0.E0,0.E0));
#6957=DIRECTION('',(0.E0,-1.E0,0.E0));
#6958=AXIS2_PLACEMENT_3D('',#6955,#6956,#6957);
#6959=PLANE('',#6958);
#6961=ORIENTED_EDGE('',*,*,#6960,.T.);
#6963=ORIENTED_EDGE('',*,*,#6962,.T.);
#6964=ORIENTED_EDGE('',*,*,#5892,.T.);
#6966=ORIENTED_EDGE('',*,*,#6965,.T.);
#6968=ORIENTED_EDGE('',*,*,#6967,.F.);
#6969=ORIENTED_EDGE('',*,*,#6383,.F.);
#6970=ORIENTED_EDGE('',*,*,#5963,.F.);
#6971=EDGE_LOOP('',(#6961,#6963,#6964,#6966,#6968,#6969,#6970));
#6972=FACE_OUTER_BOUND('',#6971,.F.);
#6973=ADVANCED_FACE('',(#6972),#6959,.T.);
#6974=CARTESIAN_POINT('',(2.4E0,7.45E0,-2.5E0));
#6975=DIRECTION('',(0.E0,8.715574274766E-2,-9.961946980917E-1));
#6976=DIRECTION('',(0.E0,-9.961946980917E-1,-8.715574274766E-2));
#6977=AXIS2_PLACEMENT_3D('',#6974,#6975,#6976);
#6978=PLANE('',#6977);
#6979=ORIENTED_EDGE('',*,*,#6960,.F.);
#6980=ORIENTED_EDGE('',*,*,#5961,.T.);
#6981=ORIENTED_EDGE('',*,*,#5930,.T.);
#6983=ORIENTED_EDGE('',*,*,#6982,.F.);
#6984=EDGE_LOOP('',(#6979,#6980,#6981,#6983));
#6985=FACE_OUTER_BOUND('',#6984,.F.);
#6986=ADVANCED_FACE('',(#6985),#6978,.T.);
#6987=CARTESIAN_POINT('',(2.4E0,7.45E0,-2.5E0));
#6988=DIRECTION('',(0.E0,8.715574274766E-2,-9.961946980917E-1));
#6989=DIRECTION('',(0.E0,-9.961946980917E-1,-8.715574274766E-2));
#6990=AXIS2_PLACEMENT_3D('',#6987,#6988,#6989);
#6991=PLANE('',#6990);
#6993=ORIENTED_EDGE('',*,*,#6992,.T.);
#6995=ORIENTED_EDGE('',*,*,#6994,.T.);
#6997=ORIENTED_EDGE('',*,*,#6996,.F.);
#6998=ORIENTED_EDGE('',*,*,#5947,.T.);
#6999=EDGE_LOOP('',(#6993,#6995,#6997,#6998));
#7000=FACE_OUTER_BOUND('',#6999,.F.);
#7001=ADVANCED_FACE('',(#7000),#6991,.T.);
#7002=CARTESIAN_POINT('',(2.4E0,6.354123203703E0,-2.595876796297E0));
#7003=DIRECTION('',(0.E0,-1.E0,0.E0));
#7004=DIRECTION('',(0.E0,0.E0,1.E0));
#7005=AXIS2_PLACEMENT_3D('',#7002,#7003,#7004);
#7006=PLANE('',#7005);
#7007=ORIENTED_EDGE('',*,*,#6962,.F.);
#7008=ORIENTED_EDGE('',*,*,#6982,.T.);
#7009=ORIENTED_EDGE('',*,*,#5928,.F.);
#7010=ORIENTED_EDGE('',*,*,#5894,.F.);
#7011=EDGE_LOOP('',(#7007,#7008,#7009,#7010));
#7012=FACE_OUTER_BOUND('',#7011,.F.);
#7013=ADVANCED_FACE('',(#7012),#7006,.T.);
#7014=CARTESIAN_POINT('',(2.4E0,6.354123203703E0,-2.595876796297E0));
#7015=DIRECTION('',(0.E0,-1.E0,0.E0));
#7016=DIRECTION('',(0.E0,0.E0,1.E0));
#7017=AXIS2_PLACEMENT_3D('',#7014,#7015,#7016);
#7018=PLANE('',#7017);
#7020=ORIENTED_EDGE('',*,*,#7019,.T.);
#7021=ORIENTED_EDGE('',*,*,#5908,.T.);
#7023=ORIENTED_EDGE('',*,*,#7022,.T.);
#7024=ORIENTED_EDGE('',*,*,#6994,.F.);
#7025=EDGE_LOOP('',(#7020,#7021,#7023,#7024));
#7026=FACE_OUTER_BOUND('',#7025,.F.);
#7027=ADVANCED_FACE('',(#7026),#7018,.T.);
#7028=CARTESIAN_POINT('',(1.E0,4.25E0,-1.45E1));
#7029=DIRECTION('',(1.E0,0.E0,0.E0));
#7030=DIRECTION('',(0.E0,1.E0,0.E0));
#7031=AXIS2_PLACEMENT_3D('',#7028,#7029,#7030);
#7032=PLANE('',#7031);
#7033=ORIENTED_EDGE('',*,*,#6992,.F.);
#7034=ORIENTED_EDGE('',*,*,#5945,.T.);
#7035=ORIENTED_EDGE('',*,*,#6387,.T.);
#7037=ORIENTED_EDGE('',*,*,#7036,.T.);
#7039=ORIENTED_EDGE('',*,*,#7038,.T.);
#7040=ORIENTED_EDGE('',*,*,#5910,.F.);
#7041=ORIENTED_EDGE('',*,*,#7019,.F.);
#7042=EDGE_LOOP('',(#7033,#7034,#7035,#7037,#7039,#7040,#7041));
#7043=FACE_OUTER_BOUND('',#7042,.F.);
#7044=ADVANCED_FACE('',(#7043),#7032,.T.);
#7045=CARTESIAN_POINT('',(-1.E0,4.25E0,-1.45E1));
#7046=DIRECTION('',(0.E0,-1.E0,0.E0));
#7047=DIRECTION('',(1.E0,0.E0,0.E0));
#7048=AXIS2_PLACEMENT_3D('',#7045,#7046,#7047);
#7049=PLANE('',#7048);
#7051=ORIENTED_EDGE('',*,*,#7050,.T.);
#7052=ORIENTED_EDGE('',*,*,#7036,.F.);
#7053=ORIENTED_EDGE('',*,*,#6385,.F.);
#7054=ORIENTED_EDGE('',*,*,#6967,.T.);
#7055=EDGE_LOOP('',(#7051,#7052,#7053,#7054));
#7056=FACE_OUTER_BOUND('',#7055,.F.);
#7057=ADVANCED_FACE('',(#7056),#7049,.T.);
#7058=CARTESIAN_POINT('',(0.E0,4.45E0,-2.E-1));
#7059=DIRECTION('',(0.E0,-7.071067811865E-1,7.071067811865E-1));
#7060=DIRECTION('',(-1.E0,0.E0,0.E0));
#7061=AXIS2_PLACEMENT_3D('',#7058,#7059,#7060);
#7062=PLANE('',#7061);
#7063=ORIENTED_EDGE('',*,*,#7050,.F.);
#7065=ORIENTED_EDGE('',*,*,#7064,.T.);
#7066=ORIENTED_EDGE('',*,*,#5823,.T.);
#7068=ORIENTED_EDGE('',*,*,#7067,.F.);
#7069=EDGE_LOOP('',(#7063,#7065,#7066,#7068));
#7070=FACE_OUTER_BOUND('',#7069,.F.);
#7071=ADVANCED_FACE('',(#7070),#7062,.T.);
#7072=CARTESIAN_POINT('',(-8.E-1,5.85E0,-2.E-1));
#7073=DIRECTION('',(-7.071067811865E-1,0.E0,7.071067811865E-1));
#7074=DIRECTION('',(0.E0,-1.E0,0.E0));
#7075=AXIS2_PLACEMENT_3D('',#7072,#7073,#7074);
#7076=PLANE('',#7075);
#7077=ORIENTED_EDGE('',*,*,#6965,.F.);
#7078=ORIENTED_EDGE('',*,*,#5890,.T.);
#7079=ORIENTED_EDGE('',*,*,#5825,.T.);
#7080=ORIENTED_EDGE('',*,*,#7064,.F.);
#7081=EDGE_LOOP('',(#7077,#7078,#7079,#7080));
#7082=FACE_OUTER_BOUND('',#7081,.F.);
#7083=ADVANCED_FACE('',(#7082),#7076,.T.);
#7084=CARTESIAN_POINT('',(8.E-1,5.85E0,-2.E-1));
#7085=DIRECTION('',(7.071067811865E-1,0.E0,7.071067811865E-1));
#7086=DIRECTION('',(0.E0,-1.E0,0.E0));
#7087=AXIS2_PLACEMENT_3D('',#7084,#7085,#7086);
#7088=PLANE('',#7087);
#7089=ORIENTED_EDGE('',*,*,#7038,.F.);
#7090=ORIENTED_EDGE('',*,*,#7067,.T.);
#7091=ORIENTED_EDGE('',*,*,#5821,.T.);
#7092=ORIENTED_EDGE('',*,*,#5912,.F.);
#7093=EDGE_LOOP('',(#7089,#7090,#7091,#7092));
#7094=FACE_OUTER_BOUND('',#7093,.F.);
#7095=ADVANCED_FACE('',(#7094),#7088,.T.);
#7096=CARTESIAN_POINT('',(2.4E0,0.E0,0.E0));
#7097=DIRECTION('',(-1.E0,0.E0,0.E0));
#7098=DIRECTION('',(0.E0,-1.E0,0.E0));
#7099=AXIS2_PLACEMENT_3D('',#7096,#7097,#7098);
#7100=PLANE('',#7099);
#7101=ORIENTED_EDGE('',*,*,#5949,.T.);
#7102=ORIENTED_EDGE('',*,*,#6996,.T.);
#7103=ORIENTED_EDGE('',*,*,#7022,.F.);
#7104=ORIENTED_EDGE('',*,*,#5906,.T.);
#7105=EDGE_LOOP('',(#7101,#7102,#7103,#7104));
#7106=FACE_OUTER_BOUND('',#7105,.F.);
#7107=ADVANCED_FACE('',(#7106),#7100,.F.);
#7108=CARTESIAN_POINT('',(9.55E0,4.55E0,0.E0));
#7109=DIRECTION('',(-1.E0,0.E0,0.E0));
#7110=DIRECTION('',(0.E0,1.E0,0.E0));
#7111=AXIS2_PLACEMENT_3D('',#7108,#7109,#7110);
#7112=PLANE('',#7111);
#7113=ORIENTED_EDGE('',*,*,#6053,.T.);
#7114=ORIENTED_EDGE('',*,*,#6084,.F.);
#7115=ORIENTED_EDGE('',*,*,#6393,.F.);
#7116=ORIENTED_EDGE('',*,*,#6037,.F.);
#7117=EDGE_LOOP('',(#7113,#7114,#7115,#7116));
#7118=FACE_OUTER_BOUND('',#7117,.F.);
#7119=ADVANCED_FACE('',(#7118),#7112,.F.);
#7120=CARTESIAN_POINT('',(1.075E1,-5.08E0,-1.45E1));
#7121=DIRECTION('',(-1.E0,0.E0,0.E0));
#7122=DIRECTION('',(0.E0,-1.E0,0.E0));
#7123=AXIS2_PLACEMENT_3D('',#7120,#7121,#7122);
#7124=PLANE('',#7123);
#7125=ORIENTED_EDGE('',*,*,#6401,.F.);
#7127=ORIENTED_EDGE('',*,*,#7126,.T.);
#7129=ORIENTED_EDGE('',*,*,#7128,.T.);
#7131=ORIENTED_EDGE('',*,*,#7130,.F.);
#7132=EDGE_LOOP('',(#7125,#7127,#7129,#7131));
#7133=FACE_OUTER_BOUND('',#7132,.F.);
#7134=ADVANCED_FACE('',(#7133),#7124,.T.);
#7135=CARTESIAN_POINT('',(1.175E1,-5.08E0,-1.45E1));
#7136=DIRECTION('',(0.E0,1.E0,0.E0));
#7137=DIRECTION('',(-1.E0,0.E0,0.E0));
#7138=AXIS2_PLACEMENT_3D('',#7135,#7136,#7137);
#7139=PLANE('',#7138);
#7140=ORIENTED_EDGE('',*,*,#6407,.F.);
#7142=ORIENTED_EDGE('',*,*,#7141,.T.);
#7144=ORIENTED_EDGE('',*,*,#7143,.T.);
#7145=ORIENTED_EDGE('',*,*,#7126,.F.);
#7146=EDGE_LOOP('',(#7140,#7142,#7144,#7145));
#7147=FACE_OUTER_BOUND('',#7146,.F.);
#7148=ADVANCED_FACE('',(#7147),#7139,.T.);
#7149=CARTESIAN_POINT('',(1.175E1,-5.72E0,-1.45E1));
#7150=DIRECTION('',(1.E0,0.E0,0.E0));
#7151=DIRECTION('',(0.E0,1.E0,0.E0));
#7152=AXIS2_PLACEMENT_3D('',#7149,#7150,#7151);
#7153=PLANE('',#7152);
#7154=ORIENTED_EDGE('',*,*,#6405,.F.);
#7156=ORIENTED_EDGE('',*,*,#7155,.T.);
#7158=ORIENTED_EDGE('',*,*,#7157,.T.);
#7159=ORIENTED_EDGE('',*,*,#7141,.F.);
#7160=EDGE_LOOP('',(#7154,#7156,#7158,#7159));
#7161=FACE_OUTER_BOUND('',#7160,.F.);
#7162=ADVANCED_FACE('',(#7161),#7153,.T.);
#7163=CARTESIAN_POINT('',(1.075E1,-5.72E0,-1.45E1));
#7164=DIRECTION('',(0.E0,-1.E0,0.E0));
#7165=DIRECTION('',(1.E0,0.E0,0.E0));
#7166=AXIS2_PLACEMENT_3D('',#7163,#7164,#7165);
#7167=PLANE('',#7166);
#7168=ORIENTED_EDGE('',*,*,#6403,.F.);
#7169=ORIENTED_EDGE('',*,*,#7130,.T.);
#7171=ORIENTED_EDGE('',*,*,#7170,.T.);
#7172=ORIENTED_EDGE('',*,*,#7155,.F.);
#7173=EDGE_LOOP('',(#7168,#7169,#7171,#7172));
#7174=FACE_OUTER_BOUND('',#7173,.F.);
#7175=ADVANCED_FACE('',(#7174),#7167,.T.);
#7176=CARTESIAN_POINT('',(0.E0,0.E0,-7.5E0));
#7177=DIRECTION('',(0.E0,0.E0,1.E0));
#7178=DIRECTION('',(0.E0,-1.E0,0.E0));
#7179=AXIS2_PLACEMENT_3D('',#7176,#7177,#7178);
#7180=PLANE('',#7179);
#7181=ORIENTED_EDGE('',*,*,#7128,.F.);
#7182=ORIENTED_EDGE('',*,*,#7143,.F.);
#7183=ORIENTED_EDGE('',*,*,#7157,.F.);
#7184=ORIENTED_EDGE('',*,*,#7170,.F.);
#7185=EDGE_LOOP('',(#7181,#7182,#7183,#7184));
#7186=FACE_OUTER_BOUND('',#7185,.F.);
#7187=ADVANCED_FACE('',(#7186),#7180,.T.);
#7188=CARTESIAN_POINT('',(0.E0,0.E0,-7.5E0));
#7189=DIRECTION('',(0.E0,0.E0,1.E0));
#7190=DIRECTION('',(0.E0,-1.E0,0.E0));
#7191=AXIS2_PLACEMENT_3D('',#7188,#7189,#7190);
#7192=PLANE('',#7191);
#7194=ORIENTED_EDGE('',*,*,#7193,.F.);
#7196=ORIENTED_EDGE('',*,*,#7195,.F.);
#7198=ORIENTED_EDGE('',*,*,#7197,.F.);
#7200=ORIENTED_EDGE('',*,*,#7199,.F.);
#7201=EDGE_LOOP('',(#7194,#7196,#7198,#7200));
#7202=FACE_OUTER_BOUND('',#7201,.F.);
#7203=ADVANCED_FACE('',(#7202),#7192,.T.);
#7204=CARTESIAN_POINT('',(1.175E1,1.2E-1,-1.45E1));
#7205=DIRECTION('',(0.E0,1.E0,0.E0));
#7206=DIRECTION('',(-1.E0,0.E0,0.E0));
#7207=AXIS2_PLACEMENT_3D('',#7204,#7205,#7206);
#7208=PLANE('',#7207);
#7209=ORIENTED_EDGE('',*,*,#6411,.F.);
#7211=ORIENTED_EDGE('',*,*,#7210,.T.);
#7212=ORIENTED_EDGE('',*,*,#7193,.T.);
#7214=ORIENTED_EDGE('',*,*,#7213,.F.);
#7215=EDGE_LOOP('',(#7209,#7211,#7212,#7214));
#7216=FACE_OUTER_BOUND('',#7215,.F.);
#7217=ADVANCED_FACE('',(#7216),#7208,.T.);
#7218=CARTESIAN_POINT('',(1.175E1,-5.2E-1,-1.45E1));
#7219=DIRECTION('',(1.E0,0.E0,0.E0));
#7220=DIRECTION('',(0.E0,1.E0,0.E0));
#7221=AXIS2_PLACEMENT_3D('',#7218,#7219,#7220);
#7222=PLANE('',#7221);
#7223=ORIENTED_EDGE('',*,*,#6417,.F.);
#7225=ORIENTED_EDGE('',*,*,#7224,.T.);
#7226=ORIENTED_EDGE('',*,*,#7195,.T.);
#7227=ORIENTED_EDGE('',*,*,#7210,.F.);
#7228=EDGE_LOOP('',(#7223,#7225,#7226,#7227));
#7229=FACE_OUTER_BOUND('',#7228,.F.);
#7230=ADVANCED_FACE('',(#7229),#7222,.T.);
#7231=CARTESIAN_POINT('',(1.075E1,-5.2E-1,-1.45E1));
#7232=DIRECTION('',(0.E0,-1.E0,0.E0));
#7233=DIRECTION('',(1.E0,0.E0,0.E0));
#7234=AXIS2_PLACEMENT_3D('',#7231,#7232,#7233);
#7235=PLANE('',#7234);
#7236=ORIENTED_EDGE('',*,*,#6415,.F.);
#7238=ORIENTED_EDGE('',*,*,#7237,.T.);
#7239=ORIENTED_EDGE('',*,*,#7197,.T.);
#7240=ORIENTED_EDGE('',*,*,#7224,.F.);
#7241=EDGE_LOOP('',(#7236,#7238,#7239,#7240));
#7242=FACE_OUTER_BOUND('',#7241,.F.);
#7243=ADVANCED_FACE('',(#7242),#7235,.T.);
#7244=CARTESIAN_POINT('',(1.075E1,1.2E-1,-1.45E1));
#7245=DIRECTION('',(-1.E0,0.E0,0.E0));
#7246=DIRECTION('',(0.E0,-1.E0,0.E0));
#7247=AXIS2_PLACEMENT_3D('',#7244,#7245,#7246);
#7248=PLANE('',#7247);
#7249=ORIENTED_EDGE('',*,*,#6413,.F.);
#7250=ORIENTED_EDGE('',*,*,#7213,.T.);
#7251=ORIENTED_EDGE('',*,*,#7199,.T.);
#7252=ORIENTED_EDGE('',*,*,#7237,.F.);
#7253=EDGE_LOOP('',(#7249,#7250,#7251,#7252));
#7254=FACE_OUTER_BOUND('',#7253,.F.);
#7255=ADVANCED_FACE('',(#7254),#7248,.T.);
#7256=CARTESIAN_POINT('',(8.25E0,-5.08E0,-1.45E1));
#7257=DIRECTION('',(-1.E0,0.E0,0.E0));
#7258=DIRECTION('',(0.E0,-1.E0,0.E0));
#7259=AXIS2_PLACEMENT_3D('',#7256,#7257,#7258);
#7260=PLANE('',#7259);
#7261=ORIENTED_EDGE('',*,*,#6421,.F.);
#7263=ORIENTED_EDGE('',*,*,#7262,.T.);
#7265=ORIENTED_EDGE('',*,*,#7264,.T.);
#7267=ORIENTED_EDGE('',*,*,#7266,.F.);
#7268=EDGE_LOOP('',(#7261,#7263,#7265,#7267));
#7269=FACE_OUTER_BOUND('',#7268,.F.);
#7270=ADVANCED_FACE('',(#7269),#7260,.T.);
#7271=CARTESIAN_POINT('',(9.25E0,-5.08E0,-1.45E1));
#7272=DIRECTION('',(0.E0,1.E0,0.E0));
#7273=DIRECTION('',(-1.E0,0.E0,0.E0));
#7274=AXIS2_PLACEMENT_3D('',#7271,#7272,#7273);
#7275=PLANE('',#7274);
#7276=ORIENTED_EDGE('',*,*,#6427,.F.);
#7278=ORIENTED_EDGE('',*,*,#7277,.T.);
#7280=ORIENTED_EDGE('',*,*,#7279,.T.);
#7281=ORIENTED_EDGE('',*,*,#7262,.F.);
#7282=EDGE_LOOP('',(#7276,#7278,#7280,#7281));
#7283=FACE_OUTER_BOUND('',#7282,.F.);
#7284=ADVANCED_FACE('',(#7283),#7275,.T.);
#7285=CARTESIAN_POINT('',(9.25E0,-5.72E0,-1.45E1));
#7286=DIRECTION('',(1.E0,0.E0,0.E0));
#7287=DIRECTION('',(0.E0,1.E0,0.E0));
#7288=AXIS2_PLACEMENT_3D('',#7285,#7286,#7287);
#7289=PLANE('',#7288);
#7290=ORIENTED_EDGE('',*,*,#6425,.F.);
#7292=ORIENTED_EDGE('',*,*,#7291,.T.);
#7294=ORIENTED_EDGE('',*,*,#7293,.T.);
#7295=ORIENTED_EDGE('',*,*,#7277,.F.);
#7296=EDGE_LOOP('',(#7290,#7292,#7294,#7295));
#7297=FACE_OUTER_BOUND('',#7296,.F.);
#7298=ADVANCED_FACE('',(#7297),#7289,.T.);
#7299=CARTESIAN_POINT('',(8.25E0,-5.72E0,-1.45E1));
#7300=DIRECTION('',(0.E0,-1.E0,0.E0));
#7301=DIRECTION('',(1.E0,0.E0,0.E0));
#7302=AXIS2_PLACEMENT_3D('',#7299,#7300,#7301);
#7303=PLANE('',#7302);
#7304=ORIENTED_EDGE('',*,*,#6423,.F.);
#7305=ORIENTED_EDGE('',*,*,#7266,.T.);
#7307=ORIENTED_EDGE('',*,*,#7306,.T.);
#7308=ORIENTED_EDGE('',*,*,#7291,.F.);
#7309=EDGE_LOOP('',(#7304,#7305,#7307,#7308));
#7310=FACE_OUTER_BOUND('',#7309,.F.);
#7311=ADVANCED_FACE('',(#7310),#7303,.T.);
#7312=CARTESIAN_POINT('',(0.E0,0.E0,-7.5E0));
#7313=DIRECTION('',(0.E0,0.E0,1.E0));
#7314=DIRECTION('',(0.E0,-1.E0,0.E0));
#7315=AXIS2_PLACEMENT_3D('',#7312,#7313,#7314);
#7316=PLANE('',#7315);
#7317=ORIENTED_EDGE('',*,*,#7264,.F.);
#7318=ORIENTED_EDGE('',*,*,#7279,.F.);
#7319=ORIENTED_EDGE('',*,*,#7293,.F.);
#7320=ORIENTED_EDGE('',*,*,#7306,.F.);
#7321=EDGE_LOOP('',(#7317,#7318,#7319,#7320));
#7322=FACE_OUTER_BOUND('',#7321,.F.);
#7323=ADVANCED_FACE('',(#7322),#7316,.T.);
#7324=CARTESIAN_POINT('',(0.E0,0.E0,-7.5E0));
#7325=DIRECTION('',(0.E0,0.E0,1.E0));
#7326=DIRECTION('',(0.E0,-1.E0,0.E0));
#7327=AXIS2_PLACEMENT_3D('',#7324,#7325,#7326);
#7328=PLANE('',#7327);
#7330=ORIENTED_EDGE('',*,*,#7329,.F.);
#7332=ORIENTED_EDGE('',*,*,#7331,.F.);
#7334=ORIENTED_EDGE('',*,*,#7333,.F.);
#7336=ORIENTED_EDGE('',*,*,#7335,.F.);
#7337=EDGE_LOOP('',(#7330,#7332,#7334,#7336));
#7338=FACE_OUTER_BOUND('',#7337,.F.);
#7339=ADVANCED_FACE('',(#7338),#7328,.T.);
#7340=CARTESIAN_POINT('',(9.25E0,1.2E-1,-1.45E1));
#7341=DIRECTION('',(0.E0,1.E0,0.E0));
#7342=DIRECTION('',(-1.E0,0.E0,0.E0));
#7343=AXIS2_PLACEMENT_3D('',#7340,#7341,#7342);
#7344=PLANE('',#7343);
#7345=ORIENTED_EDGE('',*,*,#6431,.F.);
#7347=ORIENTED_EDGE('',*,*,#7346,.T.);
#7348=ORIENTED_EDGE('',*,*,#7329,.T.);
#7350=ORIENTED_EDGE('',*,*,#7349,.F.);
#7351=EDGE_LOOP('',(#7345,#7347,#7348,#7350));
#7352=FACE_OUTER_BOUND('',#7351,.F.);
#7353=ADVANCED_FACE('',(#7352),#7344,.T.);
#7354=CARTESIAN_POINT('',(9.25E0,-5.2E-1,-1.45E1));
#7355=DIRECTION('',(1.E0,0.E0,0.E0));
#7356=DIRECTION('',(0.E0,1.E0,0.E0));
#7357=AXIS2_PLACEMENT_3D('',#7354,#7355,#7356);
#7358=PLANE('',#7357);
#7359=ORIENTED_EDGE('',*,*,#6437,.F.);
#7361=ORIENTED_EDGE('',*,*,#7360,.T.);
#7362=ORIENTED_EDGE('',*,*,#7331,.T.);
#7363=ORIENTED_EDGE('',*,*,#7346,.F.);
#7364=EDGE_LOOP('',(#7359,#7361,#7362,#7363));
#7365=FACE_OUTER_BOUND('',#7364,.F.);
#7366=ADVANCED_FACE('',(#7365),#7358,.T.);
#7367=CARTESIAN_POINT('',(8.25E0,-5.2E-1,-1.45E1));
#7368=DIRECTION('',(0.E0,-1.E0,0.E0));
#7369=DIRECTION('',(1.E0,0.E0,0.E0));
#7370=AXIS2_PLACEMENT_3D('',#7367,#7368,#7369);
#7371=PLANE('',#7370);
#7372=ORIENTED_EDGE('',*,*,#6435,.F.);
#7374=ORIENTED_EDGE('',*,*,#7373,.T.);
#7375=ORIENTED_EDGE('',*,*,#7333,.T.);
#7376=ORIENTED_EDGE('',*,*,#7360,.F.);
#7377=EDGE_LOOP('',(#7372,#7374,#7375,#7376));
#7378=FACE_OUTER_BOUND('',#7377,.F.);
#7379=ADVANCED_FACE('',(#7378),#7371,.T.);
#7380=CARTESIAN_POINT('',(8.25E0,1.2E-1,-1.45E1));
#7381=DIRECTION('',(-1.E0,0.E0,0.E0));
#7382=DIRECTION('',(0.E0,-1.E0,0.E0));
#7383=AXIS2_PLACEMENT_3D('',#7380,#7381,#7382);
#7384=PLANE('',#7383);
#7385=ORIENTED_EDGE('',*,*,#6433,.F.);
#7386=ORIENTED_EDGE('',*,*,#7349,.T.);
#7387=ORIENTED_EDGE('',*,*,#7335,.T.);
#7388=ORIENTED_EDGE('',*,*,#7373,.F.);
#7389=EDGE_LOOP('',(#7385,#7386,#7387,#7388));
#7390=FACE_OUTER_BOUND('',#7389,.F.);
#7391=ADVANCED_FACE('',(#7390),#7384,.T.);
#7392=CARTESIAN_POINT('',(5.75E0,-5.08E0,-1.45E1));
#7393=DIRECTION('',(-1.E0,0.E0,0.E0));
#7394=DIRECTION('',(0.E0,-1.E0,0.E0));
#7395=AXIS2_PLACEMENT_3D('',#7392,#7393,#7394);
#7396=PLANE('',#7395);
#7397=ORIENTED_EDGE('',*,*,#6441,.F.);
#7399=ORIENTED_EDGE('',*,*,#7398,.T.);
#7401=ORIENTED_EDGE('',*,*,#7400,.T.);
#7403=ORIENTED_EDGE('',*,*,#7402,.F.);
#7404=EDGE_LOOP('',(#7397,#7399,#7401,#7403));
#7405=FACE_OUTER_BOUND('',#7404,.F.);
#7406=ADVANCED_FACE('',(#7405),#7396,.T.);
#7407=CARTESIAN_POINT('',(6.75E0,-5.08E0,-1.45E1));
#7408=DIRECTION('',(0.E0,1.E0,0.E0));
#7409=DIRECTION('',(-1.E0,0.E0,0.E0));
#7410=AXIS2_PLACEMENT_3D('',#7407,#7408,#7409);
#7411=PLANE('',#7410);
#7412=ORIENTED_EDGE('',*,*,#6447,.F.);
#7414=ORIENTED_EDGE('',*,*,#7413,.T.);
#7416=ORIENTED_EDGE('',*,*,#7415,.T.);
#7417=ORIENTED_EDGE('',*,*,#7398,.F.);
#7418=EDGE_LOOP('',(#7412,#7414,#7416,#7417));
#7419=FACE_OUTER_BOUND('',#7418,.F.);
#7420=ADVANCED_FACE('',(#7419),#7411,.T.);
#7421=CARTESIAN_POINT('',(6.75E0,-5.72E0,-1.45E1));
#7422=DIRECTION('',(1.E0,0.E0,0.E0));
#7423=DIRECTION('',(0.E0,1.E0,0.E0));
#7424=AXIS2_PLACEMENT_3D('',#7421,#7422,#7423);
#7425=PLANE('',#7424);
#7426=ORIENTED_EDGE('',*,*,#6445,.F.);
#7428=ORIENTED_EDGE('',*,*,#7427,.T.);
#7430=ORIENTED_EDGE('',*,*,#7429,.T.);
#7431=ORIENTED_EDGE('',*,*,#7413,.F.);
#7432=EDGE_LOOP('',(#7426,#7428,#7430,#7431));
#7433=FACE_OUTER_BOUND('',#7432,.F.);
#7434=ADVANCED_FACE('',(#7433),#7425,.T.);
#7435=CARTESIAN_POINT('',(5.75E0,-5.72E0,-1.45E1));
#7436=DIRECTION('',(0.E0,-1.E0,0.E0));
#7437=DIRECTION('',(1.E0,0.E0,0.E0));
#7438=AXIS2_PLACEMENT_3D('',#7435,#7436,#7437);
#7439=PLANE('',#7438);
#7440=ORIENTED_EDGE('',*,*,#6443,.F.);
#7441=ORIENTED_EDGE('',*,*,#7402,.T.);
#7443=ORIENTED_EDGE('',*,*,#7442,.T.);
#7444=ORIENTED_EDGE('',*,*,#7427,.F.);
#7445=EDGE_LOOP('',(#7440,#7441,#7443,#7444));
#7446=FACE_OUTER_BOUND('',#7445,.F.);
#7447=ADVANCED_FACE('',(#7446),#7439,.T.);
#7448=CARTESIAN_POINT('',(0.E0,0.E0,-7.5E0));
#7449=DIRECTION('',(0.E0,0.E0,1.E0));
#7450=DIRECTION('',(0.E0,-1.E0,0.E0));
#7451=AXIS2_PLACEMENT_3D('',#7448,#7449,#7450);
#7452=PLANE('',#7451);
#7453=ORIENTED_EDGE('',*,*,#7400,.F.);
#7454=ORIENTED_EDGE('',*,*,#7415,.F.);
#7455=ORIENTED_EDGE('',*,*,#7429,.F.);
#7456=ORIENTED_EDGE('',*,*,#7442,.F.);
#7457=EDGE_LOOP('',(#7453,#7454,#7455,#7456));
#7458=FACE_OUTER_BOUND('',#7457,.F.);
#7459=ADVANCED_FACE('',(#7458),#7452,.T.);
#7460=CARTESIAN_POINT('',(0.E0,0.E0,-7.5E0));
#7461=DIRECTION('',(0.E0,0.E0,1.E0));
#7462=DIRECTION('',(0.E0,-1.E0,0.E0));
#7463=AXIS2_PLACEMENT_3D('',#7460,#7461,#7462);
#7464=PLANE('',#7463);
#7466=ORIENTED_EDGE('',*,*,#7465,.F.);
#7468=ORIENTED_EDGE('',*,*,#7467,.F.);
#7470=ORIENTED_EDGE('',*,*,#7469,.F.);
#7472=ORIENTED_EDGE('',*,*,#7471,.F.);
#7473=EDGE_LOOP('',(#7466,#7468,#7470,#7472));
#7474=FACE_OUTER_BOUND('',#7473,.F.);
#7475=ADVANCED_FACE('',(#7474),#7464,.T.);
#7476=CARTESIAN_POINT('',(6.75E0,1.2E-1,-1.45E1));
#7477=DIRECTION('',(0.E0,1.E0,0.E0));
#7478=DIRECTION('',(-1.E0,0.E0,0.E0));
#7479=AXIS2_PLACEMENT_3D('',#7476,#7477,#7478);
#7480=PLANE('',#7479);
#7481=ORIENTED_EDGE('',*,*,#6451,.F.);
#7483=ORIENTED_EDGE('',*,*,#7482,.T.);
#7484=ORIENTED_EDGE('',*,*,#7465,.T.);
#7486=ORIENTED_EDGE('',*,*,#7485,.F.);
#7487=EDGE_LOOP('',(#7481,#7483,#7484,#7486));
#7488=FACE_OUTER_BOUND('',#7487,.F.);
#7489=ADVANCED_FACE('',(#7488),#7480,.T.);
#7490=CARTESIAN_POINT('',(6.75E0,-5.2E-1,-1.45E1));
#7491=DIRECTION('',(1.E0,0.E0,0.E0));
#7492=DIRECTION('',(0.E0,1.E0,0.E0));
#7493=AXIS2_PLACEMENT_3D('',#7490,#7491,#7492);
#7494=PLANE('',#7493);
#7495=ORIENTED_EDGE('',*,*,#6457,.F.);
#7497=ORIENTED_EDGE('',*,*,#7496,.T.);
#7498=ORIENTED_EDGE('',*,*,#7467,.T.);
#7499=ORIENTED_EDGE('',*,*,#7482,.F.);
#7500=EDGE_LOOP('',(#7495,#7497,#7498,#7499));
#7501=FACE_OUTER_BOUND('',#7500,.F.);
#7502=ADVANCED_FACE('',(#7501),#7494,.T.);
#7503=CARTESIAN_POINT('',(5.75E0,-5.2E-1,-1.45E1));
#7504=DIRECTION('',(0.E0,-1.E0,0.E0));
#7505=DIRECTION('',(1.E0,0.E0,0.E0));
#7506=AXIS2_PLACEMENT_3D('',#7503,#7504,#7505);
#7507=PLANE('',#7506);
#7508=ORIENTED_EDGE('',*,*,#6455,.F.);
#7510=ORIENTED_EDGE('',*,*,#7509,.T.);
#7511=ORIENTED_EDGE('',*,*,#7469,.T.);
#7512=ORIENTED_EDGE('',*,*,#7496,.F.);
#7513=EDGE_LOOP('',(#7508,#7510,#7511,#7512));
#7514=FACE_OUTER_BOUND('',#7513,.F.);
#7515=ADVANCED_FACE('',(#7514),#7507,.T.);
#7516=CARTESIAN_POINT('',(5.75E0,1.2E-1,-1.45E1));
#7517=DIRECTION('',(-1.E0,0.E0,0.E0));
#7518=DIRECTION('',(0.E0,-1.E0,0.E0));
#7519=AXIS2_PLACEMENT_3D('',#7516,#7517,#7518);
#7520=PLANE('',#7519);
#7521=ORIENTED_EDGE('',*,*,#6453,.F.);
#7522=ORIENTED_EDGE('',*,*,#7485,.T.);
#7523=ORIENTED_EDGE('',*,*,#7471,.T.);
#7524=ORIENTED_EDGE('',*,*,#7509,.F.);
#7525=EDGE_LOOP('',(#7521,#7522,#7523,#7524));
#7526=FACE_OUTER_BOUND('',#7525,.F.);
#7527=ADVANCED_FACE('',(#7526),#7520,.T.);
#7528=CARTESIAN_POINT('',(3.25E0,-5.08E0,-1.45E1));
#7529=DIRECTION('',(-1.E0,0.E0,0.E0));
#7530=DIRECTION('',(0.E0,-1.E0,0.E0));
#7531=AXIS2_PLACEMENT_3D('',#7528,#7529,#7530);
#7532=PLANE('',#7531);
#7533=ORIENTED_EDGE('',*,*,#6461,.F.);
#7535=ORIENTED_EDGE('',*,*,#7534,.T.);
#7537=ORIENTED_EDGE('',*,*,#7536,.T.);
#7539=ORIENTED_EDGE('',*,*,#7538,.F.);
#7540=EDGE_LOOP('',(#7533,#7535,#7537,#7539));
#7541=FACE_OUTER_BOUND('',#7540,.F.);
#7542=ADVANCED_FACE('',(#7541),#7532,.T.);
#7543=CARTESIAN_POINT('',(4.25E0,-5.08E0,-1.45E1));
#7544=DIRECTION('',(0.E0,1.E0,0.E0));
#7545=DIRECTION('',(-1.E0,0.E0,0.E0));
#7546=AXIS2_PLACEMENT_3D('',#7543,#7544,#7545);
#7547=PLANE('',#7546);
#7548=ORIENTED_EDGE('',*,*,#6467,.F.);
#7550=ORIENTED_EDGE('',*,*,#7549,.T.);
#7552=ORIENTED_EDGE('',*,*,#7551,.T.);
#7553=ORIENTED_EDGE('',*,*,#7534,.F.);
#7554=EDGE_LOOP('',(#7548,#7550,#7552,#7553));
#7555=FACE_OUTER_BOUND('',#7554,.F.);
#7556=ADVANCED_FACE('',(#7555),#7547,.T.);
#7557=CARTESIAN_POINT('',(4.25E0,-5.72E0,-1.45E1));
#7558=DIRECTION('',(1.E0,0.E0,0.E0));
#7559=DIRECTION('',(0.E0,1.E0,0.E0));
#7560=AXIS2_PLACEMENT_3D('',#7557,#7558,#7559);
#7561=PLANE('',#7560);
#7562=ORIENTED_EDGE('',*,*,#6465,.F.);
#7564=ORIENTED_EDGE('',*,*,#7563,.T.);
#7566=ORIENTED_EDGE('',*,*,#7565,.T.);
#7567=ORIENTED_EDGE('',*,*,#7549,.F.);
#7568=EDGE_LOOP('',(#7562,#7564,#7566,#7567));
#7569=FACE_OUTER_BOUND('',#7568,.F.);
#7570=ADVANCED_FACE('',(#7569),#7561,.T.);
#7571=CARTESIAN_POINT('',(3.25E0,-5.72E0,-1.45E1));
#7572=DIRECTION('',(0.E0,-1.E0,0.E0));
#7573=DIRECTION('',(1.E0,0.E0,0.E0));
#7574=AXIS2_PLACEMENT_3D('',#7571,#7572,#7573);
#7575=PLANE('',#7574);
#7576=ORIENTED_EDGE('',*,*,#6463,.F.);
#7577=ORIENTED_EDGE('',*,*,#7538,.T.);
#7579=ORIENTED_EDGE('',*,*,#7578,.T.);
#7580=ORIENTED_EDGE('',*,*,#7563,.F.);
#7581=EDGE_LOOP('',(#7576,#7577,#7579,#7580));
#7582=FACE_OUTER_BOUND('',#7581,.F.);
#7583=ADVANCED_FACE('',(#7582),#7575,.T.);
#7584=CARTESIAN_POINT('',(0.E0,0.E0,-7.5E0));
#7585=DIRECTION('',(0.E0,0.E0,1.E0));
#7586=DIRECTION('',(0.E0,-1.E0,0.E0));
#7587=AXIS2_PLACEMENT_3D('',#7584,#7585,#7586);
#7588=PLANE('',#7587);
#7589=ORIENTED_EDGE('',*,*,#7536,.F.);
#7590=ORIENTED_EDGE('',*,*,#7551,.F.);
#7591=ORIENTED_EDGE('',*,*,#7565,.F.);
#7592=ORIENTED_EDGE('',*,*,#7578,.F.);
#7593=EDGE_LOOP('',(#7589,#7590,#7591,#7592));
#7594=FACE_OUTER_BOUND('',#7593,.F.);
#7595=ADVANCED_FACE('',(#7594),#7588,.T.);
#7596=CARTESIAN_POINT('',(0.E0,0.E0,-7.5E0));
#7597=DIRECTION('',(0.E0,0.E0,1.E0));
#7598=DIRECTION('',(0.E0,-1.E0,0.E0));
#7599=AXIS2_PLACEMENT_3D('',#7596,#7597,#7598);
#7600=PLANE('',#7599);
#7602=ORIENTED_EDGE('',*,*,#7601,.F.);
#7604=ORIENTED_EDGE('',*,*,#7603,.F.);
#7606=ORIENTED_EDGE('',*,*,#7605,.F.);
#7608=ORIENTED_EDGE('',*,*,#7607,.F.);
#7609=EDGE_LOOP('',(#7602,#7604,#7606,#7608));
#7610=FACE_OUTER_BOUND('',#7609,.F.);
#7611=ADVANCED_FACE('',(#7610),#7600,.T.);
#7612=CARTESIAN_POINT('',(4.25E0,1.2E-1,-1.45E1));
#7613=DIRECTION('',(0.E0,1.E0,0.E0));
#7614=DIRECTION('',(-1.E0,0.E0,0.E0));
#7615=AXIS2_PLACEMENT_3D('',#7612,#7613,#7614);
#7616=PLANE('',#7615);
#7617=ORIENTED_EDGE('',*,*,#6471,.F.);
#7619=ORIENTED_EDGE('',*,*,#7618,.T.);
#7620=ORIENTED_EDGE('',*,*,#7601,.T.);
#7622=ORIENTED_EDGE('',*,*,#7621,.F.);
#7623=EDGE_LOOP('',(#7617,#7619,#7620,#7622));
#7624=FACE_OUTER_BOUND('',#7623,.F.);
#7625=ADVANCED_FACE('',(#7624),#7616,.T.);
#7626=CARTESIAN_POINT('',(4.25E0,-5.2E-1,-1.45E1));
#7627=DIRECTION('',(1.E0,0.E0,0.E0));
#7628=DIRECTION('',(0.E0,1.E0,0.E0));
#7629=AXIS2_PLACEMENT_3D('',#7626,#7627,#7628);
#7630=PLANE('',#7629);
#7631=ORIENTED_EDGE('',*,*,#6477,.F.);
#7633=ORIENTED_EDGE('',*,*,#7632,.T.);
#7634=ORIENTED_EDGE('',*,*,#7603,.T.);
#7635=ORIENTED_EDGE('',*,*,#7618,.F.);
#7636=EDGE_LOOP('',(#7631,#7633,#7634,#7635));
#7637=FACE_OUTER_BOUND('',#7636,.F.);
#7638=ADVANCED_FACE('',(#7637),#7630,.T.);
#7639=CARTESIAN_POINT('',(3.25E0,-5.2E-1,-1.45E1));
#7640=DIRECTION('',(0.E0,-1.E0,0.E0));
#7641=DIRECTION('',(1.E0,0.E0,0.E0));
#7642=AXIS2_PLACEMENT_3D('',#7639,#7640,#7641);
#7643=PLANE('',#7642);
#7644=ORIENTED_EDGE('',*,*,#6475,.F.);
#7646=ORIENTED_EDGE('',*,*,#7645,.T.);
#7647=ORIENTED_EDGE('',*,*,#7605,.T.);
#7648=ORIENTED_EDGE('',*,*,#7632,.F.);
#7649=EDGE_LOOP('',(#7644,#7646,#7647,#7648));
#7650=FACE_OUTER_BOUND('',#7649,.F.);
#7651=ADVANCED_FACE('',(#7650),#7643,.T.);
#7652=CARTESIAN_POINT('',(3.25E0,1.2E-1,-1.45E1));
#7653=DIRECTION('',(-1.E0,0.E0,0.E0));
#7654=DIRECTION('',(0.E0,-1.E0,0.E0));
#7655=AXIS2_PLACEMENT_3D('',#7652,#7653,#7654);
#7656=PLANE('',#7655);
#7657=ORIENTED_EDGE('',*,*,#6473,.F.);
#7658=ORIENTED_EDGE('',*,*,#7621,.T.);
#7659=ORIENTED_EDGE('',*,*,#7607,.T.);
#7660=ORIENTED_EDGE('',*,*,#7645,.F.);
#7661=EDGE_LOOP('',(#7657,#7658,#7659,#7660));
#7662=FACE_OUTER_BOUND('',#7661,.F.);
#7663=ADVANCED_FACE('',(#7662),#7656,.T.);
#7664=CARTESIAN_POINT('',(7.5E-1,-5.08E0,-1.45E1));
#7665=DIRECTION('',(-1.E0,0.E0,0.E0));
#7666=DIRECTION('',(0.E0,-1.E0,0.E0));
#7667=AXIS2_PLACEMENT_3D('',#7664,#7665,#7666);
#7668=PLANE('',#7667);
#7669=ORIENTED_EDGE('',*,*,#6481,.F.);
#7671=ORIENTED_EDGE('',*,*,#7670,.T.);
#7673=ORIENTED_EDGE('',*,*,#7672,.T.);
#7675=ORIENTED_EDGE('',*,*,#7674,.F.);
#7676=EDGE_LOOP('',(#7669,#7671,#7673,#7675));
#7677=FACE_OUTER_BOUND('',#7676,.F.);
#7678=ADVANCED_FACE('',(#7677),#7668,.T.);
#7679=CARTESIAN_POINT('',(1.75E0,-5.08E0,-1.45E1));
#7680=DIRECTION('',(0.E0,1.E0,0.E0));
#7681=DIRECTION('',(-1.E0,0.E0,0.E0));
#7682=AXIS2_PLACEMENT_3D('',#7679,#7680,#7681);
#7683=PLANE('',#7682);
#7684=ORIENTED_EDGE('',*,*,#6487,.F.);
#7686=ORIENTED_EDGE('',*,*,#7685,.T.);
#7688=ORIENTED_EDGE('',*,*,#7687,.T.);
#7689=ORIENTED_EDGE('',*,*,#7670,.F.);
#7690=EDGE_LOOP('',(#7684,#7686,#7688,#7689));
#7691=FACE_OUTER_BOUND('',#7690,.F.);
#7692=ADVANCED_FACE('',(#7691),#7683,.T.);
#7693=CARTESIAN_POINT('',(1.75E0,-5.72E0,-1.45E1));
#7694=DIRECTION('',(1.E0,0.E0,0.E0));
#7695=DIRECTION('',(0.E0,1.E0,0.E0));
#7696=AXIS2_PLACEMENT_3D('',#7693,#7694,#7695);
#7697=PLANE('',#7696);
#7698=ORIENTED_EDGE('',*,*,#6485,.F.);
#7700=ORIENTED_EDGE('',*,*,#7699,.T.);
#7702=ORIENTED_EDGE('',*,*,#7701,.T.);
#7703=ORIENTED_EDGE('',*,*,#7685,.F.);
#7704=EDGE_LOOP('',(#7698,#7700,#7702,#7703));
#7705=FACE_OUTER_BOUND('',#7704,.F.);
#7706=ADVANCED_FACE('',(#7705),#7697,.T.);
#7707=CARTESIAN_POINT('',(7.5E-1,-5.72E0,-1.45E1));
#7708=DIRECTION('',(0.E0,-1.E0,0.E0));
#7709=DIRECTION('',(1.E0,0.E0,0.E0));
#7710=AXIS2_PLACEMENT_3D('',#7707,#7708,#7709);
#7711=PLANE('',#7710);
#7712=ORIENTED_EDGE('',*,*,#6483,.F.);
#7713=ORIENTED_EDGE('',*,*,#7674,.T.);
#7715=ORIENTED_EDGE('',*,*,#7714,.T.);
#7716=ORIENTED_EDGE('',*,*,#7699,.F.);
#7717=EDGE_LOOP('',(#7712,#7713,#7715,#7716));
#7718=FACE_OUTER_BOUND('',#7717,.F.);
#7719=ADVANCED_FACE('',(#7718),#7711,.T.);
#7720=CARTESIAN_POINT('',(0.E0,0.E0,-7.5E0));
#7721=DIRECTION('',(0.E0,0.E0,1.E0));
#7722=DIRECTION('',(0.E0,-1.E0,0.E0));
#7723=AXIS2_PLACEMENT_3D('',#7720,#7721,#7722);
#7724=PLANE('',#7723);
#7725=ORIENTED_EDGE('',*,*,#7672,.F.);
#7726=ORIENTED_EDGE('',*,*,#7687,.F.);
#7727=ORIENTED_EDGE('',*,*,#7701,.F.);
#7728=ORIENTED_EDGE('',*,*,#7714,.F.);
#7729=EDGE_LOOP('',(#7725,#7726,#7727,#7728));
#7730=FACE_OUTER_BOUND('',#7729,.F.);
#7731=ADVANCED_FACE('',(#7730),#7724,.T.);
#7732=CARTESIAN_POINT('',(0.E0,0.E0,-7.5E0));
#7733=DIRECTION('',(0.E0,0.E0,1.E0));
#7734=DIRECTION('',(0.E0,-1.E0,0.E0));
#7735=AXIS2_PLACEMENT_3D('',#7732,#7733,#7734);
#7736=PLANE('',#7735);
#7738=ORIENTED_EDGE('',*,*,#7737,.F.);
#7740=ORIENTED_EDGE('',*,*,#7739,.F.);
#7742=ORIENTED_EDGE('',*,*,#7741,.F.);
#7744=ORIENTED_EDGE('',*,*,#7743,.F.);
#7745=EDGE_LOOP('',(#7738,#7740,#7742,#7744));
#7746=FACE_OUTER_BOUND('',#7745,.F.);
#7747=ADVANCED_FACE('',(#7746),#7736,.T.);
#7748=CARTESIAN_POINT('',(1.75E0,1.2E-1,-1.45E1));
#7749=DIRECTION('',(0.E0,1.E0,0.E0));
#7750=DIRECTION('',(-1.E0,0.E0,0.E0));
#7751=AXIS2_PLACEMENT_3D('',#7748,#7749,#7750);
#7752=PLANE('',#7751);
#7753=ORIENTED_EDGE('',*,*,#6491,.F.);
#7755=ORIENTED_EDGE('',*,*,#7754,.T.);
#7756=ORIENTED_EDGE('',*,*,#7737,.T.);
#7758=ORIENTED_EDGE('',*,*,#7757,.F.);
#7759=EDGE_LOOP('',(#7753,#7755,#7756,#7758));
#7760=FACE_OUTER_BOUND('',#7759,.F.);
#7761=ADVANCED_FACE('',(#7760),#7752,.T.);
#7762=CARTESIAN_POINT('',(1.75E0,-5.2E-1,-1.45E1));
#7763=DIRECTION('',(1.E0,0.E0,0.E0));
#7764=DIRECTION('',(0.E0,1.E0,0.E0));
#7765=AXIS2_PLACEMENT_3D('',#7762,#7763,#7764);
#7766=PLANE('',#7765);
#7767=ORIENTED_EDGE('',*,*,#6497,.F.);
#7769=ORIENTED_EDGE('',*,*,#7768,.T.);
#7770=ORIENTED_EDGE('',*,*,#7739,.T.);
#7771=ORIENTED_EDGE('',*,*,#7754,.F.);
#7772=EDGE_LOOP('',(#7767,#7769,#7770,#7771));
#7773=FACE_OUTER_BOUND('',#7772,.F.);
#7774=ADVANCED_FACE('',(#7773),#7766,.T.);
#7775=CARTESIAN_POINT('',(7.5E-1,-5.2E-1,-1.45E1));
#7776=DIRECTION('',(0.E0,-1.E0,0.E0));
#7777=DIRECTION('',(1.E0,0.E0,0.E0));
#7778=AXIS2_PLACEMENT_3D('',#7775,#7776,#7777);
#7779=PLANE('',#7778);
#7780=ORIENTED_EDGE('',*,*,#6495,.F.);
#7782=ORIENTED_EDGE('',*,*,#7781,.T.);
#7783=ORIENTED_EDGE('',*,*,#7741,.T.);
#7784=ORIENTED_EDGE('',*,*,#7768,.F.);
#7785=EDGE_LOOP('',(#7780,#7782,#7783,#7784));
#7786=FACE_OUTER_BOUND('',#7785,.F.);
#7787=ADVANCED_FACE('',(#7786),#7779,.T.);
#7788=CARTESIAN_POINT('',(7.5E-1,1.2E-1,-1.45E1));
#7789=DIRECTION('',(-1.E0,0.E0,0.E0));
#7790=DIRECTION('',(0.E0,-1.E0,0.E0));
#7791=AXIS2_PLACEMENT_3D('',#7788,#7789,#7790);
#7792=PLANE('',#7791);
#7793=ORIENTED_EDGE('',*,*,#6493,.F.);
#7794=ORIENTED_EDGE('',*,*,#7757,.T.);
#7795=ORIENTED_EDGE('',*,*,#7743,.T.);
#7796=ORIENTED_EDGE('',*,*,#7781,.F.);
#7797=EDGE_LOOP('',(#7793,#7794,#7795,#7796));
#7798=FACE_OUTER_BOUND('',#7797,.F.);
#7799=ADVANCED_FACE('',(#7798),#7792,.T.);
#7800=CARTESIAN_POINT('',(-1.75E0,-5.08E0,-1.45E1));
#7801=DIRECTION('',(-1.E0,0.E0,0.E0));
#7802=DIRECTION('',(0.E0,-1.E0,0.E0));
#7803=AXIS2_PLACEMENT_3D('',#7800,#7801,#7802);
#7804=PLANE('',#7803);
#7805=ORIENTED_EDGE('',*,*,#6501,.F.);
#7807=ORIENTED_EDGE('',*,*,#7806,.T.);
#7809=ORIENTED_EDGE('',*,*,#7808,.T.);
#7811=ORIENTED_EDGE('',*,*,#7810,.F.);
#7812=EDGE_LOOP('',(#7805,#7807,#7809,#7811));
#7813=FACE_OUTER_BOUND('',#7812,.F.);
#7814=ADVANCED_FACE('',(#7813),#7804,.T.);
#7815=CARTESIAN_POINT('',(-7.5E-1,-5.08E0,-1.45E1));
#7816=DIRECTION('',(0.E0,1.E0,0.E0));
#7817=DIRECTION('',(-1.E0,0.E0,0.E0));
#7818=AXIS2_PLACEMENT_3D('',#7815,#7816,#7817);
#7819=PLANE('',#7818);
#7820=ORIENTED_EDGE('',*,*,#6507,.F.);
#7822=ORIENTED_EDGE('',*,*,#7821,.T.);
#7824=ORIENTED_EDGE('',*,*,#7823,.T.);
#7825=ORIENTED_EDGE('',*,*,#7806,.F.);
#7826=EDGE_LOOP('',(#7820,#7822,#7824,#7825));
#7827=FACE_OUTER_BOUND('',#7826,.F.);
#7828=ADVANCED_FACE('',(#7827),#7819,.T.);
#7829=CARTESIAN_POINT('',(-7.5E-1,-5.72E0,-1.45E1));
#7830=DIRECTION('',(1.E0,0.E0,0.E0));
#7831=DIRECTION('',(0.E0,1.E0,0.E0));
#7832=AXIS2_PLACEMENT_3D('',#7829,#7830,#7831);
#7833=PLANE('',#7832);
#7834=ORIENTED_EDGE('',*,*,#6505,.F.);
#7836=ORIENTED_EDGE('',*,*,#7835,.T.);
#7838=ORIENTED_EDGE('',*,*,#7837,.T.);
#7839=ORIENTED_EDGE('',*,*,#7821,.F.);
#7840=EDGE_LOOP('',(#7834,#7836,#7838,#7839));
#7841=FACE_OUTER_BOUND('',#7840,.F.);
#7842=ADVANCED_FACE('',(#7841),#7833,.T.);
#7843=CARTESIAN_POINT('',(-1.75E0,-5.72E0,-1.45E1));
#7844=DIRECTION('',(0.E0,-1.E0,0.E0));
#7845=DIRECTION('',(1.E0,0.E0,0.E0));
#7846=AXIS2_PLACEMENT_3D('',#7843,#7844,#7845);
#7847=PLANE('',#7846);
#7848=ORIENTED_EDGE('',*,*,#6503,.F.);
#7849=ORIENTED_EDGE('',*,*,#7810,.T.);
#7851=ORIENTED_EDGE('',*,*,#7850,.T.);
#7852=ORIENTED_EDGE('',*,*,#7835,.F.);
#7853=EDGE_LOOP('',(#7848,#7849,#7851,#7852));
#7854=FACE_OUTER_BOUND('',#7853,.F.);
#7855=ADVANCED_FACE('',(#7854),#7847,.T.);
#7856=CARTESIAN_POINT('',(0.E0,0.E0,-7.5E0));
#7857=DIRECTION('',(0.E0,0.E0,1.E0));
#7858=DIRECTION('',(0.E0,-1.E0,0.E0));
#7859=AXIS2_PLACEMENT_3D('',#7856,#7857,#7858);
#7860=PLANE('',#7859);
#7861=ORIENTED_EDGE('',*,*,#7808,.F.);
#7862=ORIENTED_EDGE('',*,*,#7823,.F.);
#7863=ORIENTED_EDGE('',*,*,#7837,.F.);
#7864=ORIENTED_EDGE('',*,*,#7850,.F.);
#7865=EDGE_LOOP('',(#7861,#7862,#7863,#7864));
#7866=FACE_OUTER_BOUND('',#7865,.F.);
#7867=ADVANCED_FACE('',(#7866),#7860,.T.);
#7868=CARTESIAN_POINT('',(0.E0,0.E0,-7.5E0));
#7869=DIRECTION('',(0.E0,0.E0,1.E0));
#7870=DIRECTION('',(0.E0,-1.E0,0.E0));
#7871=AXIS2_PLACEMENT_3D('',#7868,#7869,#7870);
#7872=PLANE('',#7871);
#7874=ORIENTED_EDGE('',*,*,#7873,.F.);
#7876=ORIENTED_EDGE('',*,*,#7875,.F.);
#7878=ORIENTED_EDGE('',*,*,#7877,.F.);
#7880=ORIENTED_EDGE('',*,*,#7879,.F.);
#7881=EDGE_LOOP('',(#7874,#7876,#7878,#7880));
#7882=FACE_OUTER_BOUND('',#7881,.F.);
#7883=ADVANCED_FACE('',(#7882),#7872,.T.);
#7884=CARTESIAN_POINT('',(-7.5E-1,1.2E-1,-1.45E1));
#7885=DIRECTION('',(0.E0,1.E0,0.E0));
#7886=DIRECTION('',(-1.E0,0.E0,0.E0));
#7887=AXIS2_PLACEMENT_3D('',#7884,#7885,#7886);
#7888=PLANE('',#7887);
#7889=ORIENTED_EDGE('',*,*,#6511,.F.);
#7891=ORIENTED_EDGE('',*,*,#7890,.T.);
#7892=ORIENTED_EDGE('',*,*,#7873,.T.);
#7894=ORIENTED_EDGE('',*,*,#7893,.F.);
#7895=EDGE_LOOP('',(#7889,#7891,#7892,#7894));
#7896=FACE_OUTER_BOUND('',#7895,.F.);
#7897=ADVANCED_FACE('',(#7896),#7888,.T.);
#7898=CARTESIAN_POINT('',(-7.5E-1,-5.2E-1,-1.45E1));
#7899=DIRECTION('',(1.E0,0.E0,0.E0));
#7900=DIRECTION('',(0.E0,1.E0,0.E0));
#7901=AXIS2_PLACEMENT_3D('',#7898,#7899,#7900);
#7902=PLANE('',#7901);
#7903=ORIENTED_EDGE('',*,*,#6517,.F.);
#7905=ORIENTED_EDGE('',*,*,#7904,.T.);
#7906=ORIENTED_EDGE('',*,*,#7875,.T.);
#7907=ORIENTED_EDGE('',*,*,#7890,.F.);
#7908=EDGE_LOOP('',(#7903,#7905,#7906,#7907));
#7909=FACE_OUTER_BOUND('',#7908,.F.);
#7910=ADVANCED_FACE('',(#7909),#7902,.T.);
#7911=CARTESIAN_POINT('',(-1.75E0,-5.2E-1,-1.45E1));
#7912=DIRECTION('',(0.E0,-1.E0,0.E0));
#7913=DIRECTION('',(1.E0,0.E0,0.E0));
#7914=AXIS2_PLACEMENT_3D('',#7911,#7912,#7913);
#7915=PLANE('',#7914);
#7916=ORIENTED_EDGE('',*,*,#6515,.F.);
#7918=ORIENTED_EDGE('',*,*,#7917,.T.);
#7919=ORIENTED_EDGE('',*,*,#7877,.T.);
#7920=ORIENTED_EDGE('',*,*,#7904,.F.);
#7921=EDGE_LOOP('',(#7916,#7918,#7919,#7920));
#7922=FACE_OUTER_BOUND('',#7921,.F.);
#7923=ADVANCED_FACE('',(#7922),#7915,.T.);
#7924=CARTESIAN_POINT('',(-1.75E0,1.2E-1,-1.45E1));
#7925=DIRECTION('',(-1.E0,0.E0,0.E0));
#7926=DIRECTION('',(0.E0,-1.E0,0.E0));
#7927=AXIS2_PLACEMENT_3D('',#7924,#7925,#7926);
#7928=PLANE('',#7927);
#7929=ORIENTED_EDGE('',*,*,#6513,.F.);
#7930=ORIENTED_EDGE('',*,*,#7893,.T.);
#7931=ORIENTED_EDGE('',*,*,#7879,.T.);
#7932=ORIENTED_EDGE('',*,*,#7917,.F.);
#7933=EDGE_LOOP('',(#7929,#7930,#7931,#7932));
#7934=FACE_OUTER_BOUND('',#7933,.F.);
#7935=ADVANCED_FACE('',(#7934),#7928,.T.);
#7936=CARTESIAN_POINT('',(-4.25E0,-5.08E0,-1.45E1));
#7937=DIRECTION('',(-1.E0,0.E0,0.E0));
#7938=DIRECTION('',(0.E0,-1.E0,0.E0));
#7939=AXIS2_PLACEMENT_3D('',#7936,#7937,#7938);
#7940=PLANE('',#7939);
#7941=ORIENTED_EDGE('',*,*,#6521,.F.);
#7943=ORIENTED_EDGE('',*,*,#7942,.T.);
#7945=ORIENTED_EDGE('',*,*,#7944,.T.);
#7947=ORIENTED_EDGE('',*,*,#7946,.F.);
#7948=EDGE_LOOP('',(#7941,#7943,#7945,#7947));
#7949=FACE_OUTER_BOUND('',#7948,.F.);
#7950=ADVANCED_FACE('',(#7949),#7940,.T.);
#7951=CARTESIAN_POINT('',(-3.25E0,-5.08E0,-1.45E1));
#7952=DIRECTION('',(0.E0,1.E0,0.E0));
#7953=DIRECTION('',(-1.E0,0.E0,0.E0));
#7954=AXIS2_PLACEMENT_3D('',#7951,#7952,#7953);
#7955=PLANE('',#7954);
#7956=ORIENTED_EDGE('',*,*,#6527,.F.);
#7958=ORIENTED_EDGE('',*,*,#7957,.T.);
#7960=ORIENTED_EDGE('',*,*,#7959,.T.);
#7961=ORIENTED_EDGE('',*,*,#7942,.F.);
#7962=EDGE_LOOP('',(#7956,#7958,#7960,#7961));
#7963=FACE_OUTER_BOUND('',#7962,.F.);
#7964=ADVANCED_FACE('',(#7963),#7955,.T.);
#7965=CARTESIAN_POINT('',(-3.25E0,-5.72E0,-1.45E1));
#7966=DIRECTION('',(1.E0,0.E0,0.E0));
#7967=DIRECTION('',(0.E0,1.E0,0.E0));
#7968=AXIS2_PLACEMENT_3D('',#7965,#7966,#7967);
#7969=PLANE('',#7968);
#7970=ORIENTED_EDGE('',*,*,#6525,.F.);
#7972=ORIENTED_EDGE('',*,*,#7971,.T.);
#7974=ORIENTED_EDGE('',*,*,#7973,.T.);
#7975=ORIENTED_EDGE('',*,*,#7957,.F.);
#7976=EDGE_LOOP('',(#7970,#7972,#7974,#7975));
#7977=FACE_OUTER_BOUND('',#7976,.F.);
#7978=ADVANCED_FACE('',(#7977),#7969,.T.);
#7979=CARTESIAN_POINT('',(-4.25E0,-5.72E0,-1.45E1));
#7980=DIRECTION('',(0.E0,-1.E0,0.E0));
#7981=DIRECTION('',(1.E0,0.E0,0.E0));
#7982=AXIS2_PLACEMENT_3D('',#7979,#7980,#7981);
#7983=PLANE('',#7982);
#7984=ORIENTED_EDGE('',*,*,#6523,.F.);
#7985=ORIENTED_EDGE('',*,*,#7946,.T.);
#7987=ORIENTED_EDGE('',*,*,#7986,.T.);
#7988=ORIENTED_EDGE('',*,*,#7971,.F.);
#7989=EDGE_LOOP('',(#7984,#7985,#7987,#7988));
#7990=FACE_OUTER_BOUND('',#7989,.F.);
#7991=ADVANCED_FACE('',(#7990),#7983,.T.);
#7992=CARTESIAN_POINT('',(0.E0,0.E0,-7.5E0));
#7993=DIRECTION('',(0.E0,0.E0,1.E0));
#7994=DIRECTION('',(0.E0,-1.E0,0.E0));
#7995=AXIS2_PLACEMENT_3D('',#7992,#7993,#7994);
#7996=PLANE('',#7995);
#7997=ORIENTED_EDGE('',*,*,#7944,.F.);
#7998=ORIENTED_EDGE('',*,*,#7959,.F.);
#7999=ORIENTED_EDGE('',*,*,#7973,.F.);
#8000=ORIENTED_EDGE('',*,*,#7986,.F.);
#8001=EDGE_LOOP('',(#7997,#7998,#7999,#8000));
#8002=FACE_OUTER_BOUND('',#8001,.F.);
#8003=ADVANCED_FACE('',(#8002),#7996,.T.);
#8004=CARTESIAN_POINT('',(0.E0,0.E0,-7.5E0));
#8005=DIRECTION('',(0.E0,0.E0,1.E0));
#8006=DIRECTION('',(0.E0,-1.E0,0.E0));
#8007=AXIS2_PLACEMENT_3D('',#8004,#8005,#8006);
#8008=PLANE('',#8007);
#8010=ORIENTED_EDGE('',*,*,#8009,.F.);
#8012=ORIENTED_EDGE('',*,*,#8011,.F.);
#8014=ORIENTED_EDGE('',*,*,#8013,.F.);
#8016=ORIENTED_EDGE('',*,*,#8015,.F.);
#8017=EDGE_LOOP('',(#8010,#8012,#8014,#8016));
#8018=FACE_OUTER_BOUND('',#8017,.F.);
#8019=ADVANCED_FACE('',(#8018),#8008,.T.);
#8020=CARTESIAN_POINT('',(-3.25E0,1.2E-1,-1.45E1));
#8021=DIRECTION('',(0.E0,1.E0,0.E0));
#8022=DIRECTION('',(-1.E0,0.E0,0.E0));
#8023=AXIS2_PLACEMENT_3D('',#8020,#8021,#8022);
#8024=PLANE('',#8023);
#8025=ORIENTED_EDGE('',*,*,#6531,.F.);
#8027=ORIENTED_EDGE('',*,*,#8026,.T.);
#8028=ORIENTED_EDGE('',*,*,#8009,.T.);
#8030=ORIENTED_EDGE('',*,*,#8029,.F.);
#8031=EDGE_LOOP('',(#8025,#8027,#8028,#8030));
#8032=FACE_OUTER_BOUND('',#8031,.F.);
#8033=ADVANCED_FACE('',(#8032),#8024,.T.);
#8034=CARTESIAN_POINT('',(-3.25E0,-5.2E-1,-1.45E1));
#8035=DIRECTION('',(1.E0,0.E0,0.E0));
#8036=DIRECTION('',(0.E0,1.E0,0.E0));
#8037=AXIS2_PLACEMENT_3D('',#8034,#8035,#8036);
#8038=PLANE('',#8037);
#8039=ORIENTED_EDGE('',*,*,#6537,.F.);
#8041=ORIENTED_EDGE('',*,*,#8040,.T.);
#8042=ORIENTED_EDGE('',*,*,#8011,.T.);
#8043=ORIENTED_EDGE('',*,*,#8026,.F.);
#8044=EDGE_LOOP('',(#8039,#8041,#8042,#8043));
#8045=FACE_OUTER_BOUND('',#8044,.F.);
#8046=ADVANCED_FACE('',(#8045),#8038,.T.);
#8047=CARTESIAN_POINT('',(-4.25E0,-5.2E-1,-1.45E1));
#8048=DIRECTION('',(0.E0,-1.E0,0.E0));
#8049=DIRECTION('',(1.E0,0.E0,0.E0));
#8050=AXIS2_PLACEMENT_3D('',#8047,#8048,#8049);
#8051=PLANE('',#8050);
#8052=ORIENTED_EDGE('',*,*,#6535,.F.);
#8054=ORIENTED_EDGE('',*,*,#8053,.T.);
#8055=ORIENTED_EDGE('',*,*,#8013,.T.);
#8056=ORIENTED_EDGE('',*,*,#8040,.F.);
#8057=EDGE_LOOP('',(#8052,#8054,#8055,#8056));
#8058=FACE_OUTER_BOUND('',#8057,.F.);
#8059=ADVANCED_FACE('',(#8058),#8051,.T.);
#8060=CARTESIAN_POINT('',(-4.25E0,1.2E-1,-1.45E1));
#8061=DIRECTION('',(-1.E0,0.E0,0.E0));
#8062=DIRECTION('',(0.E0,-1.E0,0.E0));
#8063=AXIS2_PLACEMENT_3D('',#8060,#8061,#8062);
#8064=PLANE('',#8063);
#8065=ORIENTED_EDGE('',*,*,#6533,.F.);
#8066=ORIENTED_EDGE('',*,*,#8029,.T.);
#8067=ORIENTED_EDGE('',*,*,#8015,.T.);
#8068=ORIENTED_EDGE('',*,*,#8053,.F.);
#8069=EDGE_LOOP('',(#8065,#8066,#8067,#8068));
#8070=FACE_OUTER_BOUND('',#8069,.F.);
#8071=ADVANCED_FACE('',(#8070),#8064,.T.);
#8072=CARTESIAN_POINT('',(-6.75E0,-5.08E0,-1.45E1));
#8073=DIRECTION('',(-1.E0,0.E0,0.E0));
#8074=DIRECTION('',(0.E0,-1.E0,0.E0));
#8075=AXIS2_PLACEMENT_3D('',#8072,#8073,#8074);
#8076=PLANE('',#8075);
#8077=ORIENTED_EDGE('',*,*,#6541,.F.);
#8079=ORIENTED_EDGE('',*,*,#8078,.T.);
#8081=ORIENTED_EDGE('',*,*,#8080,.T.);
#8083=ORIENTED_EDGE('',*,*,#8082,.F.);
#8084=EDGE_LOOP('',(#8077,#8079,#8081,#8083));
#8085=FACE_OUTER_BOUND('',#8084,.F.);
#8086=ADVANCED_FACE('',(#8085),#8076,.T.);
#8087=CARTESIAN_POINT('',(-5.75E0,-5.08E0,-1.45E1));
#8088=DIRECTION('',(0.E0,1.E0,0.E0));
#8089=DIRECTION('',(-1.E0,0.E0,0.E0));
#8090=AXIS2_PLACEMENT_3D('',#8087,#8088,#8089);
#8091=PLANE('',#8090);
#8092=ORIENTED_EDGE('',*,*,#6547,.F.);
#8094=ORIENTED_EDGE('',*,*,#8093,.T.);
#8096=ORIENTED_EDGE('',*,*,#8095,.T.);
#8097=ORIENTED_EDGE('',*,*,#8078,.F.);
#8098=EDGE_LOOP('',(#8092,#8094,#8096,#8097));
#8099=FACE_OUTER_BOUND('',#8098,.F.);
#8100=ADVANCED_FACE('',(#8099),#8091,.T.);
#8101=CARTESIAN_POINT('',(-5.75E0,-5.72E0,-1.45E1));
#8102=DIRECTION('',(1.E0,0.E0,0.E0));
#8103=DIRECTION('',(0.E0,1.E0,0.E0));
#8104=AXIS2_PLACEMENT_3D('',#8101,#8102,#8103);
#8105=PLANE('',#8104);
#8106=ORIENTED_EDGE('',*,*,#6545,.F.);
#8108=ORIENTED_EDGE('',*,*,#8107,.T.);
#8110=ORIENTED_EDGE('',*,*,#8109,.T.);
#8111=ORIENTED_EDGE('',*,*,#8093,.F.);
#8112=EDGE_LOOP('',(#8106,#8108,#8110,#8111));
#8113=FACE_OUTER_BOUND('',#8112,.F.);
#8114=ADVANCED_FACE('',(#8113),#8105,.T.);
#8115=CARTESIAN_POINT('',(-6.75E0,-5.72E0,-1.45E1));
#8116=DIRECTION('',(0.E0,-1.E0,0.E0));
#8117=DIRECTION('',(1.E0,0.E0,0.E0));
#8118=AXIS2_PLACEMENT_3D('',#8115,#8116,#8117);
#8119=PLANE('',#8118);
#8120=ORIENTED_EDGE('',*,*,#6543,.F.);
#8121=ORIENTED_EDGE('',*,*,#8082,.T.);
#8123=ORIENTED_EDGE('',*,*,#8122,.T.);
#8124=ORIENTED_EDGE('',*,*,#8107,.F.);
#8125=EDGE_LOOP('',(#8120,#8121,#8123,#8124));
#8126=FACE_OUTER_BOUND('',#8125,.F.);
#8127=ADVANCED_FACE('',(#8126),#8119,.T.);
#8128=CARTESIAN_POINT('',(0.E0,0.E0,-7.5E0));
#8129=DIRECTION('',(0.E0,0.E0,1.E0));
#8130=DIRECTION('',(0.E0,-1.E0,0.E0));
#8131=AXIS2_PLACEMENT_3D('',#8128,#8129,#8130);
#8132=PLANE('',#8131);
#8133=ORIENTED_EDGE('',*,*,#8080,.F.);
#8134=ORIENTED_EDGE('',*,*,#8095,.F.);
#8135=ORIENTED_EDGE('',*,*,#8109,.F.);
#8136=ORIENTED_EDGE('',*,*,#8122,.F.);
#8137=EDGE_LOOP('',(#8133,#8134,#8135,#8136));
#8138=FACE_OUTER_BOUND('',#8137,.F.);
#8139=ADVANCED_FACE('',(#8138),#8132,.T.);
#8140=CARTESIAN_POINT('',(0.E0,0.E0,-7.5E0));
#8141=DIRECTION('',(0.E0,0.E0,1.E0));
#8142=DIRECTION('',(0.E0,-1.E0,0.E0));
#8143=AXIS2_PLACEMENT_3D('',#8140,#8141,#8142);
#8144=PLANE('',#8143);
#8146=ORIENTED_EDGE('',*,*,#8145,.F.);
#8148=ORIENTED_EDGE('',*,*,#8147,.F.);
#8150=ORIENTED_EDGE('',*,*,#8149,.F.);
#8152=ORIENTED_EDGE('',*,*,#8151,.F.);
#8153=EDGE_LOOP('',(#8146,#8148,#8150,#8152));
#8154=FACE_OUTER_BOUND('',#8153,.F.);
#8155=ADVANCED_FACE('',(#8154),#8144,.T.);
#8156=CARTESIAN_POINT('',(-5.75E0,1.2E-1,-1.45E1));
#8157=DIRECTION('',(0.E0,1.E0,0.E0));
#8158=DIRECTION('',(-1.E0,0.E0,0.E0));
#8159=AXIS2_PLACEMENT_3D('',#8156,#8157,#8158);
#8160=PLANE('',#8159);
#8161=ORIENTED_EDGE('',*,*,#6551,.F.);
#8163=ORIENTED_EDGE('',*,*,#8162,.T.);
#8164=ORIENTED_EDGE('',*,*,#8145,.T.);
#8166=ORIENTED_EDGE('',*,*,#8165,.F.);
#8167=EDGE_LOOP('',(#8161,#8163,#8164,#8166));
#8168=FACE_OUTER_BOUND('',#8167,.F.);
#8169=ADVANCED_FACE('',(#8168),#8160,.T.);
#8170=CARTESIAN_POINT('',(-5.75E0,-5.2E-1,-1.45E1));
#8171=DIRECTION('',(1.E0,0.E0,0.E0));
#8172=DIRECTION('',(0.E0,1.E0,0.E0));
#8173=AXIS2_PLACEMENT_3D('',#8170,#8171,#8172);
#8174=PLANE('',#8173);
#8175=ORIENTED_EDGE('',*,*,#6557,.F.);
#8177=ORIENTED_EDGE('',*,*,#8176,.T.);
#8178=ORIENTED_EDGE('',*,*,#8147,.T.);
#8179=ORIENTED_EDGE('',*,*,#8162,.F.);
#8180=EDGE_LOOP('',(#8175,#8177,#8178,#8179));
#8181=FACE_OUTER_BOUND('',#8180,.F.);
#8182=ADVANCED_FACE('',(#8181),#8174,.T.);
#8183=CARTESIAN_POINT('',(-6.75E0,-5.2E-1,-1.45E1));
#8184=DIRECTION('',(0.E0,-1.E0,0.E0));
#8185=DIRECTION('',(1.E0,0.E0,0.E0));
#8186=AXIS2_PLACEMENT_3D('',#8183,#8184,#8185);
#8187=PLANE('',#8186);
#8188=ORIENTED_EDGE('',*,*,#6555,.F.);
#8190=ORIENTED_EDGE('',*,*,#8189,.T.);
#8191=ORIENTED_EDGE('',*,*,#8149,.T.);
#8192=ORIENTED_EDGE('',*,*,#8176,.F.);
#8193=EDGE_LOOP('',(#8188,#8190,#8191,#8192));
#8194=FACE_OUTER_BOUND('',#8193,.F.);
#8195=ADVANCED_FACE('',(#8194),#8187,.T.);
#8196=CARTESIAN_POINT('',(-6.75E0,1.2E-1,-1.45E1));
#8197=DIRECTION('',(-1.E0,0.E0,0.E0));
#8198=DIRECTION('',(0.E0,-1.E0,0.E0));
#8199=AXIS2_PLACEMENT_3D('',#8196,#8197,#8198);
#8200=PLANE('',#8199);
#8201=ORIENTED_EDGE('',*,*,#6553,.F.);
#8202=ORIENTED_EDGE('',*,*,#8165,.T.);
#8203=ORIENTED_EDGE('',*,*,#8151,.T.);
#8204=ORIENTED_EDGE('',*,*,#8189,.F.);
#8205=EDGE_LOOP('',(#8201,#8202,#8203,#8204));
#8206=FACE_OUTER_BOUND('',#8205,.F.);
#8207=ADVANCED_FACE('',(#8206),#8200,.T.);
#8208=CARTESIAN_POINT('',(-9.25E0,-5.08E0,-1.45E1));
#8209=DIRECTION('',(-1.E0,0.E0,0.E0));
#8210=DIRECTION('',(0.E0,-1.E0,0.E0));
#8211=AXIS2_PLACEMENT_3D('',#8208,#8209,#8210);
#8212=PLANE('',#8211);
#8213=ORIENTED_EDGE('',*,*,#6561,.F.);
#8215=ORIENTED_EDGE('',*,*,#8214,.T.);
#8217=ORIENTED_EDGE('',*,*,#8216,.T.);
#8219=ORIENTED_EDGE('',*,*,#8218,.F.);
#8220=EDGE_LOOP('',(#8213,#8215,#8217,#8219));
#8221=FACE_OUTER_BOUND('',#8220,.F.);
#8222=ADVANCED_FACE('',(#8221),#8212,.T.);
#8223=CARTESIAN_POINT('',(-8.25E0,-5.08E0,-1.45E1));
#8224=DIRECTION('',(0.E0,1.E0,0.E0));
#8225=DIRECTION('',(-1.E0,0.E0,0.E0));
#8226=AXIS2_PLACEMENT_3D('',#8223,#8224,#8225);
#8227=PLANE('',#8226);
#8228=ORIENTED_EDGE('',*,*,#6567,.F.);
#8230=ORIENTED_EDGE('',*,*,#8229,.T.);
#8232=ORIENTED_EDGE('',*,*,#8231,.T.);
#8233=ORIENTED_EDGE('',*,*,#8214,.F.);
#8234=EDGE_LOOP('',(#8228,#8230,#8232,#8233));
#8235=FACE_OUTER_BOUND('',#8234,.F.);
#8236=ADVANCED_FACE('',(#8235),#8227,.T.);
#8237=CARTESIAN_POINT('',(-8.25E0,-5.72E0,-1.45E1));
#8238=DIRECTION('',(1.E0,0.E0,0.E0));
#8239=DIRECTION('',(0.E0,1.E0,0.E0));
#8240=AXIS2_PLACEMENT_3D('',#8237,#8238,#8239);
#8241=PLANE('',#8240);
#8242=ORIENTED_EDGE('',*,*,#6565,.F.);
#8244=ORIENTED_EDGE('',*,*,#8243,.T.);
#8246=ORIENTED_EDGE('',*,*,#8245,.T.);
#8247=ORIENTED_EDGE('',*,*,#8229,.F.);
#8248=EDGE_LOOP('',(#8242,#8244,#8246,#8247));
#8249=FACE_OUTER_BOUND('',#8248,.F.);
#8250=ADVANCED_FACE('',(#8249),#8241,.T.);
#8251=CARTESIAN_POINT('',(-9.25E0,-5.72E0,-1.45E1));
#8252=DIRECTION('',(0.E0,-1.E0,0.E0));
#8253=DIRECTION('',(1.E0,0.E0,0.E0));
#8254=AXIS2_PLACEMENT_3D('',#8251,#8252,#8253);
#8255=PLANE('',#8254);
#8256=ORIENTED_EDGE('',*,*,#6563,.F.);
#8257=ORIENTED_EDGE('',*,*,#8218,.T.);
#8259=ORIENTED_EDGE('',*,*,#8258,.T.);
#8260=ORIENTED_EDGE('',*,*,#8243,.F.);
#8261=EDGE_LOOP('',(#8256,#8257,#8259,#8260));
#8262=FACE_OUTER_BOUND('',#8261,.F.);
#8263=ADVANCED_FACE('',(#8262),#8255,.T.);
#8264=CARTESIAN_POINT('',(0.E0,0.E0,-7.5E0));
#8265=DIRECTION('',(0.E0,0.E0,1.E0));
#8266=DIRECTION('',(0.E0,-1.E0,0.E0));
#8267=AXIS2_PLACEMENT_3D('',#8264,#8265,#8266);
#8268=PLANE('',#8267);
#8269=ORIENTED_EDGE('',*,*,#8216,.F.);
#8270=ORIENTED_EDGE('',*,*,#8231,.F.);
#8271=ORIENTED_EDGE('',*,*,#8245,.F.);
#8272=ORIENTED_EDGE('',*,*,#8258,.F.);
#8273=EDGE_LOOP('',(#8269,#8270,#8271,#8272));
#8274=FACE_OUTER_BOUND('',#8273,.F.);
#8275=ADVANCED_FACE('',(#8274),#8268,.T.);
#8276=CARTESIAN_POINT('',(0.E0,0.E0,-7.5E0));
#8277=DIRECTION('',(0.E0,0.E0,1.E0));
#8278=DIRECTION('',(0.E0,-1.E0,0.E0));
#8279=AXIS2_PLACEMENT_3D('',#8276,#8277,#8278);
#8280=PLANE('',#8279);
#8282=ORIENTED_EDGE('',*,*,#8281,.F.);
#8284=ORIENTED_EDGE('',*,*,#8283,.F.);
#8286=ORIENTED_EDGE('',*,*,#8285,.F.);
#8288=ORIENTED_EDGE('',*,*,#8287,.F.);
#8289=EDGE_LOOP('',(#8282,#8284,#8286,#8288));
#8290=FACE_OUTER_BOUND('',#8289,.F.);
#8291=ADVANCED_FACE('',(#8290),#8280,.T.);
#8292=CARTESIAN_POINT('',(-8.25E0,1.2E-1,-1.45E1));
#8293=DIRECTION('',(0.E0,1.E0,0.E0));
#8294=DIRECTION('',(-1.E0,0.E0,0.E0));
#8295=AXIS2_PLACEMENT_3D('',#8292,#8293,#8294);
#8296=PLANE('',#8295);
#8297=ORIENTED_EDGE('',*,*,#6571,.F.);
#8299=ORIENTED_EDGE('',*,*,#8298,.T.);
#8300=ORIENTED_EDGE('',*,*,#8281,.T.);
#8302=ORIENTED_EDGE('',*,*,#8301,.F.);
#8303=EDGE_LOOP('',(#8297,#8299,#8300,#8302));
#8304=FACE_OUTER_BOUND('',#8303,.F.);
#8305=ADVANCED_FACE('',(#8304),#8296,.T.);
#8306=CARTESIAN_POINT('',(-8.25E0,-5.2E-1,-1.45E1));
#8307=DIRECTION('',(1.E0,0.E0,0.E0));
#8308=DIRECTION('',(0.E0,1.E0,0.E0));
#8309=AXIS2_PLACEMENT_3D('',#8306,#8307,#8308);
#8310=PLANE('',#8309);
#8311=ORIENTED_EDGE('',*,*,#6577,.F.);
#8313=ORIENTED_EDGE('',*,*,#8312,.T.);
#8314=ORIENTED_EDGE('',*,*,#8283,.T.);
#8315=ORIENTED_EDGE('',*,*,#8298,.F.);
#8316=EDGE_LOOP('',(#8311,#8313,#8314,#8315));
#8317=FACE_OUTER_BOUND('',#8316,.F.);
#8318=ADVANCED_FACE('',(#8317),#8310,.T.);
#8319=CARTESIAN_POINT('',(-9.25E0,-5.2E-1,-1.45E1));
#8320=DIRECTION('',(0.E0,-1.E0,0.E0));
#8321=DIRECTION('',(1.E0,0.E0,0.E0));
#8322=AXIS2_PLACEMENT_3D('',#8319,#8320,#8321);
#8323=PLANE('',#8322);
#8324=ORIENTED_EDGE('',*,*,#6575,.F.);
#8326=ORIENTED_EDGE('',*,*,#8325,.T.);
#8327=ORIENTED_EDGE('',*,*,#8285,.T.);
#8328=ORIENTED_EDGE('',*,*,#8312,.F.);
#8329=EDGE_LOOP('',(#8324,#8326,#8327,#8328));
#8330=FACE_OUTER_BOUND('',#8329,.F.);
#8331=ADVANCED_FACE('',(#8330),#8323,.T.);
#8332=CARTESIAN_POINT('',(-9.25E0,1.2E-1,-1.45E1));
#8333=DIRECTION('',(-1.E0,0.E0,0.E0));
#8334=DIRECTION('',(0.E0,-1.E0,0.E0));
#8335=AXIS2_PLACEMENT_3D('',#8332,#8333,#8334);
#8336=PLANE('',#8335);
#8337=ORIENTED_EDGE('',*,*,#6573,.F.);
#8338=ORIENTED_EDGE('',*,*,#8301,.T.);
#8339=ORIENTED_EDGE('',*,*,#8287,.T.);
#8340=ORIENTED_EDGE('',*,*,#8325,.F.);
#8341=EDGE_LOOP('',(#8337,#8338,#8339,#8340));
#8342=FACE_OUTER_BOUND('',#8341,.F.);
#8343=ADVANCED_FACE('',(#8342),#8336,.T.);
#8344=CARTESIAN_POINT('',(-1.175E1,-5.08E0,-1.45E1));
#8345=DIRECTION('',(-1.E0,0.E0,0.E0));
#8346=DIRECTION('',(0.E0,-1.E0,0.E0));
#8347=AXIS2_PLACEMENT_3D('',#8344,#8345,#8346);
#8348=PLANE('',#8347);
#8349=ORIENTED_EDGE('',*,*,#6581,.F.);
#8351=ORIENTED_EDGE('',*,*,#8350,.T.);
#8353=ORIENTED_EDGE('',*,*,#8352,.T.);
#8355=ORIENTED_EDGE('',*,*,#8354,.F.);
#8356=EDGE_LOOP('',(#8349,#8351,#8353,#8355));
#8357=FACE_OUTER_BOUND('',#8356,.F.);
#8358=ADVANCED_FACE('',(#8357),#8348,.T.);
#8359=CARTESIAN_POINT('',(-1.075E1,-5.08E0,-1.45E1));
#8360=DIRECTION('',(0.E0,1.E0,0.E0));
#8361=DIRECTION('',(-1.E0,0.E0,0.E0));
#8362=AXIS2_PLACEMENT_3D('',#8359,#8360,#8361);
#8363=PLANE('',#8362);
#8364=ORIENTED_EDGE('',*,*,#6587,.F.);
#8366=ORIENTED_EDGE('',*,*,#8365,.T.);
#8368=ORIENTED_EDGE('',*,*,#8367,.T.);
#8369=ORIENTED_EDGE('',*,*,#8350,.F.);
#8370=EDGE_LOOP('',(#8364,#8366,#8368,#8369));
#8371=FACE_OUTER_BOUND('',#8370,.F.);
#8372=ADVANCED_FACE('',(#8371),#8363,.T.);
#8373=CARTESIAN_POINT('',(-1.075E1,-5.72E0,-1.45E1));
#8374=DIRECTION('',(1.E0,0.E0,0.E0));
#8375=DIRECTION('',(0.E0,1.E0,0.E0));
#8376=AXIS2_PLACEMENT_3D('',#8373,#8374,#8375);
#8377=PLANE('',#8376);
#8378=ORIENTED_EDGE('',*,*,#6585,.F.);
#8380=ORIENTED_EDGE('',*,*,#8379,.T.);
#8382=ORIENTED_EDGE('',*,*,#8381,.T.);
#8383=ORIENTED_EDGE('',*,*,#8365,.F.);
#8384=EDGE_LOOP('',(#8378,#8380,#8382,#8383));
#8385=FACE_OUTER_BOUND('',#8384,.F.);
#8386=ADVANCED_FACE('',(#8385),#8377,.T.);
#8387=CARTESIAN_POINT('',(-1.175E1,-5.72E0,-1.45E1));
#8388=DIRECTION('',(0.E0,-1.E0,0.E0));
#8389=DIRECTION('',(1.E0,0.E0,0.E0));
#8390=AXIS2_PLACEMENT_3D('',#8387,#8388,#8389);
#8391=PLANE('',#8390);
#8392=ORIENTED_EDGE('',*,*,#6583,.F.);
#8393=ORIENTED_EDGE('',*,*,#8354,.T.);
#8395=ORIENTED_EDGE('',*,*,#8394,.T.);
#8396=ORIENTED_EDGE('',*,*,#8379,.F.);
#8397=EDGE_LOOP('',(#8392,#8393,#8395,#8396));
#8398=FACE_OUTER_BOUND('',#8397,.F.);
#8399=ADVANCED_FACE('',(#8398),#8391,.T.);
#8400=CARTESIAN_POINT('',(0.E0,0.E0,-7.5E0));
#8401=DIRECTION('',(0.E0,0.E0,1.E0));
#8402=DIRECTION('',(0.E0,-1.E0,0.E0));
#8403=AXIS2_PLACEMENT_3D('',#8400,#8401,#8402);
#8404=PLANE('',#8403);
#8405=ORIENTED_EDGE('',*,*,#8352,.F.);
#8406=ORIENTED_EDGE('',*,*,#8367,.F.);
#8407=ORIENTED_EDGE('',*,*,#8381,.F.);
#8408=ORIENTED_EDGE('',*,*,#8394,.F.);
#8409=EDGE_LOOP('',(#8405,#8406,#8407,#8408));
#8410=FACE_OUTER_BOUND('',#8409,.F.);
#8411=ADVANCED_FACE('',(#8410),#8404,.T.);
#8412=CARTESIAN_POINT('',(0.E0,0.E0,-7.5E0));
#8413=DIRECTION('',(0.E0,0.E0,1.E0));
#8414=DIRECTION('',(0.E0,-1.E0,0.E0));
#8415=AXIS2_PLACEMENT_3D('',#8412,#8413,#8414);
#8416=PLANE('',#8415);
#8418=ORIENTED_EDGE('',*,*,#8417,.F.);
#8420=ORIENTED_EDGE('',*,*,#8419,.F.);
#8422=ORIENTED_EDGE('',*,*,#8421,.F.);
#8424=ORIENTED_EDGE('',*,*,#8423,.F.);
#8425=EDGE_LOOP('',(#8418,#8420,#8422,#8424));
#8426=FACE_OUTER_BOUND('',#8425,.F.);
#8427=ADVANCED_FACE('',(#8426),#8416,.T.);
#8428=CARTESIAN_POINT('',(-1.075E1,1.2E-1,-1.45E1));
#8429=DIRECTION('',(0.E0,1.E0,0.E0));
#8430=DIRECTION('',(-1.E0,0.E0,0.E0));
#8431=AXIS2_PLACEMENT_3D('',#8428,#8429,#8430);
#8432=PLANE('',#8431);
#8433=ORIENTED_EDGE('',*,*,#6591,.F.);
#8435=ORIENTED_EDGE('',*,*,#8434,.T.);
#8436=ORIENTED_EDGE('',*,*,#8417,.T.);
#8438=ORIENTED_EDGE('',*,*,#8437,.F.);
#8439=EDGE_LOOP('',(#8433,#8435,#8436,#8438));
#8440=FACE_OUTER_BOUND('',#8439,.F.);
#8441=ADVANCED_FACE('',(#8440),#8432,.T.);
#8442=CARTESIAN_POINT('',(-1.075E1,-5.2E-1,-1.45E1));
#8443=DIRECTION('',(1.E0,0.E0,0.E0));
#8444=DIRECTION('',(0.E0,1.E0,0.E0));
#8445=AXIS2_PLACEMENT_3D('',#8442,#8443,#8444);
#8446=PLANE('',#8445);
#8447=ORIENTED_EDGE('',*,*,#6597,.F.);
#8449=ORIENTED_EDGE('',*,*,#8448,.T.);
#8450=ORIENTED_EDGE('',*,*,#8419,.T.);
#8451=ORIENTED_EDGE('',*,*,#8434,.F.);
#8452=EDGE_LOOP('',(#8447,#8449,#8450,#8451));
#8453=FACE_OUTER_BOUND('',#8452,.F.);
#8454=ADVANCED_FACE('',(#8453),#8446,.T.);
#8455=CARTESIAN_POINT('',(-1.175E1,-5.2E-1,-1.45E1));
#8456=DIRECTION('',(0.E0,-1.E0,0.E0));
#8457=DIRECTION('',(1.E0,0.E0,0.E0));
#8458=AXIS2_PLACEMENT_3D('',#8455,#8456,#8457);
#8459=PLANE('',#8458);
#8460=ORIENTED_EDGE('',*,*,#6595,.F.);
#8462=ORIENTED_EDGE('',*,*,#8461,.T.);
#8463=ORIENTED_EDGE('',*,*,#8421,.T.);
#8464=ORIENTED_EDGE('',*,*,#8448,.F.);
#8465=EDGE_LOOP('',(#8460,#8462,#8463,#8464));
#8466=FACE_OUTER_BOUND('',#8465,.F.);
#8467=ADVANCED_FACE('',(#8466),#8459,.T.);
#8468=CARTESIAN_POINT('',(-1.175E1,1.2E-1,-1.45E1));
#8469=DIRECTION('',(-1.E0,0.E0,0.E0));
#8470=DIRECTION('',(0.E0,-1.E0,0.E0));
#8471=AXIS2_PLACEMENT_3D('',#8468,#8469,#8470);
#8472=PLANE('',#8471);
#8473=ORIENTED_EDGE('',*,*,#6593,.F.);
#8474=ORIENTED_EDGE('',*,*,#8437,.T.);
#8475=ORIENTED_EDGE('',*,*,#8423,.T.);
#8476=ORIENTED_EDGE('',*,*,#8461,.F.);
#8477=EDGE_LOOP('',(#8473,#8474,#8475,#8476));
#8478=FACE_OUTER_BOUND('',#8477,.F.);
#8479=ADVANCED_FACE('',(#8478),#8472,.T.);
#8480=CARTESIAN_POINT('',(-1.255E1,6.45E0,7.337433951809E-2));
#8481=DIRECTION('',(0.E0,0.E0,-1.E0));
#8482=DIRECTION('',(-1.E0,0.E0,0.E0));
#8483=AXIS2_PLACEMENT_3D('',#8480,#8481,#8482);
#8484=CYLINDRICAL_SURFACE('',#8483,2.E0);
#8486=ORIENTED_EDGE('',*,*,#8485,.T.);
#8488=ORIENTED_EDGE('',*,*,#8487,.F.);
#8489=ORIENTED_EDGE('',*,*,#5805,.T.);
#8491=ORIENTED_EDGE('',*,*,#8490,.T.);
#8492=EDGE_LOOP('',(#8486,#8488,#8489,#8491));
#8493=FACE_OUTER_BOUND('',#8492,.F.);
#8494=ADVANCED_FACE('',(#8493),#8484,.T.);
#8495=CARTESIAN_POINT('',(0.E0,0.E0,-1.77E1));
#8496=DIRECTION('',(0.E0,0.E0,1.E0));
#8497=DIRECTION('',(-1.E0,0.E0,0.E0));
#8498=AXIS2_PLACEMENT_3D('',#8495,#8496,#8497);
#8499=PLANE('',#8498);
#8501=ORIENTED_EDGE('',*,*,#8500,.F.);
#8503=ORIENTED_EDGE('',*,*,#8502,.F.);
#8505=ORIENTED_EDGE('',*,*,#8504,.T.);
#8507=ORIENTED_EDGE('',*,*,#8506,.T.);
#8509=ORIENTED_EDGE('',*,*,#8508,.T.);
#8511=ORIENTED_EDGE('',*,*,#8510,.F.);
#8513=ORIENTED_EDGE('',*,*,#8512,.F.);
#8515=ORIENTED_EDGE('',*,*,#8514,.F.);
#8517=ORIENTED_EDGE('',*,*,#8516,.F.);
#8518=ORIENTED_EDGE('',*,*,#8485,.F.);
#8520=ORIENTED_EDGE('',*,*,#8519,.F.);
#8522=ORIENTED_EDGE('',*,*,#8521,.F.);
#8524=ORIENTED_EDGE('',*,*,#8523,.T.);
#8526=ORIENTED_EDGE('',*,*,#8525,.T.);
#8528=ORIENTED_EDGE('',*,*,#8527,.T.);
#8530=ORIENTED_EDGE('',*,*,#8529,.F.);
#8532=ORIENTED_EDGE('',*,*,#8531,.F.);
#8534=ORIENTED_EDGE('',*,*,#8533,.F.);
#8536=ORIENTED_EDGE('',*,*,#8535,.T.);
#8538=ORIENTED_EDGE('',*,*,#8537,.T.);
#8540=ORIENTED_EDGE('',*,*,#8539,.F.);
#8542=ORIENTED_EDGE('',*,*,#8541,.F.);
#8544=ORIENTED_EDGE('',*,*,#8543,.T.);
#8546=ORIENTED_EDGE('',*,*,#8545,.T.);
#8548=ORIENTED_EDGE('',*,*,#8547,.F.);
#8550=ORIENTED_EDGE('',*,*,#8549,.F.);
#8551=EDGE_LOOP('',(#8501,#8503,#8505,#8507,#8509,#8511,#8513,#8515,#8517,#8518,
#8520,#8522,#8524,#8526,#8528,#8530,#8532,#8534,#8536,#8538,#8540,#8542,#8544,
#8546,#8548,#8550));
#8552=FACE_OUTER_BOUND('',#8551,.F.);
#8554=ORIENTED_EDGE('',*,*,#8553,.T.);
#8556=ORIENTED_EDGE('',*,*,#8555,.F.);
#8558=ORIENTED_EDGE('',*,*,#8557,.T.);
#8560=ORIENTED_EDGE('',*,*,#8559,.T.);
#8561=EDGE_LOOP('',(#8554,#8556,#8558,#8560));
#8562=FACE_BOUND('',#8561,.F.);
#8564=ORIENTED_EDGE('',*,*,#8563,.T.);
#8566=ORIENTED_EDGE('',*,*,#8565,.F.);
#8568=ORIENTED_EDGE('',*,*,#8567,.T.);
#8570=ORIENTED_EDGE('',*,*,#8569,.T.);
#8571=EDGE_LOOP('',(#8564,#8566,#8568,#8570));
#8572=FACE_BOUND('',#8571,.F.);
#8574=ORIENTED_EDGE('',*,*,#8573,.T.);
#8576=ORIENTED_EDGE('',*,*,#8575,.F.);
#8578=ORIENTED_EDGE('',*,*,#8577,.T.);
#8580=ORIENTED_EDGE('',*,*,#8579,.T.);
#8581=EDGE_LOOP('',(#8574,#8576,#8578,#8580));
#8582=FACE_BOUND('',#8581,.F.);
#8584=ORIENTED_EDGE('',*,*,#8583,.T.);
#8586=ORIENTED_EDGE('',*,*,#8585,.F.);
#8588=ORIENTED_EDGE('',*,*,#8587,.T.);
#8590=ORIENTED_EDGE('',*,*,#8589,.T.);
#8591=EDGE_LOOP('',(#8584,#8586,#8588,#8590));
#8592=FACE_BOUND('',#8591,.F.);
#8594=ORIENTED_EDGE('',*,*,#8593,.T.);
#8596=ORIENTED_EDGE('',*,*,#8595,.F.);
#8598=ORIENTED_EDGE('',*,*,#8597,.T.);
#8600=ORIENTED_EDGE('',*,*,#8599,.T.);
#8601=EDGE_LOOP('',(#8594,#8596,#8598,#8600));
#8602=FACE_BOUND('',#8601,.F.);
#8604=ORIENTED_EDGE('',*,*,#8603,.T.);
#8606=ORIENTED_EDGE('',*,*,#8605,.F.);
#8608=ORIENTED_EDGE('',*,*,#8607,.T.);
#8610=ORIENTED_EDGE('',*,*,#8609,.T.);
#8611=EDGE_LOOP('',(#8604,#8606,#8608,#8610));
#8612=FACE_BOUND('',#8611,.F.);
#8614=ORIENTED_EDGE('',*,*,#8613,.T.);
#8616=ORIENTED_EDGE('',*,*,#8615,.F.);
#8618=ORIENTED_EDGE('',*,*,#8617,.T.);
#8620=ORIENTED_EDGE('',*,*,#8619,.T.);
#8621=EDGE_LOOP('',(#8614,#8616,#8618,#8620));
#8622=FACE_BOUND('',#8621,.F.);
#8624=ORIENTED_EDGE('',*,*,#8623,.T.);
#8626=ORIENTED_EDGE('',*,*,#8625,.F.);
#8628=ORIENTED_EDGE('',*,*,#8627,.T.);
#8630=ORIENTED_EDGE('',*,*,#8629,.T.);
#8631=EDGE_LOOP('',(#8624,#8626,#8628,#8630));
#8632=FACE_BOUND('',#8631,.F.);
#8634=ORIENTED_EDGE('',*,*,#8633,.T.);
#8636=ORIENTED_EDGE('',*,*,#8635,.F.);
#8638=ORIENTED_EDGE('',*,*,#8637,.T.);
#8640=ORIENTED_EDGE('',*,*,#8639,.T.);
#8641=EDGE_LOOP('',(#8634,#8636,#8638,#8640));
#8642=FACE_BOUND('',#8641,.F.);
#8644=ORIENTED_EDGE('',*,*,#8643,.T.);
#8646=ORIENTED_EDGE('',*,*,#8645,.F.);
#8648=ORIENTED_EDGE('',*,*,#8647,.T.);
#8650=ORIENTED_EDGE('',*,*,#8649,.T.);
#8651=EDGE_LOOP('',(#8644,#8646,#8648,#8650));
#8652=FACE_BOUND('',#8651,.F.);
#8654=ORIENTED_EDGE('',*,*,#8653,.T.);
#8656=ORIENTED_EDGE('',*,*,#8655,.F.);
#8658=ORIENTED_EDGE('',*,*,#8657,.T.);
#8660=ORIENTED_EDGE('',*,*,#8659,.T.);
#8661=EDGE_LOOP('',(#8654,#8656,#8658,#8660));
#8662=FACE_BOUND('',#8661,.F.);
#8664=ORIENTED_EDGE('',*,*,#8663,.T.);
#8666=ORIENTED_EDGE('',*,*,#8665,.F.);
#8668=ORIENTED_EDGE('',*,*,#8667,.T.);
#8670=ORIENTED_EDGE('',*,*,#8669,.T.);
#8671=EDGE_LOOP('',(#8664,#8666,#8668,#8670));
#8672=FACE_BOUND('',#8671,.F.);
#8674=ORIENTED_EDGE('',*,*,#8673,.T.);
#8676=ORIENTED_EDGE('',*,*,#8675,.F.);
#8678=ORIENTED_EDGE('',*,*,#8677,.T.);
#8680=ORIENTED_EDGE('',*,*,#8679,.T.);
#8681=EDGE_LOOP('',(#8674,#8676,#8678,#8680));
#8682=FACE_BOUND('',#8681,.F.);
#8684=ORIENTED_EDGE('',*,*,#8683,.T.);
#8686=ORIENTED_EDGE('',*,*,#8685,.F.);
#8688=ORIENTED_EDGE('',*,*,#8687,.T.);
#8690=ORIENTED_EDGE('',*,*,#8689,.T.);
#8691=EDGE_LOOP('',(#8684,#8686,#8688,#8690));
#8692=FACE_BOUND('',#8691,.F.);
#8694=ORIENTED_EDGE('',*,*,#8693,.T.);
#8696=ORIENTED_EDGE('',*,*,#8695,.F.);
#8698=ORIENTED_EDGE('',*,*,#8697,.T.);
#8700=ORIENTED_EDGE('',*,*,#8699,.T.);
#8701=EDGE_LOOP('',(#8694,#8696,#8698,#8700));
#8702=FACE_BOUND('',#8701,.F.);
#8704=ORIENTED_EDGE('',*,*,#8703,.T.);
#8706=ORIENTED_EDGE('',*,*,#8705,.F.);
#8708=ORIENTED_EDGE('',*,*,#8707,.T.);
#8710=ORIENTED_EDGE('',*,*,#8709,.T.);
#8711=EDGE_LOOP('',(#8704,#8706,#8708,#8710));
#8712=FACE_BOUND('',#8711,.F.);
#8714=ORIENTED_EDGE('',*,*,#8713,.T.);
#8716=ORIENTED_EDGE('',*,*,#8715,.F.);
#8718=ORIENTED_EDGE('',*,*,#8717,.T.);
#8720=ORIENTED_EDGE('',*,*,#8719,.T.);
#8721=EDGE_LOOP('',(#8714,#8716,#8718,#8720));
#8722=FACE_BOUND('',#8721,.F.);
#8724=ORIENTED_EDGE('',*,*,#8723,.T.);
#8726=ORIENTED_EDGE('',*,*,#8725,.F.);
#8728=ORIENTED_EDGE('',*,*,#8727,.T.);
#8730=ORIENTED_EDGE('',*,*,#8729,.T.);
#8731=EDGE_LOOP('',(#8724,#8726,#8728,#8730));
#8732=FACE_BOUND('',#8731,.F.);
#8734=ORIENTED_EDGE('',*,*,#8733,.T.);
#8736=ORIENTED_EDGE('',*,*,#8735,.F.);
#8738=ORIENTED_EDGE('',*,*,#8737,.T.);
#8740=ORIENTED_EDGE('',*,*,#8739,.T.);
#8741=EDGE_LOOP('',(#8734,#8736,#8738,#8740));
#8742=FACE_BOUND('',#8741,.F.);
#8744=ORIENTED_EDGE('',*,*,#8743,.T.);
#8746=ORIENTED_EDGE('',*,*,#8745,.F.);
#8748=ORIENTED_EDGE('',*,*,#8747,.T.);
#8750=ORIENTED_EDGE('',*,*,#8749,.T.);
#8751=EDGE_LOOP('',(#8744,#8746,#8748,#8750));
#8752=FACE_BOUND('',#8751,.F.);
#8753=ADVANCED_FACE('',(#8552,#8562,#8572,#8582,#8592,#8602,#8612,#8622,#8632,
#8642,#8652,#8662,#8672,#8682,#8692,#8702,#8712,#8722,#8732,#8742,#8752),#8499,
.F.);
#8754=CARTESIAN_POINT('',(1.95E1,-3.377897332317E0,-1.72E1));
#8755=DIRECTION('',(0.E0,-1.E0,0.E0));
#8756=DIRECTION('',(0.E0,0.E0,-1.E0));
#8757=AXIS2_PLACEMENT_3D('',#8754,#8755,#8756);
#8758=CYLINDRICAL_SURFACE('',#8757,5.E-1);
#8760=ORIENTED_EDGE('',*,*,#8759,.F.);
#8762=ORIENTED_EDGE('',*,*,#8761,.T.);
#8763=ORIENTED_EDGE('',*,*,#8500,.T.);
#8765=ORIENTED_EDGE('',*,*,#8764,.F.);
#8766=EDGE_LOOP('',(#8760,#8762,#8763,#8765));
#8767=FACE_OUTER_BOUND('',#8766,.F.);
#8768=ADVANCED_FACE('',(#8767),#8758,.T.);
#8769=CARTESIAN_POINT('',(2.E1,-3.45E0,-1.77E1));
#8770=DIRECTION('',(1.E0,0.E0,0.E0));
#8771=DIRECTION('',(0.E0,-1.E0,0.E0));
#8772=AXIS2_PLACEMENT_3D('',#8769,#8770,#8771);
#8773=PLANE('',#8772);
#8774=ORIENTED_EDGE('',*,*,#8759,.T.);
#8776=ORIENTED_EDGE('',*,*,#8775,.T.);
#8778=ORIENTED_EDGE('',*,*,#8777,.T.);
#8780=ORIENTED_EDGE('',*,*,#8779,.F.);
#8781=EDGE_LOOP('',(#8774,#8776,#8778,#8780));
#8782=FACE_OUTER_BOUND('',#8781,.F.);
#8783=ADVANCED_FACE('',(#8782),#8773,.T.);
#8784=CARTESIAN_POINT('',(1.95E1,-7.95E0,-1.777071283165E1));
#8785=DIRECTION('',(0.E0,0.E0,1.E0));
#8786=DIRECTION('',(0.E0,-1.E0,0.E0));
#8787=AXIS2_PLACEMENT_3D('',#8784,#8785,#8786);
#8788=CYLINDRICAL_SURFACE('',#8787,5.E-1);
#8790=ORIENTED_EDGE('',*,*,#8789,.T.);
#8792=ORIENTED_EDGE('',*,*,#8791,.F.);
#8793=ORIENTED_EDGE('',*,*,#8775,.F.);
#8794=ORIENTED_EDGE('',*,*,#8764,.T.);
#8795=EDGE_LOOP('',(#8790,#8792,#8793,#8794));
#8796=FACE_OUTER_BOUND('',#8795,.F.);
#8797=ADVANCED_FACE('',(#8796),#8788,.T.);
#8798=CARTESIAN_POINT('',(-1.455E1,-8.45E0,0.E0));
#8799=DIRECTION('',(0.E0,-1.E0,0.E0));
#8800=DIRECTION('',(1.E0,0.E0,0.E0));
#8801=AXIS2_PLACEMENT_3D('',#8798,#8799,#8800);
#8802=PLANE('',#8801);
#8803=ORIENTED_EDGE('',*,*,#8549,.T.);
#8805=ORIENTED_EDGE('',*,*,#8804,.T.);
#8807=ORIENTED_EDGE('',*,*,#8806,.F.);
#8809=ORIENTED_EDGE('',*,*,#8808,.F.);
#8811=ORIENTED_EDGE('',*,*,#8810,.F.);
#8812=ORIENTED_EDGE('',*,*,#8541,.T.);
#8814=ORIENTED_EDGE('',*,*,#8813,.T.);
#8816=ORIENTED_EDGE('',*,*,#8815,.F.);
#8818=ORIENTED_EDGE('',*,*,#8817,.F.);
#8820=ORIENTED_EDGE('',*,*,#8819,.F.);
#8821=ORIENTED_EDGE('',*,*,#8533,.T.);
#8823=ORIENTED_EDGE('',*,*,#8822,.T.);
#8825=ORIENTED_EDGE('',*,*,#8824,.T.);
#8827=ORIENTED_EDGE('',*,*,#8826,.F.);
#8828=ORIENTED_EDGE('',*,*,#5813,.F.);
#8830=ORIENTED_EDGE('',*,*,#8829,.F.);
#8832=ORIENTED_EDGE('',*,*,#8831,.T.);
#8833=ORIENTED_EDGE('',*,*,#8789,.F.);
#8834=EDGE_LOOP('',(#8803,#8805,#8807,#8809,#8811,#8812,#8814,#8816,#8818,#8820,
#8821,#8823,#8825,#8827,#8828,#8830,#8832,#8833));
#8835=FACE_OUTER_BOUND('',#8834,.F.);
#8836=ADVANCED_FACE('',(#8835),#8802,.T.);
#8837=CARTESIAN_POINT('',(1.8E1,-6.85E0,-1.77E1));
#8838=DIRECTION('',(1.E0,0.E0,0.E0));
#8839=DIRECTION('',(0.E0,-1.E0,0.E0));
#8840=AXIS2_PLACEMENT_3D('',#8837,#8838,#8839);
#8841=PLANE('',#8840);
#8843=ORIENTED_EDGE('',*,*,#8842,.F.);
#8844=ORIENTED_EDGE('',*,*,#8804,.F.);
#8845=ORIENTED_EDGE('',*,*,#8547,.T.);
#8847=ORIENTED_EDGE('',*,*,#8846,.T.);
#8848=EDGE_LOOP('',(#8843,#8844,#8845,#8847));
#8849=FACE_OUTER_BOUND('',#8848,.F.);
#8850=ADVANCED_FACE('',(#8849),#8841,.F.);
#8851=CARTESIAN_POINT('',(1.68E1,-3.45E0,-1.45E1));
#8852=DIRECTION('',(0.E0,1.E0,0.E0));
#8853=DIRECTION('',(0.E0,0.E0,1.E0));
#8854=AXIS2_PLACEMENT_3D('',#8851,#8852,#8853);
#8855=CYLINDRICAL_SURFACE('',#8854,1.2E0);
#8857=ORIENTED_EDGE('',*,*,#8856,.T.);
#8859=ORIENTED_EDGE('',*,*,#8858,.T.);
#8861=ORIENTED_EDGE('',*,*,#8860,.F.);
#8863=ORIENTED_EDGE('',*,*,#8862,.T.);
#8864=EDGE_LOOP('',(#8857,#8859,#8861,#8863));
#8865=FACE_OUTER_BOUND('',#8864,.F.);
#8866=ADVANCED_FACE('',(#8865),#8855,.F.);
#8867=CARTESIAN_POINT('',(1.68E1,-3.45E0,-1.45E1));
#8868=DIRECTION('',(0.E0,1.E0,0.E0));
#8869=DIRECTION('',(0.E0,0.E0,1.E0));
#8870=AXIS2_PLACEMENT_3D('',#8867,#8868,#8869);
#8871=CYLINDRICAL_SURFACE('',#8870,1.2E0);
#8873=ORIENTED_EDGE('',*,*,#8872,.F.);
#8875=ORIENTED_EDGE('',*,*,#8874,.T.);
#8876=ORIENTED_EDGE('',*,*,#8806,.T.);
#8877=ORIENTED_EDGE('',*,*,#8842,.T.);
#8878=EDGE_LOOP('',(#8873,#8875,#8876,#8877));
#8879=FACE_OUTER_BOUND('',#8878,.F.);
#8880=ADVANCED_FACE('',(#8879),#8871,.F.);
#8881=CARTESIAN_POINT('',(1.8E1,-5.05E0,-1.13E1));
#8882=DIRECTION('',(0.E0,1.E0,0.E0));
#8883=DIRECTION('',(-1.E0,0.E0,0.E0));
#8884=AXIS2_PLACEMENT_3D('',#8881,#8882,#8883);
#8885=PLANE('',#8884);
#8887=ORIENTED_EDGE('',*,*,#8886,.F.);
#8889=ORIENTED_EDGE('',*,*,#8888,.T.);
#8890=ORIENTED_EDGE('',*,*,#8856,.F.);
#8892=ORIENTED_EDGE('',*,*,#8891,.F.);
#8894=ORIENTED_EDGE('',*,*,#8893,.F.);
#8895=EDGE_LOOP('',(#8887,#8889,#8890,#8892,#8894));
#8896=FACE_OUTER_BOUND('',#8895,.F.);
#8897=ADVANCED_FACE('',(#8896),#8885,.F.);
#8898=CARTESIAN_POINT('',(0.E0,0.E0,-1.13E1));
#8899=DIRECTION('',(0.E0,0.E0,-1.E0));
#8900=DIRECTION('',(0.E0,-1.E0,0.E0));
#8901=AXIS2_PLACEMENT_3D('',#8898,#8899,#8900);
#8902=PLANE('',#8901);
#8904=ORIENTED_EDGE('',*,*,#8903,.F.);
#8906=ORIENTED_EDGE('',*,*,#8905,.F.);
#8908=ORIENTED_EDGE('',*,*,#8907,.T.);
#8910=ORIENTED_EDGE('',*,*,#8909,.F.);
#8911=EDGE_LOOP('',(#8904,#8906,#8908,#8910));
#8912=FACE_OUTER_BOUND('',#8911,.F.);
#8914=ORIENTED_EDGE('',*,*,#8913,.T.);
#8915=ORIENTED_EDGE('',*,*,#8886,.T.);
#8917=ORIENTED_EDGE('',*,*,#8916,.T.);
#8919=ORIENTED_EDGE('',*,*,#8918,.T.);
#8920=EDGE_LOOP('',(#8914,#8915,#8917,#8919));
#8921=FACE_BOUND('',#8920,.F.);
#8922=ADVANCED_FACE('',(#8912,#8921),#8902,.F.);
#8923=CARTESIAN_POINT('',(0.E0,0.E0,-1.13E1));
#8924=DIRECTION('',(0.E0,0.E0,-1.E0));
#8925=DIRECTION('',(0.E0,-1.E0,0.E0));
#8926=AXIS2_PLACEMENT_3D('',#8923,#8924,#8925);
#8927=PLANE('',#8926);
#8929=ORIENTED_EDGE('',*,*,#8928,.F.);
#8931=ORIENTED_EDGE('',*,*,#8930,.F.);
#8933=ORIENTED_EDGE('',*,*,#8932,.F.);
#8935=ORIENTED_EDGE('',*,*,#8934,.F.);
#8936=EDGE_LOOP('',(#8929,#8931,#8933,#8935));
#8937=FACE_OUTER_BOUND('',#8936,.F.);
#8939=ORIENTED_EDGE('',*,*,#8938,.T.);
#8941=ORIENTED_EDGE('',*,*,#8940,.T.);
#8943=ORIENTED_EDGE('',*,*,#8942,.T.);
#8945=ORIENTED_EDGE('',*,*,#8944,.T.);
#8946=EDGE_LOOP('',(#8939,#8941,#8943,#8945));
#8947=FACE_BOUND('',#8946,.F.);
#8948=ADVANCED_FACE('',(#8937,#8947),#8927,.F.);
#8949=CARTESIAN_POINT('',(1.8E1,-6.85E0,-1.13E1));
#8950=DIRECTION('',(1.E0,0.E0,0.E0));
#8951=DIRECTION('',(0.E0,1.E0,0.E0));
#8952=AXIS2_PLACEMENT_3D('',#8949,#8950,#8951);
#8953=PLANE('',#8952);
#8954=ORIENTED_EDGE('',*,*,#8913,.F.);
#8956=ORIENTED_EDGE('',*,*,#8955,.T.);
#8958=ORIENTED_EDGE('',*,*,#8957,.T.);
#8959=ORIENTED_EDGE('',*,*,#8888,.F.);
#8960=EDGE_LOOP('',(#8954,#8956,#8958,#8959));
#8961=FACE_OUTER_BOUND('',#8960,.F.);
#8962=ADVANCED_FACE('',(#8961),#8953,.F.);
#8963=CARTESIAN_POINT('',(1.56E1,-6.85E0,-1.13E1));
#8964=DIRECTION('',(0.E0,-1.E0,0.E0));
#8965=DIRECTION('',(1.E0,0.E0,0.E0));
#8966=AXIS2_PLACEMENT_3D('',#8963,#8964,#8965);
#8967=PLANE('',#8966);
#8968=ORIENTED_EDGE('',*,*,#8918,.F.);
#8970=ORIENTED_EDGE('',*,*,#8969,.T.);
#8972=ORIENTED_EDGE('',*,*,#8971,.T.);
#8973=ORIENTED_EDGE('',*,*,#8872,.T.);
#8974=ORIENTED_EDGE('',*,*,#8955,.F.);
#8975=EDGE_LOOP('',(#8968,#8970,#8972,#8973,#8974));
#8976=FACE_OUTER_BOUND('',#8975,.F.);
#8977=ADVANCED_FACE('',(#8976),#8967,.F.);
#8978=CARTESIAN_POINT('',(1.56E1,-5.05E0,-1.13E1));
#8979=DIRECTION('',(-1.E0,0.E0,0.E0));
#8980=DIRECTION('',(0.E0,-1.E0,0.E0));
#8981=AXIS2_PLACEMENT_3D('',#8978,#8979,#8980);
#8982=PLANE('',#8981);
#8983=ORIENTED_EDGE('',*,*,#8916,.F.);
#8984=ORIENTED_EDGE('',*,*,#8893,.T.);
#8986=ORIENTED_EDGE('',*,*,#8985,.F.);
#8987=ORIENTED_EDGE('',*,*,#8969,.F.);
#8988=EDGE_LOOP('',(#8983,#8984,#8986,#8987));
#8989=FACE_OUTER_BOUND('',#8988,.F.);
#8990=ADVANCED_FACE('',(#8989),#8982,.F.);
#8991=CARTESIAN_POINT('',(1.68E1,-3.45E0,-1.45E1));
#8992=DIRECTION('',(0.E0,1.E0,0.E0));
#8993=DIRECTION('',(0.E0,0.E0,1.E0));
#8994=AXIS2_PLACEMENT_3D('',#8991,#8992,#8993);
#8995=CYLINDRICAL_SURFACE('',#8994,1.2E0);
#8997=ORIENTED_EDGE('',*,*,#8996,.T.);
#8998=ORIENTED_EDGE('',*,*,#8985,.T.);
#9000=ORIENTED_EDGE('',*,*,#8999,.T.);
#9001=ORIENTED_EDGE('',*,*,#8957,.F.);
#9002=EDGE_LOOP('',(#8997,#8998,#9000,#9001));
#9003=FACE_OUTER_BOUND('',#9002,.F.);
#9004=ADVANCED_FACE('',(#9003),#8995,.F.);
#9005=CARTESIAN_POINT('',(1.68E1,-3.45E0,-1.45E1));
#9006=DIRECTION('',(0.E0,1.E0,0.E0));
#9007=DIRECTION('',(0.E0,0.E0,1.E0));
#9008=AXIS2_PLACEMENT_3D('',#9005,#9006,#9007);
#9009=CYLINDRICAL_SURFACE('',#9008,1.2E0);
#9010=ORIENTED_EDGE('',*,*,#8891,.T.);
#9011=ORIENTED_EDGE('',*,*,#8862,.F.);
#9013=ORIENTED_EDGE('',*,*,#9012,.F.);
#9015=ORIENTED_EDGE('',*,*,#9014,.F.);
#9016=EDGE_LOOP('',(#9010,#9011,#9013,#9015));
#9017=FACE_OUTER_BOUND('',#9016,.F.);
#9018=ADVANCED_FACE('',(#9017),#9009,.F.);
#9019=CARTESIAN_POINT('',(1.68E1,-3.45E0,-1.45E1));
#9020=DIRECTION('',(0.E0,1.E0,0.E0));
#9021=DIRECTION('',(0.E0,0.E0,1.E0));
#9022=AXIS2_PLACEMENT_3D('',#9019,#9020,#9021);
#9023=CYLINDRICAL_SURFACE('',#9022,1.2E0);
#9024=ORIENTED_EDGE('',*,*,#8971,.F.);
#9026=ORIENTED_EDGE('',*,*,#9025,.F.);
#9027=ORIENTED_EDGE('',*,*,#8808,.T.);
#9028=ORIENTED_EDGE('',*,*,#8874,.F.);
#9029=EDGE_LOOP('',(#9024,#9026,#9027,#9028));
#9030=FACE_OUTER_BOUND('',#9029,.F.);
#9031=ADVANCED_FACE('',(#9030),#9023,.F.);
#9032=CARTESIAN_POINT('',(1.56E1,-6.85E0,-1.77E1));
#9033=DIRECTION('',(0.E0,1.E0,0.E0));
#9034=DIRECTION('',(1.E0,0.E0,0.E0));
#9035=AXIS2_PLACEMENT_3D('',#9032,#9033,#9034);
#9036=PLANE('',#9035);
#9037=ORIENTED_EDGE('',*,*,#8996,.F.);
#9038=ORIENTED_EDGE('',*,*,#8846,.F.);
#9039=ORIENTED_EDGE('',*,*,#8545,.F.);
#9041=ORIENTED_EDGE('',*,*,#9040,.T.);
#9042=EDGE_LOOP('',(#9037,#9038,#9039,#9041));
#9043=FACE_OUTER_BOUND('',#9042,.F.);
#9044=ADVANCED_FACE('',(#9043),#9036,.F.);
#9045=CARTESIAN_POINT('',(1.56E1,-8.45E0,-1.77E1));
#9046=DIRECTION('',(-1.E0,0.E0,0.E0));
#9047=DIRECTION('',(0.E0,1.E0,0.E0));
#9048=AXIS2_PLACEMENT_3D('',#9045,#9046,#9047);
#9049=PLANE('',#9048);
#9050=ORIENTED_EDGE('',*,*,#9025,.T.);
#9051=ORIENTED_EDGE('',*,*,#9040,.F.);
#9052=ORIENTED_EDGE('',*,*,#8543,.F.);
#9053=ORIENTED_EDGE('',*,*,#8810,.T.);
#9054=EDGE_LOOP('',(#9050,#9051,#9052,#9053));
#9055=FACE_OUTER_BOUND('',#9054,.F.);
#9056=ADVANCED_FACE('',(#9055),#9049,.F.);
#9057=CARTESIAN_POINT('',(1.8E1,-5.05E0,-1.77E1));
#9058=DIRECTION('',(0.E0,-1.E0,0.E0));
#9059=DIRECTION('',(-1.E0,0.E0,0.E0));
#9060=AXIS2_PLACEMENT_3D('',#9057,#9058,#9059);
#9061=PLANE('',#9060);
#9062=ORIENTED_EDGE('',*,*,#8999,.F.);
#9064=ORIENTED_EDGE('',*,*,#9063,.F.);
#9065=ORIENTED_EDGE('',*,*,#8506,.F.);
#9067=ORIENTED_EDGE('',*,*,#9066,.T.);
#9068=EDGE_LOOP('',(#9062,#9064,#9065,#9067));
#9069=FACE_OUTER_BOUND('',#9068,.F.);
#9070=ADVANCED_FACE('',(#9069),#9061,.F.);
#9071=CARTESIAN_POINT('',(1.56E1,-5.05E0,-1.77E1));
#9072=DIRECTION('',(-1.E0,0.E0,0.E0));
#9073=DIRECTION('',(0.E0,1.E0,0.E0));
#9074=AXIS2_PLACEMENT_3D('',#9071,#9072,#9073);
#9075=PLANE('',#9074);
#9076=ORIENTED_EDGE('',*,*,#9014,.T.);
#9078=ORIENTED_EDGE('',*,*,#9077,.F.);
#9079=ORIENTED_EDGE('',*,*,#8508,.F.);
#9080=ORIENTED_EDGE('',*,*,#9063,.T.);
#9081=EDGE_LOOP('',(#9076,#9078,#9079,#9080));
#9082=FACE_OUTER_BOUND('',#9081,.F.);
#9083=ADVANCED_FACE('',(#9082),#9075,.F.);
#9084=CARTESIAN_POINT('',(1.455E1,-3.45E0,-1.77E1));
#9085=DIRECTION('',(0.E0,1.E0,0.E0));
#9086=DIRECTION('',(1.E0,0.E0,0.E0));
#9087=AXIS2_PLACEMENT_3D('',#9084,#9085,#9086);
#9088=PLANE('',#9087);
#9089=ORIENTED_EDGE('',*,*,#8502,.T.);
#9091=ORIENTED_EDGE('',*,*,#9090,.T.);
#9093=ORIENTED_EDGE('',*,*,#9092,.T.);
#9095=ORIENTED_EDGE('',*,*,#9094,.F.);
#9096=ORIENTED_EDGE('',*,*,#8510,.T.);
#9097=ORIENTED_EDGE('',*,*,#9077,.T.);
#9098=ORIENTED_EDGE('',*,*,#9012,.T.);
#9099=ORIENTED_EDGE('',*,*,#8860,.T.);
#9101=ORIENTED_EDGE('',*,*,#9100,.F.);
#9102=EDGE_LOOP('',(#9089,#9091,#9093,#9095,#9096,#9097,#9098,#9099,#9101));
#9103=FACE_OUTER_BOUND('',#9102,.F.);
#9104=ADVANCED_FACE('',(#9103),#9088,.T.);
#9105=CARTESIAN_POINT('',(1.95E1,-3.95E0,-1.777337433952E1));
#9106=DIRECTION('',(0.E0,0.E0,1.E0));
#9107=DIRECTION('',(1.E0,0.E0,0.E0));
#9108=AXIS2_PLACEMENT_3D('',#9105,#9106,#9107);
#9109=CYLINDRICAL_SURFACE('',#9108,5.E-1);
#9110=ORIENTED_EDGE('',*,*,#8779,.T.);
#9112=ORIENTED_EDGE('',*,*,#9111,.F.);
#9113=ORIENTED_EDGE('',*,*,#9090,.F.);
#9114=ORIENTED_EDGE('',*,*,#8761,.F.);
#9115=EDGE_LOOP('',(#9110,#9112,#9113,#9114));
#9116=FACE_OUTER_BOUND('',#9115,.F.);
#9117=ADVANCED_FACE('',(#9116),#9109,.T.);
#9118=CARTESIAN_POINT('',(1.95E1,-3.95E0,-1.18E1));
#9119=DIRECTION('',(7.071067811865E-1,-7.071067811865E-1,0.E0));
#9120=DIRECTION('',(7.071067811865E-1,7.071067811865E-1,0.E0));
#9121=AXIS2_PLACEMENT_3D('',#9118,#9119,#9120);
#9122=SPHERICAL_SURFACE('',#9121,5.E-1);
#9124=ORIENTED_EDGE('',*,*,#9123,.T.);
#9125=ORIENTED_EDGE('',*,*,#9111,.T.);
#9127=ORIENTED_EDGE('',*,*,#9126,.T.);
#9128=EDGE_LOOP('',(#9124,#9125,#9127));
#9129=FACE_OUTER_BOUND('',#9128,.F.);
#9130=ADVANCED_FACE('',(#9129),#9122,.T.);
#9131=CARTESIAN_POINT('',(2.007071283165E1,-3.95E0,-1.18E1));
#9132=DIRECTION('',(-1.E0,0.E0,0.E0));
#9133=DIRECTION('',(0.E0,0.E0,1.E0));
#9134=AXIS2_PLACEMENT_3D('',#9131,#9132,#9133);
#9135=CYLINDRICAL_SURFACE('',#9134,5.E-1);
#9136=ORIENTED_EDGE('',*,*,#9092,.F.);
#9137=ORIENTED_EDGE('',*,*,#9123,.F.);
#9138=ORIENTED_EDGE('',*,*,#8909,.T.);
#9140=ORIENTED_EDGE('',*,*,#9139,.T.);
#9141=EDGE_LOOP('',(#9136,#9137,#9138,#9140));
#9142=FACE_OUTER_BOUND('',#9141,.F.);
#9143=ADVANCED_FACE('',(#9142),#9135,.T.);
#9144=CARTESIAN_POINT('',(1.455E1,-8.45E0,0.E0));
#9145=DIRECTION('',(1.E0,0.E0,0.E0));
#9146=DIRECTION('',(0.E0,1.E0,0.E0));
#9147=AXIS2_PLACEMENT_3D('',#9144,#9145,#9146);
#9148=PLANE('',#9147);
#9149=ORIENTED_EDGE('',*,*,#9094,.T.);
#9150=ORIENTED_EDGE('',*,*,#9139,.F.);
#9151=ORIENTED_EDGE('',*,*,#8907,.F.);
#9153=ORIENTED_EDGE('',*,*,#9152,.F.);
#9154=ORIENTED_EDGE('',*,*,#8829,.T.);
#9155=ORIENTED_EDGE('',*,*,#5811,.F.);
#9157=ORIENTED_EDGE('',*,*,#9156,.T.);
#9158=ORIENTED_EDGE('',*,*,#8512,.T.);
#9159=EDGE_LOOP('',(#9149,#9150,#9151,#9153,#9154,#9155,#9157,#9158));
#9160=FACE_OUTER_BOUND('',#9159,.F.);
#9161=ADVANCED_FACE('',(#9160),#9148,.T.);
#9162=CARTESIAN_POINT('',(-2.007210266768E1,-7.95E0,-1.18E1));
#9163=DIRECTION('',(1.E0,0.E0,0.E0));
#9164=DIRECTION('',(0.E0,0.E0,1.E0));
#9165=AXIS2_PLACEMENT_3D('',#9162,#9163,#9164);
#9166=CYLINDRICAL_SURFACE('',#9165,5.E-1);
#9167=ORIENTED_EDGE('',*,*,#8905,.T.);
#9169=ORIENTED_EDGE('',*,*,#9168,.F.);
#9170=ORIENTED_EDGE('',*,*,#8831,.F.);
#9171=ORIENTED_EDGE('',*,*,#9152,.T.);
#9172=EDGE_LOOP('',(#9167,#9169,#9170,#9171));
#9173=FACE_OUTER_BOUND('',#9172,.F.);
#9174=ADVANCED_FACE('',(#9173),#9166,.T.);
#9175=CARTESIAN_POINT('',(1.95E1,-7.95E0,-1.18E1));
#9176=DIRECTION('',(7.071067811865E-1,0.E0,-7.071067811865E-1));
#9177=DIRECTION('',(7.071067811865E-1,0.E0,7.071067811865E-1));
#9178=AXIS2_PLACEMENT_3D('',#9175,#9176,#9177);
#9179=SPHERICAL_SURFACE('',#9178,5.E-1);
#9181=ORIENTED_EDGE('',*,*,#9180,.T.);
#9182=ORIENTED_EDGE('',*,*,#8791,.T.);
#9183=ORIENTED_EDGE('',*,*,#9168,.T.);
#9184=EDGE_LOOP('',(#9181,#9182,#9183));
#9185=FACE_OUTER_BOUND('',#9184,.F.);
#9186=ADVANCED_FACE('',(#9185),#9179,.T.);
#9187=CARTESIAN_POINT('',(1.95E1,-8.519328622485E0,-1.18E1));
#9188=DIRECTION('',(0.E0,1.E0,0.E0));
#9189=DIRECTION('',(0.E0,0.E0,1.E0));
#9190=AXIS2_PLACEMENT_3D('',#9187,#9188,#9189);
#9191=CYLINDRICAL_SURFACE('',#9190,5.E-1);
#9192=ORIENTED_EDGE('',*,*,#8777,.F.);
#9193=ORIENTED_EDGE('',*,*,#9180,.F.);
#9194=ORIENTED_EDGE('',*,*,#8903,.T.);
#9195=ORIENTED_EDGE('',*,*,#9126,.F.);
#9196=EDGE_LOOP('',(#9192,#9193,#9194,#9195));
#9197=FACE_OUTER_BOUND('',#9196,.F.);
#9198=ADVANCED_FACE('',(#9197),#9191,.T.);
#9199=CARTESIAN_POINT('',(1.255E1,6.45E0,7.337433951809E-2));
#9200=DIRECTION('',(0.E0,0.E0,-1.E0));
#9201=DIRECTION('',(0.E0,1.E0,0.E0));
#9202=AXIS2_PLACEMENT_3D('',#9199,#9200,#9201);
#9203=CYLINDRICAL_SURFACE('',#9202,2.E0);
#9204=ORIENTED_EDGE('',*,*,#8514,.T.);
#9205=ORIENTED_EDGE('',*,*,#9156,.F.);
#9206=ORIENTED_EDGE('',*,*,#5809,.T.);
#9208=ORIENTED_EDGE('',*,*,#9207,.T.);
#9209=EDGE_LOOP('',(#9204,#9205,#9206,#9208));
#9210=FACE_OUTER_BOUND('',#9209,.F.);
#9211=ADVANCED_FACE('',(#9210),#9203,.T.);
#9212=CARTESIAN_POINT('',(1.455E1,8.45E0,0.E0));
#9213=DIRECTION('',(0.E0,1.E0,0.E0));
#9214=DIRECTION('',(-1.E0,0.E0,0.E0));
#9215=AXIS2_PLACEMENT_3D('',#9212,#9213,#9214);
#9216=PLANE('',#9215);
#9217=ORIENTED_EDGE('',*,*,#8487,.T.);
#9218=ORIENTED_EDGE('',*,*,#8516,.T.);
#9219=ORIENTED_EDGE('',*,*,#9207,.F.);
#9220=ORIENTED_EDGE('',*,*,#5807,.F.);
#9221=EDGE_LOOP('',(#9217,#9218,#9219,#9220));
#9222=FACE_OUTER_BOUND('',#9221,.F.);
#9223=ADVANCED_FACE('',(#9222),#9216,.T.);
#9224=CARTESIAN_POINT('',(1.8E1,-3.45E0,-1.77E1));
#9225=DIRECTION('',(1.E0,0.E0,0.E0));
#9226=DIRECTION('',(0.E0,-1.E0,0.E0));
#9227=AXIS2_PLACEMENT_3D('',#9224,#9225,#9226);
#9228=PLANE('',#9227);
#9229=ORIENTED_EDGE('',*,*,#8858,.F.);
#9230=ORIENTED_EDGE('',*,*,#9066,.F.);
#9231=ORIENTED_EDGE('',*,*,#8504,.F.);
#9232=ORIENTED_EDGE('',*,*,#9100,.T.);
#9233=EDGE_LOOP('',(#9229,#9230,#9231,#9232));
#9234=FACE_OUTER_BOUND('',#9233,.F.);
#9235=ADVANCED_FACE('',(#9234),#9228,.F.);
#9236=CARTESIAN_POINT('',(-1.56E1,-6.85E0,-1.13E1));
#9237=DIRECTION('',(1.E0,0.E0,0.E0));
#9238=DIRECTION('',(0.E0,1.E0,0.E0));
#9239=AXIS2_PLACEMENT_3D('',#9236,#9237,#9238);
#9240=PLANE('',#9239);
#9241=ORIENTED_EDGE('',*,*,#8938,.F.);
#9243=ORIENTED_EDGE('',*,*,#9242,.T.);
#9245=ORIENTED_EDGE('',*,*,#9244,.T.);
#9247=ORIENTED_EDGE('',*,*,#9246,.F.);
#9248=EDGE_LOOP('',(#9241,#9243,#9245,#9247));
#9249=FACE_OUTER_BOUND('',#9248,.F.);
#9250=ADVANCED_FACE('',(#9249),#9240,.F.);
#9251=CARTESIAN_POINT('',(-1.8E1,-6.85E0,-1.13E1));
#9252=DIRECTION('',(0.E0,-1.E0,0.E0));
#9253=DIRECTION('',(1.E0,0.E0,0.E0));
#9254=AXIS2_PLACEMENT_3D('',#9251,#9252,#9253);
#9255=PLANE('',#9254);
#9256=ORIENTED_EDGE('',*,*,#8944,.F.);
#9258=ORIENTED_EDGE('',*,*,#9257,.T.);
#9260=ORIENTED_EDGE('',*,*,#9259,.T.);
#9262=ORIENTED_EDGE('',*,*,#9261,.T.);
#9263=ORIENTED_EDGE('',*,*,#9242,.F.);
#9264=EDGE_LOOP('',(#9256,#9258,#9260,#9262,#9263));
#9265=FACE_OUTER_BOUND('',#9264,.F.);
#9266=ADVANCED_FACE('',(#9265),#9255,.F.);
#9267=CARTESIAN_POINT('',(-1.8E1,-5.05E0,-1.13E1));
#9268=DIRECTION('',(-1.E0,0.E0,0.E0));
#9269=DIRECTION('',(0.E0,-1.E0,0.E0));
#9270=AXIS2_PLACEMENT_3D('',#9267,#9268,#9269);
#9271=PLANE('',#9270);
#9272=ORIENTED_EDGE('',*,*,#8942,.F.);
#9274=ORIENTED_EDGE('',*,*,#9273,.T.);
#9276=ORIENTED_EDGE('',*,*,#9275,.F.);
#9277=ORIENTED_EDGE('',*,*,#9257,.F.);
#9278=EDGE_LOOP('',(#9272,#9274,#9276,#9277));
#9279=FACE_OUTER_BOUND('',#9278,.F.);
#9280=ADVANCED_FACE('',(#9279),#9271,.F.);
#9281=CARTESIAN_POINT('',(-1.56E1,-5.05E0,-1.13E1));
#9282=DIRECTION('',(0.E0,1.E0,0.E0));
#9283=DIRECTION('',(-1.E0,0.E0,0.E0));
#9284=AXIS2_PLACEMENT_3D('',#9281,#9282,#9283);
#9285=PLANE('',#9284);
#9286=ORIENTED_EDGE('',*,*,#8940,.F.);
#9287=ORIENTED_EDGE('',*,*,#9246,.T.);
#9289=ORIENTED_EDGE('',*,*,#9288,.F.);
#9291=ORIENTED_EDGE('',*,*,#9290,.F.);
#9292=ORIENTED_EDGE('',*,*,#9273,.F.);
#9293=EDGE_LOOP('',(#9286,#9287,#9289,#9291,#9292));
#9294=FACE_OUTER_BOUND('',#9293,.F.);
#9295=ADVANCED_FACE('',(#9294),#9285,.F.);
#9296=CARTESIAN_POINT('',(-1.68E1,-3.45E0,-1.45E1));
#9297=DIRECTION('',(0.E0,1.E0,0.E0));
#9298=DIRECTION('',(0.E0,0.E0,1.E0));
#9299=AXIS2_PLACEMENT_3D('',#9296,#9297,#9298);
#9300=CYLINDRICAL_SURFACE('',#9299,1.2E0);
#9301=ORIENTED_EDGE('',*,*,#9288,.T.);
#9303=ORIENTED_EDGE('',*,*,#9302,.T.);
#9305=ORIENTED_EDGE('',*,*,#9304,.F.);
#9307=ORIENTED_EDGE('',*,*,#9306,.T.);
#9308=EDGE_LOOP('',(#9301,#9303,#9305,#9307));
#9309=FACE_OUTER_BOUND('',#9308,.F.);
#9310=ADVANCED_FACE('',(#9309),#9300,.F.);
#9311=CARTESIAN_POINT('',(-1.68E1,-3.45E0,-1.45E1));
#9312=DIRECTION('',(0.E0,1.E0,0.E0));
#9313=DIRECTION('',(0.E0,0.E0,1.E0));
#9314=AXIS2_PLACEMENT_3D('',#9311,#9312,#9313);
#9315=CYLINDRICAL_SURFACE('',#9314,1.2E0);
#9316=ORIENTED_EDGE('',*,*,#9261,.F.);
#9318=ORIENTED_EDGE('',*,*,#9317,.T.);
#9319=ORIENTED_EDGE('',*,*,#8815,.T.);
#9321=ORIENTED_EDGE('',*,*,#9320,.T.);
#9322=EDGE_LOOP('',(#9316,#9318,#9319,#9321));
#9323=FACE_OUTER_BOUND('',#9322,.F.);
#9324=ADVANCED_FACE('',(#9323),#9315,.F.);
#9325=CARTESIAN_POINT('',(-1.56E1,-3.45E0,-1.77E1));
#9326=DIRECTION('',(1.E0,0.E0,0.E0));
#9327=DIRECTION('',(0.E0,-1.E0,0.E0));
#9328=AXIS2_PLACEMENT_3D('',#9325,#9326,#9327);
#9329=PLANE('',#9328);
#9330=ORIENTED_EDGE('',*,*,#9302,.F.);
#9332=ORIENTED_EDGE('',*,*,#9331,.F.);
#9333=ORIENTED_EDGE('',*,*,#8523,.F.);
#9335=ORIENTED_EDGE('',*,*,#9334,.T.);
#9336=EDGE_LOOP('',(#9330,#9332,#9333,#9335));
#9337=FACE_OUTER_BOUND('',#9336,.F.);
#9338=ADVANCED_FACE('',(#9337),#9329,.F.);
#9339=CARTESIAN_POINT('',(-1.56E1,-5.05E0,-1.77E1));
#9340=DIRECTION('',(0.E0,-1.E0,0.E0));
#9341=DIRECTION('',(-1.E0,0.E0,0.E0));
#9342=AXIS2_PLACEMENT_3D('',#9339,#9340,#9341);
#9343=PLANE('',#9342);
#9345=ORIENTED_EDGE('',*,*,#9344,.F.);
#9347=ORIENTED_EDGE('',*,*,#9346,.F.);
#9348=ORIENTED_EDGE('',*,*,#8525,.F.);
#9349=ORIENTED_EDGE('',*,*,#9331,.T.);
#9350=EDGE_LOOP('',(#9345,#9347,#9348,#9349));
#9351=FACE_OUTER_BOUND('',#9350,.F.);
#9352=ADVANCED_FACE('',(#9351),#9343,.F.);
#9353=CARTESIAN_POINT('',(-1.68E1,-3.45E0,-1.45E1));
#9354=DIRECTION('',(0.E0,1.E0,0.E0));
#9355=DIRECTION('',(0.E0,0.E0,1.E0));
#9356=AXIS2_PLACEMENT_3D('',#9353,#9354,#9355);
#9357=CYLINDRICAL_SURFACE('',#9356,1.2E0);
#9359=ORIENTED_EDGE('',*,*,#9358,.T.);
#9360=ORIENTED_EDGE('',*,*,#9275,.T.);
#9361=ORIENTED_EDGE('',*,*,#9344,.T.);
#9362=ORIENTED_EDGE('',*,*,#9244,.F.);
#9363=EDGE_LOOP('',(#9359,#9360,#9361,#9362));
#9364=FACE_OUTER_BOUND('',#9363,.F.);
#9365=ADVANCED_FACE('',(#9364),#9357,.F.);
#9366=CARTESIAN_POINT('',(-1.68E1,-3.45E0,-1.45E1));
#9367=DIRECTION('',(0.E0,1.E0,0.E0));
#9368=DIRECTION('',(0.E0,0.E0,1.E0));
#9369=AXIS2_PLACEMENT_3D('',#9366,#9367,#9368);
#9370=CYLINDRICAL_SURFACE('',#9369,1.2E0);
#9371=ORIENTED_EDGE('',*,*,#9290,.T.);
#9372=ORIENTED_EDGE('',*,*,#9306,.F.);
#9374=ORIENTED_EDGE('',*,*,#9373,.F.);
#9376=ORIENTED_EDGE('',*,*,#9375,.F.);
#9377=EDGE_LOOP('',(#9371,#9372,#9374,#9376));
#9378=FACE_OUTER_BOUND('',#9377,.F.);
#9379=ADVANCED_FACE('',(#9378),#9370,.F.);
#9380=CARTESIAN_POINT('',(-1.68E1,-3.45E0,-1.45E1));
#9381=DIRECTION('',(0.E0,1.E0,0.E0));
#9382=DIRECTION('',(0.E0,0.E0,1.E0));
#9383=AXIS2_PLACEMENT_3D('',#9380,#9381,#9382);
#9384=CYLINDRICAL_SURFACE('',#9383,1.2E0);
#9385=ORIENTED_EDGE('',*,*,#9259,.F.);
#9387=ORIENTED_EDGE('',*,*,#9386,.F.);
#9388=ORIENTED_EDGE('',*,*,#8817,.T.);
#9389=ORIENTED_EDGE('',*,*,#9317,.F.);
#9390=EDGE_LOOP('',(#9385,#9387,#9388,#9389));
#9391=FACE_OUTER_BOUND('',#9390,.F.);
#9392=ADVANCED_FACE('',(#9391),#9384,.F.);
#9393=CARTESIAN_POINT('',(-1.8E1,-6.85E0,-1.77E1));
#9394=DIRECTION('',(0.E0,1.E0,0.E0));
#9395=DIRECTION('',(1.E0,0.E0,0.E0));
#9396=AXIS2_PLACEMENT_3D('',#9393,#9394,#9395);
#9397=PLANE('',#9396);
#9398=ORIENTED_EDGE('',*,*,#9358,.F.);
#9400=ORIENTED_EDGE('',*,*,#9399,.F.);
#9401=ORIENTED_EDGE('',*,*,#8537,.F.);
#9403=ORIENTED_EDGE('',*,*,#9402,.T.);
#9404=EDGE_LOOP('',(#9398,#9400,#9401,#9403));
#9405=FACE_OUTER_BOUND('',#9404,.F.);
#9406=ADVANCED_FACE('',(#9405),#9397,.F.);
#9407=CARTESIAN_POINT('',(-1.56E1,-6.85E0,-1.77E1));
#9408=DIRECTION('',(1.E0,0.E0,0.E0));
#9409=DIRECTION('',(0.E0,-1.E0,0.E0));
#9410=AXIS2_PLACEMENT_3D('',#9407,#9408,#9409);
#9411=PLANE('',#9410);
#9412=ORIENTED_EDGE('',*,*,#9320,.F.);
#9413=ORIENTED_EDGE('',*,*,#8813,.F.);
#9414=ORIENTED_EDGE('',*,*,#8539,.T.);
#9415=ORIENTED_EDGE('',*,*,#9399,.T.);
#9416=EDGE_LOOP('',(#9412,#9413,#9414,#9415));
#9417=FACE_OUTER_BOUND('',#9416,.F.);
#9418=ADVANCED_FACE('',(#9417),#9411,.F.);
#9419=CARTESIAN_POINT('',(-1.8E1,-8.45E0,-1.77E1));
#9420=DIRECTION('',(-1.E0,0.E0,0.E0));
#9421=DIRECTION('',(0.E0,1.E0,0.E0));
#9422=AXIS2_PLACEMENT_3D('',#9419,#9420,#9421);
#9423=PLANE('',#9422);
#9424=ORIENTED_EDGE('',*,*,#9386,.T.);
#9425=ORIENTED_EDGE('',*,*,#9402,.F.);
#9426=ORIENTED_EDGE('',*,*,#8535,.F.);
#9427=ORIENTED_EDGE('',*,*,#8819,.T.);
#9428=EDGE_LOOP('',(#9424,#9425,#9426,#9427));
#9429=FACE_OUTER_BOUND('',#9428,.F.);
#9430=ADVANCED_FACE('',(#9429),#9423,.F.);
#9431=CARTESIAN_POINT('',(-2.E1,-3.45E0,-1.77E1));
#9432=DIRECTION('',(0.E0,1.E0,0.E0));
#9433=DIRECTION('',(1.E0,0.E0,0.E0));
#9434=AXIS2_PLACEMENT_3D('',#9431,#9432,#9433);
#9435=PLANE('',#9434);
#9436=ORIENTED_EDGE('',*,*,#8529,.T.);
#9438=ORIENTED_EDGE('',*,*,#9437,.T.);
#9439=ORIENTED_EDGE('',*,*,#9373,.T.);
#9440=ORIENTED_EDGE('',*,*,#9304,.T.);
#9441=ORIENTED_EDGE('',*,*,#9334,.F.);
#9442=ORIENTED_EDGE('',*,*,#8521,.T.);
#9444=ORIENTED_EDGE('',*,*,#9443,.T.);
#9446=ORIENTED_EDGE('',*,*,#9445,.T.);
#9448=ORIENTED_EDGE('',*,*,#9447,.F.);
#9449=EDGE_LOOP('',(#9436,#9438,#9439,#9440,#9441,#9442,#9444,#9446,#9448));
#9450=FACE_OUTER_BOUND('',#9449,.F.);
#9451=ADVANCED_FACE('',(#9450),#9435,.T.);
#9452=CARTESIAN_POINT('',(-1.8E1,-5.05E0,-1.77E1));
#9453=DIRECTION('',(-1.E0,0.E0,0.E0));
#9454=DIRECTION('',(0.E0,1.E0,0.E0));
#9455=AXIS2_PLACEMENT_3D('',#9452,#9453,#9454);
#9456=PLANE('',#9455);
#9457=ORIENTED_EDGE('',*,*,#9375,.T.);
#9458=ORIENTED_EDGE('',*,*,#9437,.F.);
#9459=ORIENTED_EDGE('',*,*,#8527,.F.);
#9460=ORIENTED_EDGE('',*,*,#9346,.T.);
#9461=EDGE_LOOP('',(#9457,#9458,#9459,#9460));
#9462=FACE_OUTER_BOUND('',#9461,.F.);
#9463=ADVANCED_FACE('',(#9462),#9456,.F.);
#9464=CARTESIAN_POINT('',(-1.455E1,8.45E0,0.E0));
#9465=DIRECTION('',(-1.E0,0.E0,0.E0));
#9466=DIRECTION('',(0.E0,-1.E0,0.E0));
#9467=AXIS2_PLACEMENT_3D('',#9464,#9465,#9466);
#9468=PLANE('',#9467);
#9469=ORIENTED_EDGE('',*,*,#8932,.T.);
#9471=ORIENTED_EDGE('',*,*,#9470,.F.);
#9472=ORIENTED_EDGE('',*,*,#9443,.F.);
#9473=ORIENTED_EDGE('',*,*,#8519,.T.);
#9474=ORIENTED_EDGE('',*,*,#8490,.F.);
#9475=ORIENTED_EDGE('',*,*,#5815,.F.);
#9476=ORIENTED_EDGE('',*,*,#8826,.T.);
#9478=ORIENTED_EDGE('',*,*,#9477,.F.);
#9479=EDGE_LOOP('',(#9469,#9471,#9472,#9473,#9474,#9475,#9476,#9478));
#9480=FACE_OUTER_BOUND('',#9479,.F.);
#9481=ADVANCED_FACE('',(#9480),#9468,.T.);
#9482=CARTESIAN_POINT('',(-1.444757414860E1,-3.95E0,-1.18E1));
#9483=DIRECTION('',(-1.E0,0.E0,0.E0));
#9484=DIRECTION('',(0.E0,0.E0,1.E0));
#9485=AXIS2_PLACEMENT_3D('',#9482,#9483,#9484);
#9486=CYLINDRICAL_SURFACE('',#9485,5.E-1);
#9487=ORIENTED_EDGE('',*,*,#8930,.T.);
#9489=ORIENTED_EDGE('',*,*,#9488,.F.);
#9490=ORIENTED_EDGE('',*,*,#9445,.F.);
#9491=ORIENTED_EDGE('',*,*,#9470,.T.);
#9492=EDGE_LOOP('',(#9487,#9489,#9490,#9491));
#9493=FACE_OUTER_BOUND('',#9492,.F.);
#9494=ADVANCED_FACE('',(#9493),#9486,.T.);
#9495=CARTESIAN_POINT('',(-1.95E1,-3.95E0,-1.18E1));
#9496=DIRECTION('',(7.071067811865E-1,7.071067811865E-1,0.E0));
#9497=DIRECTION('',(-7.071067811865E-1,7.071067811865E-1,0.E0));
#9498=AXIS2_PLACEMENT_3D('',#9495,#9496,#9497);
#9499=SPHERICAL_SURFACE('',#9498,5.E-1);
#9501=ORIENTED_EDGE('',*,*,#9500,.T.);
#9503=ORIENTED_EDGE('',*,*,#9502,.T.);
#9504=ORIENTED_EDGE('',*,*,#9488,.T.);
#9505=EDGE_LOOP('',(#9501,#9503,#9504));
#9506=FACE_OUTER_BOUND('',#9505,.F.);
#9507=ADVANCED_FACE('',(#9506),#9499,.T.);
#9508=CARTESIAN_POINT('',(-1.95E1,-3.374419928803E0,-1.18E1));
#9509=DIRECTION('',(0.E0,-1.E0,0.E0));
#9510=DIRECTION('',(0.E0,0.E0,1.E0));
#9511=AXIS2_PLACEMENT_3D('',#9508,#9509,#9510);
#9512=CYLINDRICAL_SURFACE('',#9511,5.E-1);
#9514=ORIENTED_EDGE('',*,*,#9513,.F.);
#9515=ORIENTED_EDGE('',*,*,#9500,.F.);
#9516=ORIENTED_EDGE('',*,*,#8928,.T.);
#9518=ORIENTED_EDGE('',*,*,#9517,.F.);
#9519=EDGE_LOOP('',(#9514,#9515,#9516,#9518));
#9520=FACE_OUTER_BOUND('',#9519,.F.);
#9521=ADVANCED_FACE('',(#9520),#9512,.T.);
#9522=CARTESIAN_POINT('',(-2.E1,-8.45E0,-1.77E1));
#9523=DIRECTION('',(-1.E0,0.E0,0.E0));
#9524=DIRECTION('',(0.E0,1.E0,0.E0));
#9525=AXIS2_PLACEMENT_3D('',#9522,#9523,#9524);
#9526=PLANE('',#9525);
#9527=ORIENTED_EDGE('',*,*,#9513,.T.);
#9529=ORIENTED_EDGE('',*,*,#9528,.F.);
#9531=ORIENTED_EDGE('',*,*,#9530,.T.);
#9533=ORIENTED_EDGE('',*,*,#9532,.T.);
#9534=EDGE_LOOP('',(#9527,#9529,#9531,#9533));
#9535=FACE_OUTER_BOUND('',#9534,.F.);
#9536=ADVANCED_FACE('',(#9535),#9526,.T.);
#9537=CARTESIAN_POINT('',(-1.95E1,-7.95E0,-1.776269454685E1));
#9538=DIRECTION('',(0.E0,0.E0,1.E0));
#9539=DIRECTION('',(-1.E0,0.E0,0.E0));
#9540=AXIS2_PLACEMENT_3D('',#9537,#9538,#9539);
#9541=CYLINDRICAL_SURFACE('',#9540,5.E-1);
#9542=ORIENTED_EDGE('',*,*,#9528,.T.);
#9544=ORIENTED_EDGE('',*,*,#9543,.F.);
#9545=ORIENTED_EDGE('',*,*,#8822,.F.);
#9547=ORIENTED_EDGE('',*,*,#9546,.F.);
#9548=EDGE_LOOP('',(#9542,#9544,#9545,#9547));
#9549=FACE_OUTER_BOUND('',#9548,.F.);
#9550=ADVANCED_FACE('',(#9549),#9541,.T.);
#9551=CARTESIAN_POINT('',(-1.95E1,-7.95E0,-1.18E1));
#9552=DIRECTION('',(-7.071067811865E-1,7.071067811865E-1,0.E0));
#9553=DIRECTION('',(-7.071067811865E-1,-7.071067811865E-1,0.E0));
#9554=AXIS2_PLACEMENT_3D('',#9551,#9552,#9553);
#9555=SPHERICAL_SURFACE('',#9554,5.E-1);
#9557=ORIENTED_EDGE('',*,*,#9556,.T.);
#9558=ORIENTED_EDGE('',*,*,#9543,.T.);
#9559=ORIENTED_EDGE('',*,*,#9517,.T.);
#9560=EDGE_LOOP('',(#9557,#9558,#9559));
#9561=FACE_OUTER_BOUND('',#9560,.F.);
#9562=ADVANCED_FACE('',(#9561),#9555,.T.);
#9563=CARTESIAN_POINT('',(-2.007210266768E1,-7.95E0,-1.18E1));
#9564=DIRECTION('',(1.E0,0.E0,0.E0));
#9565=DIRECTION('',(0.E0,0.E0,1.E0));
#9566=AXIS2_PLACEMENT_3D('',#9563,#9564,#9565);
#9567=CYLINDRICAL_SURFACE('',#9566,5.E-1);
#9568=ORIENTED_EDGE('',*,*,#8824,.F.);
#9569=ORIENTED_EDGE('',*,*,#9556,.F.);
#9570=ORIENTED_EDGE('',*,*,#8934,.T.);
#9571=ORIENTED_EDGE('',*,*,#9477,.T.);
#9572=EDGE_LOOP('',(#9568,#9569,#9570,#9571));
#9573=FACE_OUTER_BOUND('',#9572,.F.);
#9574=ADVANCED_FACE('',(#9573),#9567,.T.);
#9575=CARTESIAN_POINT('',(-1.95E1,-8.522102667683E0,-1.72E1));
#9576=DIRECTION('',(0.E0,1.E0,0.E0));
#9577=DIRECTION('',(0.E0,0.E0,-1.E0));
#9578=AXIS2_PLACEMENT_3D('',#9575,#9576,#9577);
#9579=CYLINDRICAL_SURFACE('',#9578,5.E-1);
#9580=ORIENTED_EDGE('',*,*,#9530,.F.);
#9581=ORIENTED_EDGE('',*,*,#9546,.T.);
#9582=ORIENTED_EDGE('',*,*,#8531,.T.);
#9584=ORIENTED_EDGE('',*,*,#9583,.T.);
#9585=EDGE_LOOP('',(#9580,#9581,#9582,#9584));
#9586=FACE_OUTER_BOUND('',#9585,.F.);
#9587=ADVANCED_FACE('',(#9586),#9579,.T.);
#9588=CARTESIAN_POINT('',(-1.95E1,-3.95E0,-1.777337433952E1));
#9589=DIRECTION('',(0.E0,0.E0,1.E0));
#9590=DIRECTION('',(0.E0,1.E0,0.E0));
#9591=AXIS2_PLACEMENT_3D('',#9588,#9589,#9590);
#9592=CYLINDRICAL_SURFACE('',#9591,5.E-1);
#9593=ORIENTED_EDGE('',*,*,#9532,.F.);
#9594=ORIENTED_EDGE('',*,*,#9583,.F.);
#9595=ORIENTED_EDGE('',*,*,#9447,.T.);
#9596=ORIENTED_EDGE('',*,*,#9502,.F.);
#9597=EDGE_LOOP('',(#9593,#9594,#9595,#9596));
#9598=FACE_OUTER_BOUND('',#9597,.F.);
#9599=ADVANCED_FACE('',(#9598),#9592,.T.);
#9600=CARTESIAN_POINT('',(1.093E1,-5.08E0,-1.77E1));
#9601=DIRECTION('',(0.E0,1.E0,0.E0));
#9602=DIRECTION('',(1.E0,0.E0,0.E0));
#9603=AXIS2_PLACEMENT_3D('',#9600,#9601,#9602);
#9604=PLANE('',#9603);
#9605=ORIENTED_EDGE('',*,*,#8553,.F.);
#9607=ORIENTED_EDGE('',*,*,#9606,.T.);
#9609=ORIENTED_EDGE('',*,*,#9608,.T.);
#9611=ORIENTED_EDGE('',*,*,#9610,.F.);
#9612=EDGE_LOOP('',(#9605,#9607,#9609,#9611));
#9613=FACE_OUTER_BOUND('',#9612,.F.);
#9614=ADVANCED_FACE('',(#9613),#9604,.T.);
#9615=CARTESIAN_POINT('',(1.093E1,-5.72E0,-1.77E1));
#9616=DIRECTION('',(-1.E0,0.E0,0.E0));
#9617=DIRECTION('',(0.E0,1.E0,0.E0));
#9618=AXIS2_PLACEMENT_3D('',#9615,#9616,#9617);
#9619=PLANE('',#9618);
#9620=ORIENTED_EDGE('',*,*,#8559,.F.);
#9622=ORIENTED_EDGE('',*,*,#9621,.T.);
#9624=ORIENTED_EDGE('',*,*,#9623,.T.);
#9626=ORIENTED_EDGE('',*,*,#9625,.T.);
#9628=ORIENTED_EDGE('',*,*,#9627,.T.);
#9630=ORIENTED_EDGE('',*,*,#9629,.F.);
#9632=ORIENTED_EDGE('',*,*,#9631,.F.);
#9633=ORIENTED_EDGE('',*,*,#9606,.F.);
#9634=EDGE_LOOP('',(#9620,#9622,#9624,#9626,#9628,#9630,#9632,#9633));
#9635=FACE_OUTER_BOUND('',#9634,.F.);
#9636=ADVANCED_FACE('',(#9635),#9619,.T.);
#9637=CARTESIAN_POINT('',(1.157E1,-5.72E0,-1.77E1));
#9638=DIRECTION('',(0.E0,-1.E0,0.E0));
#9639=DIRECTION('',(-1.E0,0.E0,0.E0));
#9640=AXIS2_PLACEMENT_3D('',#9637,#9638,#9639);
#9641=PLANE('',#9640);
#9642=ORIENTED_EDGE('',*,*,#8557,.F.);
#9644=ORIENTED_EDGE('',*,*,#9643,.T.);
#9646=ORIENTED_EDGE('',*,*,#9645,.T.);
#9647=ORIENTED_EDGE('',*,*,#9621,.F.);
#9648=EDGE_LOOP('',(#9642,#9644,#9646,#9647));
#9649=FACE_OUTER_BOUND('',#9648,.F.);
#9650=ADVANCED_FACE('',(#9649),#9641,.T.);
#9651=CARTESIAN_POINT('',(1.157E1,-5.08E0,-1.77E1));
#9652=DIRECTION('',(1.E0,0.E0,0.E0));
#9653=DIRECTION('',(0.E0,-1.E0,0.E0));
#9654=AXIS2_PLACEMENT_3D('',#9651,#9652,#9653);
#9655=PLANE('',#9654);
#9656=ORIENTED_EDGE('',*,*,#8555,.T.);
#9657=ORIENTED_EDGE('',*,*,#9610,.T.);
#9659=ORIENTED_EDGE('',*,*,#9658,.T.);
#9661=ORIENTED_EDGE('',*,*,#9660,.T.);
#9663=ORIENTED_EDGE('',*,*,#9662,.T.);
#9665=ORIENTED_EDGE('',*,*,#9664,.F.);
#9667=ORIENTED_EDGE('',*,*,#9666,.F.);
#9668=ORIENTED_EDGE('',*,*,#9643,.F.);
#9669=EDGE_LOOP('',(#9656,#9657,#9659,#9661,#9663,#9665,#9667,#9668));
#9670=FACE_OUTER_BOUND('',#9669,.F.);
#9671=ADVANCED_FACE('',(#9670),#9655,.T.);
#9672=CARTESIAN_POINT('',(1.225E1,-6.72E0,-1.788E1));
#9673=DIRECTION('',(-1.E0,0.E0,0.E0));
#9674=DIRECTION('',(0.E0,-1.E0,0.E0));
#9675=AXIS2_PLACEMENT_3D('',#9672,#9673,#9674);
#9676=CYLINDRICAL_SURFACE('',#9675,1.64E0);
#9677=ORIENTED_EDGE('',*,*,#9608,.F.);
#9678=ORIENTED_EDGE('',*,*,#9631,.T.);
#9680=ORIENTED_EDGE('',*,*,#9679,.T.);
#9681=ORIENTED_EDGE('',*,*,#9658,.F.);
#9682=EDGE_LOOP('',(#9677,#9678,#9680,#9681));
#9683=FACE_OUTER_BOUND('',#9682,.F.);
#9684=ADVANCED_FACE('',(#9683),#9676,.T.);
#9685=CARTESIAN_POINT('',(1.093E1,-6.72E0,-1.952E1));
#9686=DIRECTION('',(0.E0,0.E0,-1.E0));
#9687=DIRECTION('',(1.E0,0.E0,0.E0));
#9688=AXIS2_PLACEMENT_3D('',#9685,#9686,#9687);
#9689=PLANE('',#9688);
#9690=ORIENTED_EDGE('',*,*,#9679,.F.);
#9691=ORIENTED_EDGE('',*,*,#9629,.T.);
#9693=ORIENTED_EDGE('',*,*,#9692,.T.);
#9694=ORIENTED_EDGE('',*,*,#9660,.F.);
#9695=EDGE_LOOP('',(#9690,#9691,#9693,#9694));
#9696=FACE_OUTER_BOUND('',#9695,.F.);
#9697=ADVANCED_FACE('',(#9696),#9689,.T.);
#9698=CARTESIAN_POINT('',(1.125E1,-1.215E1,-1.92E1));
#9699=DIRECTION('',(0.E0,-1.E0,0.E0));
#9700=DIRECTION('',(0.E0,0.E0,-1.E0));
#9701=AXIS2_PLACEMENT_3D('',#9698,#9699,#9700);
#9702=PLANE('',#9701);
#9703=ORIENTED_EDGE('',*,*,#9692,.F.);
#9704=ORIENTED_EDGE('',*,*,#9627,.F.);
#9706=ORIENTED_EDGE('',*,*,#9705,.F.);
#9707=ORIENTED_EDGE('',*,*,#9662,.F.);
#9708=EDGE_LOOP('',(#9703,#9704,#9706,#9707));
#9709=FACE_OUTER_BOUND('',#9708,.F.);
#9710=ADVANCED_FACE('',(#9709),#9702,.T.);
#9711=CARTESIAN_POINT('',(1.157E1,-6.72E0,-1.888E1));
#9712=DIRECTION('',(0.E0,0.E0,1.E0));
#9713=DIRECTION('',(-1.E0,0.E0,0.E0));
#9714=AXIS2_PLACEMENT_3D('',#9711,#9712,#9713);
#9715=PLANE('',#9714);
#9717=ORIENTED_EDGE('',*,*,#9716,.F.);
#9718=ORIENTED_EDGE('',*,*,#9664,.T.);
#9719=ORIENTED_EDGE('',*,*,#9705,.T.);
#9720=ORIENTED_EDGE('',*,*,#9625,.F.);
#9721=EDGE_LOOP('',(#9717,#9718,#9719,#9720));
#9722=FACE_OUTER_BOUND('',#9721,.F.);
#9723=ADVANCED_FACE('',(#9722),#9715,.T.);
#9724=CARTESIAN_POINT('',(1.225E1,-6.72E0,-1.788E1));
#9725=DIRECTION('',(-1.E0,0.E0,0.E0));
#9726=DIRECTION('',(0.E0,-1.E0,0.E0));
#9727=AXIS2_PLACEMENT_3D('',#9724,#9725,#9726);
#9728=CYLINDRICAL_SURFACE('',#9727,1.E0);
#9729=ORIENTED_EDGE('',*,*,#9645,.F.);
#9730=ORIENTED_EDGE('',*,*,#9666,.T.);
#9731=ORIENTED_EDGE('',*,*,#9716,.T.);
#9732=ORIENTED_EDGE('',*,*,#9623,.F.);
#9733=EDGE_LOOP('',(#9729,#9730,#9731,#9732));
#9734=FACE_OUTER_BOUND('',#9733,.F.);
#9735=ADVANCED_FACE('',(#9734),#9728,.F.);
#9736=CARTESIAN_POINT('',(8.43E0,-5.08E0,-1.77E1));
#9737=DIRECTION('',(0.E0,1.E0,0.E0));
#9738=DIRECTION('',(1.E0,0.E0,0.E0));
#9739=AXIS2_PLACEMENT_3D('',#9736,#9737,#9738);
#9740=PLANE('',#9739);
#9741=ORIENTED_EDGE('',*,*,#8563,.F.);
#9743=ORIENTED_EDGE('',*,*,#9742,.T.);
#9745=ORIENTED_EDGE('',*,*,#9744,.T.);
#9747=ORIENTED_EDGE('',*,*,#9746,.F.);
#9748=EDGE_LOOP('',(#9741,#9743,#9745,#9747));
#9749=FACE_OUTER_BOUND('',#9748,.F.);
#9750=ADVANCED_FACE('',(#9749),#9740,.T.);
#9751=CARTESIAN_POINT('',(8.43E0,-5.72E0,-1.77E1));
#9752=DIRECTION('',(-1.E0,0.E0,0.E0));
#9753=DIRECTION('',(0.E0,1.E0,0.E0));
#9754=AXIS2_PLACEMENT_3D('',#9751,#9752,#9753);
#9755=PLANE('',#9754);
#9756=ORIENTED_EDGE('',*,*,#8569,.F.);
#9758=ORIENTED_EDGE('',*,*,#9757,.T.);
#9760=ORIENTED_EDGE('',*,*,#9759,.T.);
#9762=ORIENTED_EDGE('',*,*,#9761,.T.);
#9764=ORIENTED_EDGE('',*,*,#9763,.T.);
#9766=ORIENTED_EDGE('',*,*,#9765,.F.);
#9768=ORIENTED_EDGE('',*,*,#9767,.F.);
#9769=ORIENTED_EDGE('',*,*,#9742,.F.);
#9770=EDGE_LOOP('',(#9756,#9758,#9760,#9762,#9764,#9766,#9768,#9769));
#9771=FACE_OUTER_BOUND('',#9770,.F.);
#9772=ADVANCED_FACE('',(#9771),#9755,.T.);
#9773=CARTESIAN_POINT('',(9.07E0,-5.72E0,-1.77E1));
#9774=DIRECTION('',(0.E0,-1.E0,0.E0));
#9775=DIRECTION('',(-1.E0,0.E0,0.E0));
#9776=AXIS2_PLACEMENT_3D('',#9773,#9774,#9775);
#9777=PLANE('',#9776);
#9778=ORIENTED_EDGE('',*,*,#8567,.F.);
#9780=ORIENTED_EDGE('',*,*,#9779,.T.);
#9782=ORIENTED_EDGE('',*,*,#9781,.T.);
#9783=ORIENTED_EDGE('',*,*,#9757,.F.);
#9784=EDGE_LOOP('',(#9778,#9780,#9782,#9783));
#9785=FACE_OUTER_BOUND('',#9784,.F.);
#9786=ADVANCED_FACE('',(#9785),#9777,.T.);
#9787=CARTESIAN_POINT('',(9.07E0,-5.08E0,-1.77E1));
#9788=DIRECTION('',(1.E0,0.E0,0.E0));
#9789=DIRECTION('',(0.E0,-1.E0,0.E0));
#9790=AXIS2_PLACEMENT_3D('',#9787,#9788,#9789);
#9791=PLANE('',#9790);
#9792=ORIENTED_EDGE('',*,*,#8565,.T.);
#9793=ORIENTED_EDGE('',*,*,#9746,.T.);
#9795=ORIENTED_EDGE('',*,*,#9794,.T.);
#9797=ORIENTED_EDGE('',*,*,#9796,.T.);
#9799=ORIENTED_EDGE('',*,*,#9798,.T.);
#9801=ORIENTED_EDGE('',*,*,#9800,.F.);
#9803=ORIENTED_EDGE('',*,*,#9802,.F.);
#9804=ORIENTED_EDGE('',*,*,#9779,.F.);
#9805=EDGE_LOOP('',(#9792,#9793,#9795,#9797,#9799,#9801,#9803,#9804));
#9806=FACE_OUTER_BOUND('',#9805,.F.);
#9807=ADVANCED_FACE('',(#9806),#9791,.T.);
#9808=CARTESIAN_POINT('',(9.75E0,-6.72E0,-1.788E1));
#9809=DIRECTION('',(-1.E0,0.E0,0.E0));
#9810=DIRECTION('',(0.E0,-1.E0,0.E0));
#9811=AXIS2_PLACEMENT_3D('',#9808,#9809,#9810);
#9812=CYLINDRICAL_SURFACE('',#9811,1.64E0);
#9813=ORIENTED_EDGE('',*,*,#9744,.F.);
#9814=ORIENTED_EDGE('',*,*,#9767,.T.);
#9816=ORIENTED_EDGE('',*,*,#9815,.T.);
#9817=ORIENTED_EDGE('',*,*,#9794,.F.);
#9818=EDGE_LOOP('',(#9813,#9814,#9816,#9817));
#9819=FACE_OUTER_BOUND('',#9818,.F.);
#9820=ADVANCED_FACE('',(#9819),#9812,.T.);
#9821=CARTESIAN_POINT('',(8.43E0,-6.72E0,-1.952E1));
#9822=DIRECTION('',(0.E0,0.E0,-1.E0));
#9823=DIRECTION('',(1.E0,0.E0,0.E0));
#9824=AXIS2_PLACEMENT_3D('',#9821,#9822,#9823);
#9825=PLANE('',#9824);
#9826=ORIENTED_EDGE('',*,*,#9815,.F.);
#9827=ORIENTED_EDGE('',*,*,#9765,.T.);
#9829=ORIENTED_EDGE('',*,*,#9828,.T.);
#9830=ORIENTED_EDGE('',*,*,#9796,.F.);
#9831=EDGE_LOOP('',(#9826,#9827,#9829,#9830));
#9832=FACE_OUTER_BOUND('',#9831,.F.);
#9833=ADVANCED_FACE('',(#9832),#9825,.T.);
#9834=CARTESIAN_POINT('',(8.75E0,-1.215E1,-1.92E1));
#9835=DIRECTION('',(0.E0,-1.E0,0.E0));
#9836=DIRECTION('',(0.E0,0.E0,-1.E0));
#9837=AXIS2_PLACEMENT_3D('',#9834,#9835,#9836);
#9838=PLANE('',#9837);
#9839=ORIENTED_EDGE('',*,*,#9828,.F.);
#9840=ORIENTED_EDGE('',*,*,#9763,.F.);
#9842=ORIENTED_EDGE('',*,*,#9841,.F.);
#9843=ORIENTED_EDGE('',*,*,#9798,.F.);
#9844=EDGE_LOOP('',(#9839,#9840,#9842,#9843));
#9845=FACE_OUTER_BOUND('',#9844,.F.);
#9846=ADVANCED_FACE('',(#9845),#9838,.T.);
#9847=CARTESIAN_POINT('',(9.07E0,-6.72E0,-1.888E1));
#9848=DIRECTION('',(0.E0,0.E0,1.E0));
#9849=DIRECTION('',(-1.E0,0.E0,0.E0));
#9850=AXIS2_PLACEMENT_3D('',#9847,#9848,#9849);
#9851=PLANE('',#9850);
#9853=ORIENTED_EDGE('',*,*,#9852,.F.);
#9854=ORIENTED_EDGE('',*,*,#9800,.T.);
#9855=ORIENTED_EDGE('',*,*,#9841,.T.);
#9856=ORIENTED_EDGE('',*,*,#9761,.F.);
#9857=EDGE_LOOP('',(#9853,#9854,#9855,#9856));
#9858=FACE_OUTER_BOUND('',#9857,.F.);
#9859=ADVANCED_FACE('',(#9858),#9851,.T.);
#9860=CARTESIAN_POINT('',(9.75E0,-6.72E0,-1.788E1));
#9861=DIRECTION('',(-1.E0,0.E0,0.E0));
#9862=DIRECTION('',(0.E0,-1.E0,0.E0));
#9863=AXIS2_PLACEMENT_3D('',#9860,#9861,#9862);
#9864=CYLINDRICAL_SURFACE('',#9863,1.E0);
#9865=ORIENTED_EDGE('',*,*,#9781,.F.);
#9866=ORIENTED_EDGE('',*,*,#9802,.T.);
#9867=ORIENTED_EDGE('',*,*,#9852,.T.);
#9868=ORIENTED_EDGE('',*,*,#9759,.F.);
#9869=EDGE_LOOP('',(#9865,#9866,#9867,#9868));
#9870=FACE_OUTER_BOUND('',#9869,.F.);
#9871=ADVANCED_FACE('',(#9870),#9864,.F.);
#9872=CARTESIAN_POINT('',(5.93E0,-5.08E0,-1.77E1));
#9873=DIRECTION('',(0.E0,1.E0,0.E0));
#9874=DIRECTION('',(1.E0,0.E0,0.E0));
#9875=AXIS2_PLACEMENT_3D('',#9872,#9873,#9874);
#9876=PLANE('',#9875);
#9877=ORIENTED_EDGE('',*,*,#8573,.F.);
#9879=ORIENTED_EDGE('',*,*,#9878,.T.);
#9881=ORIENTED_EDGE('',*,*,#9880,.T.);
#9883=ORIENTED_EDGE('',*,*,#9882,.F.);
#9884=EDGE_LOOP('',(#9877,#9879,#9881,#9883));
#9885=FACE_OUTER_BOUND('',#9884,.F.);
#9886=ADVANCED_FACE('',(#9885),#9876,.T.);
#9887=CARTESIAN_POINT('',(5.93E0,-5.72E0,-1.77E1));
#9888=DIRECTION('',(-1.E0,0.E0,0.E0));
#9889=DIRECTION('',(0.E0,1.E0,0.E0));
#9890=AXIS2_PLACEMENT_3D('',#9887,#9888,#9889);
#9891=PLANE('',#9890);
#9892=ORIENTED_EDGE('',*,*,#8579,.F.);
#9894=ORIENTED_EDGE('',*,*,#9893,.T.);
#9896=ORIENTED_EDGE('',*,*,#9895,.T.);
#9898=ORIENTED_EDGE('',*,*,#9897,.T.);
#9900=ORIENTED_EDGE('',*,*,#9899,.T.);
#9902=ORIENTED_EDGE('',*,*,#9901,.F.);
#9904=ORIENTED_EDGE('',*,*,#9903,.F.);
#9905=ORIENTED_EDGE('',*,*,#9878,.F.);
#9906=EDGE_LOOP('',(#9892,#9894,#9896,#9898,#9900,#9902,#9904,#9905));
#9907=FACE_OUTER_BOUND('',#9906,.F.);
#9908=ADVANCED_FACE('',(#9907),#9891,.T.);
#9909=CARTESIAN_POINT('',(6.57E0,-5.72E0,-1.77E1));
#9910=DIRECTION('',(0.E0,-1.E0,0.E0));
#9911=DIRECTION('',(-1.E0,0.E0,0.E0));
#9912=AXIS2_PLACEMENT_3D('',#9909,#9910,#9911);
#9913=PLANE('',#9912);
#9914=ORIENTED_EDGE('',*,*,#8577,.F.);
#9916=ORIENTED_EDGE('',*,*,#9915,.T.);
#9918=ORIENTED_EDGE('',*,*,#9917,.T.);
#9919=ORIENTED_EDGE('',*,*,#9893,.F.);
#9920=EDGE_LOOP('',(#9914,#9916,#9918,#9919));
#9921=FACE_OUTER_BOUND('',#9920,.F.);
#9922=ADVANCED_FACE('',(#9921),#9913,.T.);
#9923=CARTESIAN_POINT('',(6.57E0,-5.08E0,-1.77E1));
#9924=DIRECTION('',(1.E0,0.E0,0.E0));
#9925=DIRECTION('',(0.E0,-1.E0,0.E0));
#9926=AXIS2_PLACEMENT_3D('',#9923,#9924,#9925);
#9927=PLANE('',#9926);
#9928=ORIENTED_EDGE('',*,*,#8575,.T.);
#9929=ORIENTED_EDGE('',*,*,#9882,.T.);
#9931=ORIENTED_EDGE('',*,*,#9930,.T.);
#9933=ORIENTED_EDGE('',*,*,#9932,.T.);
#9935=ORIENTED_EDGE('',*,*,#9934,.T.);
#9937=ORIENTED_EDGE('',*,*,#9936,.F.);
#9939=ORIENTED_EDGE('',*,*,#9938,.F.);
#9940=ORIENTED_EDGE('',*,*,#9915,.F.);
#9941=EDGE_LOOP('',(#9928,#9929,#9931,#9933,#9935,#9937,#9939,#9940));
#9942=FACE_OUTER_BOUND('',#9941,.F.);
#9943=ADVANCED_FACE('',(#9942),#9927,.T.);
#9944=CARTESIAN_POINT('',(7.25E0,-6.72E0,-1.788E1));
#9945=DIRECTION('',(-1.E0,0.E0,0.E0));
#9946=DIRECTION('',(0.E0,-1.E0,0.E0));
#9947=AXIS2_PLACEMENT_3D('',#9944,#9945,#9946);
#9948=CYLINDRICAL_SURFACE('',#9947,1.64E0);
#9949=ORIENTED_EDGE('',*,*,#9880,.F.);
#9950=ORIENTED_EDGE('',*,*,#9903,.T.);
#9952=ORIENTED_EDGE('',*,*,#9951,.T.);
#9953=ORIENTED_EDGE('',*,*,#9930,.F.);
#9954=EDGE_LOOP('',(#9949,#9950,#9952,#9953));
#9955=FACE_OUTER_BOUND('',#9954,.F.);
#9956=ADVANCED_FACE('',(#9955),#9948,.T.);
#9957=CARTESIAN_POINT('',(5.93E0,-6.72E0,-1.952E1));
#9958=DIRECTION('',(0.E0,0.E0,-1.E0));
#9959=DIRECTION('',(1.E0,0.E0,0.E0));
#9960=AXIS2_PLACEMENT_3D('',#9957,#9958,#9959);
#9961=PLANE('',#9960);
#9962=ORIENTED_EDGE('',*,*,#9951,.F.);
#9963=ORIENTED_EDGE('',*,*,#9901,.T.);
#9965=ORIENTED_EDGE('',*,*,#9964,.T.);
#9966=ORIENTED_EDGE('',*,*,#9932,.F.);
#9967=EDGE_LOOP('',(#9962,#9963,#9965,#9966));
#9968=FACE_OUTER_BOUND('',#9967,.F.);
#9969=ADVANCED_FACE('',(#9968),#9961,.T.);
#9970=CARTESIAN_POINT('',(6.25E0,-1.215E1,-1.92E1));
#9971=DIRECTION('',(0.E0,-1.E0,0.E0));
#9972=DIRECTION('',(0.E0,0.E0,-1.E0));
#9973=AXIS2_PLACEMENT_3D('',#9970,#9971,#9972);
#9974=PLANE('',#9973);
#9975=ORIENTED_EDGE('',*,*,#9964,.F.);
#9976=ORIENTED_EDGE('',*,*,#9899,.F.);
#9978=ORIENTED_EDGE('',*,*,#9977,.F.);
#9979=ORIENTED_EDGE('',*,*,#9934,.F.);
#9980=EDGE_LOOP('',(#9975,#9976,#9978,#9979));
#9981=FACE_OUTER_BOUND('',#9980,.F.);
#9982=ADVANCED_FACE('',(#9981),#9974,.T.);
#9983=CARTESIAN_POINT('',(6.57E0,-6.72E0,-1.888E1));
#9984=DIRECTION('',(0.E0,0.E0,1.E0));
#9985=DIRECTION('',(-1.E0,0.E0,0.E0));
#9986=AXIS2_PLACEMENT_3D('',#9983,#9984,#9985);
#9987=PLANE('',#9986);
#9989=ORIENTED_EDGE('',*,*,#9988,.F.);
#9990=ORIENTED_EDGE('',*,*,#9936,.T.);
#9991=ORIENTED_EDGE('',*,*,#9977,.T.);
#9992=ORIENTED_EDGE('',*,*,#9897,.F.);
#9993=EDGE_LOOP('',(#9989,#9990,#9991,#9992));
#9994=FACE_OUTER_BOUND('',#9993,.F.);
#9995=ADVANCED_FACE('',(#9994),#9987,.T.);
#9996=CARTESIAN_POINT('',(7.25E0,-6.72E0,-1.788E1));
#9997=DIRECTION('',(-1.E0,0.E0,0.E0));
#9998=DIRECTION('',(0.E0,-1.E0,0.E0));
#9999=AXIS2_PLACEMENT_3D('',#9996,#9997,#9998);
#10000=CYLINDRICAL_SURFACE('',#9999,1.E0);
#10001=ORIENTED_EDGE('',*,*,#9917,.F.);
#10002=ORIENTED_EDGE('',*,*,#9938,.T.);
#10003=ORIENTED_EDGE('',*,*,#9988,.T.);
#10004=ORIENTED_EDGE('',*,*,#9895,.F.);
#10005=EDGE_LOOP('',(#10001,#10002,#10003,#10004));
#10006=FACE_OUTER_BOUND('',#10005,.F.);
#10007=ADVANCED_FACE('',(#10006),#10000,.F.);
#10008=CARTESIAN_POINT('',(3.43E0,-5.08E0,-1.77E1));
#10009=DIRECTION('',(0.E0,1.E0,0.E0));
#10010=DIRECTION('',(1.E0,0.E0,0.E0));
#10011=AXIS2_PLACEMENT_3D('',#10008,#10009,#10010);
#10012=PLANE('',#10011);
#10013=ORIENTED_EDGE('',*,*,#8583,.F.);
#10015=ORIENTED_EDGE('',*,*,#10014,.T.);
#10017=ORIENTED_EDGE('',*,*,#10016,.T.);
#10019=ORIENTED_EDGE('',*,*,#10018,.F.);
#10020=EDGE_LOOP('',(#10013,#10015,#10017,#10019));
#10021=FACE_OUTER_BOUND('',#10020,.F.);
#10022=ADVANCED_FACE('',(#10021),#10012,.T.);
#10023=CARTESIAN_POINT('',(3.43E0,-5.72E0,-1.77E1));
#10024=DIRECTION('',(-1.E0,0.E0,0.E0));
#10025=DIRECTION('',(0.E0,1.E0,0.E0));
#10026=AXIS2_PLACEMENT_3D('',#10023,#10024,#10025);
#10027=PLANE('',#10026);
#10028=ORIENTED_EDGE('',*,*,#8589,.F.);
#10030=ORIENTED_EDGE('',*,*,#10029,.T.);
#10032=ORIENTED_EDGE('',*,*,#10031,.T.);
#10034=ORIENTED_EDGE('',*,*,#10033,.T.);
#10036=ORIENTED_EDGE('',*,*,#10035,.T.);
#10038=ORIENTED_EDGE('',*,*,#10037,.F.);
#10040=ORIENTED_EDGE('',*,*,#10039,.F.);
#10041=ORIENTED_EDGE('',*,*,#10014,.F.);
#10042=EDGE_LOOP('',(#10028,#10030,#10032,#10034,#10036,#10038,#10040,#10041));
#10043=FACE_OUTER_BOUND('',#10042,.F.);
#10044=ADVANCED_FACE('',(#10043),#10027,.T.);
#10045=CARTESIAN_POINT('',(4.07E0,-5.72E0,-1.77E1));
#10046=DIRECTION('',(0.E0,-1.E0,0.E0));
#10047=DIRECTION('',(-1.E0,0.E0,0.E0));
#10048=AXIS2_PLACEMENT_3D('',#10045,#10046,#10047);
#10049=PLANE('',#10048);
#10050=ORIENTED_EDGE('',*,*,#8587,.F.);
#10052=ORIENTED_EDGE('',*,*,#10051,.T.);
#10054=ORIENTED_EDGE('',*,*,#10053,.T.);
#10055=ORIENTED_EDGE('',*,*,#10029,.F.);
#10056=EDGE_LOOP('',(#10050,#10052,#10054,#10055));
#10057=FACE_OUTER_BOUND('',#10056,.F.);
#10058=ADVANCED_FACE('',(#10057),#10049,.T.);
#10059=CARTESIAN_POINT('',(4.07E0,-5.08E0,-1.77E1));
#10060=DIRECTION('',(1.E0,0.E0,0.E0));
#10061=DIRECTION('',(0.E0,-1.E0,0.E0));
#10062=AXIS2_PLACEMENT_3D('',#10059,#10060,#10061);
#10063=PLANE('',#10062);
#10064=ORIENTED_EDGE('',*,*,#8585,.T.);
#10065=ORIENTED_EDGE('',*,*,#10018,.T.);
#10067=ORIENTED_EDGE('',*,*,#10066,.T.);
#10069=ORIENTED_EDGE('',*,*,#10068,.T.);
#10071=ORIENTED_EDGE('',*,*,#10070,.T.);
#10073=ORIENTED_EDGE('',*,*,#10072,.F.);
#10075=ORIENTED_EDGE('',*,*,#10074,.F.);
#10076=ORIENTED_EDGE('',*,*,#10051,.F.);
#10077=EDGE_LOOP('',(#10064,#10065,#10067,#10069,#10071,#10073,#10075,#10076));
#10078=FACE_OUTER_BOUND('',#10077,.F.);
#10079=ADVANCED_FACE('',(#10078),#10063,.T.);
#10080=CARTESIAN_POINT('',(4.75E0,-6.72E0,-1.788E1));
#10081=DIRECTION('',(-1.E0,0.E0,0.E0));
#10082=DIRECTION('',(0.E0,-1.E0,0.E0));
#10083=AXIS2_PLACEMENT_3D('',#10080,#10081,#10082);
#10084=CYLINDRICAL_SURFACE('',#10083,1.64E0);
#10085=ORIENTED_EDGE('',*,*,#10016,.F.);
#10086=ORIENTED_EDGE('',*,*,#10039,.T.);
#10088=ORIENTED_EDGE('',*,*,#10087,.T.);
#10089=ORIENTED_EDGE('',*,*,#10066,.F.);
#10090=EDGE_LOOP('',(#10085,#10086,#10088,#10089));
#10091=FACE_OUTER_BOUND('',#10090,.F.);
#10092=ADVANCED_FACE('',(#10091),#10084,.T.);
#10093=CARTESIAN_POINT('',(3.43E0,-6.72E0,-1.952E1));
#10094=DIRECTION('',(0.E0,0.E0,-1.E0));
#10095=DIRECTION('',(1.E0,0.E0,0.E0));
#10096=AXIS2_PLACEMENT_3D('',#10093,#10094,#10095);
#10097=PLANE('',#10096);
#10098=ORIENTED_EDGE('',*,*,#10087,.F.);
#10099=ORIENTED_EDGE('',*,*,#10037,.T.);
#10101=ORIENTED_EDGE('',*,*,#10100,.T.);
#10102=ORIENTED_EDGE('',*,*,#10068,.F.);
#10103=EDGE_LOOP('',(#10098,#10099,#10101,#10102));
#10104=FACE_OUTER_BOUND('',#10103,.F.);
#10105=ADVANCED_FACE('',(#10104),#10097,.T.);
#10106=CARTESIAN_POINT('',(3.75E0,-1.215E1,-1.92E1));
#10107=DIRECTION('',(0.E0,-1.E0,0.E0));
#10108=DIRECTION('',(0.E0,0.E0,-1.E0));
#10109=AXIS2_PLACEMENT_3D('',#10106,#10107,#10108);
#10110=PLANE('',#10109);
#10111=ORIENTED_EDGE('',*,*,#10100,.F.);
#10112=ORIENTED_EDGE('',*,*,#10035,.F.);
#10114=ORIENTED_EDGE('',*,*,#10113,.F.);
#10115=ORIENTED_EDGE('',*,*,#10070,.F.);
#10116=EDGE_LOOP('',(#10111,#10112,#10114,#10115));
#10117=FACE_OUTER_BOUND('',#10116,.F.);
#10118=ADVANCED_FACE('',(#10117),#10110,.T.);
#10119=CARTESIAN_POINT('',(4.07E0,-6.72E0,-1.888E1));
#10120=DIRECTION('',(0.E0,0.E0,1.E0));
#10121=DIRECTION('',(-1.E0,0.E0,0.E0));
#10122=AXIS2_PLACEMENT_3D('',#10119,#10120,#10121);
#10123=PLANE('',#10122);
#10125=ORIENTED_EDGE('',*,*,#10124,.F.);
#10126=ORIENTED_EDGE('',*,*,#10072,.T.);
#10127=ORIENTED_EDGE('',*,*,#10113,.T.);
#10128=ORIENTED_EDGE('',*,*,#10033,.F.);
#10129=EDGE_LOOP('',(#10125,#10126,#10127,#10128));
#10130=FACE_OUTER_BOUND('',#10129,.F.);
#10131=ADVANCED_FACE('',(#10130),#10123,.T.);
#10132=CARTESIAN_POINT('',(4.75E0,-6.72E0,-1.788E1));
#10133=DIRECTION('',(-1.E0,0.E0,0.E0));
#10134=DIRECTION('',(0.E0,-1.E0,0.E0));
#10135=AXIS2_PLACEMENT_3D('',#10132,#10133,#10134);
#10136=CYLINDRICAL_SURFACE('',#10135,1.E0);
#10137=ORIENTED_EDGE('',*,*,#10053,.F.);
#10138=ORIENTED_EDGE('',*,*,#10074,.T.);
#10139=ORIENTED_EDGE('',*,*,#10124,.T.);
#10140=ORIENTED_EDGE('',*,*,#10031,.F.);
#10141=EDGE_LOOP('',(#10137,#10138,#10139,#10140));
#10142=FACE_OUTER_BOUND('',#10141,.F.);
#10143=ADVANCED_FACE('',(#10142),#10136,.F.);
#10144=CARTESIAN_POINT('',(9.3E-1,-5.08E0,-1.77E1));
#10145=DIRECTION('',(0.E0,1.E0,0.E0));
#10146=DIRECTION('',(1.E0,0.E0,0.E0));
#10147=AXIS2_PLACEMENT_3D('',#10144,#10145,#10146);
#10148=PLANE('',#10147);
#10149=ORIENTED_EDGE('',*,*,#8593,.F.);
#10151=ORIENTED_EDGE('',*,*,#10150,.T.);
#10153=ORIENTED_EDGE('',*,*,#10152,.T.);
#10155=ORIENTED_EDGE('',*,*,#10154,.F.);
#10156=EDGE_LOOP('',(#10149,#10151,#10153,#10155));
#10157=FACE_OUTER_BOUND('',#10156,.F.);
#10158=ADVANCED_FACE('',(#10157),#10148,.T.);
#10159=CARTESIAN_POINT('',(9.3E-1,-5.72E0,-1.77E1));
#10160=DIRECTION('',(-1.E0,0.E0,0.E0));
#10161=DIRECTION('',(0.E0,1.E0,0.E0));
#10162=AXIS2_PLACEMENT_3D('',#10159,#10160,#10161);
#10163=PLANE('',#10162);
#10164=ORIENTED_EDGE('',*,*,#8599,.F.);
#10166=ORIENTED_EDGE('',*,*,#10165,.T.);
#10168=ORIENTED_EDGE('',*,*,#10167,.T.);
#10170=ORIENTED_EDGE('',*,*,#10169,.T.);
#10172=ORIENTED_EDGE('',*,*,#10171,.T.);
#10174=ORIENTED_EDGE('',*,*,#10173,.F.);
#10176=ORIENTED_EDGE('',*,*,#10175,.F.);
#10177=ORIENTED_EDGE('',*,*,#10150,.F.);
#10178=EDGE_LOOP('',(#10164,#10166,#10168,#10170,#10172,#10174,#10176,#10177));
#10179=FACE_OUTER_BOUND('',#10178,.F.);
#10180=ADVANCED_FACE('',(#10179),#10163,.T.);
#10181=CARTESIAN_POINT('',(1.57E0,-5.72E0,-1.77E1));
#10182=DIRECTION('',(0.E0,-1.E0,0.E0));
#10183=DIRECTION('',(-1.E0,0.E0,0.E0));
#10184=AXIS2_PLACEMENT_3D('',#10181,#10182,#10183);
#10185=PLANE('',#10184);
#10186=ORIENTED_EDGE('',*,*,#8597,.F.);
#10188=ORIENTED_EDGE('',*,*,#10187,.T.);
#10190=ORIENTED_EDGE('',*,*,#10189,.T.);
#10191=ORIENTED_EDGE('',*,*,#10165,.F.);
#10192=EDGE_LOOP('',(#10186,#10188,#10190,#10191));
#10193=FACE_OUTER_BOUND('',#10192,.F.);
#10194=ADVANCED_FACE('',(#10193),#10185,.T.);
#10195=CARTESIAN_POINT('',(1.57E0,-5.08E0,-1.77E1));
#10196=DIRECTION('',(1.E0,0.E0,0.E0));
#10197=DIRECTION('',(0.E0,-1.E0,0.E0));
#10198=AXIS2_PLACEMENT_3D('',#10195,#10196,#10197);
#10199=PLANE('',#10198);
#10200=ORIENTED_EDGE('',*,*,#8595,.T.);
#10201=ORIENTED_EDGE('',*,*,#10154,.T.);
#10203=ORIENTED_EDGE('',*,*,#10202,.T.);
#10205=ORIENTED_EDGE('',*,*,#10204,.T.);
#10207=ORIENTED_EDGE('',*,*,#10206,.T.);
#10209=ORIENTED_EDGE('',*,*,#10208,.F.);
#10211=ORIENTED_EDGE('',*,*,#10210,.F.);
#10212=ORIENTED_EDGE('',*,*,#10187,.F.);
#10213=EDGE_LOOP('',(#10200,#10201,#10203,#10205,#10207,#10209,#10211,#10212));
#10214=FACE_OUTER_BOUND('',#10213,.F.);
#10215=ADVANCED_FACE('',(#10214),#10199,.T.);
#10216=CARTESIAN_POINT('',(2.25E0,-6.72E0,-1.788E1));
#10217=DIRECTION('',(-1.E0,0.E0,0.E0));
#10218=DIRECTION('',(0.E0,-1.E0,0.E0));
#10219=AXIS2_PLACEMENT_3D('',#10216,#10217,#10218);
#10220=CYLINDRICAL_SURFACE('',#10219,1.64E0);
#10221=ORIENTED_EDGE('',*,*,#10152,.F.);
#10222=ORIENTED_EDGE('',*,*,#10175,.T.);
#10224=ORIENTED_EDGE('',*,*,#10223,.T.);
#10225=ORIENTED_EDGE('',*,*,#10202,.F.);
#10226=EDGE_LOOP('',(#10221,#10222,#10224,#10225));
#10227=FACE_OUTER_BOUND('',#10226,.F.);
#10228=ADVANCED_FACE('',(#10227),#10220,.T.);
#10229=CARTESIAN_POINT('',(9.3E-1,-6.72E0,-1.952E1));
#10230=DIRECTION('',(0.E0,0.E0,-1.E0));
#10231=DIRECTION('',(1.E0,0.E0,0.E0));
#10232=AXIS2_PLACEMENT_3D('',#10229,#10230,#10231);
#10233=PLANE('',#10232);
#10234=ORIENTED_EDGE('',*,*,#10223,.F.);
#10235=ORIENTED_EDGE('',*,*,#10173,.T.);
#10237=ORIENTED_EDGE('',*,*,#10236,.T.);
#10238=ORIENTED_EDGE('',*,*,#10204,.F.);
#10239=EDGE_LOOP('',(#10234,#10235,#10237,#10238));
#10240=FACE_OUTER_BOUND('',#10239,.F.);
#10241=ADVANCED_FACE('',(#10240),#10233,.T.);
#10242=CARTESIAN_POINT('',(1.25E0,-1.215E1,-1.92E1));
#10243=DIRECTION('',(0.E0,-1.E0,0.E0));
#10244=DIRECTION('',(0.E0,0.E0,-1.E0));
#10245=AXIS2_PLACEMENT_3D('',#10242,#10243,#10244);
#10246=PLANE('',#10245);
#10247=ORIENTED_EDGE('',*,*,#10236,.F.);
#10248=ORIENTED_EDGE('',*,*,#10171,.F.);
#10250=ORIENTED_EDGE('',*,*,#10249,.F.);
#10251=ORIENTED_EDGE('',*,*,#10206,.F.);
#10252=EDGE_LOOP('',(#10247,#10248,#10250,#10251));
#10253=FACE_OUTER_BOUND('',#10252,.F.);
#10254=ADVANCED_FACE('',(#10253),#10246,.T.);
#10255=CARTESIAN_POINT('',(1.57E0,-6.72E0,-1.888E1));
#10256=DIRECTION('',(0.E0,0.E0,1.E0));
#10257=DIRECTION('',(-1.E0,0.E0,0.E0));
#10258=AXIS2_PLACEMENT_3D('',#10255,#10256,#10257);
#10259=PLANE('',#10258);
#10261=ORIENTED_EDGE('',*,*,#10260,.F.);
#10262=ORIENTED_EDGE('',*,*,#10208,.T.);
#10263=ORIENTED_EDGE('',*,*,#10249,.T.);
#10264=ORIENTED_EDGE('',*,*,#10169,.F.);
#10265=EDGE_LOOP('',(#10261,#10262,#10263,#10264));
#10266=FACE_OUTER_BOUND('',#10265,.F.);
#10267=ADVANCED_FACE('',(#10266),#10259,.T.);
#10268=CARTESIAN_POINT('',(2.25E0,-6.72E0,-1.788E1));
#10269=DIRECTION('',(-1.E0,0.E0,0.E0));
#10270=DIRECTION('',(0.E0,-1.E0,0.E0));
#10271=AXIS2_PLACEMENT_3D('',#10268,#10269,#10270);
#10272=CYLINDRICAL_SURFACE('',#10271,1.E0);
#10273=ORIENTED_EDGE('',*,*,#10189,.F.);
#10274=ORIENTED_EDGE('',*,*,#10210,.T.);
#10275=ORIENTED_EDGE('',*,*,#10260,.T.);
#10276=ORIENTED_EDGE('',*,*,#10167,.F.);
#10277=EDGE_LOOP('',(#10273,#10274,#10275,#10276));
#10278=FACE_OUTER_BOUND('',#10277,.F.);
#10279=ADVANCED_FACE('',(#10278),#10272,.F.);
#10280=CARTESIAN_POINT('',(-1.57E0,-5.08E0,-1.77E1));
#10281=DIRECTION('',(0.E0,1.E0,0.E0));
#10282=DIRECTION('',(1.E0,0.E0,0.E0));
#10283=AXIS2_PLACEMENT_3D('',#10280,#10281,#10282);
#10284=PLANE('',#10283);
#10285=ORIENTED_EDGE('',*,*,#8603,.F.);
#10287=ORIENTED_EDGE('',*,*,#10286,.T.);
#10289=ORIENTED_EDGE('',*,*,#10288,.T.);
#10291=ORIENTED_EDGE('',*,*,#10290,.F.);
#10292=EDGE_LOOP('',(#10285,#10287,#10289,#10291));
#10293=FACE_OUTER_BOUND('',#10292,.F.);
#10294=ADVANCED_FACE('',(#10293),#10284,.T.);
#10295=CARTESIAN_POINT('',(-1.57E0,-5.72E0,-1.77E1));
#10296=DIRECTION('',(-1.E0,0.E0,0.E0));
#10297=DIRECTION('',(0.E0,1.E0,0.E0));
#10298=AXIS2_PLACEMENT_3D('',#10295,#10296,#10297);
#10299=PLANE('',#10298);
#10300=ORIENTED_EDGE('',*,*,#8609,.F.);
#10302=ORIENTED_EDGE('',*,*,#10301,.T.);
#10304=ORIENTED_EDGE('',*,*,#10303,.T.);
#10306=ORIENTED_EDGE('',*,*,#10305,.T.);
#10308=ORIENTED_EDGE('',*,*,#10307,.T.);
#10310=ORIENTED_EDGE('',*,*,#10309,.F.);
#10312=ORIENTED_EDGE('',*,*,#10311,.F.);
#10313=ORIENTED_EDGE('',*,*,#10286,.F.);
#10314=EDGE_LOOP('',(#10300,#10302,#10304,#10306,#10308,#10310,#10312,#10313));
#10315=FACE_OUTER_BOUND('',#10314,.F.);
#10316=ADVANCED_FACE('',(#10315),#10299,.T.);
#10317=CARTESIAN_POINT('',(-9.3E-1,-5.72E0,-1.77E1));
#10318=DIRECTION('',(0.E0,-1.E0,0.E0));
#10319=DIRECTION('',(-1.E0,0.E0,0.E0));
#10320=AXIS2_PLACEMENT_3D('',#10317,#10318,#10319);
#10321=PLANE('',#10320);
#10322=ORIENTED_EDGE('',*,*,#8607,.F.);
#10324=ORIENTED_EDGE('',*,*,#10323,.T.);
#10326=ORIENTED_EDGE('',*,*,#10325,.T.);
#10327=ORIENTED_EDGE('',*,*,#10301,.F.);
#10328=EDGE_LOOP('',(#10322,#10324,#10326,#10327));
#10329=FACE_OUTER_BOUND('',#10328,.F.);
#10330=ADVANCED_FACE('',(#10329),#10321,.T.);
#10331=CARTESIAN_POINT('',(-9.3E-1,-5.08E0,-1.77E1));
#10332=DIRECTION('',(1.E0,0.E0,0.E0));
#10333=DIRECTION('',(0.E0,-1.E0,0.E0));
#10334=AXIS2_PLACEMENT_3D('',#10331,#10332,#10333);
#10335=PLANE('',#10334);
#10336=ORIENTED_EDGE('',*,*,#8605,.T.);
#10337=ORIENTED_EDGE('',*,*,#10290,.T.);
#10339=ORIENTED_EDGE('',*,*,#10338,.T.);
#10341=ORIENTED_EDGE('',*,*,#10340,.T.);
#10343=ORIENTED_EDGE('',*,*,#10342,.T.);
#10345=ORIENTED_EDGE('',*,*,#10344,.F.);
#10347=ORIENTED_EDGE('',*,*,#10346,.F.);
#10348=ORIENTED_EDGE('',*,*,#10323,.F.);
#10349=EDGE_LOOP('',(#10336,#10337,#10339,#10341,#10343,#10345,#10347,#10348));
#10350=FACE_OUTER_BOUND('',#10349,.F.);
#10351=ADVANCED_FACE('',(#10350),#10335,.T.);
#10352=CARTESIAN_POINT('',(-2.5E-1,-6.72E0,-1.788E1));
#10353=DIRECTION('',(-1.E0,0.E0,0.E0));
#10354=DIRECTION('',(0.E0,-1.E0,0.E0));
#10355=AXIS2_PLACEMENT_3D('',#10352,#10353,#10354);
#10356=CYLINDRICAL_SURFACE('',#10355,1.64E0);
#10357=ORIENTED_EDGE('',*,*,#10288,.F.);
#10358=ORIENTED_EDGE('',*,*,#10311,.T.);
#10360=ORIENTED_EDGE('',*,*,#10359,.T.);
#10361=ORIENTED_EDGE('',*,*,#10338,.F.);
#10362=EDGE_LOOP('',(#10357,#10358,#10360,#10361));
#10363=FACE_OUTER_BOUND('',#10362,.F.);
#10364=ADVANCED_FACE('',(#10363),#10356,.T.);
#10365=CARTESIAN_POINT('',(-1.57E0,-6.72E0,-1.952E1));
#10366=DIRECTION('',(0.E0,0.E0,-1.E0));
#10367=DIRECTION('',(1.E0,0.E0,0.E0));
#10368=AXIS2_PLACEMENT_3D('',#10365,#10366,#10367);
#10369=PLANE('',#10368);
#10370=ORIENTED_EDGE('',*,*,#10359,.F.);
#10371=ORIENTED_EDGE('',*,*,#10309,.T.);
#10373=ORIENTED_EDGE('',*,*,#10372,.T.);
#10374=ORIENTED_EDGE('',*,*,#10340,.F.);
#10375=EDGE_LOOP('',(#10370,#10371,#10373,#10374));
#10376=FACE_OUTER_BOUND('',#10375,.F.);
#10377=ADVANCED_FACE('',(#10376),#10369,.T.);
#10378=CARTESIAN_POINT('',(-1.25E0,-1.215E1,-1.92E1));
#10379=DIRECTION('',(0.E0,-1.E0,0.E0));
#10380=DIRECTION('',(0.E0,0.E0,-1.E0));
#10381=AXIS2_PLACEMENT_3D('',#10378,#10379,#10380);
#10382=PLANE('',#10381);
#10383=ORIENTED_EDGE('',*,*,#10372,.F.);
#10384=ORIENTED_EDGE('',*,*,#10307,.F.);
#10386=ORIENTED_EDGE('',*,*,#10385,.F.);
#10387=ORIENTED_EDGE('',*,*,#10342,.F.);
#10388=EDGE_LOOP('',(#10383,#10384,#10386,#10387));
#10389=FACE_OUTER_BOUND('',#10388,.F.);
#10390=ADVANCED_FACE('',(#10389),#10382,.T.);
#10391=CARTESIAN_POINT('',(-9.3E-1,-6.72E0,-1.888E1));
#10392=DIRECTION('',(0.E0,0.E0,1.E0));
#10393=DIRECTION('',(-1.E0,0.E0,0.E0));
#10394=AXIS2_PLACEMENT_3D('',#10391,#10392,#10393);
#10395=PLANE('',#10394);
#10397=ORIENTED_EDGE('',*,*,#10396,.F.);
#10398=ORIENTED_EDGE('',*,*,#10344,.T.);
#10399=ORIENTED_EDGE('',*,*,#10385,.T.);
#10400=ORIENTED_EDGE('',*,*,#10305,.F.);
#10401=EDGE_LOOP('',(#10397,#10398,#10399,#10400));
#10402=FACE_OUTER_BOUND('',#10401,.F.);
#10403=ADVANCED_FACE('',(#10402),#10395,.T.);
#10404=CARTESIAN_POINT('',(-2.5E-1,-6.72E0,-1.788E1));
#10405=DIRECTION('',(-1.E0,0.E0,0.E0));
#10406=DIRECTION('',(0.E0,-1.E0,0.E0));
#10407=AXIS2_PLACEMENT_3D('',#10404,#10405,#10406);
#10408=CYLINDRICAL_SURFACE('',#10407,1.E0);
#10409=ORIENTED_EDGE('',*,*,#10325,.F.);
#10410=ORIENTED_EDGE('',*,*,#10346,.T.);
#10411=ORIENTED_EDGE('',*,*,#10396,.T.);
#10412=ORIENTED_EDGE('',*,*,#10303,.F.);
#10413=EDGE_LOOP('',(#10409,#10410,#10411,#10412));
#10414=FACE_OUTER_BOUND('',#10413,.F.);
#10415=ADVANCED_FACE('',(#10414),#10408,.F.);
#10416=CARTESIAN_POINT('',(-4.07E0,-5.08E0,-1.77E1));
#10417=DIRECTION('',(0.E0,1.E0,0.E0));
#10418=DIRECTION('',(1.E0,0.E0,0.E0));
#10419=AXIS2_PLACEMENT_3D('',#10416,#10417,#10418);
#10420=PLANE('',#10419);
#10421=ORIENTED_EDGE('',*,*,#8613,.F.);
#10423=ORIENTED_EDGE('',*,*,#10422,.T.);
#10425=ORIENTED_EDGE('',*,*,#10424,.T.);
#10427=ORIENTED_EDGE('',*,*,#10426,.F.);
#10428=EDGE_LOOP('',(#10421,#10423,#10425,#10427));
#10429=FACE_OUTER_BOUND('',#10428,.F.);
#10430=ADVANCED_FACE('',(#10429),#10420,.T.);
#10431=CARTESIAN_POINT('',(-4.07E0,-5.72E0,-1.77E1));
#10432=DIRECTION('',(-1.E0,0.E0,0.E0));
#10433=DIRECTION('',(0.E0,1.E0,0.E0));
#10434=AXIS2_PLACEMENT_3D('',#10431,#10432,#10433);
#10435=PLANE('',#10434);
#10436=ORIENTED_EDGE('',*,*,#8619,.F.);
#10438=ORIENTED_EDGE('',*,*,#10437,.T.);
#10440=ORIENTED_EDGE('',*,*,#10439,.T.);
#10442=ORIENTED_EDGE('',*,*,#10441,.T.);
#10444=ORIENTED_EDGE('',*,*,#10443,.T.);
#10446=ORIENTED_EDGE('',*,*,#10445,.F.);
#10448=ORIENTED_EDGE('',*,*,#10447,.F.);
#10449=ORIENTED_EDGE('',*,*,#10422,.F.);
#10450=EDGE_LOOP('',(#10436,#10438,#10440,#10442,#10444,#10446,#10448,#10449));
#10451=FACE_OUTER_BOUND('',#10450,.F.);
#10452=ADVANCED_FACE('',(#10451),#10435,.T.);
#10453=CARTESIAN_POINT('',(-3.43E0,-5.72E0,-1.77E1));
#10454=DIRECTION('',(0.E0,-1.E0,0.E0));
#10455=DIRECTION('',(-1.E0,0.E0,0.E0));
#10456=AXIS2_PLACEMENT_3D('',#10453,#10454,#10455);
#10457=PLANE('',#10456);
#10458=ORIENTED_EDGE('',*,*,#8617,.F.);
#10460=ORIENTED_EDGE('',*,*,#10459,.T.);
#10462=ORIENTED_EDGE('',*,*,#10461,.T.);
#10463=ORIENTED_EDGE('',*,*,#10437,.F.);
#10464=EDGE_LOOP('',(#10458,#10460,#10462,#10463));
#10465=FACE_OUTER_BOUND('',#10464,.F.);
#10466=ADVANCED_FACE('',(#10465),#10457,.T.);
#10467=CARTESIAN_POINT('',(-3.43E0,-5.08E0,-1.77E1));
#10468=DIRECTION('',(1.E0,0.E0,0.E0));
#10469=DIRECTION('',(0.E0,-1.E0,0.E0));
#10470=AXIS2_PLACEMENT_3D('',#10467,#10468,#10469);
#10471=PLANE('',#10470);
#10472=ORIENTED_EDGE('',*,*,#8615,.T.);
#10473=ORIENTED_EDGE('',*,*,#10426,.T.);
#10475=ORIENTED_EDGE('',*,*,#10474,.T.);
#10477=ORIENTED_EDGE('',*,*,#10476,.T.);
#10479=ORIENTED_EDGE('',*,*,#10478,.T.);
#10481=ORIENTED_EDGE('',*,*,#10480,.F.);
#10483=ORIENTED_EDGE('',*,*,#10482,.F.);
#10484=ORIENTED_EDGE('',*,*,#10459,.F.);
#10485=EDGE_LOOP('',(#10472,#10473,#10475,#10477,#10479,#10481,#10483,#10484));
#10486=FACE_OUTER_BOUND('',#10485,.F.);
#10487=ADVANCED_FACE('',(#10486),#10471,.T.);
#10488=CARTESIAN_POINT('',(-2.75E0,-6.72E0,-1.788E1));
#10489=DIRECTION('',(-1.E0,0.E0,0.E0));
#10490=DIRECTION('',(0.E0,-1.E0,0.E0));
#10491=AXIS2_PLACEMENT_3D('',#10488,#10489,#10490);
#10492=CYLINDRICAL_SURFACE('',#10491,1.64E0);
#10493=ORIENTED_EDGE('',*,*,#10424,.F.);
#10494=ORIENTED_EDGE('',*,*,#10447,.T.);
#10496=ORIENTED_EDGE('',*,*,#10495,.T.);
#10497=ORIENTED_EDGE('',*,*,#10474,.F.);
#10498=EDGE_LOOP('',(#10493,#10494,#10496,#10497));
#10499=FACE_OUTER_BOUND('',#10498,.F.);
#10500=ADVANCED_FACE('',(#10499),#10492,.T.);
#10501=CARTESIAN_POINT('',(-4.07E0,-6.72E0,-1.952E1));
#10502=DIRECTION('',(0.E0,0.E0,-1.E0));
#10503=DIRECTION('',(1.E0,0.E0,0.E0));
#10504=AXIS2_PLACEMENT_3D('',#10501,#10502,#10503);
#10505=PLANE('',#10504);
#10506=ORIENTED_EDGE('',*,*,#10495,.F.);
#10507=ORIENTED_EDGE('',*,*,#10445,.T.);
#10509=ORIENTED_EDGE('',*,*,#10508,.T.);
#10510=ORIENTED_EDGE('',*,*,#10476,.F.);
#10511=EDGE_LOOP('',(#10506,#10507,#10509,#10510));
#10512=FACE_OUTER_BOUND('',#10511,.F.);
#10513=ADVANCED_FACE('',(#10512),#10505,.T.);
#10514=CARTESIAN_POINT('',(-3.75E0,-1.215E1,-1.92E1));
#10515=DIRECTION('',(0.E0,-1.E0,0.E0));
#10516=DIRECTION('',(0.E0,0.E0,-1.E0));
#10517=AXIS2_PLACEMENT_3D('',#10514,#10515,#10516);
#10518=PLANE('',#10517);
#10519=ORIENTED_EDGE('',*,*,#10508,.F.);
#10520=ORIENTED_EDGE('',*,*,#10443,.F.);
#10522=ORIENTED_EDGE('',*,*,#10521,.F.);
#10523=ORIENTED_EDGE('',*,*,#10478,.F.);
#10524=EDGE_LOOP('',(#10519,#10520,#10522,#10523));
#10525=FACE_OUTER_BOUND('',#10524,.F.);
#10526=ADVANCED_FACE('',(#10525),#10518,.T.);
#10527=CARTESIAN_POINT('',(-3.43E0,-6.72E0,-1.888E1));
#10528=DIRECTION('',(0.E0,0.E0,1.E0));
#10529=DIRECTION('',(-1.E0,0.E0,0.E0));
#10530=AXIS2_PLACEMENT_3D('',#10527,#10528,#10529);
#10531=PLANE('',#10530);
#10533=ORIENTED_EDGE('',*,*,#10532,.F.);
#10534=ORIENTED_EDGE('',*,*,#10480,.T.);
#10535=ORIENTED_EDGE('',*,*,#10521,.T.);
#10536=ORIENTED_EDGE('',*,*,#10441,.F.);
#10537=EDGE_LOOP('',(#10533,#10534,#10535,#10536));
#10538=FACE_OUTER_BOUND('',#10537,.F.);
#10539=ADVANCED_FACE('',(#10538),#10531,.T.);
#10540=CARTESIAN_POINT('',(-2.75E0,-6.72E0,-1.788E1));
#10541=DIRECTION('',(-1.E0,0.E0,0.E0));
#10542=DIRECTION('',(0.E0,-1.E0,0.E0));
#10543=AXIS2_PLACEMENT_3D('',#10540,#10541,#10542);
#10544=CYLINDRICAL_SURFACE('',#10543,1.E0);
#10545=ORIENTED_EDGE('',*,*,#10461,.F.);
#10546=ORIENTED_EDGE('',*,*,#10482,.T.);
#10547=ORIENTED_EDGE('',*,*,#10532,.T.);
#10548=ORIENTED_EDGE('',*,*,#10439,.F.);
#10549=EDGE_LOOP('',(#10545,#10546,#10547,#10548));
#10550=FACE_OUTER_BOUND('',#10549,.F.);
#10551=ADVANCED_FACE('',(#10550),#10544,.F.);
#10552=CARTESIAN_POINT('',(-6.57E0,-5.08E0,-1.77E1));
#10553=DIRECTION('',(0.E0,1.E0,0.E0));
#10554=DIRECTION('',(1.E0,0.E0,0.E0));
#10555=AXIS2_PLACEMENT_3D('',#10552,#10553,#10554);
#10556=PLANE('',#10555);
#10557=ORIENTED_EDGE('',*,*,#8623,.F.);
#10559=ORIENTED_EDGE('',*,*,#10558,.T.);
#10561=ORIENTED_EDGE('',*,*,#10560,.T.);
#10563=ORIENTED_EDGE('',*,*,#10562,.F.);
#10564=EDGE_LOOP('',(#10557,#10559,#10561,#10563));
#10565=FACE_OUTER_BOUND('',#10564,.F.);
#10566=ADVANCED_FACE('',(#10565),#10556,.T.);
#10567=CARTESIAN_POINT('',(-6.57E0,-5.72E0,-1.77E1));
#10568=DIRECTION('',(-1.E0,0.E0,0.E0));
#10569=DIRECTION('',(0.E0,1.E0,0.E0));
#10570=AXIS2_PLACEMENT_3D('',#10567,#10568,#10569);
#10571=PLANE('',#10570);
#10572=ORIENTED_EDGE('',*,*,#8629,.F.);
#10574=ORIENTED_EDGE('',*,*,#10573,.T.);
#10576=ORIENTED_EDGE('',*,*,#10575,.T.);
#10578=ORIENTED_EDGE('',*,*,#10577,.T.);
#10580=ORIENTED_EDGE('',*,*,#10579,.T.);
#10582=ORIENTED_EDGE('',*,*,#10581,.F.);
#10584=ORIENTED_EDGE('',*,*,#10583,.F.);
#10585=ORIENTED_EDGE('',*,*,#10558,.F.);
#10586=EDGE_LOOP('',(#10572,#10574,#10576,#10578,#10580,#10582,#10584,#10585));
#10587=FACE_OUTER_BOUND('',#10586,.F.);
#10588=ADVANCED_FACE('',(#10587),#10571,.T.);
#10589=CARTESIAN_POINT('',(-5.93E0,-5.72E0,-1.77E1));
#10590=DIRECTION('',(0.E0,-1.E0,0.E0));
#10591=DIRECTION('',(-1.E0,0.E0,0.E0));
#10592=AXIS2_PLACEMENT_3D('',#10589,#10590,#10591);
#10593=PLANE('',#10592);
#10594=ORIENTED_EDGE('',*,*,#8627,.F.);
#10596=ORIENTED_EDGE('',*,*,#10595,.T.);
#10598=ORIENTED_EDGE('',*,*,#10597,.T.);
#10599=ORIENTED_EDGE('',*,*,#10573,.F.);
#10600=EDGE_LOOP('',(#10594,#10596,#10598,#10599));
#10601=FACE_OUTER_BOUND('',#10600,.F.);
#10602=ADVANCED_FACE('',(#10601),#10593,.T.);
#10603=CARTESIAN_POINT('',(-5.93E0,-5.08E0,-1.77E1));
#10604=DIRECTION('',(1.E0,0.E0,0.E0));
#10605=DIRECTION('',(0.E0,-1.E0,0.E0));
#10606=AXIS2_PLACEMENT_3D('',#10603,#10604,#10605);
#10607=PLANE('',#10606);
#10608=ORIENTED_EDGE('',*,*,#8625,.T.);
#10609=ORIENTED_EDGE('',*,*,#10562,.T.);
#10611=ORIENTED_EDGE('',*,*,#10610,.T.);
#10613=ORIENTED_EDGE('',*,*,#10612,.T.);
#10615=ORIENTED_EDGE('',*,*,#10614,.T.);
#10617=ORIENTED_EDGE('',*,*,#10616,.F.);
#10619=ORIENTED_EDGE('',*,*,#10618,.F.);
#10620=ORIENTED_EDGE('',*,*,#10595,.F.);
#10621=EDGE_LOOP('',(#10608,#10609,#10611,#10613,#10615,#10617,#10619,#10620));
#10622=FACE_OUTER_BOUND('',#10621,.F.);
#10623=ADVANCED_FACE('',(#10622),#10607,.T.);
#10624=CARTESIAN_POINT('',(-5.25E0,-6.72E0,-1.788E1));
#10625=DIRECTION('',(-1.E0,0.E0,0.E0));
#10626=DIRECTION('',(0.E0,-1.E0,0.E0));
#10627=AXIS2_PLACEMENT_3D('',#10624,#10625,#10626);
#10628=CYLINDRICAL_SURFACE('',#10627,1.64E0);
#10629=ORIENTED_EDGE('',*,*,#10560,.F.);
#10630=ORIENTED_EDGE('',*,*,#10583,.T.);
#10632=ORIENTED_EDGE('',*,*,#10631,.T.);
#10633=ORIENTED_EDGE('',*,*,#10610,.F.);
#10634=EDGE_LOOP('',(#10629,#10630,#10632,#10633));
#10635=FACE_OUTER_BOUND('',#10634,.F.);
#10636=ADVANCED_FACE('',(#10635),#10628,.T.);
#10637=CARTESIAN_POINT('',(-6.57E0,-6.72E0,-1.952E1));
#10638=DIRECTION('',(0.E0,0.E0,-1.E0));
#10639=DIRECTION('',(1.E0,0.E0,0.E0));
#10640=AXIS2_PLACEMENT_3D('',#10637,#10638,#10639);
#10641=PLANE('',#10640);
#10642=ORIENTED_EDGE('',*,*,#10631,.F.);
#10643=ORIENTED_EDGE('',*,*,#10581,.T.);
#10645=ORIENTED_EDGE('',*,*,#10644,.T.);
#10646=ORIENTED_EDGE('',*,*,#10612,.F.);
#10647=EDGE_LOOP('',(#10642,#10643,#10645,#10646));
#10648=FACE_OUTER_BOUND('',#10647,.F.);
#10649=ADVANCED_FACE('',(#10648),#10641,.T.);
#10650=CARTESIAN_POINT('',(-6.25E0,-1.215E1,-1.92E1));
#10651=DIRECTION('',(0.E0,-1.E0,0.E0));
#10652=DIRECTION('',(0.E0,0.E0,-1.E0));
#10653=AXIS2_PLACEMENT_3D('',#10650,#10651,#10652);
#10654=PLANE('',#10653);
#10655=ORIENTED_EDGE('',*,*,#10644,.F.);
#10656=ORIENTED_EDGE('',*,*,#10579,.F.);
#10658=ORIENTED_EDGE('',*,*,#10657,.F.);
#10659=ORIENTED_EDGE('',*,*,#10614,.F.);
#10660=EDGE_LOOP('',(#10655,#10656,#10658,#10659));
#10661=FACE_OUTER_BOUND('',#10660,.F.);
#10662=ADVANCED_FACE('',(#10661),#10654,.T.);
#10663=CARTESIAN_POINT('',(-5.93E0,-6.72E0,-1.888E1));
#10664=DIRECTION('',(0.E0,0.E0,1.E0));
#10665=DIRECTION('',(-1.E0,0.E0,0.E0));
#10666=AXIS2_PLACEMENT_3D('',#10663,#10664,#10665);
#10667=PLANE('',#10666);
#10669=ORIENTED_EDGE('',*,*,#10668,.F.);
#10670=ORIENTED_EDGE('',*,*,#10616,.T.);
#10671=ORIENTED_EDGE('',*,*,#10657,.T.);
#10672=ORIENTED_EDGE('',*,*,#10577,.F.);
#10673=EDGE_LOOP('',(#10669,#10670,#10671,#10672));
#10674=FACE_OUTER_BOUND('',#10673,.F.);
#10675=ADVANCED_FACE('',(#10674),#10667,.T.);
#10676=CARTESIAN_POINT('',(-5.25E0,-6.72E0,-1.788E1));
#10677=DIRECTION('',(-1.E0,0.E0,0.E0));
#10678=DIRECTION('',(0.E0,-1.E0,0.E0));
#10679=AXIS2_PLACEMENT_3D('',#10676,#10677,#10678);
#10680=CYLINDRICAL_SURFACE('',#10679,1.E0);
#10681=ORIENTED_EDGE('',*,*,#10597,.F.);
#10682=ORIENTED_EDGE('',*,*,#10618,.T.);
#10683=ORIENTED_EDGE('',*,*,#10668,.T.);
#10684=ORIENTED_EDGE('',*,*,#10575,.F.);
#10685=EDGE_LOOP('',(#10681,#10682,#10683,#10684));
#10686=FACE_OUTER_BOUND('',#10685,.F.);
#10687=ADVANCED_FACE('',(#10686),#10680,.F.);
#10688=CARTESIAN_POINT('',(-9.07E0,-5.08E0,-1.77E1));
#10689=DIRECTION('',(0.E0,1.E0,0.E0));
#10690=DIRECTION('',(1.E0,0.E0,0.E0));
#10691=AXIS2_PLACEMENT_3D('',#10688,#10689,#10690);
#10692=PLANE('',#10691);
#10693=ORIENTED_EDGE('',*,*,#8633,.F.);
#10695=ORIENTED_EDGE('',*,*,#10694,.T.);
#10697=ORIENTED_EDGE('',*,*,#10696,.T.);
#10699=ORIENTED_EDGE('',*,*,#10698,.F.);
#10700=EDGE_LOOP('',(#10693,#10695,#10697,#10699));
#10701=FACE_OUTER_BOUND('',#10700,.F.);
#10702=ADVANCED_FACE('',(#10701),#10692,.T.);
#10703=CARTESIAN_POINT('',(-9.07E0,-5.72E0,-1.77E1));
#10704=DIRECTION('',(-1.E0,0.E0,0.E0));
#10705=DIRECTION('',(0.E0,1.E0,0.E0));
#10706=AXIS2_PLACEMENT_3D('',#10703,#10704,#10705);
#10707=PLANE('',#10706);
#10708=ORIENTED_EDGE('',*,*,#8639,.F.);
#10710=ORIENTED_EDGE('',*,*,#10709,.T.);
#10712=ORIENTED_EDGE('',*,*,#10711,.T.);
#10714=ORIENTED_EDGE('',*,*,#10713,.T.);
#10716=ORIENTED_EDGE('',*,*,#10715,.T.);
#10718=ORIENTED_EDGE('',*,*,#10717,.F.);
#10720=ORIENTED_EDGE('',*,*,#10719,.F.);
#10721=ORIENTED_EDGE('',*,*,#10694,.F.);
#10722=EDGE_LOOP('',(#10708,#10710,#10712,#10714,#10716,#10718,#10720,#10721));
#10723=FACE_OUTER_BOUND('',#10722,.F.);
#10724=ADVANCED_FACE('',(#10723),#10707,.T.);
#10725=CARTESIAN_POINT('',(-8.43E0,-5.72E0,-1.77E1));
#10726=DIRECTION('',(0.E0,-1.E0,0.E0));
#10727=DIRECTION('',(-1.E0,0.E0,0.E0));
#10728=AXIS2_PLACEMENT_3D('',#10725,#10726,#10727);
#10729=PLANE('',#10728);
#10730=ORIENTED_EDGE('',*,*,#8637,.F.);
#10732=ORIENTED_EDGE('',*,*,#10731,.T.);
#10734=ORIENTED_EDGE('',*,*,#10733,.T.);
#10735=ORIENTED_EDGE('',*,*,#10709,.F.);
#10736=EDGE_LOOP('',(#10730,#10732,#10734,#10735));
#10737=FACE_OUTER_BOUND('',#10736,.F.);
#10738=ADVANCED_FACE('',(#10737),#10729,.T.);
#10739=CARTESIAN_POINT('',(-8.43E0,-5.08E0,-1.77E1));
#10740=DIRECTION('',(1.E0,0.E0,0.E0));
#10741=DIRECTION('',(0.E0,-1.E0,0.E0));
#10742=AXIS2_PLACEMENT_3D('',#10739,#10740,#10741);
#10743=PLANE('',#10742);
#10744=ORIENTED_EDGE('',*,*,#8635,.T.);
#10745=ORIENTED_EDGE('',*,*,#10698,.T.);
#10747=ORIENTED_EDGE('',*,*,#10746,.T.);
#10749=ORIENTED_EDGE('',*,*,#10748,.T.);
#10751=ORIENTED_EDGE('',*,*,#10750,.T.);
#10753=ORIENTED_EDGE('',*,*,#10752,.F.);
#10755=ORIENTED_EDGE('',*,*,#10754,.F.);
#10756=ORIENTED_EDGE('',*,*,#10731,.F.);
#10757=EDGE_LOOP('',(#10744,#10745,#10747,#10749,#10751,#10753,#10755,#10756));
#10758=FACE_OUTER_BOUND('',#10757,.F.);
#10759=ADVANCED_FACE('',(#10758),#10743,.T.);
#10760=CARTESIAN_POINT('',(-7.75E0,-6.72E0,-1.788E1));
#10761=DIRECTION('',(-1.E0,0.E0,0.E0));
#10762=DIRECTION('',(0.E0,-1.E0,0.E0));
#10763=AXIS2_PLACEMENT_3D('',#10760,#10761,#10762);
#10764=CYLINDRICAL_SURFACE('',#10763,1.64E0);
#10765=ORIENTED_EDGE('',*,*,#10696,.F.);
#10766=ORIENTED_EDGE('',*,*,#10719,.T.);
#10768=ORIENTED_EDGE('',*,*,#10767,.T.);
#10769=ORIENTED_EDGE('',*,*,#10746,.F.);
#10770=EDGE_LOOP('',(#10765,#10766,#10768,#10769));
#10771=FACE_OUTER_BOUND('',#10770,.F.);
#10772=ADVANCED_FACE('',(#10771),#10764,.T.);
#10773=CARTESIAN_POINT('',(-9.07E0,-6.72E0,-1.952E1));
#10774=DIRECTION('',(0.E0,0.E0,-1.E0));
#10775=DIRECTION('',(1.E0,0.E0,0.E0));
#10776=AXIS2_PLACEMENT_3D('',#10773,#10774,#10775);
#10777=PLANE('',#10776);
#10778=ORIENTED_EDGE('',*,*,#10767,.F.);
#10779=ORIENTED_EDGE('',*,*,#10717,.T.);
#10781=ORIENTED_EDGE('',*,*,#10780,.T.);
#10782=ORIENTED_EDGE('',*,*,#10748,.F.);
#10783=EDGE_LOOP('',(#10778,#10779,#10781,#10782));
#10784=FACE_OUTER_BOUND('',#10783,.F.);
#10785=ADVANCED_FACE('',(#10784),#10777,.T.);
#10786=CARTESIAN_POINT('',(-8.75E0,-1.215E1,-1.92E1));
#10787=DIRECTION('',(0.E0,-1.E0,0.E0));
#10788=DIRECTION('',(0.E0,0.E0,-1.E0));
#10789=AXIS2_PLACEMENT_3D('',#10786,#10787,#10788);
#10790=PLANE('',#10789);
#10791=ORIENTED_EDGE('',*,*,#10780,.F.);
#10792=ORIENTED_EDGE('',*,*,#10715,.F.);
#10794=ORIENTED_EDGE('',*,*,#10793,.F.);
#10795=ORIENTED_EDGE('',*,*,#10750,.F.);
#10796=EDGE_LOOP('',(#10791,#10792,#10794,#10795));
#10797=FACE_OUTER_BOUND('',#10796,.F.);
#10798=ADVANCED_FACE('',(#10797),#10790,.T.);
#10799=CARTESIAN_POINT('',(-8.43E0,-6.72E0,-1.888E1));
#10800=DIRECTION('',(0.E0,0.E0,1.E0));
#10801=DIRECTION('',(-1.E0,0.E0,0.E0));
#10802=AXIS2_PLACEMENT_3D('',#10799,#10800,#10801);
#10803=PLANE('',#10802);
#10805=ORIENTED_EDGE('',*,*,#10804,.F.);
#10806=ORIENTED_EDGE('',*,*,#10752,.T.);
#10807=ORIENTED_EDGE('',*,*,#10793,.T.);
#10808=ORIENTED_EDGE('',*,*,#10713,.F.);
#10809=EDGE_LOOP('',(#10805,#10806,#10807,#10808));
#10810=FACE_OUTER_BOUND('',#10809,.F.);
#10811=ADVANCED_FACE('',(#10810),#10803,.T.);
#10812=CARTESIAN_POINT('',(-7.75E0,-6.72E0,-1.788E1));
#10813=DIRECTION('',(-1.E0,0.E0,0.E0));
#10814=DIRECTION('',(0.E0,-1.E0,0.E0));
#10815=AXIS2_PLACEMENT_3D('',#10812,#10813,#10814);
#10816=CYLINDRICAL_SURFACE('',#10815,1.E0);
#10817=ORIENTED_EDGE('',*,*,#10733,.F.);
#10818=ORIENTED_EDGE('',*,*,#10754,.T.);
#10819=ORIENTED_EDGE('',*,*,#10804,.T.);
#10820=ORIENTED_EDGE('',*,*,#10711,.F.);
#10821=EDGE_LOOP('',(#10817,#10818,#10819,#10820));
#10822=FACE_OUTER_BOUND('',#10821,.F.);
#10823=ADVANCED_FACE('',(#10822),#10816,.F.);
#10824=CARTESIAN_POINT('',(-1.157E1,-5.08E0,-1.77E1));
#10825=DIRECTION('',(0.E0,1.E0,0.E0));
#10826=DIRECTION('',(1.E0,0.E0,0.E0));
#10827=AXIS2_PLACEMENT_3D('',#10824,#10825,#10826);
#10828=PLANE('',#10827);
#10829=ORIENTED_EDGE('',*,*,#8643,.F.);
#10831=ORIENTED_EDGE('',*,*,#10830,.T.);
#10833=ORIENTED_EDGE('',*,*,#10832,.T.);
#10835=ORIENTED_EDGE('',*,*,#10834,.F.);
#10836=EDGE_LOOP('',(#10829,#10831,#10833,#10835));
#10837=FACE_OUTER_BOUND('',#10836,.F.);
#10838=ADVANCED_FACE('',(#10837),#10828,.T.);
#10839=CARTESIAN_POINT('',(-1.157E1,-5.72E0,-1.77E1));
#10840=DIRECTION('',(-1.E0,0.E0,0.E0));
#10841=DIRECTION('',(0.E0,1.E0,0.E0));
#10842=AXIS2_PLACEMENT_3D('',#10839,#10840,#10841);
#10843=PLANE('',#10842);
#10844=ORIENTED_EDGE('',*,*,#8649,.F.);
#10846=ORIENTED_EDGE('',*,*,#10845,.T.);
#10848=ORIENTED_EDGE('',*,*,#10847,.T.);
#10850=ORIENTED_EDGE('',*,*,#10849,.T.);
#10852=ORIENTED_EDGE('',*,*,#10851,.T.);
#10854=ORIENTED_EDGE('',*,*,#10853,.F.);
#10856=ORIENTED_EDGE('',*,*,#10855,.F.);
#10857=ORIENTED_EDGE('',*,*,#10830,.F.);
#10858=EDGE_LOOP('',(#10844,#10846,#10848,#10850,#10852,#10854,#10856,#10857));
#10859=FACE_OUTER_BOUND('',#10858,.F.);
#10860=ADVANCED_FACE('',(#10859),#10843,.T.);
#10861=CARTESIAN_POINT('',(-1.093E1,-5.72E0,-1.77E1));
#10862=DIRECTION('',(0.E0,-1.E0,0.E0));
#10863=DIRECTION('',(-1.E0,0.E0,0.E0));
#10864=AXIS2_PLACEMENT_3D('',#10861,#10862,#10863);
#10865=PLANE('',#10864);
#10866=ORIENTED_EDGE('',*,*,#8647,.F.);
#10868=ORIENTED_EDGE('',*,*,#10867,.T.);
#10870=ORIENTED_EDGE('',*,*,#10869,.T.);
#10871=ORIENTED_EDGE('',*,*,#10845,.F.);
#10872=EDGE_LOOP('',(#10866,#10868,#10870,#10871));
#10873=FACE_OUTER_BOUND('',#10872,.F.);
#10874=ADVANCED_FACE('',(#10873),#10865,.T.);
#10875=CARTESIAN_POINT('',(-1.093E1,-5.08E0,-1.77E1));
#10876=DIRECTION('',(1.E0,0.E0,0.E0));
#10877=DIRECTION('',(0.E0,-1.E0,0.E0));
#10878=AXIS2_PLACEMENT_3D('',#10875,#10876,#10877);
#10879=PLANE('',#10878);
#10880=ORIENTED_EDGE('',*,*,#8645,.T.);
#10881=ORIENTED_EDGE('',*,*,#10834,.T.);
#10883=ORIENTED_EDGE('',*,*,#10882,.T.);
#10885=ORIENTED_EDGE('',*,*,#10884,.T.);
#10887=ORIENTED_EDGE('',*,*,#10886,.T.);
#10889=ORIENTED_EDGE('',*,*,#10888,.F.);
#10891=ORIENTED_EDGE('',*,*,#10890,.F.);
#10892=ORIENTED_EDGE('',*,*,#10867,.F.);
#10893=EDGE_LOOP('',(#10880,#10881,#10883,#10885,#10887,#10889,#10891,#10892));
#10894=FACE_OUTER_BOUND('',#10893,.F.);
#10895=ADVANCED_FACE('',(#10894),#10879,.T.);
#10896=CARTESIAN_POINT('',(-1.025E1,-6.72E0,-1.788E1));
#10897=DIRECTION('',(-1.E0,0.E0,0.E0));
#10898=DIRECTION('',(0.E0,-1.E0,0.E0));
#10899=AXIS2_PLACEMENT_3D('',#10896,#10897,#10898);
#10900=CYLINDRICAL_SURFACE('',#10899,1.64E0);
#10901=ORIENTED_EDGE('',*,*,#10832,.F.);
#10902=ORIENTED_EDGE('',*,*,#10855,.T.);
#10904=ORIENTED_EDGE('',*,*,#10903,.T.);
#10905=ORIENTED_EDGE('',*,*,#10882,.F.);
#10906=EDGE_LOOP('',(#10901,#10902,#10904,#10905));
#10907=FACE_OUTER_BOUND('',#10906,.F.);
#10908=ADVANCED_FACE('',(#10907),#10900,.T.);
#10909=CARTESIAN_POINT('',(-1.157E1,-6.72E0,-1.952E1));
#10910=DIRECTION('',(0.E0,0.E0,-1.E0));
#10911=DIRECTION('',(1.E0,0.E0,0.E0));
#10912=AXIS2_PLACEMENT_3D('',#10909,#10910,#10911);
#10913=PLANE('',#10912);
#10914=ORIENTED_EDGE('',*,*,#10903,.F.);
#10915=ORIENTED_EDGE('',*,*,#10853,.T.);
#10917=ORIENTED_EDGE('',*,*,#10916,.T.);
#10918=ORIENTED_EDGE('',*,*,#10884,.F.);
#10919=EDGE_LOOP('',(#10914,#10915,#10917,#10918));
#10920=FACE_OUTER_BOUND('',#10919,.F.);
#10921=ADVANCED_FACE('',(#10920),#10913,.T.);
#10922=CARTESIAN_POINT('',(-1.125E1,-1.215E1,-1.92E1));
#10923=DIRECTION('',(0.E0,-1.E0,0.E0));
#10924=DIRECTION('',(0.E0,0.E0,-1.E0));
#10925=AXIS2_PLACEMENT_3D('',#10922,#10923,#10924);
#10926=PLANE('',#10925);
#10927=ORIENTED_EDGE('',*,*,#10916,.F.);
#10928=ORIENTED_EDGE('',*,*,#10851,.F.);
#10930=ORIENTED_EDGE('',*,*,#10929,.F.);
#10931=ORIENTED_EDGE('',*,*,#10886,.F.);
#10932=EDGE_LOOP('',(#10927,#10928,#10930,#10931));
#10933=FACE_OUTER_BOUND('',#10932,.F.);
#10934=ADVANCED_FACE('',(#10933),#10926,.T.);
#10935=CARTESIAN_POINT('',(-1.093E1,-6.72E0,-1.888E1));
#10936=DIRECTION('',(0.E0,0.E0,1.E0));
#10937=DIRECTION('',(-1.E0,0.E0,0.E0));
#10938=AXIS2_PLACEMENT_3D('',#10935,#10936,#10937);
#10939=PLANE('',#10938);
#10941=ORIENTED_EDGE('',*,*,#10940,.F.);
#10942=ORIENTED_EDGE('',*,*,#10888,.T.);
#10943=ORIENTED_EDGE('',*,*,#10929,.T.);
#10944=ORIENTED_EDGE('',*,*,#10849,.F.);
#10945=EDGE_LOOP('',(#10941,#10942,#10943,#10944));
#10946=FACE_OUTER_BOUND('',#10945,.F.);
#10947=ADVANCED_FACE('',(#10946),#10939,.T.);
#10948=CARTESIAN_POINT('',(-1.025E1,-6.72E0,-1.788E1));
#10949=DIRECTION('',(-1.E0,0.E0,0.E0));
#10950=DIRECTION('',(0.E0,-1.E0,0.E0));
#10951=AXIS2_PLACEMENT_3D('',#10948,#10949,#10950);
#10952=CYLINDRICAL_SURFACE('',#10951,1.E0);
#10953=ORIENTED_EDGE('',*,*,#10869,.F.);
#10954=ORIENTED_EDGE('',*,*,#10890,.T.);
#10955=ORIENTED_EDGE('',*,*,#10940,.T.);
#10956=ORIENTED_EDGE('',*,*,#10847,.F.);
#10957=EDGE_LOOP('',(#10953,#10954,#10955,#10956));
#10958=FACE_OUTER_BOUND('',#10957,.F.);
#10959=ADVANCED_FACE('',(#10958),#10952,.F.);
#10960=CARTESIAN_POINT('',(1.093E1,1.2E-1,-1.77E1));
#10961=DIRECTION('',(0.E0,1.E0,0.E0));
#10962=DIRECTION('',(1.E0,0.E0,0.E0));
#10963=AXIS2_PLACEMENT_3D('',#10960,#10961,#10962);
#10964=PLANE('',#10963);
#10965=ORIENTED_EDGE('',*,*,#8653,.F.);
#10967=ORIENTED_EDGE('',*,*,#10966,.T.);
#10969=ORIENTED_EDGE('',*,*,#10968,.T.);
#10971=ORIENTED_EDGE('',*,*,#10970,.F.);
#10972=EDGE_LOOP('',(#10965,#10967,#10969,#10971));
#10973=FACE_OUTER_BOUND('',#10972,.F.);
#10974=ADVANCED_FACE('',(#10973),#10964,.T.);
#10975=CARTESIAN_POINT('',(1.093E1,-5.2E-1,-1.77E1));
#10976=DIRECTION('',(-1.E0,0.E0,0.E0));
#10977=DIRECTION('',(0.E0,1.E0,0.E0));
#10978=AXIS2_PLACEMENT_3D('',#10975,#10976,#10977);
#10979=PLANE('',#10978);
#10980=ORIENTED_EDGE('',*,*,#8659,.F.);
#10982=ORIENTED_EDGE('',*,*,#10981,.T.);
#10984=ORIENTED_EDGE('',*,*,#10983,.T.);
#10986=ORIENTED_EDGE('',*,*,#10985,.T.);
#10988=ORIENTED_EDGE('',*,*,#10987,.T.);
#10990=ORIENTED_EDGE('',*,*,#10989,.F.);
#10992=ORIENTED_EDGE('',*,*,#10991,.F.);
#10993=ORIENTED_EDGE('',*,*,#10966,.F.);
#10994=EDGE_LOOP('',(#10980,#10982,#10984,#10986,#10988,#10990,#10992,#10993));
#10995=FACE_OUTER_BOUND('',#10994,.F.);
#10996=ADVANCED_FACE('',(#10995),#10979,.T.);
#10997=CARTESIAN_POINT('',(1.157E1,-5.2E-1,-1.77E1));
#10998=DIRECTION('',(0.E0,-1.E0,0.E0));
#10999=DIRECTION('',(-1.E0,0.E0,0.E0));
#11000=AXIS2_PLACEMENT_3D('',#10997,#10998,#10999);
#11001=PLANE('',#11000);
#11002=ORIENTED_EDGE('',*,*,#8657,.F.);
#11004=ORIENTED_EDGE('',*,*,#11003,.T.);
#11006=ORIENTED_EDGE('',*,*,#11005,.T.);
#11007=ORIENTED_EDGE('',*,*,#10981,.F.);
#11008=EDGE_LOOP('',(#11002,#11004,#11006,#11007));
#11009=FACE_OUTER_BOUND('',#11008,.F.);
#11010=ADVANCED_FACE('',(#11009),#11001,.T.);
#11011=CARTESIAN_POINT('',(1.157E1,1.2E-1,-1.77E1));
#11012=DIRECTION('',(1.E0,0.E0,0.E0));
#11013=DIRECTION('',(0.E0,-1.E0,0.E0));
#11014=AXIS2_PLACEMENT_3D('',#11011,#11012,#11013);
#11015=PLANE('',#11014);
#11016=ORIENTED_EDGE('',*,*,#8655,.T.);
#11017=ORIENTED_EDGE('',*,*,#10970,.T.);
#11019=ORIENTED_EDGE('',*,*,#11018,.T.);
#11021=ORIENTED_EDGE('',*,*,#11020,.T.);
#11023=ORIENTED_EDGE('',*,*,#11022,.T.);
#11025=ORIENTED_EDGE('',*,*,#11024,.F.);
#11027=ORIENTED_EDGE('',*,*,#11026,.F.);
#11028=ORIENTED_EDGE('',*,*,#11003,.F.);
#11029=EDGE_LOOP('',(#11016,#11017,#11019,#11021,#11023,#11025,#11027,#11028));
#11030=FACE_OUTER_BOUND('',#11029,.F.);
#11031=ADVANCED_FACE('',(#11030),#11015,.T.);
#11032=CARTESIAN_POINT('',(1.225E1,-1.52E0,-2.088E1));
#11033=DIRECTION('',(-1.E0,0.E0,0.E0));
#11034=DIRECTION('',(0.E0,-1.E0,0.E0));
#11035=AXIS2_PLACEMENT_3D('',#11032,#11033,#11034);
#11036=CYLINDRICAL_SURFACE('',#11035,1.64E0);
#11037=ORIENTED_EDGE('',*,*,#10968,.F.);
#11038=ORIENTED_EDGE('',*,*,#10991,.T.);
#11040=ORIENTED_EDGE('',*,*,#11039,.T.);
#11041=ORIENTED_EDGE('',*,*,#11018,.F.);
#11042=EDGE_LOOP('',(#11037,#11038,#11040,#11041));
#11043=FACE_OUTER_BOUND('',#11042,.F.);
#11044=ADVANCED_FACE('',(#11043),#11036,.T.);
#11045=CARTESIAN_POINT('',(1.093E1,-1.52E0,-2.252E1));
#11046=DIRECTION('',(0.E0,0.E0,-1.E0));
#11047=DIRECTION('',(1.E0,0.E0,0.E0));
#11048=AXIS2_PLACEMENT_3D('',#11045,#11046,#11047);
#11049=PLANE('',#11048);
#11050=ORIENTED_EDGE('',*,*,#11039,.F.);
#11051=ORIENTED_EDGE('',*,*,#10989,.T.);
#11053=ORIENTED_EDGE('',*,*,#11052,.T.);
#11054=ORIENTED_EDGE('',*,*,#11020,.F.);
#11055=EDGE_LOOP('',(#11050,#11051,#11053,#11054));
#11056=FACE_OUTER_BOUND('',#11055,.F.);
#11057=ADVANCED_FACE('',(#11056),#11049,.T.);
#11058=CARTESIAN_POINT('',(1.125E1,-1.215E1,-2.22E1));
#11059=DIRECTION('',(0.E0,-1.E0,0.E0));
#11060=DIRECTION('',(0.E0,0.E0,-1.E0));
#11061=AXIS2_PLACEMENT_3D('',#11058,#11059,#11060);
#11062=PLANE('',#11061);
#11063=ORIENTED_EDGE('',*,*,#11052,.F.);
#11064=ORIENTED_EDGE('',*,*,#10987,.F.);
#11066=ORIENTED_EDGE('',*,*,#11065,.F.);
#11067=ORIENTED_EDGE('',*,*,#11022,.F.);
#11068=EDGE_LOOP('',(#11063,#11064,#11066,#11067));
#11069=FACE_OUTER_BOUND('',#11068,.F.);
#11070=ADVANCED_FACE('',(#11069),#11062,.T.);
#11071=CARTESIAN_POINT('',(1.157E1,-1.52E0,-2.188E1));
#11072=DIRECTION('',(0.E0,0.E0,1.E0));
#11073=DIRECTION('',(-1.E0,0.E0,0.E0));
#11074=AXIS2_PLACEMENT_3D('',#11071,#11072,#11073);
#11075=PLANE('',#11074);
#11077=ORIENTED_EDGE('',*,*,#11076,.F.);
#11078=ORIENTED_EDGE('',*,*,#11024,.T.);
#11079=ORIENTED_EDGE('',*,*,#11065,.T.);
#11080=ORIENTED_EDGE('',*,*,#10985,.F.);
#11081=EDGE_LOOP('',(#11077,#11078,#11079,#11080));
#11082=FACE_OUTER_BOUND('',#11081,.F.);
#11083=ADVANCED_FACE('',(#11082),#11075,.T.);
#11084=CARTESIAN_POINT('',(1.225E1,-1.52E0,-2.088E1));
#11085=DIRECTION('',(-1.E0,0.E0,0.E0));
#11086=DIRECTION('',(0.E0,-1.E0,0.E0));
#11087=AXIS2_PLACEMENT_3D('',#11084,#11085,#11086);
#11088=CYLINDRICAL_SURFACE('',#11087,1.E0);
#11089=ORIENTED_EDGE('',*,*,#11005,.F.);
#11090=ORIENTED_EDGE('',*,*,#11026,.T.);
#11091=ORIENTED_EDGE('',*,*,#11076,.T.);
#11092=ORIENTED_EDGE('',*,*,#10983,.F.);
#11093=EDGE_LOOP('',(#11089,#11090,#11091,#11092));
#11094=FACE_OUTER_BOUND('',#11093,.F.);
#11095=ADVANCED_FACE('',(#11094),#11088,.F.);
#11096=CARTESIAN_POINT('',(8.43E0,1.2E-1,-1.77E1));
#11097=DIRECTION('',(0.E0,1.E0,0.E0));
#11098=DIRECTION('',(1.E0,0.E0,0.E0));
#11099=AXIS2_PLACEMENT_3D('',#11096,#11097,#11098);
#11100=PLANE('',#11099);
#11101=ORIENTED_EDGE('',*,*,#8663,.F.);
#11103=ORIENTED_EDGE('',*,*,#11102,.T.);
#11105=ORIENTED_EDGE('',*,*,#11104,.T.);
#11107=ORIENTED_EDGE('',*,*,#11106,.F.);
#11108=EDGE_LOOP('',(#11101,#11103,#11105,#11107));
#11109=FACE_OUTER_BOUND('',#11108,.F.);
#11110=ADVANCED_FACE('',(#11109),#11100,.T.);
#11111=CARTESIAN_POINT('',(8.43E0,-5.2E-1,-1.77E1));
#11112=DIRECTION('',(-1.E0,0.E0,0.E0));
#11113=DIRECTION('',(0.E0,1.E0,0.E0));
#11114=AXIS2_PLACEMENT_3D('',#11111,#11112,#11113);
#11115=PLANE('',#11114);
#11116=ORIENTED_EDGE('',*,*,#8669,.F.);
#11118=ORIENTED_EDGE('',*,*,#11117,.T.);
#11120=ORIENTED_EDGE('',*,*,#11119,.T.);
#11122=ORIENTED_EDGE('',*,*,#11121,.T.);
#11124=ORIENTED_EDGE('',*,*,#11123,.T.);
#11126=ORIENTED_EDGE('',*,*,#11125,.F.);
#11128=ORIENTED_EDGE('',*,*,#11127,.F.);
#11129=ORIENTED_EDGE('',*,*,#11102,.F.);
#11130=EDGE_LOOP('',(#11116,#11118,#11120,#11122,#11124,#11126,#11128,#11129));
#11131=FACE_OUTER_BOUND('',#11130,.F.);
#11132=ADVANCED_FACE('',(#11131),#11115,.T.);
#11133=CARTESIAN_POINT('',(9.07E0,-5.2E-1,-1.77E1));
#11134=DIRECTION('',(0.E0,-1.E0,0.E0));
#11135=DIRECTION('',(-1.E0,0.E0,0.E0));
#11136=AXIS2_PLACEMENT_3D('',#11133,#11134,#11135);
#11137=PLANE('',#11136);
#11138=ORIENTED_EDGE('',*,*,#8667,.F.);
#11140=ORIENTED_EDGE('',*,*,#11139,.T.);
#11142=ORIENTED_EDGE('',*,*,#11141,.T.);
#11143=ORIENTED_EDGE('',*,*,#11117,.F.);
#11144=EDGE_LOOP('',(#11138,#11140,#11142,#11143));
#11145=FACE_OUTER_BOUND('',#11144,.F.);
#11146=ADVANCED_FACE('',(#11145),#11137,.T.);
#11147=CARTESIAN_POINT('',(9.07E0,1.2E-1,-1.77E1));
#11148=DIRECTION('',(1.E0,0.E0,0.E0));
#11149=DIRECTION('',(0.E0,-1.E0,0.E0));
#11150=AXIS2_PLACEMENT_3D('',#11147,#11148,#11149);
#11151=PLANE('',#11150);
#11152=ORIENTED_EDGE('',*,*,#8665,.T.);
#11153=ORIENTED_EDGE('',*,*,#11106,.T.);
#11155=ORIENTED_EDGE('',*,*,#11154,.T.);
#11157=ORIENTED_EDGE('',*,*,#11156,.T.);
#11159=ORIENTED_EDGE('',*,*,#11158,.T.);
#11161=ORIENTED_EDGE('',*,*,#11160,.F.);
#11163=ORIENTED_EDGE('',*,*,#11162,.F.);
#11164=ORIENTED_EDGE('',*,*,#11139,.F.);
#11165=EDGE_LOOP('',(#11152,#11153,#11155,#11157,#11159,#11161,#11163,#11164));
#11166=FACE_OUTER_BOUND('',#11165,.F.);
#11167=ADVANCED_FACE('',(#11166),#11151,.T.);
#11168=CARTESIAN_POINT('',(9.75E0,-1.52E0,-2.088E1));
#11169=DIRECTION('',(-1.E0,0.E0,0.E0));
#11170=DIRECTION('',(0.E0,-1.E0,0.E0));
#11171=AXIS2_PLACEMENT_3D('',#11168,#11169,#11170);
#11172=CYLINDRICAL_SURFACE('',#11171,1.64E0);
#11173=ORIENTED_EDGE('',*,*,#11104,.F.);
#11174=ORIENTED_EDGE('',*,*,#11127,.T.);
#11176=ORIENTED_EDGE('',*,*,#11175,.T.);
#11177=ORIENTED_EDGE('',*,*,#11154,.F.);
#11178=EDGE_LOOP('',(#11173,#11174,#11176,#11177));
#11179=FACE_OUTER_BOUND('',#11178,.F.);
#11180=ADVANCED_FACE('',(#11179),#11172,.T.);
#11181=CARTESIAN_POINT('',(8.43E0,-1.52E0,-2.252E1));
#11182=DIRECTION('',(0.E0,0.E0,-1.E0));
#11183=DIRECTION('',(1.E0,0.E0,0.E0));
#11184=AXIS2_PLACEMENT_3D('',#11181,#11182,#11183);
#11185=PLANE('',#11184);
#11186=ORIENTED_EDGE('',*,*,#11175,.F.);
#11187=ORIENTED_EDGE('',*,*,#11125,.T.);
#11189=ORIENTED_EDGE('',*,*,#11188,.T.);
#11190=ORIENTED_EDGE('',*,*,#11156,.F.);
#11191=EDGE_LOOP('',(#11186,#11187,#11189,#11190));
#11192=FACE_OUTER_BOUND('',#11191,.F.);
#11193=ADVANCED_FACE('',(#11192),#11185,.T.);
#11194=CARTESIAN_POINT('',(8.75E0,-1.215E1,-2.22E1));
#11195=DIRECTION('',(0.E0,-1.E0,0.E0));
#11196=DIRECTION('',(0.E0,0.E0,-1.E0));
#11197=AXIS2_PLACEMENT_3D('',#11194,#11195,#11196);
#11198=PLANE('',#11197);
#11199=ORIENTED_EDGE('',*,*,#11188,.F.);
#11200=ORIENTED_EDGE('',*,*,#11123,.F.);
#11202=ORIENTED_EDGE('',*,*,#11201,.F.);
#11203=ORIENTED_EDGE('',*,*,#11158,.F.);
#11204=EDGE_LOOP('',(#11199,#11200,#11202,#11203));
#11205=FACE_OUTER_BOUND('',#11204,.F.);
#11206=ADVANCED_FACE('',(#11205),#11198,.T.);
#11207=CARTESIAN_POINT('',(9.07E0,-1.52E0,-2.188E1));
#11208=DIRECTION('',(0.E0,0.E0,1.E0));
#11209=DIRECTION('',(-1.E0,0.E0,0.E0));
#11210=AXIS2_PLACEMENT_3D('',#11207,#11208,#11209);
#11211=PLANE('',#11210);
#11213=ORIENTED_EDGE('',*,*,#11212,.F.);
#11214=ORIENTED_EDGE('',*,*,#11160,.T.);
#11215=ORIENTED_EDGE('',*,*,#11201,.T.);
#11216=ORIENTED_EDGE('',*,*,#11121,.F.);
#11217=EDGE_LOOP('',(#11213,#11214,#11215,#11216));
#11218=FACE_OUTER_BOUND('',#11217,.F.);
#11219=ADVANCED_FACE('',(#11218),#11211,.T.);
#11220=CARTESIAN_POINT('',(9.75E0,-1.52E0,-2.088E1));
#11221=DIRECTION('',(-1.E0,0.E0,0.E0));
#11222=DIRECTION('',(0.E0,-1.E0,0.E0));
#11223=AXIS2_PLACEMENT_3D('',#11220,#11221,#11222);
#11224=CYLINDRICAL_SURFACE('',#11223,1.E0);
#11225=ORIENTED_EDGE('',*,*,#11141,.F.);
#11226=ORIENTED_EDGE('',*,*,#11162,.T.);
#11227=ORIENTED_EDGE('',*,*,#11212,.T.);
#11228=ORIENTED_EDGE('',*,*,#11119,.F.);
#11229=EDGE_LOOP('',(#11225,#11226,#11227,#11228));
#11230=FACE_OUTER_BOUND('',#11229,.F.);
#11231=ADVANCED_FACE('',(#11230),#11224,.F.);
#11232=CARTESIAN_POINT('',(5.93E0,1.2E-1,-1.77E1));
#11233=DIRECTION('',(0.E0,1.E0,0.E0));
#11234=DIRECTION('',(1.E0,0.E0,0.E0));
#11235=AXIS2_PLACEMENT_3D('',#11232,#11233,#11234);
#11236=PLANE('',#11235);
#11237=ORIENTED_EDGE('',*,*,#8673,.F.);
#11239=ORIENTED_EDGE('',*,*,#11238,.T.);
#11241=ORIENTED_EDGE('',*,*,#11240,.T.);
#11243=ORIENTED_EDGE('',*,*,#11242,.F.);
#11244=EDGE_LOOP('',(#11237,#11239,#11241,#11243));
#11245=FACE_OUTER_BOUND('',#11244,.F.);
#11246=ADVANCED_FACE('',(#11245),#11236,.T.);
#11247=CARTESIAN_POINT('',(5.93E0,-5.2E-1,-1.77E1));
#11248=DIRECTION('',(-1.E0,0.E0,0.E0));
#11249=DIRECTION('',(0.E0,1.E0,0.E0));
#11250=AXIS2_PLACEMENT_3D('',#11247,#11248,#11249);
#11251=PLANE('',#11250);
#11252=ORIENTED_EDGE('',*,*,#8679,.F.);
#11254=ORIENTED_EDGE('',*,*,#11253,.T.);
#11256=ORIENTED_EDGE('',*,*,#11255,.T.);
#11258=ORIENTED_EDGE('',*,*,#11257,.T.);
#11260=ORIENTED_EDGE('',*,*,#11259,.T.);
#11262=ORIENTED_EDGE('',*,*,#11261,.F.);
#11264=ORIENTED_EDGE('',*,*,#11263,.F.);
#11265=ORIENTED_EDGE('',*,*,#11238,.F.);
#11266=EDGE_LOOP('',(#11252,#11254,#11256,#11258,#11260,#11262,#11264,#11265));
#11267=FACE_OUTER_BOUND('',#11266,.F.);
#11268=ADVANCED_FACE('',(#11267),#11251,.T.);
#11269=CARTESIAN_POINT('',(6.57E0,-5.2E-1,-1.77E1));
#11270=DIRECTION('',(0.E0,-1.E0,0.E0));
#11271=DIRECTION('',(-1.E0,0.E0,0.E0));
#11272=AXIS2_PLACEMENT_3D('',#11269,#11270,#11271);
#11273=PLANE('',#11272);
#11274=ORIENTED_EDGE('',*,*,#8677,.F.);
#11276=ORIENTED_EDGE('',*,*,#11275,.T.);
#11278=ORIENTED_EDGE('',*,*,#11277,.T.);
#11279=ORIENTED_EDGE('',*,*,#11253,.F.);
#11280=EDGE_LOOP('',(#11274,#11276,#11278,#11279));
#11281=FACE_OUTER_BOUND('',#11280,.F.);
#11282=ADVANCED_FACE('',(#11281),#11273,.T.);
#11283=CARTESIAN_POINT('',(6.57E0,1.2E-1,-1.77E1));
#11284=DIRECTION('',(1.E0,0.E0,0.E0));
#11285=DIRECTION('',(0.E0,-1.E0,0.E0));
#11286=AXIS2_PLACEMENT_3D('',#11283,#11284,#11285);
#11287=PLANE('',#11286);
#11288=ORIENTED_EDGE('',*,*,#8675,.T.);
#11289=ORIENTED_EDGE('',*,*,#11242,.T.);
#11291=ORIENTED_EDGE('',*,*,#11290,.T.);
#11293=ORIENTED_EDGE('',*,*,#11292,.T.);
#11295=ORIENTED_EDGE('',*,*,#11294,.T.);
#11297=ORIENTED_EDGE('',*,*,#11296,.F.);
#11299=ORIENTED_EDGE('',*,*,#11298,.F.);
#11300=ORIENTED_EDGE('',*,*,#11275,.F.);
#11301=EDGE_LOOP('',(#11288,#11289,#11291,#11293,#11295,#11297,#11299,#11300));
#11302=FACE_OUTER_BOUND('',#11301,.F.);
#11303=ADVANCED_FACE('',(#11302),#11287,.T.);
#11304=CARTESIAN_POINT('',(7.25E0,-1.52E0,-2.088E1));
#11305=DIRECTION('',(-1.E0,0.E0,0.E0));
#11306=DIRECTION('',(0.E0,-1.E0,0.E0));
#11307=AXIS2_PLACEMENT_3D('',#11304,#11305,#11306);
#11308=CYLINDRICAL_SURFACE('',#11307,1.64E0);
#11309=ORIENTED_EDGE('',*,*,#11240,.F.);
#11310=ORIENTED_EDGE('',*,*,#11263,.T.);
#11312=ORIENTED_EDGE('',*,*,#11311,.T.);
#11313=ORIENTED_EDGE('',*,*,#11290,.F.);
#11314=EDGE_LOOP('',(#11309,#11310,#11312,#11313));
#11315=FACE_OUTER_BOUND('',#11314,.F.);
#11316=ADVANCED_FACE('',(#11315),#11308,.T.);
#11317=CARTESIAN_POINT('',(5.93E0,-1.52E0,-2.252E1));
#11318=DIRECTION('',(0.E0,0.E0,-1.E0));
#11319=DIRECTION('',(1.E0,0.E0,0.E0));
#11320=AXIS2_PLACEMENT_3D('',#11317,#11318,#11319);
#11321=PLANE('',#11320);
#11322=ORIENTED_EDGE('',*,*,#11311,.F.);
#11323=ORIENTED_EDGE('',*,*,#11261,.T.);
#11325=ORIENTED_EDGE('',*,*,#11324,.T.);
#11326=ORIENTED_EDGE('',*,*,#11292,.F.);
#11327=EDGE_LOOP('',(#11322,#11323,#11325,#11326));
#11328=FACE_OUTER_BOUND('',#11327,.F.);
#11329=ADVANCED_FACE('',(#11328),#11321,.T.);
#11330=CARTESIAN_POINT('',(6.25E0,-1.215E1,-2.22E1));
#11331=DIRECTION('',(0.E0,-1.E0,0.E0));
#11332=DIRECTION('',(0.E0,0.E0,-1.E0));
#11333=AXIS2_PLACEMENT_3D('',#11330,#11331,#11332);
#11334=PLANE('',#11333);
#11335=ORIENTED_EDGE('',*,*,#11324,.F.);
#11336=ORIENTED_EDGE('',*,*,#11259,.F.);
#11338=ORIENTED_EDGE('',*,*,#11337,.F.);
#11339=ORIENTED_EDGE('',*,*,#11294,.F.);
#11340=EDGE_LOOP('',(#11335,#11336,#11338,#11339));
#11341=FACE_OUTER_BOUND('',#11340,.F.);
#11342=ADVANCED_FACE('',(#11341),#11334,.T.);
#11343=CARTESIAN_POINT('',(6.57E0,-1.52E0,-2.188E1));
#11344=DIRECTION('',(0.E0,0.E0,1.E0));
#11345=DIRECTION('',(-1.E0,0.E0,0.E0));
#11346=AXIS2_PLACEMENT_3D('',#11343,#11344,#11345);
#11347=PLANE('',#11346);
#11349=ORIENTED_EDGE('',*,*,#11348,.F.);
#11350=ORIENTED_EDGE('',*,*,#11296,.T.);
#11351=ORIENTED_EDGE('',*,*,#11337,.T.);
#11352=ORIENTED_EDGE('',*,*,#11257,.F.);
#11353=EDGE_LOOP('',(#11349,#11350,#11351,#11352));
#11354=FACE_OUTER_BOUND('',#11353,.F.);
#11355=ADVANCED_FACE('',(#11354),#11347,.T.);
#11356=CARTESIAN_POINT('',(7.25E0,-1.52E0,-2.088E1));
#11357=DIRECTION('',(-1.E0,0.E0,0.E0));
#11358=DIRECTION('',(0.E0,-1.E0,0.E0));
#11359=AXIS2_PLACEMENT_3D('',#11356,#11357,#11358);
#11360=CYLINDRICAL_SURFACE('',#11359,1.E0);
#11361=ORIENTED_EDGE('',*,*,#11277,.F.);
#11362=ORIENTED_EDGE('',*,*,#11298,.T.);
#11363=ORIENTED_EDGE('',*,*,#11348,.T.);
#11364=ORIENTED_EDGE('',*,*,#11255,.F.);
#11365=EDGE_LOOP('',(#11361,#11362,#11363,#11364));
#11366=FACE_OUTER_BOUND('',#11365,.F.);
#11367=ADVANCED_FACE('',(#11366),#11360,.F.);
#11368=CARTESIAN_POINT('',(3.43E0,1.2E-1,-1.77E1));
#11369=DIRECTION('',(0.E0,1.E0,0.E0));
#11370=DIRECTION('',(1.E0,0.E0,0.E0));
#11371=AXIS2_PLACEMENT_3D('',#11368,#11369,#11370);
#11372=PLANE('',#11371);
#11373=ORIENTED_EDGE('',*,*,#8683,.F.);
#11375=ORIENTED_EDGE('',*,*,#11374,.T.);
#11377=ORIENTED_EDGE('',*,*,#11376,.T.);
#11379=ORIENTED_EDGE('',*,*,#11378,.F.);
#11380=EDGE_LOOP('',(#11373,#11375,#11377,#11379));
#11381=FACE_OUTER_BOUND('',#11380,.F.);
#11382=ADVANCED_FACE('',(#11381),#11372,.T.);
#11383=CARTESIAN_POINT('',(3.43E0,-5.2E-1,-1.77E1));
#11384=DIRECTION('',(-1.E0,0.E0,0.E0));
#11385=DIRECTION('',(0.E0,1.E0,0.E0));
#11386=AXIS2_PLACEMENT_3D('',#11383,#11384,#11385);
#11387=PLANE('',#11386);
#11388=ORIENTED_EDGE('',*,*,#8689,.F.);
#11390=ORIENTED_EDGE('',*,*,#11389,.T.);
#11392=ORIENTED_EDGE('',*,*,#11391,.T.);
#11394=ORIENTED_EDGE('',*,*,#11393,.T.);
#11396=ORIENTED_EDGE('',*,*,#11395,.T.);
#11398=ORIENTED_EDGE('',*,*,#11397,.F.);
#11400=ORIENTED_EDGE('',*,*,#11399,.F.);
#11401=ORIENTED_EDGE('',*,*,#11374,.F.);
#11402=EDGE_LOOP('',(#11388,#11390,#11392,#11394,#11396,#11398,#11400,#11401));
#11403=FACE_OUTER_BOUND('',#11402,.F.);
#11404=ADVANCED_FACE('',(#11403),#11387,.T.);
#11405=CARTESIAN_POINT('',(4.07E0,-5.2E-1,-1.77E1));
#11406=DIRECTION('',(0.E0,-1.E0,0.E0));
#11407=DIRECTION('',(-1.E0,0.E0,0.E0));
#11408=AXIS2_PLACEMENT_3D('',#11405,#11406,#11407);
#11409=PLANE('',#11408);
#11410=ORIENTED_EDGE('',*,*,#8687,.F.);
#11412=ORIENTED_EDGE('',*,*,#11411,.T.);
#11414=ORIENTED_EDGE('',*,*,#11413,.T.);
#11415=ORIENTED_EDGE('',*,*,#11389,.F.);
#11416=EDGE_LOOP('',(#11410,#11412,#11414,#11415));
#11417=FACE_OUTER_BOUND('',#11416,.F.);
#11418=ADVANCED_FACE('',(#11417),#11409,.T.);
#11419=CARTESIAN_POINT('',(4.07E0,1.2E-1,-1.77E1));
#11420=DIRECTION('',(1.E0,0.E0,0.E0));
#11421=DIRECTION('',(0.E0,-1.E0,0.E0));
#11422=AXIS2_PLACEMENT_3D('',#11419,#11420,#11421);
#11423=PLANE('',#11422);
#11424=ORIENTED_EDGE('',*,*,#8685,.T.);
#11425=ORIENTED_EDGE('',*,*,#11378,.T.);
#11427=ORIENTED_EDGE('',*,*,#11426,.T.);
#11429=ORIENTED_EDGE('',*,*,#11428,.T.);
#11431=ORIENTED_EDGE('',*,*,#11430,.T.);
#11433=ORIENTED_EDGE('',*,*,#11432,.F.);
#11435=ORIENTED_EDGE('',*,*,#11434,.F.);
#11436=ORIENTED_EDGE('',*,*,#11411,.F.);
#11437=EDGE_LOOP('',(#11424,#11425,#11427,#11429,#11431,#11433,#11435,#11436));
#11438=FACE_OUTER_BOUND('',#11437,.F.);
#11439=ADVANCED_FACE('',(#11438),#11423,.T.);
#11440=CARTESIAN_POINT('',(4.75E0,-1.52E0,-2.088E1));
#11441=DIRECTION('',(-1.E0,0.E0,0.E0));
#11442=DIRECTION('',(0.E0,-1.E0,0.E0));
#11443=AXIS2_PLACEMENT_3D('',#11440,#11441,#11442);
#11444=CYLINDRICAL_SURFACE('',#11443,1.64E0);
#11445=ORIENTED_EDGE('',*,*,#11376,.F.);
#11446=ORIENTED_EDGE('',*,*,#11399,.T.);
#11448=ORIENTED_EDGE('',*,*,#11447,.T.);
#11449=ORIENTED_EDGE('',*,*,#11426,.F.);
#11450=EDGE_LOOP('',(#11445,#11446,#11448,#11449));
#11451=FACE_OUTER_BOUND('',#11450,.F.);
#11452=ADVANCED_FACE('',(#11451),#11444,.T.);
#11453=CARTESIAN_POINT('',(3.43E0,-1.52E0,-2.252E1));
#11454=DIRECTION('',(0.E0,0.E0,-1.E0));
#11455=DIRECTION('',(1.E0,0.E0,0.E0));
#11456=AXIS2_PLACEMENT_3D('',#11453,#11454,#11455);
#11457=PLANE('',#11456);
#11458=ORIENTED_EDGE('',*,*,#11447,.F.);
#11459=ORIENTED_EDGE('',*,*,#11397,.T.);
#11461=ORIENTED_EDGE('',*,*,#11460,.T.);
#11462=ORIENTED_EDGE('',*,*,#11428,.F.);
#11463=EDGE_LOOP('',(#11458,#11459,#11461,#11462));
#11464=FACE_OUTER_BOUND('',#11463,.F.);
#11465=ADVANCED_FACE('',(#11464),#11457,.T.);
#11466=CARTESIAN_POINT('',(3.75E0,-1.215E1,-2.22E1));
#11467=DIRECTION('',(0.E0,-1.E0,0.E0));
#11468=DIRECTION('',(0.E0,0.E0,-1.E0));
#11469=AXIS2_PLACEMENT_3D('',#11466,#11467,#11468);
#11470=PLANE('',#11469);
#11471=ORIENTED_EDGE('',*,*,#11460,.F.);
#11472=ORIENTED_EDGE('',*,*,#11395,.F.);
#11474=ORIENTED_EDGE('',*,*,#11473,.F.);
#11475=ORIENTED_EDGE('',*,*,#11430,.F.);
#11476=EDGE_LOOP('',(#11471,#11472,#11474,#11475));
#11477=FACE_OUTER_BOUND('',#11476,.F.);
#11478=ADVANCED_FACE('',(#11477),#11470,.T.);
#11479=CARTESIAN_POINT('',(4.07E0,-1.52E0,-2.188E1));
#11480=DIRECTION('',(0.E0,0.E0,1.E0));
#11481=DIRECTION('',(-1.E0,0.E0,0.E0));
#11482=AXIS2_PLACEMENT_3D('',#11479,#11480,#11481);
#11483=PLANE('',#11482);
#11485=ORIENTED_EDGE('',*,*,#11484,.F.);
#11486=ORIENTED_EDGE('',*,*,#11432,.T.);
#11487=ORIENTED_EDGE('',*,*,#11473,.T.);
#11488=ORIENTED_EDGE('',*,*,#11393,.F.);
#11489=EDGE_LOOP('',(#11485,#11486,#11487,#11488));
#11490=FACE_OUTER_BOUND('',#11489,.F.);
#11491=ADVANCED_FACE('',(#11490),#11483,.T.);
#11492=CARTESIAN_POINT('',(4.75E0,-1.52E0,-2.088E1));
#11493=DIRECTION('',(-1.E0,0.E0,0.E0));
#11494=DIRECTION('',(0.E0,-1.E0,0.E0));
#11495=AXIS2_PLACEMENT_3D('',#11492,#11493,#11494);
#11496=CYLINDRICAL_SURFACE('',#11495,1.E0);
#11497=ORIENTED_EDGE('',*,*,#11413,.F.);
#11498=ORIENTED_EDGE('',*,*,#11434,.T.);
#11499=ORIENTED_EDGE('',*,*,#11484,.T.);
#11500=ORIENTED_EDGE('',*,*,#11391,.F.);
#11501=EDGE_LOOP('',(#11497,#11498,#11499,#11500));
#11502=FACE_OUTER_BOUND('',#11501,.F.);
#11503=ADVANCED_FACE('',(#11502),#11496,.F.);
#11504=CARTESIAN_POINT('',(9.3E-1,1.2E-1,-1.77E1));
#11505=DIRECTION('',(0.E0,1.E0,0.E0));
#11506=DIRECTION('',(1.E0,0.E0,0.E0));
#11507=AXIS2_PLACEMENT_3D('',#11504,#11505,#11506);
#11508=PLANE('',#11507);
#11509=ORIENTED_EDGE('',*,*,#8693,.F.);
#11511=ORIENTED_EDGE('',*,*,#11510,.T.);
#11513=ORIENTED_EDGE('',*,*,#11512,.T.);
#11515=ORIENTED_EDGE('',*,*,#11514,.F.);
#11516=EDGE_LOOP('',(#11509,#11511,#11513,#11515));
#11517=FACE_OUTER_BOUND('',#11516,.F.);
#11518=ADVANCED_FACE('',(#11517),#11508,.T.);
#11519=CARTESIAN_POINT('',(9.3E-1,-5.2E-1,-1.77E1));
#11520=DIRECTION('',(-1.E0,0.E0,0.E0));
#11521=DIRECTION('',(0.E0,1.E0,0.E0));
#11522=AXIS2_PLACEMENT_3D('',#11519,#11520,#11521);
#11523=PLANE('',#11522);
#11524=ORIENTED_EDGE('',*,*,#8699,.F.);
#11526=ORIENTED_EDGE('',*,*,#11525,.T.);
#11528=ORIENTED_EDGE('',*,*,#11527,.T.);
#11530=ORIENTED_EDGE('',*,*,#11529,.T.);
#11532=ORIENTED_EDGE('',*,*,#11531,.T.);
#11534=ORIENTED_EDGE('',*,*,#11533,.F.);
#11536=ORIENTED_EDGE('',*,*,#11535,.F.);
#11537=ORIENTED_EDGE('',*,*,#11510,.F.);
#11538=EDGE_LOOP('',(#11524,#11526,#11528,#11530,#11532,#11534,#11536,#11537));
#11539=FACE_OUTER_BOUND('',#11538,.F.);
#11540=ADVANCED_FACE('',(#11539),#11523,.T.);
#11541=CARTESIAN_POINT('',(1.57E0,-5.2E-1,-1.77E1));
#11542=DIRECTION('',(0.E0,-1.E0,0.E0));
#11543=DIRECTION('',(-1.E0,0.E0,0.E0));
#11544=AXIS2_PLACEMENT_3D('',#11541,#11542,#11543);
#11545=PLANE('',#11544);
#11546=ORIENTED_EDGE('',*,*,#8697,.F.);
#11548=ORIENTED_EDGE('',*,*,#11547,.T.);
#11550=ORIENTED_EDGE('',*,*,#11549,.T.);
#11551=ORIENTED_EDGE('',*,*,#11525,.F.);
#11552=EDGE_LOOP('',(#11546,#11548,#11550,#11551));
#11553=FACE_OUTER_BOUND('',#11552,.F.);
#11554=ADVANCED_FACE('',(#11553),#11545,.T.);
#11555=CARTESIAN_POINT('',(1.57E0,1.2E-1,-1.77E1));
#11556=DIRECTION('',(1.E0,0.E0,0.E0));
#11557=DIRECTION('',(0.E0,-1.E0,0.E0));
#11558=AXIS2_PLACEMENT_3D('',#11555,#11556,#11557);
#11559=PLANE('',#11558);
#11560=ORIENTED_EDGE('',*,*,#8695,.T.);
#11561=ORIENTED_EDGE('',*,*,#11514,.T.);
#11563=ORIENTED_EDGE('',*,*,#11562,.T.);
#11565=ORIENTED_EDGE('',*,*,#11564,.T.);
#11567=ORIENTED_EDGE('',*,*,#11566,.T.);
#11569=ORIENTED_EDGE('',*,*,#11568,.F.);
#11571=ORIENTED_EDGE('',*,*,#11570,.F.);
#11572=ORIENTED_EDGE('',*,*,#11547,.F.);
#11573=EDGE_LOOP('',(#11560,#11561,#11563,#11565,#11567,#11569,#11571,#11572));
#11574=FACE_OUTER_BOUND('',#11573,.F.);
#11575=ADVANCED_FACE('',(#11574),#11559,.T.);
#11576=CARTESIAN_POINT('',(2.25E0,-1.52E0,-2.088E1));
#11577=DIRECTION('',(-1.E0,0.E0,0.E0));
#11578=DIRECTION('',(0.E0,-1.E0,0.E0));
#11579=AXIS2_PLACEMENT_3D('',#11576,#11577,#11578);
#11580=CYLINDRICAL_SURFACE('',#11579,1.64E0);
#11581=ORIENTED_EDGE('',*,*,#11512,.F.);
#11582=ORIENTED_EDGE('',*,*,#11535,.T.);
#11584=ORIENTED_EDGE('',*,*,#11583,.T.);
#11585=ORIENTED_EDGE('',*,*,#11562,.F.);
#11586=EDGE_LOOP('',(#11581,#11582,#11584,#11585));
#11587=FACE_OUTER_BOUND('',#11586,.F.);
#11588=ADVANCED_FACE('',(#11587),#11580,.T.);
#11589=CARTESIAN_POINT('',(9.3E-1,-1.52E0,-2.252E1));
#11590=DIRECTION('',(0.E0,0.E0,-1.E0));
#11591=DIRECTION('',(1.E0,0.E0,0.E0));
#11592=AXIS2_PLACEMENT_3D('',#11589,#11590,#11591);
#11593=PLANE('',#11592);
#11594=ORIENTED_EDGE('',*,*,#11583,.F.);
#11595=ORIENTED_EDGE('',*,*,#11533,.T.);
#11597=ORIENTED_EDGE('',*,*,#11596,.T.);
#11598=ORIENTED_EDGE('',*,*,#11564,.F.);
#11599=EDGE_LOOP('',(#11594,#11595,#11597,#11598));
#11600=FACE_OUTER_BOUND('',#11599,.F.);
#11601=ADVANCED_FACE('',(#11600),#11593,.T.);
#11602=CARTESIAN_POINT('',(1.25E0,-1.215E1,-2.22E1));
#11603=DIRECTION('',(0.E0,-1.E0,0.E0));
#11604=DIRECTION('',(0.E0,0.E0,-1.E0));
#11605=AXIS2_PLACEMENT_3D('',#11602,#11603,#11604);
#11606=PLANE('',#11605);
#11607=ORIENTED_EDGE('',*,*,#11596,.F.);
#11608=ORIENTED_EDGE('',*,*,#11531,.F.);
#11610=ORIENTED_EDGE('',*,*,#11609,.F.);
#11611=ORIENTED_EDGE('',*,*,#11566,.F.);
#11612=EDGE_LOOP('',(#11607,#11608,#11610,#11611));
#11613=FACE_OUTER_BOUND('',#11612,.F.);
#11614=ADVANCED_FACE('',(#11613),#11606,.T.);
#11615=CARTESIAN_POINT('',(1.57E0,-1.52E0,-2.188E1));
#11616=DIRECTION('',(0.E0,0.E0,1.E0));
#11617=DIRECTION('',(-1.E0,0.E0,0.E0));
#11618=AXIS2_PLACEMENT_3D('',#11615,#11616,#11617);
#11619=PLANE('',#11618);
#11621=ORIENTED_EDGE('',*,*,#11620,.F.);
#11622=ORIENTED_EDGE('',*,*,#11568,.T.);
#11623=ORIENTED_EDGE('',*,*,#11609,.T.);
#11624=ORIENTED_EDGE('',*,*,#11529,.F.);
#11625=EDGE_LOOP('',(#11621,#11622,#11623,#11624));
#11626=FACE_OUTER_BOUND('',#11625,.F.);
#11627=ADVANCED_FACE('',(#11626),#11619,.T.);
#11628=CARTESIAN_POINT('',(2.25E0,-1.52E0,-2.088E1));
#11629=DIRECTION('',(-1.E0,0.E0,0.E0));
#11630=DIRECTION('',(0.E0,-1.E0,0.E0));
#11631=AXIS2_PLACEMENT_3D('',#11628,#11629,#11630);
#11632=CYLINDRICAL_SURFACE('',#11631,1.E0);
#11633=ORIENTED_EDGE('',*,*,#11549,.F.);
#11634=ORIENTED_EDGE('',*,*,#11570,.T.);
#11635=ORIENTED_EDGE('',*,*,#11620,.T.);
#11636=ORIENTED_EDGE('',*,*,#11527,.F.);
#11637=EDGE_LOOP('',(#11633,#11634,#11635,#11636));
#11638=FACE_OUTER_BOUND('',#11637,.F.);
#11639=ADVANCED_FACE('',(#11638),#11632,.F.);
#11640=CARTESIAN_POINT('',(-1.57E0,1.2E-1,-1.77E1));
#11641=DIRECTION('',(0.E0,1.E0,0.E0));
#11642=DIRECTION('',(1.E0,0.E0,0.E0));
#11643=AXIS2_PLACEMENT_3D('',#11640,#11641,#11642);
#11644=PLANE('',#11643);
#11645=ORIENTED_EDGE('',*,*,#8703,.F.);
#11647=ORIENTED_EDGE('',*,*,#11646,.T.);
#11649=ORIENTED_EDGE('',*,*,#11648,.T.);
#11651=ORIENTED_EDGE('',*,*,#11650,.F.);
#11652=EDGE_LOOP('',(#11645,#11647,#11649,#11651));
#11653=FACE_OUTER_BOUND('',#11652,.F.);
#11654=ADVANCED_FACE('',(#11653),#11644,.T.);
#11655=CARTESIAN_POINT('',(-1.57E0,-5.2E-1,-1.77E1));
#11656=DIRECTION('',(-1.E0,0.E0,0.E0));
#11657=DIRECTION('',(0.E0,1.E0,0.E0));
#11658=AXIS2_PLACEMENT_3D('',#11655,#11656,#11657);
#11659=PLANE('',#11658);
#11660=ORIENTED_EDGE('',*,*,#8709,.F.);
#11662=ORIENTED_EDGE('',*,*,#11661,.T.);
#11664=ORIENTED_EDGE('',*,*,#11663,.T.);
#11666=ORIENTED_EDGE('',*,*,#11665,.T.);
#11668=ORIENTED_EDGE('',*,*,#11667,.T.);
#11670=ORIENTED_EDGE('',*,*,#11669,.F.);
#11672=ORIENTED_EDGE('',*,*,#11671,.F.);
#11673=ORIENTED_EDGE('',*,*,#11646,.F.);
#11674=EDGE_LOOP('',(#11660,#11662,#11664,#11666,#11668,#11670,#11672,#11673));
#11675=FACE_OUTER_BOUND('',#11674,.F.);
#11676=ADVANCED_FACE('',(#11675),#11659,.T.);
#11677=CARTESIAN_POINT('',(-9.3E-1,-5.2E-1,-1.77E1));
#11678=DIRECTION('',(0.E0,-1.E0,0.E0));
#11679=DIRECTION('',(-1.E0,0.E0,0.E0));
#11680=AXIS2_PLACEMENT_3D('',#11677,#11678,#11679);
#11681=PLANE('',#11680);
#11682=ORIENTED_EDGE('',*,*,#8707,.F.);
#11684=ORIENTED_EDGE('',*,*,#11683,.T.);
#11686=ORIENTED_EDGE('',*,*,#11685,.T.);
#11687=ORIENTED_EDGE('',*,*,#11661,.F.);
#11688=EDGE_LOOP('',(#11682,#11684,#11686,#11687));
#11689=FACE_OUTER_BOUND('',#11688,.F.);
#11690=ADVANCED_FACE('',(#11689),#11681,.T.);
#11691=CARTESIAN_POINT('',(-9.3E-1,1.2E-1,-1.77E1));
#11692=DIRECTION('',(1.E0,0.E0,0.E0));
#11693=DIRECTION('',(0.E0,-1.E0,0.E0));
#11694=AXIS2_PLACEMENT_3D('',#11691,#11692,#11693);
#11695=PLANE('',#11694);
#11696=ORIENTED_EDGE('',*,*,#8705,.T.);
#11697=ORIENTED_EDGE('',*,*,#11650,.T.);
#11699=ORIENTED_EDGE('',*,*,#11698,.T.);
#11701=ORIENTED_EDGE('',*,*,#11700,.T.);
#11703=ORIENTED_EDGE('',*,*,#11702,.T.);
#11705=ORIENTED_EDGE('',*,*,#11704,.F.);
#11707=ORIENTED_EDGE('',*,*,#11706,.F.);
#11708=ORIENTED_EDGE('',*,*,#11683,.F.);
#11709=EDGE_LOOP('',(#11696,#11697,#11699,#11701,#11703,#11705,#11707,#11708));
#11710=FACE_OUTER_BOUND('',#11709,.F.);
#11711=ADVANCED_FACE('',(#11710),#11695,.T.);
#11712=CARTESIAN_POINT('',(-2.5E-1,-1.52E0,-2.088E1));
#11713=DIRECTION('',(-1.E0,0.E0,0.E0));
#11714=DIRECTION('',(0.E0,-1.E0,0.E0));
#11715=AXIS2_PLACEMENT_3D('',#11712,#11713,#11714);
#11716=CYLINDRICAL_SURFACE('',#11715,1.64E0);
#11717=ORIENTED_EDGE('',*,*,#11648,.F.);
#11718=ORIENTED_EDGE('',*,*,#11671,.T.);
#11720=ORIENTED_EDGE('',*,*,#11719,.T.);
#11721=ORIENTED_EDGE('',*,*,#11698,.F.);
#11722=EDGE_LOOP('',(#11717,#11718,#11720,#11721));
#11723=FACE_OUTER_BOUND('',#11722,.F.);
#11724=ADVANCED_FACE('',(#11723),#11716,.T.);
#11725=CARTESIAN_POINT('',(-1.57E0,-1.52E0,-2.252E1));
#11726=DIRECTION('',(0.E0,0.E0,-1.E0));
#11727=DIRECTION('',(1.E0,0.E0,0.E0));
#11728=AXIS2_PLACEMENT_3D('',#11725,#11726,#11727);
#11729=PLANE('',#11728);
#11730=ORIENTED_EDGE('',*,*,#11719,.F.);
#11731=ORIENTED_EDGE('',*,*,#11669,.T.);
#11733=ORIENTED_EDGE('',*,*,#11732,.T.);
#11734=ORIENTED_EDGE('',*,*,#11700,.F.);
#11735=EDGE_LOOP('',(#11730,#11731,#11733,#11734));
#11736=FACE_OUTER_BOUND('',#11735,.F.);
#11737=ADVANCED_FACE('',(#11736),#11729,.T.);
#11738=CARTESIAN_POINT('',(-1.25E0,-1.215E1,-2.22E1));
#11739=DIRECTION('',(0.E0,-1.E0,0.E0));
#11740=DIRECTION('',(0.E0,0.E0,-1.E0));
#11741=AXIS2_PLACEMENT_3D('',#11738,#11739,#11740);
#11742=PLANE('',#11741);
#11743=ORIENTED_EDGE('',*,*,#11732,.F.);
#11744=ORIENTED_EDGE('',*,*,#11667,.F.);
#11746=ORIENTED_EDGE('',*,*,#11745,.F.);
#11747=ORIENTED_EDGE('',*,*,#11702,.F.);
#11748=EDGE_LOOP('',(#11743,#11744,#11746,#11747));
#11749=FACE_OUTER_BOUND('',#11748,.F.);
#11750=ADVANCED_FACE('',(#11749),#11742,.T.);
#11751=CARTESIAN_POINT('',(-9.3E-1,-1.52E0,-2.188E1));
#11752=DIRECTION('',(0.E0,0.E0,1.E0));
#11753=DIRECTION('',(-1.E0,0.E0,0.E0));
#11754=AXIS2_PLACEMENT_3D('',#11751,#11752,#11753);
#11755=PLANE('',#11754);
#11757=ORIENTED_EDGE('',*,*,#11756,.F.);
#11758=ORIENTED_EDGE('',*,*,#11704,.T.);
#11759=ORIENTED_EDGE('',*,*,#11745,.T.);
#11760=ORIENTED_EDGE('',*,*,#11665,.F.);
#11761=EDGE_LOOP('',(#11757,#11758,#11759,#11760));
#11762=FACE_OUTER_BOUND('',#11761,.F.);
#11763=ADVANCED_FACE('',(#11762),#11755,.T.);
#11764=CARTESIAN_POINT('',(-2.5E-1,-1.52E0,-2.088E1));
#11765=DIRECTION('',(-1.E0,0.E0,0.E0));
#11766=DIRECTION('',(0.E0,-1.E0,0.E0));
#11767=AXIS2_PLACEMENT_3D('',#11764,#11765,#11766);
#11768=CYLINDRICAL_SURFACE('',#11767,1.E0);
#11769=ORIENTED_EDGE('',*,*,#11685,.F.);
#11770=ORIENTED_EDGE('',*,*,#11706,.T.);
#11771=ORIENTED_EDGE('',*,*,#11756,.T.);
#11772=ORIENTED_EDGE('',*,*,#11663,.F.);
#11773=EDGE_LOOP('',(#11769,#11770,#11771,#11772));
#11774=FACE_OUTER_BOUND('',#11773,.F.);
#11775=ADVANCED_FACE('',(#11774),#11768,.F.);
#11776=CARTESIAN_POINT('',(-4.07E0,1.2E-1,-1.77E1));
#11777=DIRECTION('',(0.E0,1.E0,0.E0));
#11778=DIRECTION('',(1.E0,0.E0,0.E0));
#11779=AXIS2_PLACEMENT_3D('',#11776,#11777,#11778);
#11780=PLANE('',#11779);
#11781=ORIENTED_EDGE('',*,*,#8713,.F.);
#11783=ORIENTED_EDGE('',*,*,#11782,.T.);
#11785=ORIENTED_EDGE('',*,*,#11784,.T.);
#11787=ORIENTED_EDGE('',*,*,#11786,.F.);
#11788=EDGE_LOOP('',(#11781,#11783,#11785,#11787));
#11789=FACE_OUTER_BOUND('',#11788,.F.);
#11790=ADVANCED_FACE('',(#11789),#11780,.T.);
#11791=CARTESIAN_POINT('',(-4.07E0,-5.2E-1,-1.77E1));
#11792=DIRECTION('',(-1.E0,0.E0,0.E0));
#11793=DIRECTION('',(0.E0,1.E0,0.E0));
#11794=AXIS2_PLACEMENT_3D('',#11791,#11792,#11793);
#11795=PLANE('',#11794);
#11796=ORIENTED_EDGE('',*,*,#8719,.F.);
#11798=ORIENTED_EDGE('',*,*,#11797,.T.);
#11800=ORIENTED_EDGE('',*,*,#11799,.T.);
#11802=ORIENTED_EDGE('',*,*,#11801,.T.);
#11804=ORIENTED_EDGE('',*,*,#11803,.T.);
#11806=ORIENTED_EDGE('',*,*,#11805,.F.);
#11808=ORIENTED_EDGE('',*,*,#11807,.F.);
#11809=ORIENTED_EDGE('',*,*,#11782,.F.);
#11810=EDGE_LOOP('',(#11796,#11798,#11800,#11802,#11804,#11806,#11808,#11809));
#11811=FACE_OUTER_BOUND('',#11810,.F.);
#11812=ADVANCED_FACE('',(#11811),#11795,.T.);
#11813=CARTESIAN_POINT('',(-3.43E0,-5.2E-1,-1.77E1));
#11814=DIRECTION('',(0.E0,-1.E0,0.E0));
#11815=DIRECTION('',(-1.E0,0.E0,0.E0));
#11816=AXIS2_PLACEMENT_3D('',#11813,#11814,#11815);
#11817=PLANE('',#11816);
#11818=ORIENTED_EDGE('',*,*,#8717,.F.);
#11820=ORIENTED_EDGE('',*,*,#11819,.T.);
#11822=ORIENTED_EDGE('',*,*,#11821,.T.);
#11823=ORIENTED_EDGE('',*,*,#11797,.F.);
#11824=EDGE_LOOP('',(#11818,#11820,#11822,#11823));
#11825=FACE_OUTER_BOUND('',#11824,.F.);
#11826=ADVANCED_FACE('',(#11825),#11817,.T.);
#11827=CARTESIAN_POINT('',(-3.43E0,1.2E-1,-1.77E1));
#11828=DIRECTION('',(1.E0,0.E0,0.E0));
#11829=DIRECTION('',(0.E0,-1.E0,0.E0));
#11830=AXIS2_PLACEMENT_3D('',#11827,#11828,#11829);
#11831=PLANE('',#11830);
#11832=ORIENTED_EDGE('',*,*,#8715,.T.);
#11833=ORIENTED_EDGE('',*,*,#11786,.T.);
#11835=ORIENTED_EDGE('',*,*,#11834,.T.);
#11837=ORIENTED_EDGE('',*,*,#11836,.T.);
#11839=ORIENTED_EDGE('',*,*,#11838,.T.);
#11841=ORIENTED_EDGE('',*,*,#11840,.F.);
#11843=ORIENTED_EDGE('',*,*,#11842,.F.);
#11844=ORIENTED_EDGE('',*,*,#11819,.F.);
#11845=EDGE_LOOP('',(#11832,#11833,#11835,#11837,#11839,#11841,#11843,#11844));
#11846=FACE_OUTER_BOUND('',#11845,.F.);
#11847=ADVANCED_FACE('',(#11846),#11831,.T.);
#11848=CARTESIAN_POINT('',(-2.75E0,-1.52E0,-2.088E1));
#11849=DIRECTION('',(-1.E0,0.E0,0.E0));
#11850=DIRECTION('',(0.E0,-1.E0,0.E0));
#11851=AXIS2_PLACEMENT_3D('',#11848,#11849,#11850);
#11852=CYLINDRICAL_SURFACE('',#11851,1.64E0);
#11853=ORIENTED_EDGE('',*,*,#11784,.F.);
#11854=ORIENTED_EDGE('',*,*,#11807,.T.);
#11856=ORIENTED_EDGE('',*,*,#11855,.T.);
#11857=ORIENTED_EDGE('',*,*,#11834,.F.);
#11858=EDGE_LOOP('',(#11853,#11854,#11856,#11857));
#11859=FACE_OUTER_BOUND('',#11858,.F.);
#11860=ADVANCED_FACE('',(#11859),#11852,.T.);
#11861=CARTESIAN_POINT('',(-4.07E0,-1.52E0,-2.252E1));
#11862=DIRECTION('',(0.E0,0.E0,-1.E0));
#11863=DIRECTION('',(1.E0,0.E0,0.E0));
#11864=AXIS2_PLACEMENT_3D('',#11861,#11862,#11863);
#11865=PLANE('',#11864);
#11866=ORIENTED_EDGE('',*,*,#11855,.F.);
#11867=ORIENTED_EDGE('',*,*,#11805,.T.);
#11869=ORIENTED_EDGE('',*,*,#11868,.T.);
#11870=ORIENTED_EDGE('',*,*,#11836,.F.);
#11871=EDGE_LOOP('',(#11866,#11867,#11869,#11870));
#11872=FACE_OUTER_BOUND('',#11871,.F.);
#11873=ADVANCED_FACE('',(#11872),#11865,.T.);
#11874=CARTESIAN_POINT('',(-3.75E0,-1.215E1,-2.22E1));
#11875=DIRECTION('',(0.E0,-1.E0,0.E0));
#11876=DIRECTION('',(0.E0,0.E0,-1.E0));
#11877=AXIS2_PLACEMENT_3D('',#11874,#11875,#11876);
#11878=PLANE('',#11877);
#11879=ORIENTED_EDGE('',*,*,#11868,.F.);
#11880=ORIENTED_EDGE('',*,*,#11803,.F.);
#11882=ORIENTED_EDGE('',*,*,#11881,.F.);
#11883=ORIENTED_EDGE('',*,*,#11838,.F.);
#11884=EDGE_LOOP('',(#11879,#11880,#11882,#11883));
#11885=FACE_OUTER_BOUND('',#11884,.F.);
#11886=ADVANCED_FACE('',(#11885),#11878,.T.);
#11887=CARTESIAN_POINT('',(-3.43E0,-1.52E0,-2.188E1));
#11888=DIRECTION('',(0.E0,0.E0,1.E0));
#11889=DIRECTION('',(-1.E0,0.E0,0.E0));
#11890=AXIS2_PLACEMENT_3D('',#11887,#11888,#11889);
#11891=PLANE('',#11890);
#11893=ORIENTED_EDGE('',*,*,#11892,.F.);
#11894=ORIENTED_EDGE('',*,*,#11840,.T.);
#11895=ORIENTED_EDGE('',*,*,#11881,.T.);
#11896=ORIENTED_EDGE('',*,*,#11801,.F.);
#11897=EDGE_LOOP('',(#11893,#11894,#11895,#11896));
#11898=FACE_OUTER_BOUND('',#11897,.F.);
#11899=ADVANCED_FACE('',(#11898),#11891,.T.);
#11900=CARTESIAN_POINT('',(-2.75E0,-1.52E0,-2.088E1));
#11901=DIRECTION('',(-1.E0,0.E0,0.E0));
#11902=DIRECTION('',(0.E0,-1.E0,0.E0));
#11903=AXIS2_PLACEMENT_3D('',#11900,#11901,#11902);
#11904=CYLINDRICAL_SURFACE('',#11903,1.E0);
#11905=ORIENTED_EDGE('',*,*,#11821,.F.);
#11906=ORIENTED_EDGE('',*,*,#11842,.T.);
#11907=ORIENTED_EDGE('',*,*,#11892,.T.);
#11908=ORIENTED_EDGE('',*,*,#11799,.F.);
#11909=EDGE_LOOP('',(#11905,#11906,#11907,#11908));
#11910=FACE_OUTER_BOUND('',#11909,.F.);
#11911=ADVANCED_FACE('',(#11910),#11904,.F.);
#11912=CARTESIAN_POINT('',(-6.57E0,1.2E-1,-1.77E1));
#11913=DIRECTION('',(0.E0,1.E0,0.E0));
#11914=DIRECTION('',(1.E0,0.E0,0.E0));
#11915=AXIS2_PLACEMENT_3D('',#11912,#11913,#11914);
#11916=PLANE('',#11915);
#11917=ORIENTED_EDGE('',*,*,#8723,.F.);
#11919=ORIENTED_EDGE('',*,*,#11918,.T.);
#11921=ORIENTED_EDGE('',*,*,#11920,.T.);
#11923=ORIENTED_EDGE('',*,*,#11922,.F.);
#11924=EDGE_LOOP('',(#11917,#11919,#11921,#11923));
#11925=FACE_OUTER_BOUND('',#11924,.F.);
#11926=ADVANCED_FACE('',(#11925),#11916,.T.);
#11927=CARTESIAN_POINT('',(-6.57E0,-5.2E-1,-1.77E1));
#11928=DIRECTION('',(-1.E0,0.E0,0.E0));
#11929=DIRECTION('',(0.E0,1.E0,0.E0));
#11930=AXIS2_PLACEMENT_3D('',#11927,#11928,#11929);
#11931=PLANE('',#11930);
#11932=ORIENTED_EDGE('',*,*,#8729,.F.);
#11934=ORIENTED_EDGE('',*,*,#11933,.T.);
#11936=ORIENTED_EDGE('',*,*,#11935,.T.);
#11938=ORIENTED_EDGE('',*,*,#11937,.T.);
#11940=ORIENTED_EDGE('',*,*,#11939,.T.);
#11942=ORIENTED_EDGE('',*,*,#11941,.F.);
#11944=ORIENTED_EDGE('',*,*,#11943,.F.);
#11945=ORIENTED_EDGE('',*,*,#11918,.F.);
#11946=EDGE_LOOP('',(#11932,#11934,#11936,#11938,#11940,#11942,#11944,#11945));
#11947=FACE_OUTER_BOUND('',#11946,.F.);
#11948=ADVANCED_FACE('',(#11947),#11931,.T.);
#11949=CARTESIAN_POINT('',(-5.93E0,-5.2E-1,-1.77E1));
#11950=DIRECTION('',(0.E0,-1.E0,0.E0));
#11951=DIRECTION('',(-1.E0,0.E0,0.E0));
#11952=AXIS2_PLACEMENT_3D('',#11949,#11950,#11951);
#11953=PLANE('',#11952);
#11954=ORIENTED_EDGE('',*,*,#8727,.F.);
#11956=ORIENTED_EDGE('',*,*,#11955,.T.);
#11958=ORIENTED_EDGE('',*,*,#11957,.T.);
#11959=ORIENTED_EDGE('',*,*,#11933,.F.);
#11960=EDGE_LOOP('',(#11954,#11956,#11958,#11959));
#11961=FACE_OUTER_BOUND('',#11960,.F.);
#11962=ADVANCED_FACE('',(#11961),#11953,.T.);
#11963=CARTESIAN_POINT('',(-5.93E0,1.2E-1,-1.77E1));
#11964=DIRECTION('',(1.E0,0.E0,0.E0));
#11965=DIRECTION('',(0.E0,-1.E0,0.E0));
#11966=AXIS2_PLACEMENT_3D('',#11963,#11964,#11965);
#11967=PLANE('',#11966);
#11968=ORIENTED_EDGE('',*,*,#8725,.T.);
#11969=ORIENTED_EDGE('',*,*,#11922,.T.);
#11971=ORIENTED_EDGE('',*,*,#11970,.T.);
#11973=ORIENTED_EDGE('',*,*,#11972,.T.);
#11975=ORIENTED_EDGE('',*,*,#11974,.T.);
#11977=ORIENTED_EDGE('',*,*,#11976,.F.);
#11979=ORIENTED_EDGE('',*,*,#11978,.F.);
#11980=ORIENTED_EDGE('',*,*,#11955,.F.);
#11981=EDGE_LOOP('',(#11968,#11969,#11971,#11973,#11975,#11977,#11979,#11980));
#11982=FACE_OUTER_BOUND('',#11981,.F.);
#11983=ADVANCED_FACE('',(#11982),#11967,.T.);
#11984=CARTESIAN_POINT('',(-5.25E0,-1.52E0,-2.088E1));
#11985=DIRECTION('',(-1.E0,0.E0,0.E0));
#11986=DIRECTION('',(0.E0,-1.E0,0.E0));
#11987=AXIS2_PLACEMENT_3D('',#11984,#11985,#11986);
#11988=CYLINDRICAL_SURFACE('',#11987,1.64E0);
#11989=ORIENTED_EDGE('',*,*,#11920,.F.);
#11990=ORIENTED_EDGE('',*,*,#11943,.T.);
#11992=ORIENTED_EDGE('',*,*,#11991,.T.);
#11993=ORIENTED_EDGE('',*,*,#11970,.F.);
#11994=EDGE_LOOP('',(#11989,#11990,#11992,#11993));
#11995=FACE_OUTER_BOUND('',#11994,.F.);
#11996=ADVANCED_FACE('',(#11995),#11988,.T.);
#11997=CARTESIAN_POINT('',(-6.57E0,-1.52E0,-2.252E1));
#11998=DIRECTION('',(0.E0,0.E0,-1.E0));
#11999=DIRECTION('',(1.E0,0.E0,0.E0));
#12000=AXIS2_PLACEMENT_3D('',#11997,#11998,#11999);
#12001=PLANE('',#12000);
#12002=ORIENTED_EDGE('',*,*,#11991,.F.);
#12003=ORIENTED_EDGE('',*,*,#11941,.T.);
#12005=ORIENTED_EDGE('',*,*,#12004,.T.);
#12006=ORIENTED_EDGE('',*,*,#11972,.F.);
#12007=EDGE_LOOP('',(#12002,#12003,#12005,#12006));
#12008=FACE_OUTER_BOUND('',#12007,.F.);
#12009=ADVANCED_FACE('',(#12008),#12001,.T.);
#12010=CARTESIAN_POINT('',(-6.25E0,-1.215E1,-2.22E1));
#12011=DIRECTION('',(0.E0,-1.E0,0.E0));
#12012=DIRECTION('',(0.E0,0.E0,-1.E0));
#12013=AXIS2_PLACEMENT_3D('',#12010,#12011,#12012);
#12014=PLANE('',#12013);
#12015=ORIENTED_EDGE('',*,*,#12004,.F.);
#12016=ORIENTED_EDGE('',*,*,#11939,.F.);
#12018=ORIENTED_EDGE('',*,*,#12017,.F.);
#12019=ORIENTED_EDGE('',*,*,#11974,.F.);
#12020=EDGE_LOOP('',(#12015,#12016,#12018,#12019));
#12021=FACE_OUTER_BOUND('',#12020,.F.);
#12022=ADVANCED_FACE('',(#12021),#12014,.T.);
#12023=CARTESIAN_POINT('',(-5.93E0,-1.52E0,-2.188E1));
#12024=DIRECTION('',(0.E0,0.E0,1.E0));
#12025=DIRECTION('',(-1.E0,0.E0,0.E0));
#12026=AXIS2_PLACEMENT_3D('',#12023,#12024,#12025);
#12027=PLANE('',#12026);
#12029=ORIENTED_EDGE('',*,*,#12028,.F.);
#12030=ORIENTED_EDGE('',*,*,#11976,.T.);
#12031=ORIENTED_EDGE('',*,*,#12017,.T.);
#12032=ORIENTED_EDGE('',*,*,#11937,.F.);
#12033=EDGE_LOOP('',(#12029,#12030,#12031,#12032));
#12034=FACE_OUTER_BOUND('',#12033,.F.);
#12035=ADVANCED_FACE('',(#12034),#12027,.T.);
#12036=CARTESIAN_POINT('',(-5.25E0,-1.52E0,-2.088E1));
#12037=DIRECTION('',(-1.E0,0.E0,0.E0));
#12038=DIRECTION('',(0.E0,-1.E0,0.E0));
#12039=AXIS2_PLACEMENT_3D('',#12036,#12037,#12038);
#12040=CYLINDRICAL_SURFACE('',#12039,1.E0);
#12041=ORIENTED_EDGE('',*,*,#11957,.F.);
#12042=ORIENTED_EDGE('',*,*,#11978,.T.);
#12043=ORIENTED_EDGE('',*,*,#12028,.T.);
#12044=ORIENTED_EDGE('',*,*,#11935,.F.);
#12045=EDGE_LOOP('',(#12041,#12042,#12043,#12044));
#12046=FACE_OUTER_BOUND('',#12045,.F.);
#12047=ADVANCED_FACE('',(#12046),#12040,.F.);
#12048=CARTESIAN_POINT('',(-9.07E0,1.2E-1,-1.77E1));
#12049=DIRECTION('',(0.E0,1.E0,0.E0));
#12050=DIRECTION('',(1.E0,0.E0,0.E0));
#12051=AXIS2_PLACEMENT_3D('',#12048,#12049,#12050);
#12052=PLANE('',#12051);
#12053=ORIENTED_EDGE('',*,*,#8733,.F.);
#12055=ORIENTED_EDGE('',*,*,#12054,.T.);
#12057=ORIENTED_EDGE('',*,*,#12056,.T.);
#12059=ORIENTED_EDGE('',*,*,#12058,.F.);
#12060=EDGE_LOOP('',(#12053,#12055,#12057,#12059));
#12061=FACE_OUTER_BOUND('',#12060,.F.);
#12062=ADVANCED_FACE('',(#12061),#12052,.T.);
#12063=CARTESIAN_POINT('',(-9.07E0,-5.2E-1,-1.77E1));
#12064=DIRECTION('',(-1.E0,0.E0,0.E0));
#12065=DIRECTION('',(0.E0,1.E0,0.E0));
#12066=AXIS2_PLACEMENT_3D('',#12063,#12064,#12065);
#12067=PLANE('',#12066);
#12068=ORIENTED_EDGE('',*,*,#8739,.F.);
#12070=ORIENTED_EDGE('',*,*,#12069,.T.);
#12072=ORIENTED_EDGE('',*,*,#12071,.T.);
#12074=ORIENTED_EDGE('',*,*,#12073,.T.);
#12076=ORIENTED_EDGE('',*,*,#12075,.T.);
#12078=ORIENTED_EDGE('',*,*,#12077,.F.);
#12080=ORIENTED_EDGE('',*,*,#12079,.F.);
#12081=ORIENTED_EDGE('',*,*,#12054,.F.);
#12082=EDGE_LOOP('',(#12068,#12070,#12072,#12074,#12076,#12078,#12080,#12081));
#12083=FACE_OUTER_BOUND('',#12082,.F.);
#12084=ADVANCED_FACE('',(#12083),#12067,.T.);
#12085=CARTESIAN_POINT('',(-8.43E0,-5.2E-1,-1.77E1));
#12086=DIRECTION('',(0.E0,-1.E0,0.E0));
#12087=DIRECTION('',(-1.E0,0.E0,0.E0));
#12088=AXIS2_PLACEMENT_3D('',#12085,#12086,#12087);
#12089=PLANE('',#12088);
#12090=ORIENTED_EDGE('',*,*,#8737,.F.);
#12092=ORIENTED_EDGE('',*,*,#12091,.T.);
#12094=ORIENTED_EDGE('',*,*,#12093,.T.);
#12095=ORIENTED_EDGE('',*,*,#12069,.F.);
#12096=EDGE_LOOP('',(#12090,#12092,#12094,#12095));
#12097=FACE_OUTER_BOUND('',#12096,.F.);
#12098=ADVANCED_FACE('',(#12097),#12089,.T.);
#12099=CARTESIAN_POINT('',(-8.43E0,1.2E-1,-1.77E1));
#12100=DIRECTION('',(1.E0,0.E0,0.E0));
#12101=DIRECTION('',(0.E0,-1.E0,0.E0));
#12102=AXIS2_PLACEMENT_3D('',#12099,#12100,#12101);
#12103=PLANE('',#12102);
#12104=ORIENTED_EDGE('',*,*,#8735,.T.);
#12105=ORIENTED_EDGE('',*,*,#12058,.T.);
#12107=ORIENTED_EDGE('',*,*,#12106,.T.);
#12109=ORIENTED_EDGE('',*,*,#12108,.T.);
#12111=ORIENTED_EDGE('',*,*,#12110,.T.);
#12113=ORIENTED_EDGE('',*,*,#12112,.F.);
#12115=ORIENTED_EDGE('',*,*,#12114,.F.);
#12116=ORIENTED_EDGE('',*,*,#12091,.F.);
#12117=EDGE_LOOP('',(#12104,#12105,#12107,#12109,#12111,#12113,#12115,#12116));
#12118=FACE_OUTER_BOUND('',#12117,.F.);
#12119=ADVANCED_FACE('',(#12118),#12103,.T.);
#12120=CARTESIAN_POINT('',(-7.75E0,-1.52E0,-2.088E1));
#12121=DIRECTION('',(-1.E0,0.E0,0.E0));
#12122=DIRECTION('',(0.E0,-1.E0,0.E0));
#12123=AXIS2_PLACEMENT_3D('',#12120,#12121,#12122);
#12124=CYLINDRICAL_SURFACE('',#12123,1.64E0);
#12125=ORIENTED_EDGE('',*,*,#12056,.F.);
#12126=ORIENTED_EDGE('',*,*,#12079,.T.);
#12128=ORIENTED_EDGE('',*,*,#12127,.T.);
#12129=ORIENTED_EDGE('',*,*,#12106,.F.);
#12130=EDGE_LOOP('',(#12125,#12126,#12128,#12129));
#12131=FACE_OUTER_BOUND('',#12130,.F.);
#12132=ADVANCED_FACE('',(#12131),#12124,.T.);
#12133=CARTESIAN_POINT('',(-9.07E0,-1.52E0,-2.252E1));
#12134=DIRECTION('',(0.E0,0.E0,-1.E0));
#12135=DIRECTION('',(1.E0,0.E0,0.E0));
#12136=AXIS2_PLACEMENT_3D('',#12133,#12134,#12135);
#12137=PLANE('',#12136);
#12138=ORIENTED_EDGE('',*,*,#12127,.F.);
#12139=ORIENTED_EDGE('',*,*,#12077,.T.);
#12141=ORIENTED_EDGE('',*,*,#12140,.T.);
#12142=ORIENTED_EDGE('',*,*,#12108,.F.);
#12143=EDGE_LOOP('',(#12138,#12139,#12141,#12142));
#12144=FACE_OUTER_BOUND('',#12143,.F.);
#12145=ADVANCED_FACE('',(#12144),#12137,.T.);
#12146=CARTESIAN_POINT('',(-8.75E0,-1.215E1,-2.22E1));
#12147=DIRECTION('',(0.E0,-1.E0,0.E0));
#12148=DIRECTION('',(0.E0,0.E0,-1.E0));
#12149=AXIS2_PLACEMENT_3D('',#12146,#12147,#12148);
#12150=PLANE('',#12149);
#12151=ORIENTED_EDGE('',*,*,#12140,.F.);
#12152=ORIENTED_EDGE('',*,*,#12075,.F.);
#12154=ORIENTED_EDGE('',*,*,#12153,.F.);
#12155=ORIENTED_EDGE('',*,*,#12110,.F.);
#12156=EDGE_LOOP('',(#12151,#12152,#12154,#12155));
#12157=FACE_OUTER_BOUND('',#12156,.F.);
#12158=ADVANCED_FACE('',(#12157),#12150,.T.);
#12159=CARTESIAN_POINT('',(-8.43E0,-1.52E0,-2.188E1));
#12160=DIRECTION('',(0.E0,0.E0,1.E0));
#12161=DIRECTION('',(-1.E0,0.E0,0.E0));
#12162=AXIS2_PLACEMENT_3D('',#12159,#12160,#12161);
#12163=PLANE('',#12162);
#12165=ORIENTED_EDGE('',*,*,#12164,.F.);
#12166=ORIENTED_EDGE('',*,*,#12112,.T.);
#12167=ORIENTED_EDGE('',*,*,#12153,.T.);
#12168=ORIENTED_EDGE('',*,*,#12073,.F.);
#12169=EDGE_LOOP('',(#12165,#12166,#12167,#12168));
#12170=FACE_OUTER_BOUND('',#12169,.F.);
#12171=ADVANCED_FACE('',(#12170),#12163,.T.);
#12172=CARTESIAN_POINT('',(-7.75E0,-1.52E0,-2.088E1));
#12173=DIRECTION('',(-1.E0,0.E0,0.E0));
#12174=DIRECTION('',(0.E0,-1.E0,0.E0));
#12175=AXIS2_PLACEMENT_3D('',#12172,#12173,#12174);
#12176=CYLINDRICAL_SURFACE('',#12175,1.E0);
#12177=ORIENTED_EDGE('',*,*,#12093,.F.);
#12178=ORIENTED_EDGE('',*,*,#12114,.T.);
#12179=ORIENTED_EDGE('',*,*,#12164,.T.);
#12180=ORIENTED_EDGE('',*,*,#12071,.F.);
#12181=EDGE_LOOP('',(#12177,#12178,#12179,#12180));
#12182=FACE_OUTER_BOUND('',#12181,.F.);
#12183=ADVANCED_FACE('',(#12182),#12176,.F.);
#12184=CARTESIAN_POINT('',(-1.157E1,1.2E-1,-1.77E1));
#12185=DIRECTION('',(0.E0,1.E0,0.E0));
#12186=DIRECTION('',(1.E0,0.E0,0.E0));
#12187=AXIS2_PLACEMENT_3D('',#12184,#12185,#12186);
#12188=PLANE('',#12187);
#12189=ORIENTED_EDGE('',*,*,#8743,.F.);
#12191=ORIENTED_EDGE('',*,*,#12190,.T.);
#12193=ORIENTED_EDGE('',*,*,#12192,.T.);
#12195=ORIENTED_EDGE('',*,*,#12194,.F.);
#12196=EDGE_LOOP('',(#12189,#12191,#12193,#12195));
#12197=FACE_OUTER_BOUND('',#12196,.F.);
#12198=ADVANCED_FACE('',(#12197),#12188,.T.);
#12199=CARTESIAN_POINT('',(-1.157E1,-5.2E-1,-1.77E1));
#12200=DIRECTION('',(-1.E0,0.E0,0.E0));
#12201=DIRECTION('',(0.E0,1.E0,0.E0));
#12202=AXIS2_PLACEMENT_3D('',#12199,#12200,#12201);
#12203=PLANE('',#12202);
#12204=ORIENTED_EDGE('',*,*,#8749,.F.);
#12206=ORIENTED_EDGE('',*,*,#12205,.T.);
#12208=ORIENTED_EDGE('',*,*,#12207,.T.);
#12210=ORIENTED_EDGE('',*,*,#12209,.T.);
#12212=ORIENTED_EDGE('',*,*,#12211,.T.);
#12214=ORIENTED_EDGE('',*,*,#12213,.F.);
#12216=ORIENTED_EDGE('',*,*,#12215,.F.);
#12217=ORIENTED_EDGE('',*,*,#12190,.F.);
#12218=EDGE_LOOP('',(#12204,#12206,#12208,#12210,#12212,#12214,#12216,#12217));
#12219=FACE_OUTER_BOUND('',#12218,.F.);
#12220=ADVANCED_FACE('',(#12219),#12203,.T.);
#12221=CARTESIAN_POINT('',(-1.093E1,-5.2E-1,-1.77E1));
#12222=DIRECTION('',(0.E0,-1.E0,0.E0));
#12223=DIRECTION('',(-1.E0,0.E0,0.E0));
#12224=AXIS2_PLACEMENT_3D('',#12221,#12222,#12223);
#12225=PLANE('',#12224);
#12226=ORIENTED_EDGE('',*,*,#8747,.F.);
#12228=ORIENTED_EDGE('',*,*,#12227,.T.);
#12230=ORIENTED_EDGE('',*,*,#12229,.T.);
#12231=ORIENTED_EDGE('',*,*,#12205,.F.);
#12232=EDGE_LOOP('',(#12226,#12228,#12230,#12231));
#12233=FACE_OUTER_BOUND('',#12232,.F.);
#12234=ADVANCED_FACE('',(#12233),#12225,.T.);
#12235=CARTESIAN_POINT('',(-1.093E1,1.2E-1,-1.77E1));
#12236=DIRECTION('',(1.E0,0.E0,0.E0));
#12237=DIRECTION('',(0.E0,-1.E0,0.E0));
#12238=AXIS2_PLACEMENT_3D('',#12235,#12236,#12237);
#12239=PLANE('',#12238);
#12240=ORIENTED_EDGE('',*,*,#8745,.T.);
#12241=ORIENTED_EDGE('',*,*,#12194,.T.);
#12243=ORIENTED_EDGE('',*,*,#12242,.T.);
#12245=ORIENTED_EDGE('',*,*,#12244,.T.);
#12247=ORIENTED_EDGE('',*,*,#12246,.T.);
#12249=ORIENTED_EDGE('',*,*,#12248,.F.);
#12251=ORIENTED_EDGE('',*,*,#12250,.F.);
#12252=ORIENTED_EDGE('',*,*,#12227,.F.);
#12253=EDGE_LOOP('',(#12240,#12241,#12243,#12245,#12247,#12249,#12251,#12252));
#12254=FACE_OUTER_BOUND('',#12253,.F.);
#12255=ADVANCED_FACE('',(#12254),#12239,.T.);
#12256=CARTESIAN_POINT('',(-1.025E1,-1.52E0,-2.088E1));
#12257=DIRECTION('',(-1.E0,0.E0,0.E0));
#12258=DIRECTION('',(0.E0,-1.E0,0.E0));
#12259=AXIS2_PLACEMENT_3D('',#12256,#12257,#12258);
#12260=CYLINDRICAL_SURFACE('',#12259,1.64E0);
#12261=ORIENTED_EDGE('',*,*,#12192,.F.);
#12262=ORIENTED_EDGE('',*,*,#12215,.T.);
#12264=ORIENTED_EDGE('',*,*,#12263,.T.);
#12265=ORIENTED_EDGE('',*,*,#12242,.F.);
#12266=EDGE_LOOP('',(#12261,#12262,#12264,#12265));
#12267=FACE_OUTER_BOUND('',#12266,.F.);
#12268=ADVANCED_FACE('',(#12267),#12260,.T.);
#12269=CARTESIAN_POINT('',(-1.157E1,-1.52E0,-2.252E1));
#12270=DIRECTION('',(0.E0,0.E0,-1.E0));
#12271=DIRECTION('',(1.E0,0.E0,0.E0));
#12272=AXIS2_PLACEMENT_3D('',#12269,#12270,#12271);
#12273=PLANE('',#12272);
#12274=ORIENTED_EDGE('',*,*,#12263,.F.);
#12275=ORIENTED_EDGE('',*,*,#12213,.T.);
#12277=ORIENTED_EDGE('',*,*,#12276,.T.);
#12278=ORIENTED_EDGE('',*,*,#12244,.F.);
#12279=EDGE_LOOP('',(#12274,#12275,#12277,#12278));
#12280=FACE_OUTER_BOUND('',#12279,.F.);
#12281=ADVANCED_FACE('',(#12280),#12273,.T.);
#12282=CARTESIAN_POINT('',(-1.125E1,-1.215E1,-2.22E1));
#12283=DIRECTION('',(0.E0,-1.E0,0.E0));
#12284=DIRECTION('',(0.E0,0.E0,-1.E0));
#12285=AXIS2_PLACEMENT_3D('',#12282,#12283,#12284);
#12286=PLANE('',#12285);
#12287=ORIENTED_EDGE('',*,*,#12276,.F.);
#12288=ORIENTED_EDGE('',*,*,#12211,.F.);
#12290=ORIENTED_EDGE('',*,*,#12289,.F.);
#12291=ORIENTED_EDGE('',*,*,#12246,.F.);
#12292=EDGE_LOOP('',(#12287,#12288,#12290,#12291));
#12293=FACE_OUTER_BOUND('',#12292,.F.);
#12294=ADVANCED_FACE('',(#12293),#12286,.T.);
#12295=CARTESIAN_POINT('',(-1.093E1,-1.52E0,-2.188E1));
#12296=DIRECTION('',(0.E0,0.E0,1.E0));
#12297=DIRECTION('',(-1.E0,0.E0,0.E0));
#12298=AXIS2_PLACEMENT_3D('',#12295,#12296,#12297);
#12299=PLANE('',#12298);
#12301=ORIENTED_EDGE('',*,*,#12300,.F.);
#12302=ORIENTED_EDGE('',*,*,#12248,.T.);
#12303=ORIENTED_EDGE('',*,*,#12289,.T.);
#12304=ORIENTED_EDGE('',*,*,#12209,.F.);
#12305=EDGE_LOOP('',(#12301,#12302,#12303,#12304));
#12306=FACE_OUTER_BOUND('',#12305,.F.);
#12307=ADVANCED_FACE('',(#12306),#12299,.T.);
#12308=CARTESIAN_POINT('',(-1.025E1,-1.52E0,-2.088E1));
#12309=DIRECTION('',(-1.E0,0.E0,0.E0));
#12310=DIRECTION('',(0.E0,-1.E0,0.E0));
#12311=AXIS2_PLACEMENT_3D('',#12308,#12309,#12310);
#12312=CYLINDRICAL_SURFACE('',#12311,1.E0);
#12313=ORIENTED_EDGE('',*,*,#12229,.F.);
#12314=ORIENTED_EDGE('',*,*,#12250,.T.);
#12315=ORIENTED_EDGE('',*,*,#12300,.T.);
#12316=ORIENTED_EDGE('',*,*,#12207,.F.);
#12317=EDGE_LOOP('',(#12313,#12314,#12315,#12316));
#12318=FACE_OUTER_BOUND('',#12317,.F.);
#12319=ADVANCED_FACE('',(#12318),#12312,.F.);
#12320=CLOSED_SHELL('',(#5877,#5898,#5919,#5934,#5953,#5971,#5986,#5999,#6015,
#6029,#6045,#6060,#6073,#6088,#6103,#6116,#6129,#6145,#6161,#6177,#6191,#6206,
#6219,#6234,#6248,#6264,#6278,#6292,#6306,#6322,#6336,#6601,#6614,#6626,#6639,
#6651,#6664,#6679,#6693,#6709,#6723,#6735,#6750,#6765,#6778,#6792,#6804,#6818,
#6831,#6845,#6857,#6873,#6889,#6903,#6916,#6928,#6942,#6954,#6973,#6986,#7001,
#7013,#7027,#7044,#7057,#7071,#7083,#7095,#7107,#7119,#7134,#7148,#7162,#7175,
#7187,#7203,#7217,#7230,#7243,#7255,#7270,#7284,#7298,#7311,#7323,#7339,#7353,
#7366,#7379,#7391,#7406,#7420,#7434,#7447,#7459,#7475,#7489,#7502,#7515,#7527,
#7542,#7556,#7570,#7583,#7595,#7611,#7625,#7638,#7651,#7663,#7678,#7692,#7706,
#7719,#7731,#7747,#7761,#7774,#7787,#7799,#7814,#7828,#7842,#7855,#7867,#7883,
#7897,#7910,#7923,#7935,#7950,#7964,#7978,#7991,#8003,#8019,#8033,#8046,#8059,
#8071,#8086,#8100,#8114,#8127,#8139,#8155,#8169,#8182,#8195,#8207,#8222,#8236,
#8250,#8263,#8275,#8291,#8305,#8318,#8331,#8343,#8358,#8372,#8386,#8399,#8411,
#8427,#8441,#8454,#8467,#8479,#8494,#8753,#8768,#8783,#8797,#8836,#8850,#8866,
#8880,#8897,#8922,#8948,#8962,#8977,#8990,#9004,#9018,#9031,#9044,#9056,#9070,
#9083,#9104,#9117,#9130,#9143,#9161,#9174,#9186,#9198,#9211,#9223,#9235,#9250,
#9266,#9280,#9295,#9310,#9324,#9338,#9352,#9365,#9379,#9392,#9406,#9418,#9430,
#9451,#9463,#9481,#9494,#9507,#9521,#9536,#9550,#9562,#9574,#9587,#9599,#9614,
#9636,#9650,#9671,#9684,#9697,#9710,#9723,#9735,#9750,#9772,#9786,#9807,#9820,
#9833,#9846,#9859,#9871,#9886,#9908,#9922,#9943,#9956,#9969,#9982,#9995,#10007,
#10022,#10044,#10058,#10079,#10092,#10105,#10118,#10131,#10143,#10158,#10180,
#10194,#10215,#10228,#10241,#10254,#10267,#10279,#10294,#10316,#10330,#10351,
#10364,#10377,#10390,#10403,#10415,#10430,#10452,#10466,#10487,#10500,#10513,
#10526,#10539,#10551,#10566,#10588,#10602,#10623,#10636,#10649,#10662,#10675,
#10687,#10702,#10724,#10738,#10759,#10772,#10785,#10798,#10811,#10823,#10838,
#10860,#10874,#10895,#10908,#10921,#10934,#10947,#10959,#10974,#10996,#11010,
#11031,#11044,#11057,#11070,#11083,#11095,#11110,#11132,#11146,#11167,#11180,
#11193,#11206,#11219,#11231,#11246,#11268,#11282,#11303,#11316,#11329,#11342,
#11355,#11367,#11382,#11404,#11418,#11439,#11452,#11465,#11478,#11491,#11503,
#11518,#11540,#11554,#11575,#11588,#11601,#11614,#11627,#11639,#11654,#11676,
#11690,#11711,#11724,#11737,#11750,#11763,#11775,#11790,#11812,#11826,#11847,
#11860,#11873,#11886,#11899,#11911,#11926,#11948,#11962,#11983,#11996,#12009,
#12022,#12035,#12047,#12062,#12084,#12098,#12119,#12132,#12145,#12158,#12171,
#12183,#12198,#12220,#12234,#12255,#12268,#12281,#12294,#12307,#12319));
#12321=MANIFOLD_SOLID_BREP('',#12320);
#12323=DIMENSIONAL_EXPONENTS(0.E0,0.E0,0.E0,0.E0,0.E0,0.E0,0.E0);
#12325=PLANE_ANGLE_MEASURE_WITH_UNIT(PLANE_ANGLE_MEASURE(1.745329251994E-2),
#12324);
#12326=(CONVERSION_BASED_UNIT('DEGREE',#12325)NAMED_UNIT(#12323)PLANE_ANGLE_UNIT());
#12328=UNCERTAINTY_MEASURE_WITH_UNIT(LENGTH_MEASURE(5.031210473851E-3),#12322,
'distance_accuracy_value',
'Maximum model space distance between geometric entities at asserted connectivities');
#12329=(GEOMETRIC_REPRESENTATION_CONTEXT(3)GLOBAL_UNCERTAINTY_ASSIGNED_CONTEXT((
#12328))GLOBAL_UNIT_ASSIGNED_CONTEXT((#12322,#12326,#12327))REPRESENTATION_CONTEXT('ID1','3'));
#12331=APPLICATION_CONTEXT('automotive_design');
#12332=APPLICATION_PROTOCOL_DEFINITION('international standard',
'automotive_design',2001,#12331);
#12333=PRODUCT_DEFINITION_CONTEXT('part definition',#12331,'design');
#12334=PRODUCT_CONTEXT('',#12331,'mechanical');
#12335=PRODUCT('C-1-175975-2','C-1-175975-2','NOT SPECIFIED',(#12334));
#12336=PRODUCT_DEFINITION_FORMATION('8','LAST_VERSION',#12335);
#12344=DERIVED_UNIT_ELEMENT(#12343,2.E0);
#12345=DERIVED_UNIT((#12344));
#12346=MEASURE_REPRESENTATION_ITEM('surface area measure',AREA_MEASURE(
5.413594194568E3),#12345);
#12351=DERIVED_UNIT_ELEMENT(#12350,3.E0);
#12352=DERIVED_UNIT((#12351));
#12353=MEASURE_REPRESENTATION_ITEM('volume measure',VOLUME_MEASURE(
4.122479869708E3),#12352);
#12357=CARTESIAN_POINT('centre point',(1.455992590329E-6,2.597873968822E-1,
-1.144689242547E1));
#12362=DERIVED_UNIT_ELEMENT(#12361,2.E0);
#12363=DERIVED_UNIT((#12362));
#12364=MEASURE_REPRESENTATION_ITEM('surface area measure',AREA_MEASURE(
5.413594194568E3),#12363);
#12369=DERIVED_UNIT_ELEMENT(#12368,3.E0);
#12370=DERIVED_UNIT((#12369));
#12371=MEASURE_REPRESENTATION_ITEM('volume measure',VOLUME_MEASURE(
4.122479869708E3),#12370);
#12375=CARTESIAN_POINT('centre point',(1.455992590329E-6,2.597873968822E-1,
-1.144689242547E1));
#12380=PRODUCT_RELATED_PRODUCT_CATEGORY('part','',(#12335));
#12382=GENERAL_PROPERTY('user defined attribute','','');
#12383=GENERAL_PROPERTY_ASSOCIATION('user defined attribute','',#12382,#12381);
#12384=DESCRIPTIVE_REPRESENTATION_ITEM('PART_NO','175975');
#12388=GENERAL_PROPERTY('user defined attribute','','');
#12389=GENERAL_PROPERTY_ASSOCIATION('user defined attribute','',#12388,#12387);
#12390=DESCRIPTIVE_REPRESENTATION_ITEM('DWG_TITLE',
'040 SERIES MULTI-LOCK I/O CONNECTOR MK-II');
#12394=GENERAL_PROPERTY('user defined attribute','','');
#12395=GENERAL_PROPERTY_ASSOCIATION('user defined attribute','',#12394,#12393);
#12396=DESCRIPTIVE_REPRESENTATION_ITEM('DWG_TITLE_2',
'20POSITION CAP HOUSING ASSEMBLY');
#12400=GENERAL_PROPERTY('user defined attribute','','');
#12401=GENERAL_PROPERTY_ASSOCIATION('user defined attribute','',#12400,#12399);
#12402=DESCRIPTIVE_REPRESENTATION_ITEM('DESC',
'040 SERIES MULTI-LOCK I/O CONNECTOR MK-II 20POSITION CAP HOUSING ASSEMBLY');
#12406=GENERAL_PROPERTY('user defined attribute','','');
#12407=GENERAL_PROPERTY_ASSOCIATION('user defined attribute','',#12406,#12405);
#12408=DESCRIPTIVE_REPRESENTATION_ITEM('TIR','A');
#12412=GENERAL_PROPERTY('user defined attribute','','');
#12413=GENERAL_PROPERTY_ASSOCIATION('user defined attribute','',#12412,#12411);
#12414=DESCRIPTIVE_REPRESENTATION_ITEM('DOC_STATUS','Active');
#12418=GENERAL_PROPERTY('user defined attribute','','');
#12419=GENERAL_PROPERTY_ASSOCIATION('user defined attribute','',#12418,#12417);
#12420=DESCRIPTIVE_REPRESENTATION_ITEM('MOD_NUM','MOD39664');
#12424=GENERAL_PROPERTY('user defined attribute','','');
#12425=GENERAL_PROPERTY_ASSOCIATION('user defined attribute','',#12424,#12423);
#12426=DESCRIPTIVE_REPRESENTATION_ITEM('PROI_CREATED_BY','FR015607');
#12430=GENERAL_PROPERTY('user defined attribute','','');
#12431=GENERAL_PROPERTY_ASSOCIATION('user defined attribute','',#12430,#12429);
#12432=DESCRIPTIVE_REPRESENTATION_ITEM('PROI_CREATED_ON','07/21/08 08:22:41');
#12436=GENERAL_PROPERTY('user defined attribute','','');
#12437=GENERAL_PROPERTY_ASSOCIATION('user defined attribute','',#12436,#12435);
#12438=DESCRIPTIVE_REPRESENTATION_ITEM('PROI_LOCATION',
'Root Folder/EMCS MOD SVCS/GPL-115');
#12442=GENERAL_PROPERTY('user defined attribute','','');
#12443=GENERAL_PROPERTY_ASSOCIATION('user defined attribute','',#12442,#12441);
#12444=DESCRIPTIVE_REPRESENTATION_ITEM('PTC_COMMON_NAME','');
#12448=GENERAL_PROPERTY('user defined attribute','','');
#12449=GENERAL_PROPERTY_ASSOCIATION('user defined attribute','',#12448,#12447);
#12450=DESCRIPTIVE_REPRESENTATION_ITEM('PART_REV','H');
#172=CIRCLE('',#171,2.E0);
#181=CIRCLE('',#180,2.E0);
#1818=CIRCLE('',#1817,2.E0);
#1827=CIRCLE('',#1826,2.E0);
#2210=B_SPLINE_CURVE_WITH_KNOTS('',3,(#2200,#2201,#2202,#2203,#2204,#2205,#2206,
#2207,#2208,#2209),.UNSPECIFIED.,.F.,.F.,(4,1,1,1,1,1,1,4),(0.E0,
1.428571428571E-1,2.857142857143E-1,4.285714285714E-1,5.714285714286E-1,
7.142857142857E-1,8.571428571429E-1,1.E0),.UNSPECIFIED.);
#2239=CIRCLE('',#2238,1.2E0);
#2244=CIRCLE('',#2243,1.2E0);
#2261=CIRCLE('',#2260,1.2E0);
#2266=CIRCLE('',#2265,1.2E0);
#2299=CIRCLE('',#2298,1.2E0);
#2312=CIRCLE('',#2311,1.2E0);
#2397=CIRCLE('',#2396,1.2E0);
#2406=CIRCLE('',#2405,1.2E0);
#2415=CIRCLE('',#2414,1.2E0);
#2424=CIRCLE('',#2423,1.2E0);
#2457=CIRCLE('',#2456,1.2E0);
#2462=CIRCLE('',#2461,1.2E0);
#2477=B_SPLINE_CURVE_WITH_KNOTS('',3,(#2467,#2468,#2469,#2470,#2471,#2472,#2473,
#2474,#2475,#2476),.UNSPECIFIED.,.F.,.F.,(4,1,1,1,1,1,1,4),(0.E0,
1.428571428571E-1,2.857142857143E-1,4.285714285714E-1,5.714285714286E-1,
7.142857142857E-1,8.571428571429E-1,1.E0),.UNSPECIFIED.);
#2482=CIRCLE('',#2481,5.E-1);
#2487=CIRCLE('',#2486,5.E-1);
#2492=CIRCLE('',#2491,5.E-1);
#2497=CIRCLE('',#2496,5.E-1);
#2518=CIRCLE('',#2517,5.E-1);
#2523=CIRCLE('',#2522,5.E-1);
#2528=CIRCLE('',#2527,5.E-1);
#2533=CIRCLE('',#2532,5.E-1);
#2562=CIRCLE('',#2561,1.2E0);
#2575=CIRCLE('',#2574,1.2E0);
#2592=CIRCLE('',#2591,1.2E0);
#2601=CIRCLE('',#2600,1.2E0);
#2610=CIRCLE('',#2609,1.2E0);
#2619=CIRCLE('',#2618,1.2E0);
#2640=CIRCLE('',#2639,1.2E0);
#2645=CIRCLE('',#2644,1.2E0);
#2682=CIRCLE('',#2681,5.E-1);
#2687=CIRCLE('',#2686,5.E-1);
#2692=CIRCLE('',#2691,5.E-1);
#2697=CIRCLE('',#2696,5.E-1);
#2724=B_SPLINE_CURVE_WITH_KNOTS('',3,(#2714,#2715,#2716,#2717,#2718,#2719,#2720,
#2721,#2722,#2723),.UNSPECIFIED.,.F.,.F.,(4,1,1,1,1,1,1,4),(0.E0,
1.428571428571E-1,2.857142857143E-1,4.285714285714E-1,5.714285714286E-1,
7.142857142857E-1,8.571428571429E-1,1.E0),.UNSPECIFIED.);
#2729=CIRCLE('',#2728,5.E-1);
#2734=CIRCLE('',#2733,5.E-1);
#2739=CIRCLE('',#2738,5.E-1);
#2744=CIRCLE('',#2743,5.E-1);
#2755=B_SPLINE_CURVE_WITH_KNOTS('',3,(#2745,#2746,#2747,#2748,#2749,#2750,#2751,
#2752,#2753,#2754),.UNSPECIFIED.,.F.,.F.,(4,1,1,1,1,1,1,4),(0.E0,
1.428571428571E-1,2.857142857143E-1,4.285714285714E-1,5.714285714286E-1,
7.142857142857E-1,8.571428571429E-1,1.E0),.UNSPECIFIED.);
#2768=CIRCLE('',#2767,1.E0);
#2785=CIRCLE('',#2784,1.64E0);
#2798=CIRCLE('',#2797,1.64E0);
#2839=CIRCLE('',#2838,1.E0);
#2852=CIRCLE('',#2851,1.E0);
#2869=CIRCLE('',#2868,1.64E0);
#2882=CIRCLE('',#2881,1.64E0);
#2923=CIRCLE('',#2922,1.E0);
#2936=CIRCLE('',#2935,1.E0);
#2953=CIRCLE('',#2952,1.64E0);
#2966=CIRCLE('',#2965,1.64E0);
#3007=CIRCLE('',#3006,1.E0);
#3020=CIRCLE('',#3019,1.E0);
#3037=CIRCLE('',#3036,1.64E0);
#3050=CIRCLE('',#3049,1.64E0);
#3091=CIRCLE('',#3090,1.E0);
#3104=CIRCLE('',#3103,1.E0);
#3121=CIRCLE('',#3120,1.64E0);
#3134=CIRCLE('',#3133,1.64E0);
#3175=CIRCLE('',#3174,1.E0);
#3188=CIRCLE('',#3187,1.E0);
#3205=CIRCLE('',#3204,1.64E0);
#3218=CIRCLE('',#3217,1.64E0);
#3259=CIRCLE('',#3258,1.E0);
#3272=CIRCLE('',#3271,1.E0);
#3289=CIRCLE('',#3288,1.64E0);
#3302=CIRCLE('',#3301,1.64E0);
#3343=CIRCLE('',#3342,1.E0);
#3356=CIRCLE('',#3355,1.E0);
#3373=CIRCLE('',#3372,1.64E0);
#3386=CIRCLE('',#3385,1.64E0);
#3427=CIRCLE('',#3426,1.E0);
#3440=CIRCLE('',#3439,1.E0);
#3457=CIRCLE('',#3456,1.64E0);
#3470=CIRCLE('',#3469,1.64E0);
#3511=CIRCLE('',#3510,1.E0);
#3524=CIRCLE('',#3523,1.E0);
#3541=CIRCLE('',#3540,1.64E0);
#3554=CIRCLE('',#3553,1.64E0);
#3595=CIRCLE('',#3594,1.E0);
#3608=CIRCLE('',#3607,1.E0);
#3625=CIRCLE('',#3624,1.64E0);
#3638=CIRCLE('',#3637,1.64E0);
#3679=CIRCLE('',#3678,1.E0);
#3692=CIRCLE('',#3691,1.E0);
#3709=CIRCLE('',#3708,1.64E0);
#3722=CIRCLE('',#3721,1.64E0);
#3763=CIRCLE('',#3762,1.E0);
#3776=CIRCLE('',#3775,1.E0);
#3793=CIRCLE('',#3792,1.64E0);
#3806=CIRCLE('',#3805,1.64E0);
#3847=CIRCLE('',#3846,1.E0);
#3860=CIRCLE('',#3859,1.E0);
#3877=CIRCLE('',#3876,1.64E0);
#3890=CIRCLE('',#3889,1.64E0);
#3931=CIRCLE('',#3930,1.E0);
#3944=CIRCLE('',#3943,1.E0);
#3961=CIRCLE('',#3960,1.64E0);
#3974=CIRCLE('',#3973,1.64E0);
#4015=CIRCLE('',#4014,1.E0);
#4028=CIRCLE('',#4027,1.E0);
#4045=CIRCLE('',#4044,1.64E0);
#4058=CIRCLE('',#4057,1.64E0);
#4099=CIRCLE('',#4098,1.E0);
#4112=CIRCLE('',#4111,1.E0);
#4129=CIRCLE('',#4128,1.64E0);
#4142=CIRCLE('',#4141,1.64E0);
#4183=CIRCLE('',#4182,1.E0);
#4196=CIRCLE('',#4195,1.E0);
#4213=CIRCLE('',#4212,1.64E0);
#4226=CIRCLE('',#4225,1.64E0);
#4267=CIRCLE('',#4266,1.E0);
#4280=CIRCLE('',#4279,1.E0);
#4297=CIRCLE('',#4296,1.64E0);
#4310=CIRCLE('',#4309,1.64E0);
#4351=CIRCLE('',#4350,1.E0);
#4364=CIRCLE('',#4363,1.E0);
#4381=CIRCLE('',#4380,1.64E0);
#4394=CIRCLE('',#4393,1.64E0);
#4435=CIRCLE('',#4434,1.E0);
#5805=EDGE_CURVE('',#5789,#5791,#172,.T.);
#5807=EDGE_CURVE('',#5789,#5799,#176,.T.);
#5809=EDGE_CURVE('',#5797,#5799,#181,.T.);
#5811=EDGE_CURVE('',#5797,#4438,#185,.T.);
#5813=EDGE_CURVE('',#4438,#4439,#189,.T.);
#5815=EDGE_CURVE('',#4439,#5791,#193,.T.);
#5819=EDGE_CURVE('',#4530,#4531,#75,.T.);
#5821=EDGE_CURVE('',#4699,#4530,#79,.T.);
#5823=EDGE_CURVE('',#4693,#4699,#83,.T.);
#5825=EDGE_CURVE('',#4671,#4693,#87,.T.);
#5827=EDGE_CURVE('',#4670,#4671,#91,.T.);
#5829=EDGE_CURVE('',#4691,#4670,#95,.T.);
#5831=EDGE_CURVE('',#4690,#4691,#99,.T.);
#5833=EDGE_CURVE('',#5175,#4690,#103,.T.);
#5835=EDGE_CURVE('',#5169,#5175,#107,.T.);
#5837=EDGE_CURVE('',#5163,#5169,#111,.T.);
#5839=EDGE_CURVE('',#4679,#5163,#115,.T.);
#5841=EDGE_CURVE('',#4678,#4679,#119,.T.);
#5843=EDGE_CURVE('',#4526,#4678,#909,.T.);
#5845=EDGE_CURVE('',#4526,#4527,#123,.T.);
#5847=EDGE_CURVE('',#4442,#4527,#413,.T.);
#5849=EDGE_CURVE('',#4675,#4442,#127,.T.);
#5851=EDGE_CURVE('',#4447,#4675,#131,.T.);
#5853=EDGE_CURVE('',#4451,#4447,#135,.T.);
#5855=EDGE_CURVE('',#4522,#4451,#385,.T.);
#5857=EDGE_CURVE('',#4522,#4523,#139,.T.);
#5859=EDGE_CURVE('',#4454,#4523,#377,.T.);
#5861=EDGE_CURVE('',#4711,#4454,#143,.T.);
#5863=EDGE_CURVE('',#4465,#4711,#147,.T.);
#5865=EDGE_CURVE('',#4470,#4465,#151,.T.);
#5867=EDGE_CURVE('',#4479,#4470,#155,.T.);
#5869=EDGE_CURVE('',#4707,#4479,#159,.T.);
#5871=EDGE_CURVE('',#4703,#4707,#163,.T.);
#5873=EDGE_CURVE('',#4531,#4703,#167,.T.);
#5883=EDGE_CURVE('',#4802,#4823,#213,.T.);
#5885=EDGE_CURVE('',#4535,#4823,#241,.T.);
#5887=EDGE_CURVE('',#4535,#4670,#1037,.T.);
#5890=EDGE_CURVE('',#4811,#4671,#197,.T.);
#5892=EDGE_CURVE('',#4809,#4811,#1069,.T.);
#5894=EDGE_CURVE('',#4809,#4802,#201,.T.);
#5904=EDGE_CURVE('',#4821,#4533,#225,.T.);
#5906=EDGE_CURVE('',#4798,#4821,#1133,.T.);
#5908=EDGE_CURVE('',#4817,#4798,#205,.T.);
#5910=EDGE_CURVE('',#4817,#4819,#1097,.T.);
#5912=EDGE_CURVE('',#4819,#4530,#1121,.T.);
#5915=EDGE_CURVE('',#4533,#4531,#209,.T.);
#5925=EDGE_CURVE('',#4823,#4827,#245,.T.);
#5928=EDGE_CURVE('',#4802,#4803,#217,.T.);
#5930=EDGE_CURVE('',#4827,#4803,#221,.T.);
#5941=EDGE_CURVE('',#4491,#4533,#261,.T.);
#5943=EDGE_CURVE('',#4491,#4667,#525,.T.);
#5945=EDGE_CURVE('',#4814,#4667,#229,.T.);
#5947=EDGE_CURVE('',#4825,#4814,#233,.T.);
#5949=EDGE_CURVE('',#4821,#4825,#237,.T.);
#5961=EDGE_CURVE('',#4806,#4827,#249,.T.);
#5963=EDGE_CURVE('',#4806,#4662,#253,.T.);
#5965=EDGE_CURVE('',#4662,#4518,#509,.T.);
#5967=EDGE_CURVE('',#4518,#4535,#257,.T.);
#5978=EDGE_CURVE('',#4533,#4701,#265,.T.);
#5980=EDGE_CURVE('',#4490,#4701,#285,.T.);
#5982=EDGE_CURVE('',#4490,#4491,#529,.T.);
#5995=EDGE_CURVE('',#4701,#4703,#269,.T.);
#6005=EDGE_CURVE('',#4701,#4705,#277,.T.);
#6009=EDGE_CURVE('',#4707,#4715,#301,.T.);
#6011=EDGE_CURVE('',#4715,#4705,#273,.T.);
#6022=EDGE_CURVE('',#4705,#4831,#281,.T.);
#6024=EDGE_CURVE('',#4831,#4490,#533,.T.);
#6035=EDGE_CURVE('',#4714,#4715,#289,.T.);
#6037=EDGE_CURVE('',#4714,#4830,#1145,.T.);
#6039=EDGE_CURVE('',#4830,#4831,#293,.T.);
#6051=EDGE_CURVE('',#4479,#4474,#297,.T.);
#6053=EDGE_CURVE('',#4714,#4474,#1137,.T.);
#6066=EDGE_CURVE('',#4474,#4475,#305,.T.);
#6069=EDGE_CURVE('',#4479,#4475,#325,.T.);
#6080=EDGE_CURVE('',#5199,#4475,#317,.T.);
#6082=EDGE_CURVE('',#5199,#5181,#541,.T.);
#6084=EDGE_CURVE('',#5181,#4474,#1141,.T.);
#6094=EDGE_CURVE('',#4475,#4471,#309,.T.);
#6096=EDGE_CURVE('',#5203,#4471,#313,.T.);
#6098=EDGE_CURVE('',#5199,#5203,#545,.T.);
#6109=EDGE_CURVE('',#4470,#4471,#321,.T.);
#6123=EDGE_CURVE('',#4477,#4470,#333,.T.);
#6125=EDGE_CURVE('',#4471,#4477,#885,.T.);
#6135=EDGE_CURVE('',#4465,#4459,#337,.T.);
#6137=EDGE_CURVE('',#4459,#4467,#329,.T.);
#6139=EDGE_CURVE('',#4477,#4467,#873,.T.);
#6151=EDGE_CURVE('',#4458,#4459,#345,.T.);
#6155=EDGE_CURVE('',#4709,#4711,#341,.T.);
#6157=EDGE_CURVE('',#4458,#4709,#357,.T.);
#6168=EDGE_CURVE('',#4458,#4462,#353,.T.);
#6170=EDGE_CURVE('',#4462,#4463,#349,.T.);
#6172=EDGE_CURVE('',#4467,#4463,#877,.T.);
#6183=EDGE_CURVE('',#4709,#4495,#365,.T.);
#6185=EDGE_CURVE('',#4462,#4495,#429,.T.);
#6197=EDGE_CURVE('',#4709,#4455,#361,.T.);
#6199=EDGE_CURVE('',#4494,#4455,#373,.T.);
#6201=EDGE_CURVE('',#4494,#4495,#433,.T.);
#6212=EDGE_CURVE('',#4454,#4455,#369,.T.);
#6228=EDGE_CURVE('',#4497,#4523,#381,.T.);
#6230=EDGE_CURVE('',#4497,#4494,#437,.T.);
#6241=EDGE_CURVE('',#4499,#4522,#389,.T.);
#6243=EDGE_CURVE('',#4499,#4497,#441,.T.);
#6255=EDGE_CURVE('',#4450,#4451,#397,.T.);
#6257=EDGE_CURVE('',#4501,#4450,#893,.T.);
#6259=EDGE_CURVE('',#4501,#4499,#445,.T.);
#6270=EDGE_CURVE('',#4446,#4447,#393,.T.);
#6272=EDGE_CURVE('',#4450,#4446,#889,.T.);
#6286=EDGE_CURVE('',#4674,#4675,#401,.T.);
#6288=EDGE_CURVE('',#4446,#4674,#897,.T.);
#6298=EDGE_CURVE('',#4442,#4443,#405,.T.);
#6300=EDGE_CURVE('',#4674,#4443,#417,.T.);
#6312=EDGE_CURVE('',#4507,#4443,#409,.T.);
#6316=EDGE_CURVE('',#4509,#4527,#905,.T.);
#6318=EDGE_CURVE('',#4509,#4507,#461,.T.);
#6330=EDGE_CURVE('',#4507,#4505,#457,.T.);
#6332=EDGE_CURVE('',#4505,#4674,#421,.T.);
#6342=EDGE_CURVE('',#5202,#4463,#425,.T.);
#6350=EDGE_CURVE('',#4503,#4501,#449,.T.);
#6352=EDGE_CURVE('',#4505,#4503,#453,.T.);
#6356=EDGE_CURVE('',#4511,#4509,#465,.T.);
#6358=EDGE_CURVE('',#4513,#4511,#469,.T.);
#6360=EDGE_CURVE('',#4515,#4513,#473,.T.);
#6362=EDGE_CURVE('',#4515,#5187,#477,.T.);
#6364=EDGE_CURVE('',#5189,#5187,#953,.T.);
#6366=EDGE_CURVE('',#5189,#5193,#481,.T.);
#6368=EDGE_CURVE('',#5192,#5193,#485,.T.);
#6370=EDGE_CURVE('',#5192,#5197,#489,.T.);
#6372=EDGE_CURVE('',#5196,#5197,#493,.T.);
#6374=EDGE_CURVE('',#5196,#5183,#497,.T.);
#6376=EDGE_CURVE('',#5185,#5183,#1045,.T.);
#6378=EDGE_CURVE('',#4519,#5185,#501,.T.);
#6380=EDGE_CURVE('',#4518,#4519,#505,.T.);
#6383=EDGE_CURVE('',#4662,#4663,#513,.T.);
#6385=EDGE_CURVE('',#4663,#4665,#517,.T.);
#6387=EDGE_CURVE('',#4667,#4665,#521,.T.);
#6393=EDGE_CURVE('',#4830,#5181,#537,.T.);
#6397=EDGE_CURVE('',#5202,#5203,#549,.T.);
#6401=EDGE_CURVE('',#4726,#4727,#553,.T.);
#6403=EDGE_CURVE('',#4727,#4730,#557,.T.);
#6405=EDGE_CURVE('',#4730,#4731,#561,.T.);
#6407=EDGE_CURVE('',#4731,#4726,#565,.T.);
#6411=EDGE_CURVE('',#5106,#5107,#569,.T.);
#6413=EDGE_CURVE('',#5107,#5109,#573,.T.);
#6415=EDGE_CURVE('',#5109,#5111,#577,.T.);
#6417=EDGE_CURVE('',#5111,#5106,#581,.T.);
#6421=EDGE_CURVE('',#5058,#5059,#585,.T.);
#6423=EDGE_CURVE('',#5059,#5061,#589,.T.);
#6425=EDGE_CURVE('',#5061,#5063,#593,.T.);
#6427=EDGE_CURVE('',#5063,#5058,#597,.T.);
#6431=EDGE_CURVE('',#5122,#5123,#601,.T.);
#6433=EDGE_CURVE('',#5123,#5125,#605,.T.);
#6435=EDGE_CURVE('',#5125,#5127,#609,.T.);
#6437=EDGE_CURVE('',#5127,#5122,#613,.T.);
#6441=EDGE_CURVE('',#5074,#5075,#617,.T.);
#6443=EDGE_CURVE('',#5075,#5077,#621,.T.);
#6445=EDGE_CURVE('',#5077,#5079,#625,.T.);
#6447=EDGE_CURVE('',#5079,#5074,#629,.T.);
#6451=EDGE_CURVE('',#5138,#5139,#633,.T.);
#6453=EDGE_CURVE('',#5139,#5141,#637,.T.);
#6455=EDGE_CURVE('',#5141,#5143,#641,.T.);
#6457=EDGE_CURVE('',#5143,#5138,#645,.T.);
#6461=EDGE_CURVE('',#5090,#5091,#649,.T.);
#6463=EDGE_CURVE('',#5091,#5093,#653,.T.);
#6465=EDGE_CURVE('',#5093,#5095,#657,.T.);
#6467=EDGE_CURVE('',#5095,#5090,#661,.T.);
#6471=EDGE_CURVE('',#5154,#5155,#665,.T.);
#6473=EDGE_CURVE('',#5155,#5157,#669,.T.);
#6475=EDGE_CURVE('',#5157,#5159,#673,.T.);
#6477=EDGE_CURVE('',#5159,#5154,#677,.T.);
#6481=EDGE_CURVE('',#5610,#5611,#681,.T.);
#6483=EDGE_CURVE('',#5611,#5613,#685,.T.);
#6485=EDGE_CURVE('',#5613,#5615,#689,.T.);
#6487=EDGE_CURVE('',#5615,#5610,#693,.T.);
#6491=EDGE_CURVE('',#5618,#5619,#697,.T.);
#6493=EDGE_CURVE('',#5619,#5621,#701,.T.);
#6495=EDGE_CURVE('',#5621,#5623,#705,.T.);
#6497=EDGE_CURVE('',#5623,#5618,#709,.T.);
#6501=EDGE_CURVE('',#5642,#5643,#713,.T.);
#6503=EDGE_CURVE('',#5643,#5645,#717,.T.);
#6505=EDGE_CURVE('',#5645,#5647,#721,.T.);
#6507=EDGE_CURVE('',#5647,#5642,#725,.T.);
#6511=EDGE_CURVE('',#5650,#5651,#729,.T.);
#6513=EDGE_CURVE('',#5651,#5653,#733,.T.);
#6515=EDGE_CURVE('',#5653,#5655,#737,.T.);
#6517=EDGE_CURVE('',#5655,#5650,#741,.T.);
#6521=EDGE_CURVE('',#5674,#5675,#745,.T.);
#6523=EDGE_CURVE('',#5675,#5677,#749,.T.);
#6525=EDGE_CURVE('',#5677,#5679,#753,.T.);
#6527=EDGE_CURVE('',#5679,#5674,#757,.T.);
#6531=EDGE_CURVE('',#5682,#5683,#761,.T.);
#6533=EDGE_CURVE('',#5683,#5685,#765,.T.);
#6535=EDGE_CURVE('',#5685,#5687,#769,.T.);
#6537=EDGE_CURVE('',#5687,#5682,#773,.T.);
#6541=EDGE_CURVE('',#5706,#5707,#777,.T.);
#6543=EDGE_CURVE('',#5707,#5709,#781,.T.);
#6545=EDGE_CURVE('',#5709,#5711,#785,.T.);
#6547=EDGE_CURVE('',#5711,#5706,#789,.T.);
#6551=EDGE_CURVE('',#5714,#5715,#793,.T.);
#6553=EDGE_CURVE('',#5715,#5717,#797,.T.);
#6555=EDGE_CURVE('',#5717,#5719,#801,.T.);
#6557=EDGE_CURVE('',#5719,#5714,#805,.T.);
#6561=EDGE_CURVE('',#5738,#5739,#809,.T.);
#6563=EDGE_CURVE('',#5739,#5741,#813,.T.);
#6565=EDGE_CURVE('',#5741,#5743,#817,.T.);
#6567=EDGE_CURVE('',#5743,#5738,#821,.T.);
#6571=EDGE_CURVE('',#5746,#5747,#825,.T.);
#6573=EDGE_CURVE('',#5747,#5749,#829,.T.);
#6575=EDGE_CURVE('',#5749,#5751,#833,.T.);
#6577=EDGE_CURVE('',#5751,#5746,#837,.T.);
#6581=EDGE_CURVE('',#5770,#5771,#841,.T.);
#6583=EDGE_CURVE('',#5771,#5773,#845,.T.);
#6585=EDGE_CURVE('',#5773,#5775,#849,.T.);
#6587=EDGE_CURVE('',#5775,#5770,#853,.T.);
#6591=EDGE_CURVE('',#5778,#5779,#857,.T.);
#6593=EDGE_CURVE('',#5779,#5781,#861,.T.);
#6595=EDGE_CURVE('',#5781,#5783,#865,.T.);
#6597=EDGE_CURVE('',#5783,#5778,#869,.T.);
#6610=EDGE_CURVE('',#5202,#4477,#881,.T.);
#6633=EDGE_CURVE('',#4503,#4446,#901,.T.);
#6658=EDGE_CURVE('',#4511,#4526,#913,.T.);
#6671=EDGE_CURVE('',#4682,#4678,#921,.T.);
#6673=EDGE_CURVE('',#4513,#4682,#945,.T.);
#6686=EDGE_CURVE('',#4683,#4679,#917,.T.);
#6688=EDGE_CURVE('',#4682,#4683,#941,.T.);
#6699=EDGE_CURVE('',#4683,#5161,#933,.T.);
#6703=EDGE_CURVE('',#5163,#5207,#957,.T.);
#6705=EDGE_CURVE('',#5207,#5161,#925,.T.);
#6715=EDGE_CURVE('',#4683,#4515,#929,.T.);
#6718=EDGE_CURVE('',#5161,#5187,#937,.T.);
#6743=EDGE_CURVE('',#5166,#5207,#949,.T.);
#6745=EDGE_CURVE('',#5166,#5189,#973,.T.);
#6756=EDGE_CURVE('',#5166,#5167,#965,.T.);
#6761=EDGE_CURVE('',#5169,#5167,#961,.T.);
#6772=EDGE_CURVE('',#5193,#5167,#969,.T.);
#6786=EDGE_CURVE('',#5167,#5172,#977,.T.);
#6788=EDGE_CURVE('',#5192,#5172,#997,.T.);
#6798=EDGE_CURVE('',#5169,#5172,#981,.T.);
#6810=EDGE_CURVE('',#5172,#5173,#989,.T.);
#6814=EDGE_CURVE('',#5175,#5173,#985,.T.);
#6825=EDGE_CURVE('',#5197,#5173,#993,.T.);
#6839=EDGE_CURVE('',#5173,#5178,#1001,.T.);
#6841=EDGE_CURVE('',#5196,#5178,#1057,.T.);
#6851=EDGE_CURVE('',#5178,#5175,#1009,.T.);
#6864=EDGE_CURVE('',#5205,#4690,#1013,.T.);
#6866=EDGE_CURVE('',#5179,#5205,#1005,.T.);
#6868=EDGE_CURVE('',#5178,#5179,#1049,.T.);
#6879=EDGE_CURVE('',#4686,#4687,#1021,.T.);
#6881=EDGE_CURVE('',#4686,#5205,#1041,.T.);
#6885=EDGE_CURVE('',#4687,#4691,#1017,.T.);
#6896=EDGE_CURVE('',#4519,#4687,#1029,.T.);
#6899=EDGE_CURVE('',#4686,#5185,#1025,.T.);
#6912=EDGE_CURVE('',#4687,#4535,#1033,.T.);
#6934=EDGE_CURVE('',#5179,#5183,#1053,.T.);
#6960=EDGE_CURVE('',#4806,#4807,#1061,.T.);
#6962=EDGE_CURVE('',#4807,#4809,#1065,.T.);
#6965=EDGE_CURVE('',#4811,#4696,#1073,.T.);
#6967=EDGE_CURVE('',#4663,#4696,#1109,.T.);
#6982=EDGE_CURVE('',#4807,#4803,#1077,.T.);
#6992=EDGE_CURVE('',#4814,#4815,#1085,.T.);
#6994=EDGE_CURVE('',#4815,#4799,#1081,.T.);
#6996=EDGE_CURVE('',#4825,#4799,#1125,.T.);
#7019=EDGE_CURVE('',#4815,#4817,#1101,.T.);
#7022=EDGE_CURVE('',#4798,#4799,#1129,.T.);
#7036=EDGE_CURVE('',#4665,#4697,#1089,.T.);
#7038=EDGE_CURVE('',#4697,#4819,#1093,.T.);
#7050=EDGE_CURVE('',#4696,#4697,#1105,.T.);
#7064=EDGE_CURVE('',#4696,#4693,#1117,.T.);
#7067=EDGE_CURVE('',#4697,#4699,#1113,.T.);
#7126=EDGE_CURVE('',#4726,#4718,#1149,.T.);
#7128=EDGE_CURVE('',#4718,#4719,#1165,.T.);
#7130=EDGE_CURVE('',#4727,#4719,#1161,.T.);
#7141=EDGE_CURVE('',#4731,#4723,#1153,.T.);
#7143=EDGE_CURVE('',#4723,#4718,#1169,.T.);
#7155=EDGE_CURVE('',#4730,#4722,#1157,.T.);
#7157=EDGE_CURVE('',#4722,#4723,#1173,.T.);
#7170=EDGE_CURVE('',#4719,#4722,#1177,.T.);
#7193=EDGE_CURVE('',#5098,#5099,#1181,.T.);
#7195=EDGE_CURVE('',#5103,#5098,#1185,.T.);
#7197=EDGE_CURVE('',#5101,#5103,#1189,.T.);
#7199=EDGE_CURVE('',#5099,#5101,#1193,.T.);
#7210=EDGE_CURVE('',#5106,#5098,#1197,.T.);
#7213=EDGE_CURVE('',#5107,#5099,#1209,.T.);
#7224=EDGE_CURVE('',#5111,#5103,#1201,.T.);
#7237=EDGE_CURVE('',#5109,#5101,#1205,.T.);
#7262=EDGE_CURVE('',#5058,#5050,#1213,.T.);
#7264=EDGE_CURVE('',#5050,#5051,#1229,.T.);
#7266=EDGE_CURVE('',#5059,#5051,#1225,.T.);
#7277=EDGE_CURVE('',#5063,#5055,#1217,.T.);
#7279=EDGE_CURVE('',#5055,#5050,#1233,.T.);
#7291=EDGE_CURVE('',#5061,#5053,#1221,.T.);
#7293=EDGE_CURVE('',#5053,#5055,#1237,.T.);
#7306=EDGE_CURVE('',#5051,#5053,#1241,.T.);
#7329=EDGE_CURVE('',#5114,#5115,#1245,.T.);
#7331=EDGE_CURVE('',#5119,#5114,#1249,.T.);
#7333=EDGE_CURVE('',#5117,#5119,#1253,.T.);
#7335=EDGE_CURVE('',#5115,#5117,#1257,.T.);
#7346=EDGE_CURVE('',#5122,#5114,#1261,.T.);
#7349=EDGE_CURVE('',#5123,#5115,#1273,.T.);
#7360=EDGE_CURVE('',#5127,#5119,#1265,.T.);
#7373=EDGE_CURVE('',#5125,#5117,#1269,.T.);
#7398=EDGE_CURVE('',#5074,#5066,#1277,.T.);
#7400=EDGE_CURVE('',#5066,#5067,#1293,.T.);
#7402=EDGE_CURVE('',#5075,#5067,#1289,.T.);
#7413=EDGE_CURVE('',#5079,#5071,#1281,.T.);
#7415=EDGE_CURVE('',#5071,#5066,#1297,.T.);
#7427=EDGE_CURVE('',#5077,#5069,#1285,.T.);
#7429=EDGE_CURVE('',#5069,#5071,#1301,.T.);
#7442=EDGE_CURVE('',#5067,#5069,#1305,.T.);
#7465=EDGE_CURVE('',#5130,#5131,#1309,.T.);
#7467=EDGE_CURVE('',#5135,#5130,#1313,.T.);
#7469=EDGE_CURVE('',#5133,#5135,#1317,.T.);
#7471=EDGE_CURVE('',#5131,#5133,#1321,.T.);
#7482=EDGE_CURVE('',#5138,#5130,#1325,.T.);
#7485=EDGE_CURVE('',#5139,#5131,#1337,.T.);
#7496=EDGE_CURVE('',#5143,#5135,#1329,.T.);
#7509=EDGE_CURVE('',#5141,#5133,#1333,.T.);
#7534=EDGE_CURVE('',#5090,#5082,#1341,.T.);
#7536=EDGE_CURVE('',#5082,#5083,#1357,.T.);
#7538=EDGE_CURVE('',#5091,#5083,#1353,.T.);
#7549=EDGE_CURVE('',#5095,#5087,#1345,.T.);
#7551=EDGE_CURVE('',#5087,#5082,#1361,.T.);
#7563=EDGE_CURVE('',#5093,#5085,#1349,.T.);
#7565=EDGE_CURVE('',#5085,#5087,#1365,.T.);
#7578=EDGE_CURVE('',#5083,#5085,#1369,.T.);
#7601=EDGE_CURVE('',#5146,#5147,#1373,.T.);
#7603=EDGE_CURVE('',#5151,#5146,#1377,.T.);
#7605=EDGE_CURVE('',#5149,#5151,#1381,.T.);
#7607=EDGE_CURVE('',#5147,#5149,#1385,.T.);
#7618=EDGE_CURVE('',#5154,#5146,#1389,.T.);
#7621=EDGE_CURVE('',#5155,#5147,#1401,.T.);
#7632=EDGE_CURVE('',#5159,#5151,#1393,.T.);
#7645=EDGE_CURVE('',#5157,#5149,#1397,.T.);
#7670=EDGE_CURVE('',#5610,#5594,#1405,.T.);
#7672=EDGE_CURVE('',#5594,#5595,#1421,.T.);
#7674=EDGE_CURVE('',#5611,#5595,#1417,.T.);
#7685=EDGE_CURVE('',#5615,#5599,#1409,.T.);
#7687=EDGE_CURVE('',#5599,#5594,#1425,.T.);
#7699=EDGE_CURVE('',#5613,#5597,#1413,.T.);
#7701=EDGE_CURVE('',#5597,#5599,#1429,.T.);
#7714=EDGE_CURVE('',#5595,#5597,#1433,.T.);
#7737=EDGE_CURVE('',#5602,#5603,#1437,.T.);
#7739=EDGE_CURVE('',#5607,#5602,#1441,.T.);
#7741=EDGE_CURVE('',#5605,#5607,#1445,.T.);
#7743=EDGE_CURVE('',#5603,#5605,#1449,.T.);
#7754=EDGE_CURVE('',#5618,#5602,#1453,.T.);
#7757=EDGE_CURVE('',#5619,#5603,#1465,.T.);
#7768=EDGE_CURVE('',#5623,#5607,#1457,.T.);
#7781=EDGE_CURVE('',#5621,#5605,#1461,.T.);
#7806=EDGE_CURVE('',#5642,#5626,#1469,.T.);
#7808=EDGE_CURVE('',#5626,#5627,#1485,.T.);
#7810=EDGE_CURVE('',#5643,#5627,#1481,.T.);
#7821=EDGE_CURVE('',#5647,#5631,#1473,.T.);
#7823=EDGE_CURVE('',#5631,#5626,#1489,.T.);
#7835=EDGE_CURVE('',#5645,#5629,#1477,.T.);
#7837=EDGE_CURVE('',#5629,#5631,#1493,.T.);
#7850=EDGE_CURVE('',#5627,#5629,#1497,.T.);
#7873=EDGE_CURVE('',#5634,#5635,#1501,.T.);
#7875=EDGE_CURVE('',#5639,#5634,#1505,.T.);
#7877=EDGE_CURVE('',#5637,#5639,#1509,.T.);
#7879=EDGE_CURVE('',#5635,#5637,#1513,.T.);
#7890=EDGE_CURVE('',#5650,#5634,#1517,.T.);
#7893=EDGE_CURVE('',#5651,#5635,#1529,.T.);
#7904=EDGE_CURVE('',#5655,#5639,#1521,.T.);
#7917=EDGE_CURVE('',#5653,#5637,#1525,.T.);
#7942=EDGE_CURVE('',#5674,#5658,#1533,.T.);
#7944=EDGE_CURVE('',#5658,#5659,#1549,.T.);
#7946=EDGE_CURVE('',#5675,#5659,#1545,.T.);
#7957=EDGE_CURVE('',#5679,#5663,#1537,.T.);
#7959=EDGE_CURVE('',#5663,#5658,#1553,.T.);
#7971=EDGE_CURVE('',#5677,#5661,#1541,.T.);
#7973=EDGE_CURVE('',#5661,#5663,#1557,.T.);
#7986=EDGE_CURVE('',#5659,#5661,#1561,.T.);
#8009=EDGE_CURVE('',#5666,#5667,#1565,.T.);
#8011=EDGE_CURVE('',#5671,#5666,#1569,.T.);
#8013=EDGE_CURVE('',#5669,#5671,#1573,.T.);
#8015=EDGE_CURVE('',#5667,#5669,#1577,.T.);
#8026=EDGE_CURVE('',#5682,#5666,#1581,.T.);
#8029=EDGE_CURVE('',#5683,#5667,#1593,.T.);
#8040=EDGE_CURVE('',#5687,#5671,#1585,.T.);
#8053=EDGE_CURVE('',#5685,#5669,#1589,.T.);
#8078=EDGE_CURVE('',#5706,#5690,#1597,.T.);
#8080=EDGE_CURVE('',#5690,#5691,#1613,.T.);
#8082=EDGE_CURVE('',#5707,#5691,#1609,.T.);
#8093=EDGE_CURVE('',#5711,#5695,#1601,.T.);
#8095=EDGE_CURVE('',#5695,#5690,#1617,.T.);
#8107=EDGE_CURVE('',#5709,#5693,#1605,.T.);
#8109=EDGE_CURVE('',#5693,#5695,#1621,.T.);
#8122=EDGE_CURVE('',#5691,#5693,#1625,.T.);
#8145=EDGE_CURVE('',#5698,#5699,#1629,.T.);
#8147=EDGE_CURVE('',#5703,#5698,#1633,.T.);
#8149=EDGE_CURVE('',#5701,#5703,#1637,.T.);
#8151=EDGE_CURVE('',#5699,#5701,#1641,.T.);
#8162=EDGE_CURVE('',#5714,#5698,#1645,.T.);
#8165=EDGE_CURVE('',#5715,#5699,#1657,.T.);
#8176=EDGE_CURVE('',#5719,#5703,#1649,.T.);
#8189=EDGE_CURVE('',#5717,#5701,#1653,.T.);
#8214=EDGE_CURVE('',#5738,#5722,#1661,.T.);
#8216=EDGE_CURVE('',#5722,#5723,#1677,.T.);
#8218=EDGE_CURVE('',#5739,#5723,#1673,.T.);
#8229=EDGE_CURVE('',#5743,#5727,#1665,.T.);
#8231=EDGE_CURVE('',#5727,#5722,#1681,.T.);
#8243=EDGE_CURVE('',#5741,#5725,#1669,.T.);
#8245=EDGE_CURVE('',#5725,#5727,#1685,.T.);
#8258=EDGE_CURVE('',#5723,#5725,#1689,.T.);
#8281=EDGE_CURVE('',#5730,#5731,#1693,.T.);
#8283=EDGE_CURVE('',#5735,#5730,#1697,.T.);
#8285=EDGE_CURVE('',#5733,#5735,#1701,.T.);
#8287=EDGE_CURVE('',#5731,#5733,#1705,.T.);
#8298=EDGE_CURVE('',#5746,#5730,#1709,.T.);
#8301=EDGE_CURVE('',#5747,#5731,#1721,.T.);
#8312=EDGE_CURVE('',#5751,#5735,#1713,.T.);
#8325=EDGE_CURVE('',#5749,#5733,#1717,.T.);
#8350=EDGE_CURVE('',#5770,#5754,#1725,.T.);
#8352=EDGE_CURVE('',#5754,#5755,#1741,.T.);
#8354=EDGE_CURVE('',#5771,#5755,#1737,.T.);
#8365=EDGE_CURVE('',#5775,#5759,#1729,.T.);
#8367=EDGE_CURVE('',#5759,#5754,#1745,.T.);
#8379=EDGE_CURVE('',#5773,#5757,#1733,.T.);
#8381=EDGE_CURVE('',#5757,#5759,#1749,.T.);
#8394=EDGE_CURVE('',#5755,#5757,#1753,.T.);
#8417=EDGE_CURVE('',#5762,#5763,#1757,.T.);
#8419=EDGE_CURVE('',#5767,#5762,#1761,.T.);
#8421=EDGE_CURVE('',#5765,#5767,#1765,.T.);
#8423=EDGE_CURVE('',#5763,#5765,#1769,.T.);
#8434=EDGE_CURVE('',#5778,#5762,#1773,.T.);
#8437=EDGE_CURVE('',#5779,#5763,#1785,.T.);
#8448=EDGE_CURVE('',#5783,#5767,#1777,.T.);
#8461=EDGE_CURVE('',#5781,#5765,#1781,.T.);
#8485=EDGE_CURVE('',#5786,#5787,#1827,.T.);
#8487=EDGE_CURVE('',#5789,#5787,#2537,.T.);
#8490=EDGE_CURVE('',#5791,#5786,#2673,.T.);
#8500=EDGE_CURVE('',#4486,#4487,#1789,.T.);
#8502=EDGE_CURVE('',#4546,#4486,#1793,.T.);
#8504=EDGE_CURVE('',#4546,#4547,#1797,.T.);
#8506=EDGE_CURVE('',#4547,#4549,#1801,.T.);
#8508=EDGE_CURVE('',#4549,#4551,#1805,.T.);
#8510=EDGE_CURVE('',#4587,#4551,#1809,.T.);
#8512=EDGE_CURVE('',#5795,#4587,#1813,.T.);
#8514=EDGE_CURVE('',#5794,#5795,#1818,.T.);
#8516=EDGE_CURVE('',#5787,#5794,#1822,.T.);
#8519=EDGE_CURVE('',#4585,#5786,#1831,.T.);
#8521=EDGE_CURVE('',#4562,#4585,#1835,.T.);
#8523=EDGE_CURVE('',#4562,#4563,#1839,.T.);
#8525=EDGE_CURVE('',#4563,#4565,#1843,.T.);
#8527=EDGE_CURVE('',#4565,#4567,#1847,.T.);
#8529=EDGE_CURVE('',#4659,#4567,#1851,.T.);
#8531=EDGE_CURVE('',#4658,#4659,#1855,.T.);
#8533=EDGE_CURVE('',#4554,#4658,#2274,.T.);
#8535=EDGE_CURVE('',#4554,#4555,#1859,.T.);
#8537=EDGE_CURVE('',#4555,#4557,#1863,.T.);
#8539=EDGE_CURVE('',#4559,#4557,#1867,.T.);
#8541=EDGE_CURVE('',#4538,#4559,#2252,.T.);
#8543=EDGE_CURVE('',#4538,#4539,#1871,.T.);
#8545=EDGE_CURVE('',#4539,#4541,#1875,.T.);
#8547=EDGE_CURVE('',#4543,#4541,#1879,.T.);
#8549=EDGE_CURVE('',#4487,#4543,#2230,.T.);
#8553=EDGE_CURVE('',#4758,#4759,#1883,.T.);
#8555=EDGE_CURVE('',#4761,#4759,#1887,.T.);
#8557=EDGE_CURVE('',#4761,#4763,#1891,.T.);
#8559=EDGE_CURVE('',#4763,#4758,#1895,.T.);
#8563=EDGE_CURVE('',#4882,#4883,#1899,.T.);
#8565=EDGE_CURVE('',#4885,#4883,#1903,.T.);
#8567=EDGE_CURVE('',#4885,#4887,#1907,.T.);
#8569=EDGE_CURVE('',#4887,#4882,#1911,.T.);
#8573=EDGE_CURVE('',#4914,#4915,#1915,.T.);
#8575=EDGE_CURVE('',#4917,#4915,#1919,.T.);
#8577=EDGE_CURVE('',#4917,#4919,#1923,.T.);
#8579=EDGE_CURVE('',#4919,#4914,#1927,.T.);
#8583=EDGE_CURVE('',#4946,#4947,#1931,.T.);
#8585=EDGE_CURVE('',#4949,#4947,#1935,.T.);
#8587=EDGE_CURVE('',#4949,#4951,#1939,.T.);
#8589=EDGE_CURVE('',#4951,#4946,#1943,.T.);
#8593=EDGE_CURVE('',#5234,#5235,#1947,.T.);
#8595=EDGE_CURVE('',#5237,#5235,#1951,.T.);
#8597=EDGE_CURVE('',#5237,#5239,#1955,.T.);
#8599=EDGE_CURVE('',#5239,#5234,#1959,.T.);
#8603=EDGE_CURVE('',#5266,#5267,#1963,.T.);
#8605=EDGE_CURVE('',#5269,#5267,#1967,.T.);
#8607=EDGE_CURVE('',#5269,#5271,#1971,.T.);
#8609=EDGE_CURVE('',#5271,#5266,#1975,.T.);
#8613=EDGE_CURVE('',#5298,#5299,#1979,.T.);
#8615=EDGE_CURVE('',#5301,#5299,#1983,.T.);
#8617=EDGE_CURVE('',#5301,#5303,#1987,.T.);
#8619=EDGE_CURVE('',#5303,#5298,#1991,.T.);
#8623=EDGE_CURVE('',#5330,#5331,#1995,.T.);
#8625=EDGE_CURVE('',#5333,#5331,#1999,.T.);
#8627=EDGE_CURVE('',#5333,#5335,#2003,.T.);
#8629=EDGE_CURVE('',#5335,#5330,#2007,.T.);
#8633=EDGE_CURVE('',#5362,#5363,#2011,.T.);
#8635=EDGE_CURVE('',#5365,#5363,#2015,.T.);
#8637=EDGE_CURVE('',#5365,#5367,#2019,.T.);
#8639=EDGE_CURVE('',#5367,#5362,#2023,.T.);
#8643=EDGE_CURVE('',#5394,#5395,#2027,.T.);
#8645=EDGE_CURVE('',#5397,#5395,#2031,.T.);
#8647=EDGE_CURVE('',#5397,#5399,#2035,.T.);
#8649=EDGE_CURVE('',#5399,#5394,#2039,.T.);
#8653=EDGE_CURVE('',#4790,#4791,#2043,.T.);
#8655=EDGE_CURVE('',#4793,#4791,#2047,.T.);
#8657=EDGE_CURVE('',#4793,#4795,#2051,.T.);
#8659=EDGE_CURVE('',#4795,#4790,#2055,.T.);
#8663=EDGE_CURVE('',#4978,#4979,#2059,.T.);
#8665=EDGE_CURVE('',#4981,#4979,#2063,.T.);
#8667=EDGE_CURVE('',#4981,#4983,#2067,.T.);
#8669=EDGE_CURVE('',#4983,#4978,#2071,.T.);
#8673=EDGE_CURVE('',#5010,#5011,#2075,.T.);
#8675=EDGE_CURVE('',#5013,#5011,#2079,.T.);
#8677=EDGE_CURVE('',#5013,#5015,#2083,.T.);
#8679=EDGE_CURVE('',#5015,#5010,#2087,.T.);
#8683=EDGE_CURVE('',#5042,#5043,#2091,.T.);
#8685=EDGE_CURVE('',#5045,#5043,#2095,.T.);
#8687=EDGE_CURVE('',#5045,#5047,#2099,.T.);
#8689=EDGE_CURVE('',#5047,#5042,#2103,.T.);
#8693=EDGE_CURVE('',#5426,#5427,#2107,.T.);
#8695=EDGE_CURVE('',#5429,#5427,#2111,.T.);
#8697=EDGE_CURVE('',#5429,#5431,#2115,.T.);
#8699=EDGE_CURVE('',#5431,#5426,#2119,.T.);
#8703=EDGE_CURVE('',#5458,#5459,#2123,.T.);
#8705=EDGE_CURVE('',#5461,#5459,#2127,.T.);
#8707=EDGE_CURVE('',#5461,#5463,#2131,.T.);
#8709=EDGE_CURVE('',#5463,#5458,#2135,.T.);
#8713=EDGE_CURVE('',#5490,#5491,#2139,.T.);
#8715=EDGE_CURVE('',#5493,#5491,#2143,.T.);
#8717=EDGE_CURVE('',#5493,#5495,#2147,.T.);
#8719=EDGE_CURVE('',#5495,#5490,#2151,.T.);
#8723=EDGE_CURVE('',#5522,#5523,#2155,.T.);
#8725=EDGE_CURVE('',#5525,#5523,#2159,.T.);
#8727=EDGE_CURVE('',#5525,#5527,#2163,.T.);
#8729=EDGE_CURVE('',#5527,#5522,#2167,.T.);
#8733=EDGE_CURVE('',#5554,#5555,#2171,.T.);
#8735=EDGE_CURVE('',#5557,#5555,#2175,.T.);
#8737=EDGE_CURVE('',#5557,#5559,#2179,.T.);
#8739=EDGE_CURVE('',#5559,#5554,#2183,.T.);
#8743=EDGE_CURVE('',#5586,#5587,#2187,.T.);
#8745=EDGE_CURVE('',#5589,#5587,#2191,.T.);
#8747=EDGE_CURVE('',#5589,#5591,#2195,.T.);
#8749=EDGE_CURVE('',#5591,#5586,#2199,.T.);
#8759=EDGE_CURVE('',#4482,#4483,#2214,.T.);
#8761=EDGE_CURVE('',#4482,#4486,#2477,.T.);
#8764=EDGE_CURVE('',#4483,#4487,#2210,.T.);
#8775=EDGE_CURVE('',#4483,#4638,#2218,.T.);
#8777=EDGE_CURVE('',#4638,#4639,#2222,.T.);
#8779=EDGE_CURVE('',#4482,#4639,#2226,.T.);
#8789=EDGE_CURVE('',#4487,#4837,#2290,.T.);
#8791=EDGE_CURVE('',#4638,#4837,#2528,.T.);
#8804=EDGE_CURVE('',#4543,#4571,#2234,.T.);
#8806=EDGE_CURVE('',#4631,#4571,#2239,.T.);
#8808=EDGE_CURVE('',#4569,#4631,#2244,.T.);
#8810=EDGE_CURVE('',#4538,#4569,#2248,.T.);
#8813=EDGE_CURVE('',#4559,#4575,#2256,.T.);
#8815=EDGE_CURVE('',#4635,#4575,#2261,.T.);
#8817=EDGE_CURVE('',#4573,#4635,#2266,.T.);
#8819=EDGE_CURVE('',#4554,#4573,#2270,.T.);
#8822=EDGE_CURVE('',#4658,#4845,#2278,.T.);
#8824=EDGE_CURVE('',#4845,#4853,#2282,.T.);
#8826=EDGE_CURVE('',#4439,#4853,#2677,.T.);
#8829=EDGE_CURVE('',#4836,#4438,#2509,.T.);
#8831=EDGE_CURVE('',#4836,#4837,#2286,.T.);
#8842=EDGE_CURVE('',#4571,#4591,#2320,.T.);
#8846=EDGE_CURVE('',#4541,#4591,#2294,.T.);
#8856=EDGE_CURVE('',#4621,#4593,#2299,.T.);
#8858=EDGE_CURVE('',#4593,#4581,#2303,.T.);
#8860=EDGE_CURVE('',#4629,#4581,#2462,.T.);
#8862=EDGE_CURVE('',#4629,#4621,#2307,.T.);
#8872=EDGE_CURVE('',#4623,#4591,#2312,.T.);
#8874=EDGE_CURVE('',#4623,#4631,#2316,.T.);
#8886=EDGE_CURVE('',#4607,#4609,#2332,.T.);
#8888=EDGE_CURVE('',#4607,#4593,#2324,.T.);
#8891=EDGE_CURVE('',#4595,#4621,#2415,.T.);
#8893=EDGE_CURVE('',#4609,#4595,#2392,.T.);
#8903=EDGE_CURVE('',#4642,#4643,#2360,.T.);
#8905=EDGE_CURVE('',#4833,#4642,#2364,.T.);
#8907=EDGE_CURVE('',#4833,#4843,#2505,.T.);
#8909=EDGE_CURVE('',#4643,#4843,#2368,.T.);
#8913=EDGE_CURVE('',#4606,#4607,#2328,.T.);
#8916=EDGE_CURVE('',#4609,#4611,#2336,.T.);
#8918=EDGE_CURVE('',#4611,#4606,#2340,.T.);
#8928=EDGE_CURVE('',#4650,#4651,#2372,.T.);
#8930=EDGE_CURVE('',#4849,#4650,#2376,.T.);
#8932=EDGE_CURVE('',#4855,#4849,#2665,.T.);
#8934=EDGE_CURVE('',#4651,#4855,#2380,.T.);
#8938=EDGE_CURVE('',#4614,#4615,#2344,.T.);
#8940=EDGE_CURVE('',#4615,#4617,#2348,.T.);
#8942=EDGE_CURVE('',#4617,#4619,#2352,.T.);
#8944=EDGE_CURVE('',#4619,#4614,#2356,.T.);
#8955=EDGE_CURVE('',#4606,#4591,#2384,.T.);
#8957=EDGE_CURVE('',#4591,#4593,#2410,.T.);
#8969=EDGE_CURVE('',#4611,#4589,#2388,.T.);
#8971=EDGE_CURVE('',#4589,#4623,#2424,.T.);
#8985=EDGE_CURVE('',#4589,#4595,#2401,.T.);
#8996=EDGE_CURVE('',#4591,#4589,#2397,.T.);
#8999=EDGE_CURVE('',#4595,#4593,#2406,.T.);
#9012=EDGE_CURVE('',#4583,#4629,#2457,.T.);
#9014=EDGE_CURVE('',#4595,#4583,#2419,.T.);
#9025=EDGE_CURVE('',#4569,#4589,#2428,.T.);
#9040=EDGE_CURVE('',#4539,#4589,#2432,.T.);
#9063=EDGE_CURVE('',#4549,#4595,#2440,.T.);
#9066=EDGE_CURVE('',#4547,#4593,#2436,.T.);
#9077=EDGE_CURVE('',#4551,#4583,#2452,.T.);
#9090=EDGE_CURVE('',#4486,#4839,#2444,.T.);
#9092=EDGE_CURVE('',#4839,#4841,#2448,.T.);
#9094=EDGE_CURVE('',#4587,#4841,#2501,.T.);
#9100=EDGE_CURVE('',#4546,#4581,#2466,.T.);
#9111=EDGE_CURVE('',#4839,#4639,#2487,.T.);
#9123=EDGE_CURVE('',#4643,#4839,#2482,.T.);
#9126=EDGE_CURVE('',#4639,#4643,#2492,.T.);
#9139=EDGE_CURVE('',#4843,#4841,#2497,.T.);
#9152=EDGE_CURVE('',#4836,#4833,#2518,.T.);
#9156=EDGE_CURVE('',#5797,#5795,#2513,.T.);
#9168=EDGE_CURVE('',#4837,#4642,#2533,.T.);
#9180=EDGE_CURVE('',#4642,#4638,#2523,.T.);
#9207=EDGE_CURVE('',#5799,#5794,#2541,.T.);
#9242=EDGE_CURVE('',#4614,#4599,#2545,.T.);
#9244=EDGE_CURVE('',#4599,#4601,#2605,.T.);
#9246=EDGE_CURVE('',#4615,#4601,#2557,.T.);
#9257=EDGE_CURVE('',#4619,#4597,#2549,.T.);
#9259=EDGE_CURVE('',#4597,#4627,#2619,.T.);
#9261=EDGE_CURVE('',#4627,#4599,#2575,.T.);
#9273=EDGE_CURVE('',#4617,#4603,#2553,.T.);
#9275=EDGE_CURVE('',#4597,#4603,#2596,.T.);
#9288=EDGE_CURVE('',#4625,#4601,#2562,.T.);
#9290=EDGE_CURVE('',#4603,#4625,#2610,.T.);
#9302=EDGE_CURVE('',#4601,#4577,#2566,.T.);
#9304=EDGE_CURVE('',#4633,#4577,#2645,.T.);
#9306=EDGE_CURVE('',#4633,#4625,#2570,.T.);
#9317=EDGE_CURVE('',#4627,#4635,#2579,.T.);
#9320=EDGE_CURVE('',#4575,#4599,#2583,.T.);
#9331=EDGE_CURVE('',#4563,#4601,#2587,.T.);
#9334=EDGE_CURVE('',#4562,#4577,#2649,.T.);
#9344=EDGE_CURVE('',#4603,#4601,#2601,.T.);
#9346=EDGE_CURVE('',#4565,#4603,#2661,.T.);
#9358=EDGE_CURVE('',#4599,#4597,#2592,.T.);
#9373=EDGE_CURVE('',#4579,#4633,#2640,.T.);
#9375=EDGE_CURVE('',#4603,#4579,#2614,.T.);
#9386=EDGE_CURVE('',#4573,#4597,#2623,.T.);
#9399=EDGE_CURVE('',#4557,#4599,#2631,.T.);
#9402=EDGE_CURVE('',#4555,#4597,#2627,.T.);
#9437=EDGE_CURVE('',#4567,#4579,#2635,.T.);
#9443=EDGE_CURVE('',#4585,#4851,#2669,.T.);
#9445=EDGE_CURVE('',#4851,#4847,#2653,.T.);
#9447=EDGE_CURVE('',#4659,#4847,#2657,.T.);
#9470=EDGE_CURVE('',#4851,#4849,#2682,.T.);
#9477=EDGE_CURVE('',#4855,#4853,#2744,.T.);
#9488=EDGE_CURVE('',#4847,#4650,#2697,.T.);
#9500=EDGE_CURVE('',#4650,#4646,#2687,.T.);
#9502=EDGE_CURVE('',#4646,#4847,#2692,.T.);
#9513=EDGE_CURVE('',#4646,#4647,#2701,.T.);
#9517=EDGE_CURVE('',#4647,#4651,#2739,.T.);
#9528=EDGE_CURVE('',#4654,#4647,#2705,.T.);
#9530=EDGE_CURVE('',#4654,#4655,#2709,.T.);
#9532=EDGE_CURVE('',#4655,#4646,#2713,.T.);
#9543=EDGE_CURVE('',#4845,#4647,#2734,.T.);
#9546=EDGE_CURVE('',#4654,#4658,#2724,.T.);
#9556=EDGE_CURVE('',#4651,#4845,#2729,.T.);
#9583=EDGE_CURVE('',#4659,#4655,#2755,.T.);
#9606=EDGE_CURVE('',#4758,#4734,#2759,.T.);
#9608=EDGE_CURVE('',#4734,#4735,#2793,.T.);
#9610=EDGE_CURVE('',#4759,#4735,#2780,.T.);
#9621=EDGE_CURVE('',#4763,#4739,#2763,.T.);
#9623=EDGE_CURVE('',#4739,#4755,#2768,.T.);
#9625=EDGE_CURVE('',#4755,#4747,#2772,.T.);
#9627=EDGE_CURVE('',#4747,#4742,#2814,.T.);
#9629=EDGE_CURVE('',#4749,#4742,#2806,.T.);
#9631=EDGE_CURVE('',#4734,#4749,#2798,.T.);
#9643=EDGE_CURVE('',#4761,#4738,#2776,.T.);
#9645=EDGE_CURVE('',#4738,#4739,#2834,.T.);
#9658=EDGE_CURVE('',#4735,#4751,#2785,.T.);
#9660=EDGE_CURVE('',#4751,#4743,#2789,.T.);
#9662=EDGE_CURVE('',#4743,#4745,#2822,.T.);
#9664=EDGE_CURVE('',#4753,#4745,#2830,.T.);
#9666=EDGE_CURVE('',#4738,#4753,#2839,.T.);
#9679=EDGE_CURVE('',#4749,#4751,#2802,.T.);
#9692=EDGE_CURVE('',#4742,#4743,#2810,.T.);
#9705=EDGE_CURVE('',#4745,#4747,#2818,.T.);
#9716=EDGE_CURVE('',#4753,#4755,#2826,.T.);
#9742=EDGE_CURVE('',#4882,#4858,#2843,.T.);
#9744=EDGE_CURVE('',#4858,#4859,#2877,.T.);
#9746=EDGE_CURVE('',#4883,#4859,#2864,.T.);
#9757=EDGE_CURVE('',#4887,#4863,#2847,.T.);
#9759=EDGE_CURVE('',#4863,#4871,#2852,.T.);
#9761=EDGE_CURVE('',#4871,#4879,#2856,.T.);
#9763=EDGE_CURVE('',#4879,#4874,#2898,.T.);
#9765=EDGE_CURVE('',#4866,#4874,#2890,.T.);
#9767=EDGE_CURVE('',#4858,#4866,#2882,.T.);
#9779=EDGE_CURVE('',#4885,#4862,#2860,.T.);
#9781=EDGE_CURVE('',#4862,#4863,#2918,.T.);
#9794=EDGE_CURVE('',#4859,#4867,#2869,.T.);
#9796=EDGE_CURVE('',#4867,#4875,#2873,.T.);
#9798=EDGE_CURVE('',#4875,#4877,#2906,.T.);
#9800=EDGE_CURVE('',#4870,#4877,#2914,.T.);
#9802=EDGE_CURVE('',#4862,#4870,#2923,.T.);
#9815=EDGE_CURVE('',#4866,#4867,#2886,.T.);
#9828=EDGE_CURVE('',#4874,#4875,#2894,.T.);
#9841=EDGE_CURVE('',#4877,#4879,#2902,.T.);
#9852=EDGE_CURVE('',#4870,#4871,#2910,.T.);
#9878=EDGE_CURVE('',#4914,#4890,#2927,.T.);
#9880=EDGE_CURVE('',#4890,#4891,#2961,.T.);
#9882=EDGE_CURVE('',#4915,#4891,#2948,.T.);
#9893=EDGE_CURVE('',#4919,#4895,#2931,.T.);
#9895=EDGE_CURVE('',#4895,#4903,#2936,.T.);
#9897=EDGE_CURVE('',#4903,#4911,#2940,.T.);
#9899=EDGE_CURVE('',#4911,#4906,#2982,.T.);
#9901=EDGE_CURVE('',#4898,#4906,#2974,.T.);
#9903=EDGE_CURVE('',#4890,#4898,#2966,.T.);
#9915=EDGE_CURVE('',#4917,#4894,#2944,.T.);
#9917=EDGE_CURVE('',#4894,#4895,#3002,.T.);
#9930=EDGE_CURVE('',#4891,#4899,#2953,.T.);
#9932=EDGE_CURVE('',#4899,#4907,#2957,.T.);
#9934=EDGE_CURVE('',#4907,#4909,#2990,.T.);
#9936=EDGE_CURVE('',#4902,#4909,#2998,.T.);
#9938=EDGE_CURVE('',#4894,#4902,#3007,.T.);
#9951=EDGE_CURVE('',#4898,#4899,#2970,.T.);
#9964=EDGE_CURVE('',#4906,#4907,#2978,.T.);
#9977=EDGE_CURVE('',#4909,#4911,#2986,.T.);
#9988=EDGE_CURVE('',#4902,#4903,#2994,.T.);
#10014=EDGE_CURVE('',#4946,#4922,#3011,.T.);
#10016=EDGE_CURVE('',#4922,#4923,#3045,.T.);
#10018=EDGE_CURVE('',#4947,#4923,#3032,.T.);
#10029=EDGE_CURVE('',#4951,#4927,#3015,.T.);
#10031=EDGE_CURVE('',#4927,#4935,#3020,.T.);
#10033=EDGE_CURVE('',#4935,#4943,#3024,.T.);
#10035=EDGE_CURVE('',#4943,#4938,#3066,.T.);
#10037=EDGE_CURVE('',#4930,#4938,#3058,.T.);
#10039=EDGE_CURVE('',#4922,#4930,#3050,.T.);
#10051=EDGE_CURVE('',#4949,#4926,#3028,.T.);
#10053=EDGE_CURVE('',#4926,#4927,#3086,.T.);
#10066=EDGE_CURVE('',#4923,#4931,#3037,.T.);
#10068=EDGE_CURVE('',#4931,#4939,#3041,.T.);
#10070=EDGE_CURVE('',#4939,#4941,#3074,.T.);
#10072=EDGE_CURVE('',#4934,#4941,#3082,.T.);
#10074=EDGE_CURVE('',#4926,#4934,#3091,.T.);
#10087=EDGE_CURVE('',#4930,#4931,#3054,.T.);
#10100=EDGE_CURVE('',#4938,#4939,#3062,.T.);
#10113=EDGE_CURVE('',#4941,#4943,#3070,.T.);
#10124=EDGE_CURVE('',#4934,#4935,#3078,.T.);
#10150=EDGE_CURVE('',#5234,#5210,#3095,.T.);
#10152=EDGE_CURVE('',#5210,#5211,#3129,.T.);
#10154=EDGE_CURVE('',#5235,#5211,#3116,.T.);
#10165=EDGE_CURVE('',#5239,#5215,#3099,.T.);
#10167=EDGE_CURVE('',#5215,#5223,#3104,.T.);
#10169=EDGE_CURVE('',#5223,#5231,#3108,.T.);
#10171=EDGE_CURVE('',#5231,#5226,#3150,.T.);
#10173=EDGE_CURVE('',#5218,#5226,#3142,.T.);
#10175=EDGE_CURVE('',#5210,#5218,#3134,.T.);
#10187=EDGE_CURVE('',#5237,#5214,#3112,.T.);
#10189=EDGE_CURVE('',#5214,#5215,#3170,.T.);
#10202=EDGE_CURVE('',#5211,#5219,#3121,.T.);
#10204=EDGE_CURVE('',#5219,#5227,#3125,.T.);
#10206=EDGE_CURVE('',#5227,#5229,#3158,.T.);
#10208=EDGE_CURVE('',#5222,#5229,#3166,.T.);
#10210=EDGE_CURVE('',#5214,#5222,#3175,.T.);
#10223=EDGE_CURVE('',#5218,#5219,#3138,.T.);
#10236=EDGE_CURVE('',#5226,#5227,#3146,.T.);
#10249=EDGE_CURVE('',#5229,#5231,#3154,.T.);
#10260=EDGE_CURVE('',#5222,#5223,#3162,.T.);
#10286=EDGE_CURVE('',#5266,#5242,#3179,.T.);
#10288=EDGE_CURVE('',#5242,#5243,#3213,.T.);
#10290=EDGE_CURVE('',#5267,#5243,#3200,.T.);
#10301=EDGE_CURVE('',#5271,#5247,#3183,.T.);
#10303=EDGE_CURVE('',#5247,#5255,#3188,.T.);
#10305=EDGE_CURVE('',#5255,#5263,#3192,.T.);
#10307=EDGE_CURVE('',#5263,#5258,#3234,.T.);
#10309=EDGE_CURVE('',#5250,#5258,#3226,.T.);
#10311=EDGE_CURVE('',#5242,#5250,#3218,.T.);
#10323=EDGE_CURVE('',#5269,#5246,#3196,.T.);
#10325=EDGE_CURVE('',#5246,#5247,#3254,.T.);
#10338=EDGE_CURVE('',#5243,#5251,#3205,.T.);
#10340=EDGE_CURVE('',#5251,#5259,#3209,.T.);
#10342=EDGE_CURVE('',#5259,#5261,#3242,.T.);
#10344=EDGE_CURVE('',#5254,#5261,#3250,.T.);
#10346=EDGE_CURVE('',#5246,#5254,#3259,.T.);
#10359=EDGE_CURVE('',#5250,#5251,#3222,.T.);
#10372=EDGE_CURVE('',#5258,#5259,#3230,.T.);
#10385=EDGE_CURVE('',#5261,#5263,#3238,.T.);
#10396=EDGE_CURVE('',#5254,#5255,#3246,.T.);
#10422=EDGE_CURVE('',#5298,#5274,#3263,.T.);
#10424=EDGE_CURVE('',#5274,#5275,#3297,.T.);
#10426=EDGE_CURVE('',#5299,#5275,#3284,.T.);
#10437=EDGE_CURVE('',#5303,#5279,#3267,.T.);
#10439=EDGE_CURVE('',#5279,#5287,#3272,.T.);
#10441=EDGE_CURVE('',#5287,#5295,#3276,.T.);
#10443=EDGE_CURVE('',#5295,#5290,#3318,.T.);
#10445=EDGE_CURVE('',#5282,#5290,#3310,.T.);
#10447=EDGE_CURVE('',#5274,#5282,#3302,.T.);
#10459=EDGE_CURVE('',#5301,#5278,#3280,.T.);
#10461=EDGE_CURVE('',#5278,#5279,#3338,.T.);
#10474=EDGE_CURVE('',#5275,#5283,#3289,.T.);
#10476=EDGE_CURVE('',#5283,#5291,#3293,.T.);
#10478=EDGE_CURVE('',#5291,#5293,#3326,.T.);
#10480=EDGE_CURVE('',#5286,#5293,#3334,.T.);
#10482=EDGE_CURVE('',#5278,#5286,#3343,.T.);
#10495=EDGE_CURVE('',#5282,#5283,#3306,.T.);
#10508=EDGE_CURVE('',#5290,#5291,#3314,.T.);
#10521=EDGE_CURVE('',#5293,#5295,#3322,.T.);
#10532=EDGE_CURVE('',#5286,#5287,#3330,.T.);
#10558=EDGE_CURVE('',#5330,#5306,#3347,.T.);
#10560=EDGE_CURVE('',#5306,#5307,#3381,.T.);
#10562=EDGE_CURVE('',#5331,#5307,#3368,.T.);
#10573=EDGE_CURVE('',#5335,#5311,#3351,.T.);
#10575=EDGE_CURVE('',#5311,#5319,#3356,.T.);
#10577=EDGE_CURVE('',#5319,#5327,#3360,.T.);
#10579=EDGE_CURVE('',#5327,#5322,#3402,.T.);
#10581=EDGE_CURVE('',#5314,#5322,#3394,.T.);
#10583=EDGE_CURVE('',#5306,#5314,#3386,.T.);
#10595=EDGE_CURVE('',#5333,#5310,#3364,.T.);
#10597=EDGE_CURVE('',#5310,#5311,#3422,.T.);
#10610=EDGE_CURVE('',#5307,#5315,#3373,.T.);
#10612=EDGE_CURVE('',#5315,#5323,#3377,.T.);
#10614=EDGE_CURVE('',#5323,#5325,#3410,.T.);
#10616=EDGE_CURVE('',#5318,#5325,#3418,.T.);
#10618=EDGE_CURVE('',#5310,#5318,#3427,.T.);
#10631=EDGE_CURVE('',#5314,#5315,#3390,.T.);
#10644=EDGE_CURVE('',#5322,#5323,#3398,.T.);
#10657=EDGE_CURVE('',#5325,#5327,#3406,.T.);
#10668=EDGE_CURVE('',#5318,#5319,#3414,.T.);
#10694=EDGE_CURVE('',#5362,#5338,#3431,.T.);
#10696=EDGE_CURVE('',#5338,#5339,#3465,.T.);
#10698=EDGE_CURVE('',#5363,#5339,#3452,.T.);
#10709=EDGE_CURVE('',#5367,#5343,#3435,.T.);
#10711=EDGE_CURVE('',#5343,#5351,#3440,.T.);
#10713=EDGE_CURVE('',#5351,#5359,#3444,.T.);
#10715=EDGE_CURVE('',#5359,#5354,#3486,.T.);
#10717=EDGE_CURVE('',#5346,#5354,#3478,.T.);
#10719=EDGE_CURVE('',#5338,#5346,#3470,.T.);
#10731=EDGE_CURVE('',#5365,#5342,#3448,.T.);
#10733=EDGE_CURVE('',#5342,#5343,#3506,.T.);
#10746=EDGE_CURVE('',#5339,#5347,#3457,.T.);
#10748=EDGE_CURVE('',#5347,#5355,#3461,.T.);
#10750=EDGE_CURVE('',#5355,#5357,#3494,.T.);
#10752=EDGE_CURVE('',#5350,#5357,#3502,.T.);
#10754=EDGE_CURVE('',#5342,#5350,#3511,.T.);
#10767=EDGE_CURVE('',#5346,#5347,#3474,.T.);
#10780=EDGE_CURVE('',#5354,#5355,#3482,.T.);
#10793=EDGE_CURVE('',#5357,#5359,#3490,.T.);
#10804=EDGE_CURVE('',#5350,#5351,#3498,.T.);
#10830=EDGE_CURVE('',#5394,#5370,#3515,.T.);
#10832=EDGE_CURVE('',#5370,#5371,#3549,.T.);
#10834=EDGE_CURVE('',#5395,#5371,#3536,.T.);
#10845=EDGE_CURVE('',#5399,#5375,#3519,.T.);
#10847=EDGE_CURVE('',#5375,#5383,#3524,.T.);
#10849=EDGE_CURVE('',#5383,#5391,#3528,.T.);
#10851=EDGE_CURVE('',#5391,#5386,#3570,.T.);
#10853=EDGE_CURVE('',#5378,#5386,#3562,.T.);
#10855=EDGE_CURVE('',#5370,#5378,#3554,.T.);
#10867=EDGE_CURVE('',#5397,#5374,#3532,.T.);
#10869=EDGE_CURVE('',#5374,#5375,#3590,.T.);
#10882=EDGE_CURVE('',#5371,#5379,#3541,.T.);
#10884=EDGE_CURVE('',#5379,#5387,#3545,.T.);
#10886=EDGE_CURVE('',#5387,#5389,#3578,.T.);
#10888=EDGE_CURVE('',#5382,#5389,#3586,.T.);
#10890=EDGE_CURVE('',#5374,#5382,#3595,.T.);
#10903=EDGE_CURVE('',#5378,#5379,#3558,.T.);
#10916=EDGE_CURVE('',#5386,#5387,#3566,.T.);
#10929=EDGE_CURVE('',#5389,#5391,#3574,.T.);
#10940=EDGE_CURVE('',#5382,#5383,#3582,.T.);
#10966=EDGE_CURVE('',#4790,#4766,#3599,.T.);
#10968=EDGE_CURVE('',#4766,#4767,#3633,.T.);
#10970=EDGE_CURVE('',#4791,#4767,#3620,.T.);
#10981=EDGE_CURVE('',#4795,#4771,#3603,.T.);
#10983=EDGE_CURVE('',#4771,#4787,#3608,.T.);
#10985=EDGE_CURVE('',#4787,#4779,#3612,.T.);
#10987=EDGE_CURVE('',#4779,#4774,#3654,.T.);
#10989=EDGE_CURVE('',#4781,#4774,#3646,.T.);
#10991=EDGE_CURVE('',#4766,#4781,#3638,.T.);
#11003=EDGE_CURVE('',#4793,#4770,#3616,.T.);
#11005=EDGE_CURVE('',#4770,#4771,#3674,.T.);
#11018=EDGE_CURVE('',#4767,#4783,#3625,.T.);
#11020=EDGE_CURVE('',#4783,#4775,#3629,.T.);
#11022=EDGE_CURVE('',#4775,#4777,#3662,.T.);
#11024=EDGE_CURVE('',#4785,#4777,#3670,.T.);
#11026=EDGE_CURVE('',#4770,#4785,#3679,.T.);
#11039=EDGE_CURVE('',#4781,#4783,#3642,.T.);
#11052=EDGE_CURVE('',#4774,#4775,#3650,.T.);
#11065=EDGE_CURVE('',#4777,#4779,#3658,.T.);
#11076=EDGE_CURVE('',#4785,#4787,#3666,.T.);
#11102=EDGE_CURVE('',#4978,#4954,#3683,.T.);
#11104=EDGE_CURVE('',#4954,#4955,#3717,.T.);
#11106=EDGE_CURVE('',#4979,#4955,#3704,.T.);
#11117=EDGE_CURVE('',#4983,#4959,#3687,.T.);
#11119=EDGE_CURVE('',#4959,#4967,#3692,.T.);
#11121=EDGE_CURVE('',#4967,#4975,#3696,.T.);
#11123=EDGE_CURVE('',#4975,#4970,#3738,.T.);
#11125=EDGE_CURVE('',#4962,#4970,#3730,.T.);
#11127=EDGE_CURVE('',#4954,#4962,#3722,.T.);
#11139=EDGE_CURVE('',#4981,#4958,#3700,.T.);
#11141=EDGE_CURVE('',#4958,#4959,#3758,.T.);
#11154=EDGE_CURVE('',#4955,#4963,#3709,.T.);
#11156=EDGE_CURVE('',#4963,#4971,#3713,.T.);
#11158=EDGE_CURVE('',#4971,#4973,#3746,.T.);
#11160=EDGE_CURVE('',#4966,#4973,#3754,.T.);
#11162=EDGE_CURVE('',#4958,#4966,#3763,.T.);
#11175=EDGE_CURVE('',#4962,#4963,#3726,.T.);
#11188=EDGE_CURVE('',#4970,#4971,#3734,.T.);
#11201=EDGE_CURVE('',#4973,#4975,#3742,.T.);
#11212=EDGE_CURVE('',#4966,#4967,#3750,.T.);
#11238=EDGE_CURVE('',#5010,#4986,#3767,.T.);
#11240=EDGE_CURVE('',#4986,#4987,#3801,.T.);
#11242=EDGE_CURVE('',#5011,#4987,#3788,.T.);
#11253=EDGE_CURVE('',#5015,#4991,#3771,.T.);
#11255=EDGE_CURVE('',#4991,#4999,#3776,.T.);
#11257=EDGE_CURVE('',#4999,#5007,#3780,.T.);
#11259=EDGE_CURVE('',#5007,#5002,#3822,.T.);
#11261=EDGE_CURVE('',#4994,#5002,#3814,.T.);
#11263=EDGE_CURVE('',#4986,#4994,#3806,.T.);
#11275=EDGE_CURVE('',#5013,#4990,#3784,.T.);
#11277=EDGE_CURVE('',#4990,#4991,#3842,.T.);
#11290=EDGE_CURVE('',#4987,#4995,#3793,.T.);
#11292=EDGE_CURVE('',#4995,#5003,#3797,.T.);
#11294=EDGE_CURVE('',#5003,#5005,#3830,.T.);
#11296=EDGE_CURVE('',#4998,#5005,#3838,.T.);
#11298=EDGE_CURVE('',#4990,#4998,#3847,.T.);
#11311=EDGE_CURVE('',#4994,#4995,#3810,.T.);
#11324=EDGE_CURVE('',#5002,#5003,#3818,.T.);
#11337=EDGE_CURVE('',#5005,#5007,#3826,.T.);
#11348=EDGE_CURVE('',#4998,#4999,#3834,.T.);
#11374=EDGE_CURVE('',#5042,#5018,#3851,.T.);
#11376=EDGE_CURVE('',#5018,#5019,#3885,.T.);
#11378=EDGE_CURVE('',#5043,#5019,#3872,.T.);
#11389=EDGE_CURVE('',#5047,#5023,#3855,.T.);
#11391=EDGE_CURVE('',#5023,#5031,#3860,.T.);
#11393=EDGE_CURVE('',#5031,#5039,#3864,.T.);
#11395=EDGE_CURVE('',#5039,#5034,#3906,.T.);
#11397=EDGE_CURVE('',#5026,#5034,#3898,.T.);
#11399=EDGE_CURVE('',#5018,#5026,#3890,.T.);
#11411=EDGE_CURVE('',#5045,#5022,#3868,.T.);
#11413=EDGE_CURVE('',#5022,#5023,#3926,.T.);
#11426=EDGE_CURVE('',#5019,#5027,#3877,.T.);
#11428=EDGE_CURVE('',#5027,#5035,#3881,.T.);
#11430=EDGE_CURVE('',#5035,#5037,#3914,.T.);
#11432=EDGE_CURVE('',#5030,#5037,#3922,.T.);
#11434=EDGE_CURVE('',#5022,#5030,#3931,.T.);
#11447=EDGE_CURVE('',#5026,#5027,#3894,.T.);
#11460=EDGE_CURVE('',#5034,#5035,#3902,.T.);
#11473=EDGE_CURVE('',#5037,#5039,#3910,.T.);
#11484=EDGE_CURVE('',#5030,#5031,#3918,.T.);
#11510=EDGE_CURVE('',#5426,#5402,#3935,.T.);
#11512=EDGE_CURVE('',#5402,#5403,#3969,.T.);
#11514=EDGE_CURVE('',#5427,#5403,#3956,.T.);
#11525=EDGE_CURVE('',#5431,#5407,#3939,.T.);
#11527=EDGE_CURVE('',#5407,#5415,#3944,.T.);
#11529=EDGE_CURVE('',#5415,#5423,#3948,.T.);
#11531=EDGE_CURVE('',#5423,#5418,#3990,.T.);
#11533=EDGE_CURVE('',#5410,#5418,#3982,.T.);
#11535=EDGE_CURVE('',#5402,#5410,#3974,.T.);
#11547=EDGE_CURVE('',#5429,#5406,#3952,.T.);
#11549=EDGE_CURVE('',#5406,#5407,#4010,.T.);
#11562=EDGE_CURVE('',#5403,#5411,#3961,.T.);
#11564=EDGE_CURVE('',#5411,#5419,#3965,.T.);
#11566=EDGE_CURVE('',#5419,#5421,#3998,.T.);
#11568=EDGE_CURVE('',#5414,#5421,#4006,.T.);
#11570=EDGE_CURVE('',#5406,#5414,#4015,.T.);
#11583=EDGE_CURVE('',#5410,#5411,#3978,.T.);
#11596=EDGE_CURVE('',#5418,#5419,#3986,.T.);
#11609=EDGE_CURVE('',#5421,#5423,#3994,.T.);
#11620=EDGE_CURVE('',#5414,#5415,#4002,.T.);
#11646=EDGE_CURVE('',#5458,#5434,#4019,.T.);
#11648=EDGE_CURVE('',#5434,#5435,#4053,.T.);
#11650=EDGE_CURVE('',#5459,#5435,#4040,.T.);
#11661=EDGE_CURVE('',#5463,#5439,#4023,.T.);
#11663=EDGE_CURVE('',#5439,#5447,#4028,.T.);
#11665=EDGE_CURVE('',#5447,#5455,#4032,.T.);
#11667=EDGE_CURVE('',#5455,#5450,#4074,.T.);
#11669=EDGE_CURVE('',#5442,#5450,#4066,.T.);
#11671=EDGE_CURVE('',#5434,#5442,#4058,.T.);
#11683=EDGE_CURVE('',#5461,#5438,#4036,.T.);
#11685=EDGE_CURVE('',#5438,#5439,#4094,.T.);
#11698=EDGE_CURVE('',#5435,#5443,#4045,.T.);
#11700=EDGE_CURVE('',#5443,#5451,#4049,.T.);
#11702=EDGE_CURVE('',#5451,#5453,#4082,.T.);
#11704=EDGE_CURVE('',#5446,#5453,#4090,.T.);
#11706=EDGE_CURVE('',#5438,#5446,#4099,.T.);
#11719=EDGE_CURVE('',#5442,#5443,#4062,.T.);
#11732=EDGE_CURVE('',#5450,#5451,#4070,.T.);
#11745=EDGE_CURVE('',#5453,#5455,#4078,.T.);
#11756=EDGE_CURVE('',#5446,#5447,#4086,.T.);
#11782=EDGE_CURVE('',#5490,#5466,#4103,.T.);
#11784=EDGE_CURVE('',#5466,#5467,#4137,.T.);
#11786=EDGE_CURVE('',#5491,#5467,#4124,.T.);
#11797=EDGE_CURVE('',#5495,#5471,#4107,.T.);
#11799=EDGE_CURVE('',#5471,#5479,#4112,.T.);
#11801=EDGE_CURVE('',#5479,#5487,#4116,.T.);
#11803=EDGE_CURVE('',#5487,#5482,#4158,.T.);
#11805=EDGE_CURVE('',#5474,#5482,#4150,.T.);
#11807=EDGE_CURVE('',#5466,#5474,#4142,.T.);
#11819=EDGE_CURVE('',#5493,#5470,#4120,.T.);
#11821=EDGE_CURVE('',#5470,#5471,#4178,.T.);
#11834=EDGE_CURVE('',#5467,#5475,#4129,.T.);
#11836=EDGE_CURVE('',#5475,#5483,#4133,.T.);
#11838=EDGE_CURVE('',#5483,#5485,#4166,.T.);
#11840=EDGE_CURVE('',#5478,#5485,#4174,.T.);
#11842=EDGE_CURVE('',#5470,#5478,#4183,.T.);
#11855=EDGE_CURVE('',#5474,#5475,#4146,.T.);
#11868=EDGE_CURVE('',#5482,#5483,#4154,.T.);
#11881=EDGE_CURVE('',#5485,#5487,#4162,.T.);
#11892=EDGE_CURVE('',#5478,#5479,#4170,.T.);
#11918=EDGE_CURVE('',#5522,#5498,#4187,.T.);
#11920=EDGE_CURVE('',#5498,#5499,#4221,.T.);
#11922=EDGE_CURVE('',#5523,#5499,#4208,.T.);
#11933=EDGE_CURVE('',#5527,#5503,#4191,.T.);
#11935=EDGE_CURVE('',#5503,#5511,#4196,.T.);
#11937=EDGE_CURVE('',#5511,#5519,#4200,.T.);
#11939=EDGE_CURVE('',#5519,#5514,#4242,.T.);
#11941=EDGE_CURVE('',#5506,#5514,#4234,.T.);
#11943=EDGE_CURVE('',#5498,#5506,#4226,.T.);
#11955=EDGE_CURVE('',#5525,#5502,#4204,.T.);
#11957=EDGE_CURVE('',#5502,#5503,#4262,.T.);
#11970=EDGE_CURVE('',#5499,#5507,#4213,.T.);
#11972=EDGE_CURVE('',#5507,#5515,#4217,.T.);
#11974=EDGE_CURVE('',#5515,#5517,#4250,.T.);
#11976=EDGE_CURVE('',#5510,#5517,#4258,.T.);
#11978=EDGE_CURVE('',#5502,#5510,#4267,.T.);
#11991=EDGE_CURVE('',#5506,#5507,#4230,.T.);
#12004=EDGE_CURVE('',#5514,#5515,#4238,.T.);
#12017=EDGE_CURVE('',#5517,#5519,#4246,.T.);
#12028=EDGE_CURVE('',#5510,#5511,#4254,.T.);
#12054=EDGE_CURVE('',#5554,#5530,#4271,.T.);
#12056=EDGE_CURVE('',#5530,#5531,#4305,.T.);
#12058=EDGE_CURVE('',#5555,#5531,#4292,.T.);
#12069=EDGE_CURVE('',#5559,#5535,#4275,.T.);
#12071=EDGE_CURVE('',#5535,#5543,#4280,.T.);
#12073=EDGE_CURVE('',#5543,#5551,#4284,.T.);
#12075=EDGE_CURVE('',#5551,#5546,#4326,.T.);
#12077=EDGE_CURVE('',#5538,#5546,#4318,.T.);
#12079=EDGE_CURVE('',#5530,#5538,#4310,.T.);
#12091=EDGE_CURVE('',#5557,#5534,#4288,.T.);
#12093=EDGE_CURVE('',#5534,#5535,#4346,.T.);
#12106=EDGE_CURVE('',#5531,#5539,#4297,.T.);
#12108=EDGE_CURVE('',#5539,#5547,#4301,.T.);
#12110=EDGE_CURVE('',#5547,#5549,#4334,.T.);
#12112=EDGE_CURVE('',#5542,#5549,#4342,.T.);
#12114=EDGE_CURVE('',#5534,#5542,#4351,.T.);
#12127=EDGE_CURVE('',#5538,#5539,#4314,.T.);
#12140=EDGE_CURVE('',#5546,#5547,#4322,.T.);
#12153=EDGE_CURVE('',#5549,#5551,#4330,.T.);
#12164=EDGE_CURVE('',#5542,#5543,#4338,.T.);
#12190=EDGE_CURVE('',#5586,#5562,#4355,.T.);
#12192=EDGE_CURVE('',#5562,#5563,#4389,.T.);
#12194=EDGE_CURVE('',#5587,#5563,#4376,.T.);
#12205=EDGE_CURVE('',#5591,#5567,#4359,.T.);
#12207=EDGE_CURVE('',#5567,#5575,#4364,.T.);
#12209=EDGE_CURVE('',#5575,#5583,#4368,.T.);
#12211=EDGE_CURVE('',#5583,#5578,#4410,.T.);
#12213=EDGE_CURVE('',#5570,#5578,#4402,.T.);
#12215=EDGE_CURVE('',#5562,#5570,#4394,.T.);
#12227=EDGE_CURVE('',#5589,#5566,#4372,.T.);
#12229=EDGE_CURVE('',#5566,#5567,#4430,.T.);
#12242=EDGE_CURVE('',#5563,#5571,#4381,.T.);
#12244=EDGE_CURVE('',#5571,#5579,#4385,.T.);
#12246=EDGE_CURVE('',#5579,#5581,#4418,.T.);
#12248=EDGE_CURVE('',#5574,#5581,#4426,.T.);
#12250=EDGE_CURVE('',#5566,#5574,#4435,.T.);
#12263=EDGE_CURVE('',#5570,#5571,#4398,.T.);
#12276=EDGE_CURVE('',#5578,#5579,#4406,.T.);
#12289=EDGE_CURVE('',#5581,#5583,#4414,.T.);
#12300=EDGE_CURVE('',#5574,#5575,#4422,.T.);
#12322=(LENGTH_UNIT()NAMED_UNIT(*)SI_UNIT(.MILLI.,.METRE.));
#12324=(NAMED_UNIT(*)PLANE_ANGLE_UNIT()SI_UNIT($,.RADIAN.));
#12327=(NAMED_UNIT(*)SI_UNIT($,.STERADIAN.)SOLID_ANGLE_UNIT());
#12330=ADVANCED_BREP_SHAPE_REPRESENTATION('',(#12321),#12329);
#12337=PRODUCT_DEFINITION('part definition','',#12336,#12333);
#12338=PRODUCT_DEFINITION_SHAPE('','SHAPE FOR C-1-175975-2.',#12337);
#12339=SHAPE_ASPECT('','solid data associated with C-1-175975-2',#12338,.F.);
#12340=PROPERTY_DEFINITION('',
'shape for solid data with which properties are associated',#12339);
#12341=SHAPE_REPRESENTATION('',(#12321),#12329);
#12342=SHAPE_DEFINITION_REPRESENTATION(#12340,#12341);
#12343=(LENGTH_UNIT()NAMED_UNIT(*)SI_UNIT(.MILLI.,.METRE.));
#12347=PROPERTY_DEFINITION('geometric validation property',
'area of C-1-175975-2',#12339);
#12348=REPRESENTATION('surface area',(#12346),#12329);
#12349=PROPERTY_DEFINITION_REPRESENTATION(#12347,#12348);
#12350=(LENGTH_UNIT()NAMED_UNIT(*)SI_UNIT(.MILLI.,.METRE.));
#12354=PROPERTY_DEFINITION('geometric validation property',
'volume of C-1-175975-2',#12339);
#12355=REPRESENTATION('volume',(#12353),#12329);
#12356=PROPERTY_DEFINITION_REPRESENTATION(#12354,#12355);
#12358=PROPERTY_DEFINITION('geometric validation property',
'centroid of C-1-175975-2',#12339);
#12359=REPRESENTATION('centroid',(#12357),#12329);
#12360=PROPERTY_DEFINITION_REPRESENTATION(#12358,#12359);
#12361=(LENGTH_UNIT()NAMED_UNIT(*)SI_UNIT(.MILLI.,.METRE.));
#12365=PROPERTY_DEFINITION('geometric validation property',
'area of C-1-175975-2',#12338);
#12366=REPRESENTATION('surface area',(#12364),#12329);
#12367=PROPERTY_DEFINITION_REPRESENTATION(#12365,#12366);
#12368=(LENGTH_UNIT()NAMED_UNIT(*)SI_UNIT(.MILLI.,.METRE.));
#12372=PROPERTY_DEFINITION('geometric validation property',
'volume of C-1-175975-2',#12338);
#12373=REPRESENTATION('volume',(#12371),#12329);
#12374=PROPERTY_DEFINITION_REPRESENTATION(#12372,#12373);
#12376=PROPERTY_DEFINITION('geometric validation property',
'centroid of C-1-175975-2',#12338);
#12377=REPRESENTATION('centroid',(#12375),#12329);
#12378=PROPERTY_DEFINITION_REPRESENTATION(#12376,#12377);
#12379=SHAPE_DEFINITION_REPRESENTATION(#12338,#12330);
#12381=PROPERTY_DEFINITION('user defined attribute','',#12337);
#12385=REPRESENTATION('',(#12384),#12329);
#12386=PROPERTY_DEFINITION_REPRESENTATION(#12381,#12385);
#12387=PROPERTY_DEFINITION('user defined attribute','',#12337);
#12391=REPRESENTATION('',(#12390),#12329);
#12392=PROPERTY_DEFINITION_REPRESENTATION(#12387,#12391);
#12393=PROPERTY_DEFINITION('user defined attribute','',#12337);
#12397=REPRESENTATION('',(#12396),#12329);
#12398=PROPERTY_DEFINITION_REPRESENTATION(#12393,#12397);
#12399=PROPERTY_DEFINITION('user defined attribute','',#12337);
#12403=REPRESENTATION('',(#12402),#12329);
#12404=PROPERTY_DEFINITION_REPRESENTATION(#12399,#12403);
#12405=PROPERTY_DEFINITION('user defined attribute','',#12337);
#12409=REPRESENTATION('',(#12408),#12329);
#12410=PROPERTY_DEFINITION_REPRESENTATION(#12405,#12409);
#12411=PROPERTY_DEFINITION('user defined attribute','',#12337);
#12415=REPRESENTATION('',(#12414),#12329);
#12416=PROPERTY_DEFINITION_REPRESENTATION(#12411,#12415);
#12417=PROPERTY_DEFINITION('user defined attribute','',#12337);
#12421=REPRESENTATION('',(#12420),#12329);
#12422=PROPERTY_DEFINITION_REPRESENTATION(#12417,#12421);
#12423=PROPERTY_DEFINITION('user defined attribute','',#12337);
#12427=REPRESENTATION('',(#12426),#12329);
#12428=PROPERTY_DEFINITION_REPRESENTATION(#12423,#12427);
#12429=PROPERTY_DEFINITION('user defined attribute','',#12337);
#12433=REPRESENTATION('',(#12432),#12329);
#12434=PROPERTY_DEFINITION_REPRESENTATION(#12429,#12433);
#12435=PROPERTY_DEFINITION('user defined attribute','',#12337);
#12439=REPRESENTATION('',(#12438),#12329);
#12440=PROPERTY_DEFINITION_REPRESENTATION(#12435,#12439);
#12441=PROPERTY_DEFINITION('user defined attribute','',#12337);
#12445=REPRESENTATION('',(#12444),#12329);
#12446=PROPERTY_DEFINITION_REPRESENTATION(#12441,#12445);
#12447=PROPERTY_DEFINITION('user defined attribute','',#12337);
#12451=REPRESENTATION('',(#12450),#12329);
#12452=PROPERTY_DEFINITION_REPRESENTATION(#12447,#12451);
ENDSEC;
END-ISO-10303-21;
