ISO-10303-21;
HEADER;
FILE_DESCRIPTION((''),'2;1');
FILE_NAME('C-174049-2','2021-09-11T14:12:13',('workeradm'),(
'TE Connectivity Ltd.'),'CREO PARAMETRIC BY PTC INC, 2021072',
'CREO PARAMETRIC BY PTC INC, 2021072','');
FILE_SCHEMA(('AUTOMOTIVE_DESIGN { 1 0 10303 214 1 1 1 1 }'));
ENDSEC;
DATA;
#134=DIRECTION('',(-1.E0,0.E0,0.E0));
#135=VECTOR('',#134,3.6E0);
#136=CARTESIAN_POINT('',(-3.4E0,7.85E0,0.E0));
#137=LINE('',#136,#135);
#138=DIRECTION('',(0.E0,-1.E0,0.E0));
#139=VECTOR('',#138,2.3E0);
#140=CARTESIAN_POINT('',(-3.4E0,7.85E0,0.E0));
#141=LINE('',#140,#139);
#142=DIRECTION('',(1.E0,0.E0,0.E0));
#143=VECTOR('',#142,1.4E0);
#144=CARTESIAN_POINT('',(-4.8E0,5.55E0,0.E0));
#145=LINE('',#144,#143);
#146=DIRECTION('',(0.E0,-1.E0,0.E0));
#147=VECTOR('',#146,2.2E0);
#148=CARTESIAN_POINT('',(-4.8E0,7.75E0,0.E0));
#149=LINE('',#148,#147);
#150=DIRECTION('',(1.E0,0.E0,0.E0));
#151=VECTOR('',#150,2.2E0);
#152=CARTESIAN_POINT('',(-7.E0,7.75E0,0.E0));
#153=LINE('',#152,#151);
#154=DIRECTION('',(0.E0,-1.E0,0.E0));
#155=VECTOR('',#154,1.E-1);
#156=CARTESIAN_POINT('',(-7.E0,7.85E0,0.E0));
#157=LINE('',#156,#155);
#158=DIRECTION('',(0.E0,-1.E0,0.E0));
#159=VECTOR('',#158,5.E0);
#160=CARTESIAN_POINT('',(-7.E0,1.6E0,0.E0));
#161=LINE('',#160,#159);
#162=DIRECTION('',(-1.E0,0.E0,0.E0));
#163=VECTOR('',#162,6.E-1);
#164=CARTESIAN_POINT('',(-6.4E0,1.6E0,0.E0));
#165=LINE('',#164,#163);
#166=DIRECTION('',(0.E0,1.E0,0.E0));
#167=VECTOR('',#166,5.E0);
#168=CARTESIAN_POINT('',(-6.4E0,-3.4E0,0.E0));
#169=LINE('',#168,#167);
#170=DIRECTION('',(1.E0,0.E0,0.E0));
#171=VECTOR('',#170,6.E-1);
#172=CARTESIAN_POINT('',(-7.E0,-3.4E0,0.E0));
#173=LINE('',#172,#171);
#174=DIRECTION('',(0.E0,-1.E0,0.E0));
#175=VECTOR('',#174,1.95E0);
#176=CARTESIAN_POINT('',(-7.E0,-5.9E0,0.E0));
#177=LINE('',#176,#175);
#178=DIRECTION('',(-1.E0,0.E0,0.E0));
#179=VECTOR('',#178,6.E-1);
#180=CARTESIAN_POINT('',(-6.4E0,-5.9E0,0.E0));
#181=LINE('',#180,#179);
#182=DIRECTION('',(0.E0,1.E0,0.E0));
#183=VECTOR('',#182,1.85E0);
#184=CARTESIAN_POINT('',(-6.4E0,-7.75E0,0.E0));
#185=LINE('',#184,#183);
#186=DIRECTION('',(-1.E0,0.E0,0.E0));
#187=VECTOR('',#186,3.55E0);
#188=CARTESIAN_POINT('',(-2.85E0,-7.75E0,0.E0));
#189=LINE('',#188,#187);
#190=DIRECTION('',(1.E0,0.E0,0.E0));
#191=VECTOR('',#190,7.E-1);
#192=CARTESIAN_POINT('',(-2.85E0,-7.05E0,0.E0));
#193=LINE('',#192,#191);
#194=DIRECTION('',(-1.E0,0.E0,0.E0));
#195=VECTOR('',#194,4.3E0);
#196=CARTESIAN_POINT('',(2.15E0,-7.75E0,0.E0));
#197=LINE('',#196,#195);
#198=DIRECTION('',(1.E0,0.E0,0.E0));
#199=VECTOR('',#198,7.E-1);
#200=CARTESIAN_POINT('',(2.15E0,-7.05E0,0.E0));
#201=LINE('',#200,#199);
#202=DIRECTION('',(-1.E0,0.E0,0.E0));
#203=VECTOR('',#202,3.55E0);
#204=CARTESIAN_POINT('',(6.4E0,-7.75E0,0.E0));
#205=LINE('',#204,#203);
#206=DIRECTION('',(0.E0,-1.E0,0.E0));
#207=VECTOR('',#206,1.85E0);
#208=CARTESIAN_POINT('',(6.4E0,-5.9E0,0.E0));
#209=LINE('',#208,#207);
#210=DIRECTION('',(-1.E0,0.E0,0.E0));
#211=VECTOR('',#210,6.E-1);
#212=CARTESIAN_POINT('',(7.E0,-5.9E0,0.E0));
#213=LINE('',#212,#211);
#214=DIRECTION('',(0.E0,1.E0,0.E0));
#215=VECTOR('',#214,1.95E0);
#216=CARTESIAN_POINT('',(7.E0,-7.85E0,0.E0));
#217=LINE('',#216,#215);
#218=DIRECTION('',(1.E0,0.E0,0.E0));
#219=VECTOR('',#218,1.4E1);
#220=CARTESIAN_POINT('',(-7.E0,-7.85E0,0.E0));
#221=LINE('',#220,#219);
#222=DIRECTION('',(0.E0,1.E0,0.E0));
#223=VECTOR('',#222,5.E0);
#224=CARTESIAN_POINT('',(7.E0,-3.4E0,0.E0));
#225=LINE('',#224,#223);
#226=DIRECTION('',(1.E0,0.E0,0.E0));
#227=VECTOR('',#226,6.E-1);
#228=CARTESIAN_POINT('',(6.4E0,-3.4E0,0.E0));
#229=LINE('',#228,#227);
#230=DIRECTION('',(0.E0,-1.E0,0.E0));
#231=VECTOR('',#230,5.E0);
#232=CARTESIAN_POINT('',(6.4E0,1.6E0,0.E0));
#233=LINE('',#232,#231);
#234=DIRECTION('',(-1.E0,0.E0,0.E0));
#235=VECTOR('',#234,6.E-1);
#236=CARTESIAN_POINT('',(7.E0,1.6E0,0.E0));
#237=LINE('',#236,#235);
#238=DIRECTION('',(0.E0,1.E0,0.E0));
#239=VECTOR('',#238,1.E-1);
#240=CARTESIAN_POINT('',(7.E0,7.75E0,0.E0));
#241=LINE('',#240,#239);
#242=DIRECTION('',(1.E0,0.E0,0.E0));
#243=VECTOR('',#242,2.2E0);
#244=CARTESIAN_POINT('',(4.8E0,7.75E0,0.E0));
#245=LINE('',#244,#243);
#246=DIRECTION('',(0.E0,1.E0,0.E0));
#247=VECTOR('',#246,2.2E0);
#248=CARTESIAN_POINT('',(4.8E0,5.55E0,0.E0));
#249=LINE('',#248,#247);
#250=DIRECTION('',(1.E0,0.E0,0.E0));
#251=VECTOR('',#250,1.4E0);
#252=CARTESIAN_POINT('',(3.4E0,5.55E0,0.E0));
#253=LINE('',#252,#251);
#254=DIRECTION('',(0.E0,1.E0,0.E0));
#255=VECTOR('',#254,2.3E0);
#256=CARTESIAN_POINT('',(3.4E0,5.55E0,0.E0));
#257=LINE('',#256,#255);
#258=DIRECTION('',(-1.E0,0.E0,0.E0));
#259=VECTOR('',#258,3.6E0);
#260=CARTESIAN_POINT('',(7.E0,7.85E0,0.E0));
#261=LINE('',#260,#259);
#262=CARTESIAN_POINT('',(-6.E0,8.35E0,-5.E-1));
#263=CARTESIAN_POINT('',(-6.096821415110E0,8.35E0,-4.441001299230E-1));
#264=CARTESIAN_POINT('',(-6.280674010193E0,8.331271513909E0,
-3.380990775674E-1));
#265=CARTESIAN_POINT('',(-6.521997904055E0,8.263083590782E0,
-2.062833831505E-1));
#266=CARTESIAN_POINT('',(-6.733537790731E0,8.164845694623E0,
-1.032493191889E-1));
#267=CARTESIAN_POINT('',(-6.914973399889E0,8.044762391838E0,
-3.264422339069E-2));
#268=CARTESIAN_POINT('',(-7.015565191831E0,7.955755151729E0,
-9.204947667747E-3));
#269=CARTESIAN_POINT('',(-7.060660171780E0,7.910660171780E0,
-3.693296882218E-3));
#271=CARTESIAN_POINT('',(-3.E0,7.85E0,-5.E-1));
#272=DIRECTION('',(1.E0,0.E0,0.E0));
#273=DIRECTION('',(0.E0,1.E0,0.E0));
#274=AXIS2_PLACEMENT_3D('',#271,#272,#273);
#276=DIRECTION('',(0.E0,-9.961946980918E-1,-8.715574274754E-2));
#277=VECTOR('',#276,1.130448420355E0);
#278=CARTESIAN_POINT('',(-3.E0,8.05E0,-1.3E0));
#279=LINE('',#278,#277);
#280=CARTESIAN_POINT('',(-3.E0,6.95E0,-1.697383481141E0));
#281=DIRECTION('',(-1.E0,0.E0,0.E0));
#282=DIRECTION('',(0.E0,-1.E0,0.E0));
#283=AXIS2_PLACEMENT_3D('',#280,#281,#282);
#285=DIRECTION('',(0.E0,0.E0,1.E0));
#286=VECTOR('',#285,1.571461498416E0);
#287=CARTESIAN_POINT('',(-3.E0,6.65E0,-3.268844979557E0));
#288=LINE('',#287,#286);
#289=DIRECTION('',(0.E0,-9.961946980918E-1,-8.715574274721E-2));
#290=VECTOR('',#289,7.768092709770E-1);
#291=CARTESIAN_POINT('',(-3.E0,7.75E0,-3.5E0));
#292=LINE('',#291,#290);
#293=DIRECTION('',(0.E0,0.E0,-1.E0));
#294=VECTOR('',#293,9.5E0);
#295=CARTESIAN_POINT('',(-3.E0,7.75E0,-3.5E0));
#296=LINE('',#295,#294);
#297=DIRECTION('',(0.E0,-5.E-1,-8.660254037844E-1));
#298=VECTOR('',#297,1.4E0);
#299=CARTESIAN_POINT('',(-3.E0,5.15E0,-2.287564434702E0));
#300=LINE('',#299,#298);
#301=DIRECTION('',(0.E0,0.E0,-1.E0));
#302=VECTOR('',#301,1.887564434702E0);
#303=CARTESIAN_POINT('',(-3.E0,5.15E0,-4.E-1));
#304=LINE('',#303,#302);
#305=DIRECTION('',(0.E0,-1.E0,0.E0));
#306=VECTOR('',#305,3.189897948557E0);
#307=CARTESIAN_POINT('',(-3.E0,8.339897948557E0,-4.E-1));
#308=LINE('',#307,#306);
#309=DIRECTION('',(0.E0,0.E0,-1.E0));
#310=VECTOR('',#309,1.52E1);
#311=CARTESIAN_POINT('',(6.E0,8.35E0,-5.E-1));
#312=LINE('',#311,#310);
#313=DIRECTION('',(-1.E0,0.E0,0.E0));
#314=VECTOR('',#313,3.E0);
#315=CARTESIAN_POINT('',(6.E0,8.35E0,-5.E-1));
#316=LINE('',#315,#314);
#317=DIRECTION('',(0.E0,0.E0,-1.E0));
#318=VECTOR('',#317,8.E-1);
#319=CARTESIAN_POINT('',(3.E0,8.35E0,-5.E-1));
#320=LINE('',#319,#318);
#321=DIRECTION('',(1.E0,0.E0,0.E0));
#322=VECTOR('',#321,6.E0);
#323=CARTESIAN_POINT('',(-3.E0,8.35E0,-1.3E0));
#324=LINE('',#323,#322);
#325=DIRECTION('',(-6.772360450213E-14,0.E0,-1.E0));
#326=VECTOR('',#325,8.E-1);
#327=CARTESIAN_POINT('',(-3.E0,8.35E0,-5.E-1));
#328=LINE('',#327,#326);
#329=DIRECTION('',(-1.E0,0.E0,0.E0));
#330=VECTOR('',#329,3.E0);
#331=CARTESIAN_POINT('',(-3.E0,8.35E0,-5.E-1));
#332=LINE('',#331,#330);
#333=DIRECTION('',(0.E0,0.E0,-1.E0));
#334=VECTOR('',#333,1.52E1);
#335=CARTESIAN_POINT('',(-6.E0,8.35E0,-5.E-1));
#336=LINE('',#335,#334);
#337=DIRECTION('',(1.E0,0.E0,0.E0));
#338=VECTOR('',#337,1.2E1);
#339=CARTESIAN_POINT('',(-6.E0,8.35E0,-1.57E1));
#340=LINE('',#339,#338);
#341=CARTESIAN_POINT('',(6.E0,8.35E0,-5.E-1));
#342=CARTESIAN_POINT('',(6.096840444902E0,8.35E0,-4.440891430675E-1));
#343=CARTESIAN_POINT('',(6.280648626656E0,8.331275973645E0,-3.381126322969E-1));
#344=CARTESIAN_POINT('',(6.522007211895E0,8.263077488419E0,-2.062810922651E-1));
#345=CARTESIAN_POINT('',(6.733525245394E0,8.164865900459E0,-1.032452897505E-1));
#346=CARTESIAN_POINT('',(6.915105362471E0,8.044637060032E0,-3.262238634348E-2));
#347=CARTESIAN_POINT('',(7.015352474062E0,7.955967869498E0,-9.230946704919E-3));
#348=CARTESIAN_POINT('',(7.060660171780E0,7.910660171780E0,-3.693296882218E-3));
#350=DIRECTION('',(0.E0,-1.344917593305E-10,1.E0));
#351=VECTOR('',#350,5.399999998499E0);
#352=CARTESIAN_POINT('',(7.5E0,-2.85E0,-1.57E1));
#353=LINE('',#352,#351);
#354=CARTESIAN_POINT('',(7.500000000008E0,-3.85E0,-1.03E1));
#355=DIRECTION('',(-1.E0,0.E0,0.E0));
#356=DIRECTION('',(0.E0,0.E0,1.E0));
#357=AXIS2_PLACEMENT_3D('',#354,#355,#356);
#359=DIRECTION('',(-2.495881902603E-8,-9.999999999977E-1,2.125528047209E-6));
#360=VECTOR('',#359,4.200000303600E0);
#361=CARTESIAN_POINT('',(7.5E0,-3.850000000853E0,-9.300000000772E0));
#362=LINE('',#361,#360);
#363=DIRECTION('',(3.543708360994E-6,-3.470361624718E-8,-9.999999999937E-1));
#364=VECTOR('',#363,8.799990964603E0);
#365=CARTESIAN_POINT('',(7.499968710571E0,-8.049999999052E0,
-5.000001090067E-1));
#366=LINE('',#365,#364);
#367=DIRECTION('',(2.099961651499E-6,9.999999999978E-1,7.315885831965E-9));
#368=VECTOR('',#367,1.489999999908E1);
#369=CARTESIAN_POINT('',(7.499968710571E0,-8.049999999052E0,
-5.000001090067E-1));
#370=LINE('',#369,#368);
#371=DIRECTION('',(0.E0,0.E0,-1.E0));
#372=VECTOR('',#371,1.52E1);
#373=CARTESIAN_POINT('',(7.5E0,6.85E0,-5.E-1));
#374=LINE('',#373,#372);
#375=DIRECTION('',(0.E0,-1.E0,0.E0));
#376=VECTOR('',#375,7.6E0);
#377=CARTESIAN_POINT('',(7.5E0,6.85E0,-1.57E1));
#378=LINE('',#377,#376);
#379=CARTESIAN_POINT('',(7.5E0,-1.75E0,-2.07E1));
#380=DIRECTION('',(1.E0,0.E0,0.E0));
#381=DIRECTION('',(0.E0,0.E0,-1.E0));
#382=AXIS2_PLACEMENT_3D('',#379,#380,#381);
#384=CARTESIAN_POINT('',(7.5E0,-6.35E0,-2.07E1));
#385=DIRECTION('',(1.E0,0.E0,0.E0));
#386=DIRECTION('',(0.E0,-1.E0,0.E0));
#387=AXIS2_PLACEMENT_3D('',#384,#385,#386);
#389=CARTESIAN_POINT('',(8.E0,-2.85E0,-1.62E1));
#390=DIRECTION('',(0.E0,0.E0,-1.E0));
#391=DIRECTION('',(0.E0,-1.E0,0.E0));
#392=AXIS2_PLACEMENT_3D('',#389,#390,#391);
#394=DIRECTION('',(0.E0,-1.E0,0.E0));
#395=VECTOR('',#394,3.633974596216E0);
#396=CARTESIAN_POINT('',(7.5E0,-3.716025403784E0,-1.62E1));
#397=LINE('',#396,#395);
#398=DIRECTION('',(-1.E0,0.E0,0.E0));
#399=VECTOR('',#398,1.5E0);
#400=CARTESIAN_POINT('',(7.5E0,-7.35E0,-1.62E1));
#401=LINE('',#400,#399);
#402=DIRECTION('',(0.E0,1.E0,0.E0));
#403=VECTOR('',#402,5.E-1);
#404=CARTESIAN_POINT('',(6.E0,-7.85E0,-1.62E1));
#405=LINE('',#404,#403);
#406=DIRECTION('',(1.E0,0.E0,0.E0));
#407=VECTOR('',#406,2.55E0);
#408=CARTESIAN_POINT('',(6.E0,-7.85E0,-1.62E1));
#409=LINE('',#408,#407);
#410=DIRECTION('',(0.E0,1.E0,0.E0));
#411=VECTOR('',#410,1.1E0);
#412=CARTESIAN_POINT('',(8.55E0,-7.85E0,-1.62E1));
#413=LINE('',#412,#411);
#414=DIRECTION('',(1.E0,0.E0,0.E0));
#415=VECTOR('',#414,2.4E0);
#416=CARTESIAN_POINT('',(8.55E0,-6.75E0,-1.62E1));
#417=LINE('',#416,#415);
#418=DIRECTION('',(0.E0,1.E0,0.E0));
#419=VECTOR('',#418,1.1E0);
#420=CARTESIAN_POINT('',(1.095E1,-7.85E0,-1.62E1));
#421=LINE('',#420,#419);
#422=DIRECTION('',(1.E0,0.E0,0.E0));
#423=VECTOR('',#422,1.5E0);
#424=CARTESIAN_POINT('',(1.095E1,-7.85E0,-1.62E1));
#425=LINE('',#424,#423);
#426=DIRECTION('',(0.E0,-1.E0,0.E0));
#427=VECTOR('',#426,4.E0);
#428=CARTESIAN_POINT('',(1.245E1,-3.85E0,-1.62E1));
#429=LINE('',#428,#427);
#430=DIRECTION('',(1.E0,0.E0,0.E0));
#431=VECTOR('',#430,1.5E0);
#432=CARTESIAN_POINT('',(1.095E1,-3.85E0,-1.62E1));
#433=LINE('',#432,#431);
#434=DIRECTION('',(0.E0,-1.E0,0.E0));
#435=VECTOR('',#434,1.1E0);
#436=CARTESIAN_POINT('',(1.095E1,-3.85E0,-1.62E1));
#437=LINE('',#436,#435);
#438=DIRECTION('',(-1.E0,0.E0,0.E0));
#439=VECTOR('',#438,2.4E0);
#440=CARTESIAN_POINT('',(1.095E1,-4.95E0,-1.62E1));
#441=LINE('',#440,#439);
#442=DIRECTION('',(0.E0,-1.E0,0.E0));
#443=VECTOR('',#442,1.1E0);
#444=CARTESIAN_POINT('',(8.55E0,-3.85E0,-1.62E1));
#445=LINE('',#444,#443);
#446=DIRECTION('',(-1.E0,1.309912989733E-9,0.E0));
#447=VECTOR('',#446,5.499999985002E-1);
#448=CARTESIAN_POINT('',(8.55E0,-3.85E0,-1.62E1));
#449=LINE('',#448,#447);
#450=CARTESIAN_POINT('',(-8.E0,-2.85E0,-1.62E1));
#451=DIRECTION('',(0.E0,0.E0,1.E0));
#452=DIRECTION('',(0.E0,-1.E0,0.E0));
#453=AXIS2_PLACEMENT_3D('',#450,#451,#452);
#455=DIRECTION('',(1.E0,3.444412426634E-10,0.E0));
#456=VECTOR('',#455,5.500000008636E-1);
#457=CARTESIAN_POINT('',(-8.55E0,-3.85E0,-1.62E1));
#458=LINE('',#457,#456);
#459=DIRECTION('',(0.E0,1.E0,0.E0));
#460=VECTOR('',#459,1.1E0);
#461=CARTESIAN_POINT('',(-8.55E0,-4.95E0,-1.62E1));
#462=LINE('',#461,#460);
#463=DIRECTION('',(-1.E0,0.E0,0.E0));
#464=VECTOR('',#463,2.4E0);
#465=CARTESIAN_POINT('',(-8.55E0,-4.95E0,-1.62E1));
#466=LINE('',#465,#464);
#467=DIRECTION('',(0.E0,1.E0,0.E0));
#468=VECTOR('',#467,1.1E0);
#469=CARTESIAN_POINT('',(-1.095E1,-4.95E0,-1.62E1));
#470=LINE('',#469,#468);
#471=DIRECTION('',(1.E0,0.E0,0.E0));
#472=VECTOR('',#471,1.5E0);
#473=CARTESIAN_POINT('',(-1.245E1,-3.85E0,-1.62E1));
#474=LINE('',#473,#472);
#475=DIRECTION('',(0.E0,1.E0,0.E0));
#476=VECTOR('',#475,4.E0);
#477=CARTESIAN_POINT('',(-1.245E1,-7.85E0,-1.62E1));
#478=LINE('',#477,#476);
#479=DIRECTION('',(1.E0,0.E0,0.E0));
#480=VECTOR('',#479,1.5E0);
#481=CARTESIAN_POINT('',(-1.245E1,-7.85E0,-1.62E1));
#482=LINE('',#481,#480);
#483=DIRECTION('',(0.E0,1.E0,0.E0));
#484=VECTOR('',#483,1.1E0);
#485=CARTESIAN_POINT('',(-1.095E1,-7.85E0,-1.62E1));
#486=LINE('',#485,#484);
#487=DIRECTION('',(1.E0,0.E0,0.E0));
#488=VECTOR('',#487,2.4E0);
#489=CARTESIAN_POINT('',(-1.095E1,-6.75E0,-1.62E1));
#490=LINE('',#489,#488);
#491=DIRECTION('',(0.E0,1.E0,0.E0));
#492=VECTOR('',#491,1.1E0);
#493=CARTESIAN_POINT('',(-8.55E0,-7.85E0,-1.62E1));
#494=LINE('',#493,#492);
#495=DIRECTION('',(1.E0,0.E0,0.E0));
#496=VECTOR('',#495,2.55E0);
#497=CARTESIAN_POINT('',(-8.55E0,-7.85E0,-1.62E1));
#498=LINE('',#497,#496);
#499=DIRECTION('',(0.E0,1.E0,0.E0));
#500=VECTOR('',#499,5.E-1);
#501=CARTESIAN_POINT('',(-6.E0,-7.85E0,-1.62E1));
#502=LINE('',#501,#500);
#503=DIRECTION('',(-1.E0,0.E0,0.E0));
#504=VECTOR('',#503,1.5E0);
#505=CARTESIAN_POINT('',(-6.E0,-7.35E0,-1.62E1));
#506=LINE('',#505,#504);
#507=DIRECTION('',(0.E0,1.E0,0.E0));
#508=VECTOR('',#507,3.633974596216E0);
#509=CARTESIAN_POINT('',(-7.5E0,-7.35E0,-1.62E1));
#510=LINE('',#509,#508);
#511=DIRECTION('',(0.E0,1.E0,0.E0));
#512=VECTOR('',#511,6.4E-1);
#513=CARTESIAN_POINT('',(3.43E0,-6.2E-1,-1.62E1));
#514=LINE('',#513,#512);
#515=DIRECTION('',(1.E0,0.E0,0.E0));
#516=VECTOR('',#515,6.4E-1);
#517=CARTESIAN_POINT('',(3.43E0,1.999999999998E-2,-1.62E1));
#518=LINE('',#517,#516);
#519=DIRECTION('',(0.E0,1.E0,0.E0));
#520=VECTOR('',#519,6.4E-1);
#521=CARTESIAN_POINT('',(4.07E0,-6.2E-1,-1.62E1));
#522=LINE('',#521,#520);
#523=DIRECTION('',(1.E0,0.E0,0.E0));
#524=VECTOR('',#523,6.4E-1);
#525=CARTESIAN_POINT('',(3.43E0,-6.2E-1,-1.62E1));
#526=LINE('',#525,#524);
#527=DIRECTION('',(0.E0,1.E0,0.E0));
#528=VECTOR('',#527,6.4E-1);
#529=CARTESIAN_POINT('',(9.3E-1,-6.2E-1,-1.62E1));
#530=LINE('',#529,#528);
#531=DIRECTION('',(1.E0,0.E0,0.E0));
#532=VECTOR('',#531,6.4E-1);
#533=CARTESIAN_POINT('',(9.3E-1,1.999999999998E-2,-1.62E1));
#534=LINE('',#533,#532);
#535=DIRECTION('',(0.E0,1.E0,0.E0));
#536=VECTOR('',#535,6.4E-1);
#537=CARTESIAN_POINT('',(1.57E0,-6.2E-1,-1.62E1));
#538=LINE('',#537,#536);
#539=DIRECTION('',(1.E0,0.E0,0.E0));
#540=VECTOR('',#539,6.4E-1);
#541=CARTESIAN_POINT('',(9.3E-1,-6.2E-1,-1.62E1));
#542=LINE('',#541,#540);
#543=DIRECTION('',(0.E0,1.E0,0.E0));
#544=VECTOR('',#543,6.4E-1);
#545=CARTESIAN_POINT('',(-1.57E0,-6.2E-1,-1.62E1));
#546=LINE('',#545,#544);
#547=DIRECTION('',(1.E0,0.E0,0.E0));
#548=VECTOR('',#547,6.4E-1);
#549=CARTESIAN_POINT('',(-1.57E0,1.999999999998E-2,-1.62E1));
#550=LINE('',#549,#548);
#551=DIRECTION('',(0.E0,1.E0,0.E0));
#552=VECTOR('',#551,6.4E-1);
#553=CARTESIAN_POINT('',(-9.3E-1,-6.2E-1,-1.62E1));
#554=LINE('',#553,#552);
#555=DIRECTION('',(1.E0,0.E0,0.E0));
#556=VECTOR('',#555,6.4E-1);
#557=CARTESIAN_POINT('',(-1.57E0,-6.2E-1,-1.62E1));
#558=LINE('',#557,#556);
#559=DIRECTION('',(0.E0,1.E0,0.E0));
#560=VECTOR('',#559,6.4E-1);
#561=CARTESIAN_POINT('',(-4.07E0,-6.2E-1,-1.62E1));
#562=LINE('',#561,#560);
#563=DIRECTION('',(1.E0,0.E0,0.E0));
#564=VECTOR('',#563,6.4E-1);
#565=CARTESIAN_POINT('',(-4.07E0,1.999999999998E-2,-1.62E1));
#566=LINE('',#565,#564);
#567=DIRECTION('',(0.E0,1.E0,0.E0));
#568=VECTOR('',#567,6.4E-1);
#569=CARTESIAN_POINT('',(-3.43E0,-6.2E-1,-1.62E1));
#570=LINE('',#569,#568);
#571=DIRECTION('',(1.E0,0.E0,0.E0));
#572=VECTOR('',#571,6.4E-1);
#573=CARTESIAN_POINT('',(-4.07E0,-6.2E-1,-1.62E1));
#574=LINE('',#573,#572);
#575=DIRECTION('',(1.E0,0.E0,0.E0));
#576=VECTOR('',#575,1.86E0);
#577=CARTESIAN_POINT('',(-3.43E0,-5.18E0,-1.62E1));
#578=LINE('',#577,#576);
#579=DIRECTION('',(1.E0,0.E0,0.E0));
#580=VECTOR('',#579,6.4E-1);
#581=CARTESIAN_POINT('',(-1.57E0,-5.18E0,-1.62E1));
#582=LINE('',#581,#580);
#583=DIRECTION('',(1.E0,0.E0,0.E0));
#584=VECTOR('',#583,1.86E0);
#585=CARTESIAN_POINT('',(-9.3E-1,-5.18E0,-1.62E1));
#586=LINE('',#585,#584);
#587=DIRECTION('',(1.E0,0.E0,0.E0));
#588=VECTOR('',#587,6.4E-1);
#589=CARTESIAN_POINT('',(9.3E-1,-5.18E0,-1.62E1));
#590=LINE('',#589,#588);
#591=DIRECTION('',(1.E0,0.E0,0.E0));
#592=VECTOR('',#591,1.86E0);
#593=CARTESIAN_POINT('',(1.57E0,-5.18E0,-1.62E1));
#594=LINE('',#593,#592);
#595=DIRECTION('',(1.E0,0.E0,0.E0));
#596=VECTOR('',#595,6.4E-1);
#597=CARTESIAN_POINT('',(3.43E0,-5.18E0,-1.62E1));
#598=LINE('',#597,#596);
#599=DIRECTION('',(1.E0,0.E0,0.E0));
#600=VECTOR('',#599,1.93E0);
#601=CARTESIAN_POINT('',(4.07E0,-5.18E0,-1.62E1));
#602=LINE('',#601,#600);
#603=DIRECTION('',(0.E0,1.E0,0.E0));
#604=VECTOR('',#603,4.43E0);
#605=CARTESIAN_POINT('',(6.E0,-5.18E0,-1.62E1));
#606=LINE('',#605,#604);
#607=DIRECTION('',(1.E0,0.E0,0.E0));
#608=VECTOR('',#607,1.E0);
#609=CARTESIAN_POINT('',(6.E0,-7.5E-1,-1.62E1));
#610=LINE('',#609,#608);
#611=DIRECTION('',(0.E0,-1.E0,0.E0));
#612=VECTOR('',#611,7.6E0);
#613=CARTESIAN_POINT('',(7.E0,6.85E0,-1.62E1));
#614=LINE('',#613,#612);
#615=CARTESIAN_POINT('',(6.E0,6.85E0,-1.62E1));
#616=DIRECTION('',(0.E0,0.E0,-1.E0));
#617=DIRECTION('',(0.E0,1.E0,0.E0));
#618=AXIS2_PLACEMENT_3D('',#615,#616,#617);
#620=DIRECTION('',(1.E0,0.E0,0.E0));
#621=VECTOR('',#620,1.2E1);
#622=CARTESIAN_POINT('',(-6.E0,7.85E0,-1.62E1));
#623=LINE('',#622,#621);
#624=CARTESIAN_POINT('',(-6.E0,6.85E0,-1.62E1));
#625=DIRECTION('',(0.E0,0.E0,-1.E0));
#626=DIRECTION('',(-1.E0,0.E0,0.E0));
#627=AXIS2_PLACEMENT_3D('',#624,#625,#626);
#629=DIRECTION('',(0.E0,1.E0,0.E0));
#630=VECTOR('',#629,7.6E0);
#631=CARTESIAN_POINT('',(-7.E0,-7.5E-1,-1.62E1));
#632=LINE('',#631,#630);
#633=DIRECTION('',(1.E0,0.E0,0.E0));
#634=VECTOR('',#633,1.E0);
#635=CARTESIAN_POINT('',(-7.E0,-7.5E-1,-1.62E1));
#636=LINE('',#635,#634);
#637=DIRECTION('',(0.E0,-1.E0,0.E0));
#638=VECTOR('',#637,4.43E0);
#639=CARTESIAN_POINT('',(-6.E0,-7.5E-1,-1.62E1));
#640=LINE('',#639,#638);
#641=DIRECTION('',(1.E0,0.E0,0.E0));
#642=VECTOR('',#641,1.93E0);
#643=CARTESIAN_POINT('',(-6.E0,-5.18E0,-1.62E1));
#644=LINE('',#643,#642);
#645=DIRECTION('',(1.E0,0.E0,0.E0));
#646=VECTOR('',#645,6.4E-1);
#647=CARTESIAN_POINT('',(-4.07E0,-5.18E0,-1.62E1));
#648=LINE('',#647,#646);
#649=CARTESIAN_POINT('',(8.E0,-3.85E0,-1.57E1));
#650=DIRECTION('',(-1.E0,0.E0,0.E0));
#651=DIRECTION('',(0.E0,1.E0,0.E0));
#652=AXIS2_PLACEMENT_3D('',#649,#650,#651);
#654=CARTESIAN_POINT('',(7.5E0,-2.85E0,-1.57E1));
#655=CARTESIAN_POINT('',(7.5E0,-2.878641297329E0,-1.572864129733E1));
#656=CARTESIAN_POINT('',(7.5E0,-2.936511841792E0,-1.578653858199E1));
#657=CARTESIAN_POINT('',(7.5E0,-3.028087653186E0,-1.587404595100E1));
#658=CARTESIAN_POINT('',(7.5E0,-3.123936273994E0,-1.595731124310E1));
#659=CARTESIAN_POINT('',(7.5E0,-3.224318513808E0,-1.603250681051E1));
#660=CARTESIAN_POINT('',(7.5E0,-3.325489568836E0,-1.609472861566E1));
#661=CARTESIAN_POINT('',(7.5E0,-3.434262332307E0,-1.614648403006E1));
#662=CARTESIAN_POINT('',(7.5E0,-3.560451052516E0,-1.618683635580E1));
#663=CARTESIAN_POINT('',(7.5E0,-3.661590816286E0,-1.62E1));
#664=CARTESIAN_POINT('',(7.5E0,-3.716025403784E0,-1.62E1));
#666=CARTESIAN_POINT('',(8.55E0,-3.85E0,-1.57E1));
#667=DIRECTION('',(1.E0,0.E0,0.E0));
#668=DIRECTION('',(0.E0,0.E0,-1.E0));
#669=AXIS2_PLACEMENT_3D('',#666,#667,#668);
#671=DIRECTION('',(0.E0,0.E0,-1.E0));
#672=VECTOR('',#671,3.2E0);
#673=CARTESIAN_POINT('',(1.095E1,-4.95E0,-1.3E1));
#674=LINE('',#673,#672);
#675=DIRECTION('',(0.E0,0.E0,1.E0));
#676=VECTOR('',#675,3.2E0);
#677=CARTESIAN_POINT('',(8.55E0,-4.95E0,-1.62E1));
#678=LINE('',#677,#676);
#679=DIRECTION('',(0.E0,0.E0,-1.E0));
#680=VECTOR('',#679,3.2E0);
#681=CARTESIAN_POINT('',(-8.55E0,-4.95E0,-1.3E1));
#682=LINE('',#681,#680);
#683=DIRECTION('',(0.E0,0.E0,1.E0));
#684=VECTOR('',#683,3.2E0);
#685=CARTESIAN_POINT('',(-1.095E1,-4.95E0,-1.62E1));
#686=LINE('',#685,#684);
#687=CARTESIAN_POINT('',(1.095E1,-3.85E0,-1.57E1));
#688=DIRECTION('',(-1.E0,0.E0,0.E0));
#689=DIRECTION('',(0.E0,1.E0,0.E0));
#690=AXIS2_PLACEMENT_3D('',#687,#688,#689);
#692=CARTESIAN_POINT('',(1.245E1,-3.85E0,-1.57E1));
#693=DIRECTION('',(0.E0,-1.E0,0.E0));
#694=DIRECTION('',(0.E0,0.E0,-1.E0));
#695=AXIS2_PLACEMENT_3D('',#692,#693,#694);
#697=CARTESIAN_POINT('',(1.245E1,-3.85E0,-1.57E1));
#698=DIRECTION('',(0.E0,0.E0,1.E0));
#699=DIRECTION('',(1.E0,0.E0,0.E0));
#700=AXIS2_PLACEMENT_3D('',#697,#698,#699);
#702=CARTESIAN_POINT('',(1.245E1,-3.85E0,-1.57E1));
#703=DIRECTION('',(-1.E0,0.E0,0.E0));
#704=DIRECTION('',(0.E0,1.E0,0.E0));
#705=AXIS2_PLACEMENT_3D('',#702,#703,#704);
#707=CARTESIAN_POINT('',(1.245E1,-7.85E0,-1.57E1));
#708=DIRECTION('',(-1.E0,0.E0,0.E0));
#709=DIRECTION('',(0.E0,0.E0,-1.E0));
#710=AXIS2_PLACEMENT_3D('',#707,#708,#709);
#712=CARTESIAN_POINT('',(1.245E1,-7.85E0,-1.57E1));
#713=DIRECTION('',(0.E0,0.E0,1.E0));
#714=DIRECTION('',(0.E0,-1.E0,0.E0));
#715=AXIS2_PLACEMENT_3D('',#712,#713,#714);
#717=CARTESIAN_POINT('',(1.245E1,-7.85E0,-1.57E1));
#718=DIRECTION('',(0.E0,1.E0,0.E0));
#719=DIRECTION('',(1.E0,0.E0,0.E0));
#720=AXIS2_PLACEMENT_3D('',#717,#718,#719);
#722=CARTESIAN_POINT('',(1.095E1,-7.85E0,-1.57E1));
#723=DIRECTION('',(-1.E0,0.E0,0.E0));
#724=DIRECTION('',(0.E0,0.E0,-1.E0));
#725=AXIS2_PLACEMENT_3D('',#722,#723,#724);
#727=DIRECTION('',(0.E0,0.E0,-1.E0));
#728=VECTOR('',#727,3.2E0);
#729=CARTESIAN_POINT('',(-1.095E1,-6.75E0,-1.3E1));
#730=LINE('',#729,#728);
#731=DIRECTION('',(0.E0,0.E0,1.E0));
#732=VECTOR('',#731,3.2E0);
#733=CARTESIAN_POINT('',(-8.55E0,-6.75E0,-1.62E1));
#734=LINE('',#733,#732);
#735=DIRECTION('',(0.E0,0.E0,1.E0));
#736=VECTOR('',#735,3.2E0);
#737=CARTESIAN_POINT('',(1.095E1,-6.75E0,-1.62E1));
#738=LINE('',#737,#736);
#739=DIRECTION('',(0.E0,0.E0,-1.E0));
#740=VECTOR('',#739,3.2E0);
#741=CARTESIAN_POINT('',(8.55E0,-6.75E0,-1.3E1));
#742=LINE('',#741,#740);
#743=CARTESIAN_POINT('',(-1.095E1,-7.85E0,-1.57E1));
#744=DIRECTION('',(1.E0,0.E0,0.E0));
#745=DIRECTION('',(0.E0,-1.E0,0.E0));
#746=AXIS2_PLACEMENT_3D('',#743,#744,#745);
#748=CARTESIAN_POINT('',(-1.245E1,-7.85E0,-1.57E1));
#749=DIRECTION('',(0.E0,0.E0,1.E0));
#750=DIRECTION('',(-1.E0,0.E0,0.E0));
#751=AXIS2_PLACEMENT_3D('',#748,#749,#750);
#753=CARTESIAN_POINT('',(-1.245E1,-7.85E0,-1.57E1));
#754=DIRECTION('',(1.E0,0.E0,0.E0));
#755=DIRECTION('',(0.E0,-1.E0,0.E0));
#756=AXIS2_PLACEMENT_3D('',#753,#754,#755);
#758=CARTESIAN_POINT('',(-1.245E1,-7.85E0,-1.57E1));
#759=DIRECTION('',(0.E0,1.E0,0.E0));
#760=DIRECTION('',(0.E0,0.E0,-1.E0));
#761=AXIS2_PLACEMENT_3D('',#758,#759,#760);
#763=DIRECTION('',(9.999999999984E-1,-1.778247399713E-6,7.381986349921E-9));
#764=VECTOR('',#763,1.439999999890E1);
#765=CARTESIAN_POINT('',(-7.199999999052E0,-8.349968710571E0,
-5.000001090067E-1));
#766=LINE('',#765,#764);
#767=DIRECTION('',(1.958201278499E-11,-6.457575056468E-7,-9.999999999998E-1));
#768=VECTOR('',#767,8.799999997296E0);
#769=CARTESIAN_POINT('',(7.199999999828E0,-8.349994317334E0,
-5.000000027061E-1));
#770=LINE('',#769,#768);
#771=CARTESIAN_POINT('',(7.2E0,-8.35E0,-9.3E0));
#772=CARTESIAN_POINT('',(7.200000174695E0,-8.35E0,-9.318296686426E0));
#773=CARTESIAN_POINT('',(7.200451551788E0,-8.35E0,-9.356024167426E0));
#774=CARTESIAN_POINT('',(7.203193446683E0,-8.35E0,-9.415956198903E0));
#775=CARTESIAN_POINT('',(7.208849437620E0,-8.35E0,-9.479420316751E0));
#776=CARTESIAN_POINT('',(7.218378266389E0,-8.35E0,-9.546391145280E0));
#777=CARTESIAN_POINT('',(7.232684494537E0,-8.35E0,-9.616061673980E0));
#778=CARTESIAN_POINT('',(7.252196575814E0,-8.35E0,-9.686431089377E0));
#779=CARTESIAN_POINT('',(7.276978844910E0,-8.35E0,-9.755861323711E0));
#780=CARTESIAN_POINT('',(7.306687669293E0,-8.35E0,-9.822807910935E0));
#781=CARTESIAN_POINT('',(7.340951040357E0,-8.35E0,-9.886511451426E0));
#782=CARTESIAN_POINT('',(7.379409971394E0,-8.35E0,-9.946533854290E0));
#783=CARTESIAN_POINT('',(7.421681120503E0,-8.35E0,-1.000254839036E1));
#784=CARTESIAN_POINT('',(7.467437049956E0,-8.35E0,-1.005436894804E1));
#785=CARTESIAN_POINT('',(7.516319701432E0,-8.35E0,-1.010178519505E1));
#786=CARTESIAN_POINT('',(7.567783502790E0,-8.35E0,-1.014446299326E1));
#787=CARTESIAN_POINT('',(7.621192113650E0,-8.35E0,-1.018212126179E1));
#788=CARTESIAN_POINT('',(7.676132290113E0,-8.35E0,-1.021470295064E1));
#789=CARTESIAN_POINT('',(7.731864002449E0,-8.35E0,-1.024197684019E1));
#790=CARTESIAN_POINT('',(7.787077023910E0,-8.35E0,-1.026367810547E1));
#791=CARTESIAN_POINT('',(7.841607590667E0,-8.35E0,-1.028017496902E1));
#792=CARTESIAN_POINT('',(7.895559436511E0,-8.35E0,-1.029176164985E1));
#793=CARTESIAN_POINT('',(7.948622219113E0,-8.35E0,-1.029855211067E1));
#794=CARTESIAN_POINT('',(7.983016015041E0,-8.35E0,-1.029999864354E1));
#795=CARTESIAN_POINT('',(8.E0,-8.35E0,-1.03E1));
#797=DIRECTION('',(1.E0,-1.237462067897E-14,0.E0));
#798=VECTOR('',#797,4.45E0);
#799=CARTESIAN_POINT('',(8.E0,-8.35E0,-1.03E1));
#800=LINE('',#799,#798);
#801=DIRECTION('',(0.E0,0.E0,1.E0));
#802=VECTOR('',#801,5.4E0);
#803=CARTESIAN_POINT('',(1.245E1,-8.35E0,-1.57E1));
#804=LINE('',#803,#802);
#805=DIRECTION('',(1.E0,0.E0,0.E0));
#806=VECTOR('',#805,1.5E0);
#807=CARTESIAN_POINT('',(1.095E1,-8.35E0,-1.57E1));
#808=LINE('',#807,#806);
#809=DIRECTION('',(0.E0,0.E0,1.E0));
#810=VECTOR('',#809,2.7E0);
#811=CARTESIAN_POINT('',(1.095E1,-8.35E0,-1.57E1));
#812=LINE('',#811,#810);
#813=DIRECTION('',(0.E0,0.E0,1.E0));
#814=VECTOR('',#813,2.7E0);
#815=CARTESIAN_POINT('',(8.55E0,-8.35E0,-1.57E1));
#816=LINE('',#815,#814);
#817=DIRECTION('',(1.E0,0.E0,0.E0));
#818=VECTOR('',#817,2.55E0);
#819=CARTESIAN_POINT('',(6.E0,-8.35E0,-1.57E1));
#820=LINE('',#819,#818);
#821=DIRECTION('',(0.E0,0.E0,1.E0));
#822=VECTOR('',#821,1.6E0);
#823=CARTESIAN_POINT('',(6.E0,-8.35E0,-1.57E1));
#824=LINE('',#823,#822);
#825=DIRECTION('',(1.E0,0.E0,0.E0));
#826=VECTOR('',#825,1.2E1);
#827=CARTESIAN_POINT('',(-6.E0,-8.35E0,-1.41E1));
#828=LINE('',#827,#826);
#829=DIRECTION('',(0.E0,0.E0,1.E0));
#830=VECTOR('',#829,1.6E0);
#831=CARTESIAN_POINT('',(-6.E0,-8.35E0,-1.57E1));
#832=LINE('',#831,#830);
#833=DIRECTION('',(1.E0,0.E0,0.E0));
#834=VECTOR('',#833,2.55E0);
#835=CARTESIAN_POINT('',(-8.55E0,-8.35E0,-1.57E1));
#836=LINE('',#835,#834);
#837=DIRECTION('',(0.E0,0.E0,1.E0));
#838=VECTOR('',#837,2.7E0);
#839=CARTESIAN_POINT('',(-8.55E0,-8.35E0,-1.57E1));
#840=LINE('',#839,#838);
#841=DIRECTION('',(0.E0,0.E0,1.E0));
#842=VECTOR('',#841,2.7E0);
#843=CARTESIAN_POINT('',(-1.095E1,-8.35E0,-1.57E1));
#844=LINE('',#843,#842);
#845=DIRECTION('',(1.E0,0.E0,0.E0));
#846=VECTOR('',#845,1.5E0);
#847=CARTESIAN_POINT('',(-1.245E1,-8.35E0,-1.57E1));
#848=LINE('',#847,#846);
#849=DIRECTION('',(0.E0,0.E0,1.E0));
#850=VECTOR('',#849,5.4E0);
#851=CARTESIAN_POINT('',(-1.245E1,-8.35E0,-1.57E1));
#852=LINE('',#851,#850);
#853=DIRECTION('',(1.E0,1.237462067897E-14,0.E0));
#854=VECTOR('',#853,4.45E0);
#855=CARTESIAN_POINT('',(-1.245E1,-8.35E0,-1.03E1));
#856=LINE('',#855,#854);
#857=CARTESIAN_POINT('',(-8.E0,-8.35E0,-1.03E1));
#858=CARTESIAN_POINT('',(-7.983015845270E0,-8.35E0,-1.029999864537E1));
#859=CARTESIAN_POINT('',(-7.948621759406E0,-8.35E0,-1.029855208032E1));
#860=CARTESIAN_POINT('',(-7.895558600658E0,-8.35E0,-1.029176151533E1));
#861=CARTESIAN_POINT('',(-7.841606707877E0,-8.35E0,-1.028017473578E1));
#862=CARTESIAN_POINT('',(-7.787076343787E0,-8.35E0,-1.026367786485E1));
#863=CARTESIAN_POINT('',(-7.731862930602E0,-8.35E0,-1.024197640902E1));
#864=CARTESIAN_POINT('',(-7.676129799849E0,-8.35E0,-1.021470162450E1));
#865=CARTESIAN_POINT('',(-7.621190483545E0,-8.35E0,-1.018212014799E1));
#866=CARTESIAN_POINT('',(-7.567783007543E0,-8.35E0,-1.014446261174E1));
#867=CARTESIAN_POINT('',(-7.516318007057E0,-8.35E0,-1.010178377103E1));
#868=CARTESIAN_POINT('',(-7.467432961040E0,-8.35E0,-1.005436482481E1));
#869=CARTESIAN_POINT('',(-7.421674299314E0,-8.35E0,-1.000254022714E1));
#870=CARTESIAN_POINT('',(-7.379401174507E0,-8.35E0,-9.946521419946E0));
#871=CARTESIAN_POINT('',(-7.340941776597E0,-8.35E0,-9.886495655600E0));
#872=CARTESIAN_POINT('',(-7.306681819788E0,-8.35E0,-9.822795564937E0));
#873=CARTESIAN_POINT('',(-7.276976640037E0,-8.35E0,-9.755855295358E0));
#874=CARTESIAN_POINT('',(-7.252196860480E0,-8.35E0,-9.686431552288E0));
#875=CARTESIAN_POINT('',(-7.232685239899E0,-8.35E0,-9.616064838289E0));
#876=CARTESIAN_POINT('',(-7.218378403347E0,-8.35E0,-9.546392115281E0));
#877=CARTESIAN_POINT('',(-7.208849588839E0,-8.35E0,-9.479421555232E0));
#878=CARTESIAN_POINT('',(-7.203193490173E0,-8.35E0,-9.415957021599E0));
#879=CARTESIAN_POINT('',(-7.200451557058E0,-8.35E0,-9.356024495114E0));
#880=CARTESIAN_POINT('',(-7.200000175275E0,-8.35E0,-9.318296787152E0));
#881=CARTESIAN_POINT('',(-7.2E0,-8.35E0,-9.3E0));
#883=DIRECTION('',(-1.077290795172E-10,-3.555616930799E-6,-9.999999999937E-1));
#884=VECTOR('',#883,8.799999891049E0);
#885=CARTESIAN_POINT('',(-7.199999999052E0,-8.349968710571E0,
-5.000001090067E-1));
#886=LINE('',#885,#884);
#887=CARTESIAN_POINT('',(-7.E0,-7.85E0,0.E0));
#888=CARTESIAN_POINT('',(-7.044957720654E0,-7.868523987458E0,
-4.721284098870E-5));
#889=CARTESIAN_POINT('',(-7.134958826067E0,-7.903711758024E0,
-1.209068171721E-2));
#890=CARTESIAN_POINT('',(-7.261223312664E0,-7.954617337261E0,
-6.652658111534E-2));
#891=CARTESIAN_POINT('',(-7.365506143574E0,-7.996160632834E0,
-1.504477147989E-1));
#892=CARTESIAN_POINT('',(-7.442615546167E0,-8.027088013203E0,
-2.558608936860E-1));
#893=CARTESIAN_POINT('',(-7.489525196045E0,-8.045808094102E0,
-3.746323055779E-1));
#894=CARTESIAN_POINT('',(-7.499989364066E0,-8.049999009020E0,
-4.583934137504E-1));
#895=CARTESIAN_POINT('',(-7.499994317334E0,-8.049999999828E0,
-5.000000027061E-1));
#897=CARTESIAN_POINT('',(-7.199999999052E0,-8.349968710571E0,
-5.000001090067E-1));
#898=CARTESIAN_POINT('',(-7.200017317617E0,-8.349932468286E0,
-4.583882416950E-1));
#899=CARTESIAN_POINT('',(-7.195919598711E0,-8.339547968208E0,
-3.746221642137E-1));
#900=CARTESIAN_POINT('',(-7.176988817785E0,-8.292613583481E0,
-2.558745013059E-1));
#901=CARTESIAN_POINT('',(-7.146093192760E0,-8.215524181177E0,
-1.504630449894E-1));
#902=CARTESIAN_POINT('',(-7.104613875609E0,-8.111224747549E0,
-6.652638465990E-2));
#903=CARTESIAN_POINT('',(-7.053708105273E0,-7.984960182590E0,
-1.209124259084E-2));
#904=CARTESIAN_POINT('',(-7.018524040787E0,-7.894957850084E0,
-4.721297691149E-5));
#905=CARTESIAN_POINT('',(-7.E0,-7.85E0,0.E0));
#907=CARTESIAN_POINT('',(-7.2E0,-8.05E0,-4.999999654655E-1));
#908=DIRECTION('',(0.E0,0.E0,1.E0));
#909=DIRECTION('',(-1.E0,0.E0,0.E0));
#910=AXIS2_PLACEMENT_3D('',#907,#908,#909);
#912=CARTESIAN_POINT('',(-7.2E0,-8.05E0,-9.299999998580E0));
#913=DIRECTION('',(0.E0,0.E0,1.E0));
#914=DIRECTION('',(-1.E0,0.E0,0.E0));
#915=AXIS2_PLACEMENT_3D('',#912,#913,#914);
#917=CARTESIAN_POINT('',(-8.000000211531E0,-7.850000221457E0,
-1.029999949730E1));
#918=DIRECTION('',(-9.999999999998E-1,-6.877611875133E-7,-4.684855588541E-8));
#919=DIRECTION('',(6.877612354914E-7,-9.999999999993E-1,-1.005404784645E-6));
#920=AXIS2_PLACEMENT_3D('',#917,#918,#919);
#922=CARTESIAN_POINT('',(-7.999998611701E0,-7.850000047447E0,
-9.799999974199E0));
#923=CARTESIAN_POINT('',(-7.991533315111E0,-7.850000718992E0,
-9.799999974096E0));
#924=CARTESIAN_POINT('',(-7.974298897848E0,-7.850586774858E0,
-9.799569678637E0));
#925=CARTESIAN_POINT('',(-7.947643465252E0,-7.853245312406E0,
-9.797498782076E0));
#926=CARTESIAN_POINT('',(-7.920241038983E0,-7.857630908028E0,
-9.793863871558E0));
#927=CARTESIAN_POINT('',(-7.892130477270E0,-7.863639480217E0,
-9.788516317353E0));
#928=CARTESIAN_POINT('',(-7.863107110053E0,-7.871219225577E0,
-9.781222200021E0));
#929=CARTESIAN_POINT('',(-7.833101337694E0,-7.880321573482E0,
-9.771687141761E0));
#930=CARTESIAN_POINT('',(-7.802676187934E0,-7.890687356361E0,
-9.759815295658E0));
#931=CARTESIAN_POINT('',(-7.772139882524E0,-7.902098184935E0,
-9.745501576958E0));
#932=CARTESIAN_POINT('',(-7.741646620651E0,-7.914405082016E0,
-9.728569622550E0));
#933=CARTESIAN_POINT('',(-7.711516922407E0,-7.927405194248E0,
-9.708926637037E0));
#934=CARTESIAN_POINT('',(-7.682068952330E0,-7.940897327604E0,
-9.686509426136E0));
#935=CARTESIAN_POINT('',(-7.653549086382E0,-7.954718885608E0,
-9.661208056456E0));
#936=CARTESIAN_POINT('',(-7.626224208757E0,-7.968706076862E0,
-9.632901899464E0));
#937=CARTESIAN_POINT('',(-7.600455700076E0,-7.982647440576E0,
-9.601545912162E0));
#938=CARTESIAN_POINT('',(-7.576656843771E0,-7.996291109028E0,
-9.567169242155E0));
#939=CARTESIAN_POINT('',(-7.555349951297E0,-8.009294077938E0,
-9.530012681499E0));
#940=CARTESIAN_POINT('',(-7.537184683019E0,-8.021165146974E0,
-9.490844341381E0));
#941=CARTESIAN_POINT('',(-7.522615874011E0,-8.031429338152E0,
-9.450652079814E0));
#942=CARTESIAN_POINT('',(-7.511880452734E0,-8.039634141218E0,
-9.410816962708E0));
#943=CARTESIAN_POINT('',(-7.504738901252E0,-8.045585352491E0,
-9.372152898738E0));
#944=CARTESIAN_POINT('',(-7.500786104676E0,-8.049195207069E0,
-9.335005572384E0));
#945=CARTESIAN_POINT('',(-7.499999896933E0,-8.049999826087E0,
-9.311458267563E0));
#946=CARTESIAN_POINT('',(-7.499999895706E0,-8.050000302632E0,
-9.299991126694E0));
#948=DIRECTION('',(-1.E0,0.E0,0.E0));
#949=VECTOR('',#948,2.4E0);
#950=CARTESIAN_POINT('',(-8.55E0,-4.95E0,-9.8E0));
#951=LINE('',#950,#949);
#952=DIRECTION('',(0.E0,-1.E0,0.E0));
#953=VECTOR('',#952,1.8E0);
#954=CARTESIAN_POINT('',(-1.095E1,-4.95E0,-9.8E0));
#955=LINE('',#954,#953);
#956=DIRECTION('',(1.E0,0.E0,0.E0));
#957=VECTOR('',#956,2.4E0);
#958=CARTESIAN_POINT('',(-1.095E1,-6.75E0,-9.8E0));
#959=LINE('',#958,#957);
#960=DIRECTION('',(0.E0,1.E0,0.E0));
#961=VECTOR('',#960,1.8E0);
#962=CARTESIAN_POINT('',(-8.55E0,-6.75E0,-9.8E0));
#963=LINE('',#962,#961);
#964=DIRECTION('',(1.E0,0.E0,0.E0));
#965=VECTOR('',#964,2.4E0);
#966=CARTESIAN_POINT('',(8.55E0,-4.95E0,-9.8E0));
#967=LINE('',#966,#965);
#968=DIRECTION('',(0.E0,1.E0,0.E0));
#969=VECTOR('',#968,1.8E0);
#970=CARTESIAN_POINT('',(8.55E0,-6.75E0,-9.8E0));
#971=LINE('',#970,#969);
#972=DIRECTION('',(-1.E0,0.E0,0.E0));
#973=VECTOR('',#972,2.4E0);
#974=CARTESIAN_POINT('',(1.095E1,-6.75E0,-9.8E0));
#975=LINE('',#974,#973);
#976=DIRECTION('',(0.E0,-1.E0,0.E0));
#977=VECTOR('',#976,1.8E0);
#978=CARTESIAN_POINT('',(1.095E1,-4.95E0,-9.8E0));
#979=LINE('',#978,#977);
#980=DIRECTION('',(-3.511314286178E-7,-9.999999999999E-1,6.362873707293E-9));
#981=VECTOR('',#980,4.000000047855E0);
#982=CARTESIAN_POINT('',(8.E0,-3.850000000147E0,-9.8E0));
#983=LINE('',#982,#981);
#984=DIRECTION('',(-1.E0,-3.296109951770E-11,0.E0));
#985=VECTOR('',#984,4.45E0);
#986=CARTESIAN_POINT('',(1.245E1,-3.85E0,-9.8E0));
#987=LINE('',#986,#985);
#988=DIRECTION('',(0.E0,1.E0,0.E0));
#989=VECTOR('',#988,4.E0);
#990=CARTESIAN_POINT('',(1.245E1,-7.85E0,-9.8E0));
#991=LINE('',#990,#989);
#992=DIRECTION('',(1.E0,1.078685584144E-8,-5.719435303499E-9));
#993=VECTOR('',#992,4.450001404526E0);
#994=CARTESIAN_POINT('',(7.999998595474E0,-7.850000048002E0,-9.799999974549E0));
#995=LINE('',#994,#993);
#996=DIRECTION('',(-3.470748221081E-7,9.999999999999E-1,-6.450248259177E-9));
#997=VECTOR('',#996,4.000000047302E0);
#998=CARTESIAN_POINT('',(-7.999998611701E0,-7.850000047447E0,
-9.799999974199E0));
#999=LINE('',#998,#997);
#1000=DIRECTION('',(1.E0,-1.066234488143E-8,5.797974223032E-9));
#1001=VECTOR('',#1000,4.450001388299E0);
#1002=CARTESIAN_POINT('',(-1.245E1,-7.85E0,-9.8E0));
#1003=LINE('',#1002,#1001);
#1004=DIRECTION('',(0.E0,-1.E0,0.E0));
#1005=VECTOR('',#1004,4.E0);
#1006=CARTESIAN_POINT('',(-1.245E1,-3.85E0,-9.8E0));
#1007=LINE('',#1006,#1005);
#1008=DIRECTION('',(-1.E0,3.268027546455E-11,0.E0));
#1009=VECTOR('',#1008,4.45E0);
#1010=CARTESIAN_POINT('',(-8.E0,-3.850000000145E0,-9.8E0));
#1011=LINE('',#1010,#1009);
#1012=DIRECTION('',(0.E0,0.E0,-1.E0));
#1013=VECTOR('',#1012,3.2E0);
#1014=CARTESIAN_POINT('',(-8.55E0,-4.95E0,-9.8E0));
#1015=LINE('',#1014,#1013);
#1016=CARTESIAN_POINT('',(-9.75E0,-3.35E0,-1.3E1));
#1017=DIRECTION('',(0.E0,-1.E0,0.E0));
#1018=DIRECTION('',(1.E0,0.E0,0.E0));
#1019=AXIS2_PLACEMENT_3D('',#1016,#1017,#1018);
#1021=DIRECTION('',(0.E0,1.E0,0.E0));
#1022=VECTOR('',#1021,1.6E0);
#1023=CARTESIAN_POINT('',(-1.095E1,-4.95E0,-1.3E1));
#1024=LINE('',#1023,#1022);
#1025=CARTESIAN_POINT('',(-9.75E0,-4.95E0,-1.3E1));
#1026=DIRECTION('',(0.E0,1.E0,0.E0));
#1027=DIRECTION('',(-1.E0,0.E0,0.E0));
#1028=AXIS2_PLACEMENT_3D('',#1025,#1026,#1027);
#1030=DIRECTION('',(0.E0,1.E0,0.E0));
#1031=VECTOR('',#1030,1.6E0);
#1032=CARTESIAN_POINT('',(-8.55E0,-4.95E0,-1.3E1));
#1033=LINE('',#1032,#1031);
#1034=CARTESIAN_POINT('',(-9.75E0,-6.75E0,-1.3E1));
#1035=DIRECTION('',(0.E0,-1.E0,0.E0));
#1036=DIRECTION('',(1.E0,0.E0,0.E0));
#1037=AXIS2_PLACEMENT_3D('',#1034,#1035,#1036);
#1039=DIRECTION('',(0.E0,1.E0,0.E0));
#1040=VECTOR('',#1039,1.6E0);
#1041=CARTESIAN_POINT('',(-1.095E1,-8.35E0,-1.3E1));
#1042=LINE('',#1041,#1040);
#1043=CARTESIAN_POINT('',(-9.75E0,-8.35E0,-1.3E1));
#1044=DIRECTION('',(0.E0,1.E0,0.E0));
#1045=DIRECTION('',(-1.E0,0.E0,0.E0));
#1046=AXIS2_PLACEMENT_3D('',#1043,#1044,#1045);
#1048=DIRECTION('',(0.E0,1.E0,0.E0));
#1049=VECTOR('',#1048,1.6E0);
#1050=CARTESIAN_POINT('',(-8.55E0,-8.35E0,-1.3E1));
#1051=LINE('',#1050,#1049);
#1052=DIRECTION('',(0.E0,-1.E0,0.E0));
#1053=VECTOR('',#1052,1.8E0);
#1054=CARTESIAN_POINT('',(-9.75E0,-4.95E0,-1.42E1));
#1055=LINE('',#1054,#1053);
#1056=CARTESIAN_POINT('',(-9.75E0,-6.75E0,-1.3E1));
#1057=DIRECTION('',(0.E0,1.E0,0.E0));
#1058=DIRECTION('',(0.E0,0.E0,-1.E0));
#1059=AXIS2_PLACEMENT_3D('',#1056,#1057,#1058);
#1061=DIRECTION('',(0.E0,1.E0,0.E0));
#1062=VECTOR('',#1061,1.8E0);
#1063=CARTESIAN_POINT('',(-1.095E1,-6.75E0,-1.3E1));
#1064=LINE('',#1063,#1062);
#1065=CARTESIAN_POINT('',(-9.75E0,-4.95E0,-1.3E1));
#1066=DIRECTION('',(0.E0,1.E0,0.E0));
#1067=DIRECTION('',(0.E0,0.E0,-1.E0));
#1068=AXIS2_PLACEMENT_3D('',#1065,#1066,#1067);
#1070=DIRECTION('',(1.E0,0.E0,0.E0));
#1071=VECTOR('',#1070,5.500000006655E-1);
#1072=CARTESIAN_POINT('',(-8.55E0,-3.35E0,-1.57E1));
#1073=LINE('',#1072,#1071);
#1074=DIRECTION('',(1.232467625967E-10,0.E0,-1.E0));
#1075=VECTOR('',#1074,5.399999999698E0);
#1076=CARTESIAN_POINT('',(-8.E0,-3.35E0,-1.030000000030E1));
#1077=LINE('',#1076,#1075);
#1078=DIRECTION('',(-1.E0,0.E0,6.780653441975E-11));
#1079=VECTOR('',#1078,4.45E0);
#1080=CARTESIAN_POINT('',(-8.E0,-3.35E0,-1.030000000030E1));
#1081=LINE('',#1080,#1079);
#1082=DIRECTION('',(0.E0,0.E0,1.E0));
#1083=VECTOR('',#1082,5.4E0);
#1084=CARTESIAN_POINT('',(-1.245E1,-3.35E0,-1.57E1));
#1085=LINE('',#1084,#1083);
#1086=DIRECTION('',(1.E0,0.E0,0.E0));
#1087=VECTOR('',#1086,1.5E0);
#1088=CARTESIAN_POINT('',(-1.245E1,-3.35E0,-1.57E1));
#1089=LINE('',#1088,#1087);
#1090=DIRECTION('',(0.E0,0.E0,1.E0));
#1091=VECTOR('',#1090,2.7E0);
#1092=CARTESIAN_POINT('',(-1.095E1,-3.35E0,-1.57E1));
#1093=LINE('',#1092,#1091);
#1094=DIRECTION('',(0.E0,0.E0,1.E0));
#1095=VECTOR('',#1094,2.7E0);
#1096=CARTESIAN_POINT('',(-8.55E0,-3.35E0,-1.57E1));
#1097=LINE('',#1096,#1095);
#1098=CARTESIAN_POINT('',(-8.55E0,-3.85E0,-1.57E1));
#1099=DIRECTION('',(-1.E0,0.E0,0.E0));
#1100=DIRECTION('',(0.E0,1.E0,0.E0));
#1101=AXIS2_PLACEMENT_3D('',#1098,#1099,#1100);
#1103=CARTESIAN_POINT('',(-8.E0,-3.85E0,-1.57E1));
#1104=DIRECTION('',(1.E0,0.E0,0.E0));
#1105=DIRECTION('',(0.E0,0.E0,-1.E0));
#1106=AXIS2_PLACEMENT_3D('',#1103,#1104,#1105);
#1108=CARTESIAN_POINT('',(-7.5E0,-3.716025403784E0,-1.62E1));
#1109=CARTESIAN_POINT('',(-7.5E0,-3.661309337368E0,-1.62E1));
#1110=CARTESIAN_POINT('',(-7.5E0,-3.559698249518E0,-1.618670598531E1));
#1111=CARTESIAN_POINT('',(-7.5E0,-3.433016929847E0,-1.614600645604E1));
#1112=CARTESIAN_POINT('',(-7.5E0,-3.324121293604E0,-1.609398063011E1));
#1113=CARTESIAN_POINT('',(-7.5E0,-3.223092867953E0,-1.603165673259E1));
#1114=CARTESIAN_POINT('',(-7.5E0,-3.123086606205E0,-1.595660438949E1));
#1115=CARTESIAN_POINT('',(-7.5E0,-3.027623741260E0,-1.587360974479E1));
#1116=CARTESIAN_POINT('',(-7.5E0,-2.936377398625E0,-1.578640251755E1));
#1117=CARTESIAN_POINT('',(-7.5E0,-2.878608608300E0,-1.572860860830E1));
#1118=CARTESIAN_POINT('',(-7.5E0,-2.85E0,-1.57E1));
#1120=CARTESIAN_POINT('',(-8.E0,-2.85E0,-1.57E1));
#1121=DIRECTION('',(0.E0,0.E0,1.E0));
#1122=DIRECTION('',(0.E0,-1.E0,0.E0));
#1123=AXIS2_PLACEMENT_3D('',#1120,#1121,#1122);
#1125=DIRECTION('',(0.E0,6.685952205265E-11,-1.E0));
#1126=VECTOR('',#1125,5.399999998494E0);
#1127=CARTESIAN_POINT('',(-7.5E0,-2.850000000361E0,-1.030000000151E1));
#1128=LINE('',#1127,#1126);
#1129=DIRECTION('',(0.E0,0.E0,-1.E0));
#1130=VECTOR('',#1129,4.5E0);
#1131=CARTESIAN_POINT('',(-7.5E0,-7.35E0,-1.62E1));
#1132=LINE('',#1131,#1130);
#1133=CARTESIAN_POINT('',(-7.5E0,-6.35E0,-2.07E1));
#1134=DIRECTION('',(-1.E0,0.E0,0.E0));
#1135=DIRECTION('',(0.E0,0.E0,-1.E0));
#1136=AXIS2_PLACEMENT_3D('',#1133,#1134,#1135);
#1138=CARTESIAN_POINT('',(-7.5E0,-1.75E0,-2.07E1));
#1139=DIRECTION('',(-1.E0,0.E0,0.E0));
#1140=DIRECTION('',(0.E0,1.E0,0.E0));
#1141=AXIS2_PLACEMENT_3D('',#1138,#1139,#1140);
#1143=DIRECTION('',(0.E0,1.E0,0.E0));
#1144=VECTOR('',#1143,7.6E0);
#1145=CARTESIAN_POINT('',(-7.5E0,-7.5E-1,-1.57E1));
#1146=LINE('',#1145,#1144);
#1147=DIRECTION('',(0.E0,0.E0,-1.E0));
#1148=VECTOR('',#1147,1.52E1);
#1149=CARTESIAN_POINT('',(-7.5E0,6.85E0,-5.E-1));
#1150=LINE('',#1149,#1148);
#1151=DIRECTION('',(3.813869832072E-7,-9.999999999999E-1,-1.816171523409E-10));
#1152=VECTOR('',#1151,1.489999999983E1);
#1153=CARTESIAN_POINT('',(-7.5E0,6.85E0,-5.E-1));
#1154=LINE('',#1153,#1152);
#1155=DIRECTION('',(-6.339065168685E-7,-3.440964300088E-8,-9.999999999998E-1));
#1156=VECTOR('',#1155,8.799991123989E0);
#1157=CARTESIAN_POINT('',(-7.499994317334E0,-8.049999999828E0,
-5.000000027061E-1));
#1158=LINE('',#1157,#1156);
#1159=DIRECTION('',(-2.483198103489E-8,9.999999999978E-1,-2.112783656831E-6));
#1160=VECTOR('',#1159,4.200000301793E0);
#1161=CARTESIAN_POINT('',(-7.499999895706E0,-8.050000302632E0,
-9.299991126694E0));
#1162=LINE('',#1161,#1160);
#1163=CARTESIAN_POINT('',(-7.500000000008E0,-3.85E0,-1.03E1));
#1164=DIRECTION('',(1.E0,0.E0,0.E0));
#1165=DIRECTION('',(0.E0,1.E0,0.E0));
#1166=AXIS2_PLACEMENT_3D('',#1163,#1164,#1165);
#1168=DIRECTION('',(-1.E0,0.E0,0.E0));
#1169=VECTOR('',#1168,1.5E0);
#1170=CARTESIAN_POINT('',(-6.E0,-7.35E0,-2.07E1));
#1171=LINE('',#1170,#1169);
#1172=DIRECTION('',(0.E0,0.E0,-1.E0));
#1173=VECTOR('',#1172,4.5E0);
#1174=CARTESIAN_POINT('',(-6.E0,-7.35E0,-1.62E1));
#1175=LINE('',#1174,#1173);
#1176=CARTESIAN_POINT('',(-6.E0,-7.85E0,-1.57E1));
#1177=DIRECTION('',(1.E0,0.E0,0.E0));
#1178=DIRECTION('',(0.E0,-1.E0,0.E0));
#1179=AXIS2_PLACEMENT_3D('',#1176,#1177,#1178);
#1181=DIRECTION('',(0.E0,-1.E0,0.E0));
#1182=VECTOR('',#1181,1.E0);
#1183=CARTESIAN_POINT('',(-6.E0,-7.35E0,-1.41E1));
#1184=LINE('',#1183,#1182);
#1185=DIRECTION('',(0.E0,0.E0,1.E0));
#1186=VECTOR('',#1185,1.3E0);
#1187=CARTESIAN_POINT('',(-6.E0,-7.35E0,-1.54E1));
#1188=LINE('',#1187,#1186);
#1189=CARTESIAN_POINT('',(-6.E0,-6.85E0,-1.54E1));
#1190=DIRECTION('',(-1.E0,0.E0,0.E0));
#1191=DIRECTION('',(0.E0,0.E0,-1.E0));
#1192=AXIS2_PLACEMENT_3D('',#1189,#1190,#1191);
#1194=DIRECTION('',(0.E0,-1.E0,0.E0));
#1195=VECTOR('',#1194,1.67E0);
#1196=CARTESIAN_POINT('',(-6.E0,-5.18E0,-1.59E1));
#1197=LINE('',#1196,#1195);
#1198=DIRECTION('',(0.E0,0.E0,1.E0));
#1199=VECTOR('',#1198,3.E-1);
#1200=CARTESIAN_POINT('',(-6.E0,-5.18E0,-1.62E1));
#1201=LINE('',#1200,#1199);
#1202=DIRECTION('',(0.E0,0.E0,-1.E0));
#1203=VECTOR('',#1202,4.5E0);
#1204=CARTESIAN_POINT('',(-6.E0,-7.5E-1,-1.62E1));
#1205=LINE('',#1204,#1203);
#1206=CARTESIAN_POINT('',(-6.E0,-1.75E0,-2.07E1));
#1207=DIRECTION('',(1.E0,0.E0,0.E0));
#1208=DIRECTION('',(0.E0,0.E0,-1.E0));
#1209=AXIS2_PLACEMENT_3D('',#1206,#1207,#1208);
#1211=CARTESIAN_POINT('',(-6.E0,-6.35E0,-2.07E1));
#1212=DIRECTION('',(1.E0,0.E0,0.E0));
#1213=DIRECTION('',(0.E0,-1.E0,0.E0));
#1214=AXIS2_PLACEMENT_3D('',#1211,#1212,#1213);
#1216=CARTESIAN_POINT('',(-8.55E0,-7.85E0,-1.57E1));
#1217=DIRECTION('',(-1.E0,0.E0,0.E0));
#1218=DIRECTION('',(0.E0,0.E0,-1.E0));
#1219=AXIS2_PLACEMENT_3D('',#1216,#1217,#1218);
#1221=DIRECTION('',(1.E0,0.E0,0.E0));
#1222=VECTOR('',#1221,1.2E1);
#1223=CARTESIAN_POINT('',(-6.E0,-7.35E0,-1.41E1));
#1224=LINE('',#1223,#1222);
#1225=CARTESIAN_POINT('',(6.E0,-7.85E0,-1.57E1));
#1226=DIRECTION('',(-1.E0,0.E0,0.E0));
#1227=DIRECTION('',(0.E0,0.E0,-1.E0));
#1228=AXIS2_PLACEMENT_3D('',#1225,#1226,#1227);
#1230=DIRECTION('',(0.E0,0.E0,-1.E0));
#1231=VECTOR('',#1230,4.5E0);
#1232=CARTESIAN_POINT('',(6.E0,-7.35E0,-1.62E1));
#1233=LINE('',#1232,#1231);
#1234=CARTESIAN_POINT('',(6.E0,-6.35E0,-2.07E1));
#1235=DIRECTION('',(-1.E0,0.E0,0.E0));
#1236=DIRECTION('',(0.E0,0.E0,-1.E0));
#1237=AXIS2_PLACEMENT_3D('',#1234,#1235,#1236);
#1239=CARTESIAN_POINT('',(6.E0,-1.75E0,-2.07E1));
#1240=DIRECTION('',(-1.E0,0.E0,0.E0));
#1241=DIRECTION('',(0.E0,1.E0,0.E0));
#1242=AXIS2_PLACEMENT_3D('',#1239,#1240,#1241);
#1244=DIRECTION('',(0.E0,0.E0,1.E0));
#1245=VECTOR('',#1244,3.E-1);
#1246=CARTESIAN_POINT('',(6.E0,-5.18E0,-1.62E1));
#1247=LINE('',#1246,#1245);
#1248=DIRECTION('',(0.E0,-1.E0,0.E0));
#1249=VECTOR('',#1248,1.67E0);
#1250=CARTESIAN_POINT('',(6.E0,-5.18E0,-1.59E1));
#1251=LINE('',#1250,#1249);
#1252=CARTESIAN_POINT('',(6.E0,-6.85E0,-1.54E1));
#1253=DIRECTION('',(-1.E0,0.E0,0.E0));
#1254=DIRECTION('',(0.E0,0.E0,-1.E0));
#1255=AXIS2_PLACEMENT_3D('',#1252,#1253,#1254);
#1257=DIRECTION('',(0.E0,0.E0,1.E0));
#1258=VECTOR('',#1257,1.3E0);
#1259=CARTESIAN_POINT('',(6.E0,-7.35E0,-1.54E1));
#1260=LINE('',#1259,#1258);
#1261=DIRECTION('',(0.E0,-1.E0,0.E0));
#1262=VECTOR('',#1261,1.E0);
#1263=CARTESIAN_POINT('',(6.E0,-7.35E0,-1.41E1));
#1264=LINE('',#1263,#1262);
#1265=CARTESIAN_POINT('',(8.55E0,-7.85E0,-1.57E1));
#1266=DIRECTION('',(1.E0,0.E0,0.E0));
#1267=DIRECTION('',(0.E0,-1.E0,0.E0));
#1268=AXIS2_PLACEMENT_3D('',#1265,#1266,#1267);
#1270=CARTESIAN_POINT('',(9.75E0,-3.35E0,-1.3E1));
#1271=DIRECTION('',(0.E0,-1.E0,0.E0));
#1272=DIRECTION('',(1.E0,0.E0,0.E0));
#1273=AXIS2_PLACEMENT_3D('',#1270,#1271,#1272);
#1275=DIRECTION('',(0.E0,1.E0,0.E0));
#1276=VECTOR('',#1275,1.6E0);
#1277=CARTESIAN_POINT('',(8.55E0,-4.95E0,-1.3E1));
#1278=LINE('',#1277,#1276);
#1279=CARTESIAN_POINT('',(9.75E0,-4.95E0,-1.3E1));
#1280=DIRECTION('',(0.E0,1.E0,0.E0));
#1281=DIRECTION('',(-1.E0,0.E0,0.E0));
#1282=AXIS2_PLACEMENT_3D('',#1279,#1280,#1281);
#1284=DIRECTION('',(0.E0,1.E0,0.E0));
#1285=VECTOR('',#1284,1.6E0);
#1286=CARTESIAN_POINT('',(1.095E1,-4.95E0,-1.3E1));
#1287=LINE('',#1286,#1285);
#1288=CARTESIAN_POINT('',(9.75E0,-6.75E0,-1.3E1));
#1289=DIRECTION('',(0.E0,-1.E0,0.E0));
#1290=DIRECTION('',(1.E0,0.E0,0.E0));
#1291=AXIS2_PLACEMENT_3D('',#1288,#1289,#1290);
#1293=DIRECTION('',(0.E0,1.E0,0.E0));
#1294=VECTOR('',#1293,1.6E0);
#1295=CARTESIAN_POINT('',(8.55E0,-8.35E0,-1.3E1));
#1296=LINE('',#1295,#1294);
#1297=CARTESIAN_POINT('',(9.75E0,-8.35E0,-1.3E1));
#1298=DIRECTION('',(0.E0,1.E0,0.E0));
#1299=DIRECTION('',(-1.E0,0.E0,0.E0));
#1300=AXIS2_PLACEMENT_3D('',#1297,#1298,#1299);
#1302=DIRECTION('',(0.E0,1.E0,0.E0));
#1303=VECTOR('',#1302,1.6E0);
#1304=CARTESIAN_POINT('',(1.095E1,-8.35E0,-1.3E1));
#1305=LINE('',#1304,#1303);
#1306=CARTESIAN_POINT('',(9.75E0,-4.95E0,-1.3E1));
#1307=DIRECTION('',(0.E0,1.E0,0.E0));
#1308=DIRECTION('',(0.E0,0.E0,-1.E0));
#1309=AXIS2_PLACEMENT_3D('',#1306,#1307,#1308);
#1311=DIRECTION('',(0.E0,-1.E0,0.E0));
#1312=VECTOR('',#1311,1.8E0);
#1313=CARTESIAN_POINT('',(9.75E0,-4.95E0,-1.42E1));
#1314=LINE('',#1313,#1312);
#1315=CARTESIAN_POINT('',(9.75E0,-6.75E0,-1.3E1));
#1316=DIRECTION('',(0.E0,1.E0,0.E0));
#1317=DIRECTION('',(0.E0,0.E0,-1.E0));
#1318=AXIS2_PLACEMENT_3D('',#1315,#1316,#1317);
#1320=DIRECTION('',(0.E0,1.E0,0.E0));
#1321=VECTOR('',#1320,1.8E0);
#1322=CARTESIAN_POINT('',(8.55E0,-6.75E0,-1.3E1));
#1323=LINE('',#1322,#1321);
#1324=DIRECTION('',(-1.E0,0.E0,0.E0));
#1325=VECTOR('',#1324,5.499999997012E-1);
#1326=CARTESIAN_POINT('',(8.55E0,-3.35E0,-1.57E1));
#1327=LINE('',#1326,#1325);
#1328=DIRECTION('',(0.E0,0.E0,1.E0));
#1329=VECTOR('',#1328,2.7E0);
#1330=CARTESIAN_POINT('',(8.55E0,-3.35E0,-1.57E1));
#1331=LINE('',#1330,#1329);
#1332=DIRECTION('',(0.E0,0.E0,1.E0));
#1333=VECTOR('',#1332,2.7E0);
#1334=CARTESIAN_POINT('',(1.095E1,-3.35E0,-1.57E1));
#1335=LINE('',#1334,#1333);
#1336=DIRECTION('',(1.E0,0.E0,0.E0));
#1337=VECTOR('',#1336,1.5E0);
#1338=CARTESIAN_POINT('',(1.095E1,-3.35E0,-1.57E1));
#1339=LINE('',#1338,#1337);
#1340=DIRECTION('',(0.E0,0.E0,1.E0));
#1341=VECTOR('',#1340,5.4E0);
#1342=CARTESIAN_POINT('',(1.245E1,-3.35E0,-1.57E1));
#1343=LINE('',#1342,#1341);
#1344=DIRECTION('',(-1.E0,0.E0,-6.762610446662E-11));
#1345=VECTOR('',#1344,4.45E0);
#1346=CARTESIAN_POINT('',(1.245E1,-3.35E0,-1.03E1));
#1347=LINE('',#1346,#1345);
#1348=DIRECTION('',(-5.533943673987E-11,0.E0,1.E0));
#1349=VECTOR('',#1348,5.399999999699E0);
#1350=CARTESIAN_POINT('',(8.000000000299E0,-3.35E0,-1.57E1));
#1351=LINE('',#1350,#1349);
#1352=CARTESIAN_POINT('',(1.245E1,-3.85E0,-1.03E1));
#1353=DIRECTION('',(0.E0,0.E0,-1.E0));
#1354=DIRECTION('',(0.E0,1.E0,0.E0));
#1355=AXIS2_PLACEMENT_3D('',#1352,#1353,#1354);
#1357=CARTESIAN_POINT('',(1.245E1,-3.85E0,-1.03E1));
#1358=DIRECTION('',(0.E0,-1.E0,0.E0));
#1359=DIRECTION('',(1.E0,0.E0,0.E0));
#1360=AXIS2_PLACEMENT_3D('',#1357,#1358,#1359);
#1362=CARTESIAN_POINT('',(1.245E1,-3.85E0,-1.03E1));
#1363=DIRECTION('',(-1.E0,0.E0,0.E0));
#1364=DIRECTION('',(0.E0,0.E0,1.E0));
#1365=AXIS2_PLACEMENT_3D('',#1362,#1363,#1364);
#1367=CARTESIAN_POINT('',(1.245E1,-7.85E0,-1.03E1));
#1368=DIRECTION('',(0.E0,1.E0,0.E0));
#1369=DIRECTION('',(0.E0,0.E0,1.E0));
#1370=AXIS2_PLACEMENT_3D('',#1367,#1368,#1369);
#1372=CARTESIAN_POINT('',(1.245E1,-7.85E0,-1.03E1));
#1373=DIRECTION('',(0.E0,0.E0,-1.E0));
#1374=DIRECTION('',(1.E0,0.E0,0.E0));
#1375=AXIS2_PLACEMENT_3D('',#1372,#1373,#1374);
#1377=CARTESIAN_POINT('',(1.245E1,-7.85E0,-1.03E1));
#1378=DIRECTION('',(-1.E0,0.E0,0.E0));
#1379=DIRECTION('',(0.E0,-1.E0,0.E0));
#1380=AXIS2_PLACEMENT_3D('',#1377,#1378,#1379);
#1382=DIRECTION('',(0.E0,0.E0,1.E0));
#1383=VECTOR('',#1382,5.4E0);
#1384=CARTESIAN_POINT('',(1.295E1,-7.85E0,-1.57E1));
#1385=LINE('',#1384,#1383);
#1386=DIRECTION('',(0.E0,1.E0,0.E0));
#1387=VECTOR('',#1386,4.E0);
#1388=CARTESIAN_POINT('',(1.295E1,-7.85E0,-1.03E1));
#1389=LINE('',#1388,#1387);
#1390=DIRECTION('',(0.E0,0.E0,1.E0));
#1391=VECTOR('',#1390,5.4E0);
#1392=CARTESIAN_POINT('',(1.295E1,-3.85E0,-1.57E1));
#1393=LINE('',#1392,#1391);
#1394=DIRECTION('',(0.E0,-1.E0,0.E0));
#1395=VECTOR('',#1394,4.E0);
#1396=CARTESIAN_POINT('',(1.295E1,-3.85E0,-1.57E1));
#1397=LINE('',#1396,#1395);
#1398=CARTESIAN_POINT('',(8.000000003868E0,-7.85E0,-1.03E1));
#1399=DIRECTION('',(1.E0,0.E0,0.E0));
#1400=DIRECTION('',(0.E0,0.E0,1.E0));
#1401=AXIS2_PLACEMENT_3D('',#1398,#1399,#1400);
#1403=CARTESIAN_POINT('',(7.199999956868E0,-8.050000272065E0,
-9.300004972228E0));
#1404=DIRECTION('',(-1.633711520838E-5,1.754731213974E-5,9.999999997126E-1));
#1405=DIRECTION('',(1.437576429114E-7,-9.999999998460E-1,1.754731448797E-5));
#1406=AXIS2_PLACEMENT_3D('',#1403,#1404,#1405);
#1408=CARTESIAN_POINT('',(7.499999895173E0,-8.050000304443E0,
-9.299991073554E0));
#1409=CARTESIAN_POINT('',(7.499999896411E0,-8.049999823739E0,
-9.311458257324E0));
#1410=CARTESIAN_POINT('',(7.500786096167E0,-8.049195210884E0,
-9.335005342823E0));
#1411=CARTESIAN_POINT('',(7.504738838327E0,-8.045585414387E0,
-9.372152397045E0));
#1412=CARTESIAN_POINT('',(7.511880276540E0,-8.039634276909E0,
-9.410816217213E0));
#1413=CARTESIAN_POINT('',(7.522615717019E0,-8.031429460502E0,
-9.450651502581E0));
#1414=CARTESIAN_POINT('',(7.537183953732E0,-8.021165643487E0,
-9.490842545029E0));
#1415=CARTESIAN_POINT('',(7.555349734422E0,-8.009294194215E0,
-9.530012466282E0));
#1416=CARTESIAN_POINT('',(7.576658726450E0,-7.996289967292E0,
-9.567172452203E0));
#1417=CARTESIAN_POINT('',(7.600460288631E0,-7.982644860104E0,
-9.601552161209E0));
#1418=CARTESIAN_POINT('',(7.626230981763E0,-7.968702509653E0,
-9.632909510831E0));
#1419=CARTESIAN_POINT('',(7.653555145422E0,-7.954715883203E0,
-9.661213769790E0));
#1420=CARTESIAN_POINT('',(7.682073414670E0,-7.940895240954E0,
-9.686513010840E0));
#1421=CARTESIAN_POINT('',(7.711519470324E0,-7.927404077142E0,
-9.708928363301E0));
#1422=CARTESIAN_POINT('',(7.741647628462E0,-7.914404672623E0,
-9.728570189717E0));
#1423=CARTESIAN_POINT('',(7.772140171776E0,-7.902098072318E0,
-9.745501725876E0));
#1424=CARTESIAN_POINT('',(7.802677112104E0,-7.890687015909E0,
-9.759815714235E0));
#1425=CARTESIAN_POINT('',(7.833102692969E0,-7.880321139652E0,
-9.771687612885E0));
#1426=CARTESIAN_POINT('',(7.863107676230E0,-7.871219074475E0,
-9.781222345485E0));
#1427=CARTESIAN_POINT('',(7.892130831287E0,-7.863639395668E0,
-9.788516397080E0));
#1428=CARTESIAN_POINT('',(7.920241489691E0,-7.857630820012E0,
-9.793863945522E0));
#1429=CARTESIAN_POINT('',(7.947643888945E0,-7.853245262663E0,
-9.797498824104E0));
#1430=CARTESIAN_POINT('',(7.974299120318E0,-7.850586759656E0,
-9.799569686485E0));
#1431=CARTESIAN_POINT('',(7.991533415766E0,-7.850000720460E0,
-9.799999974445E0));
#1432=CARTESIAN_POINT('',(7.999998595474E0,-7.850000048002E0,
-9.799999974549E0));
#1434=CARTESIAN_POINT('',(7.2E0,-8.05E0,-4.999999654655E-1));
#1435=DIRECTION('',(0.E0,0.E0,1.E0));
#1436=DIRECTION('',(0.E0,-1.E0,0.E0));
#1437=AXIS2_PLACEMENT_3D('',#1434,#1435,#1436);
#1439=CARTESIAN_POINT('',(7.E0,-7.85E0,0.E0));
#1440=CARTESIAN_POINT('',(7.018523987458E0,-7.894957720654E0,
-4.721284098872E-5));
#1441=CARTESIAN_POINT('',(7.053711758024E0,-7.984958826067E0,
-1.209068171717E-2));
#1442=CARTESIAN_POINT('',(7.104617337261E0,-8.111223312664E0,
-6.652658111537E-2));
#1443=CARTESIAN_POINT('',(7.146160632834E0,-8.215506143573E0,
-1.504477147987E-1));
#1444=CARTESIAN_POINT('',(7.177088013203E0,-8.292615546167E0,
-2.558608936860E-1));
#1445=CARTESIAN_POINT('',(7.195808094102E0,-8.339525196045E0,
-3.746323055779E-1));
#1446=CARTESIAN_POINT('',(7.199999009020E0,-8.349989364066E0,
-4.583934137504E-1));
#1447=CARTESIAN_POINT('',(7.199999999828E0,-8.349994317334E0,
-5.000000027061E-1));
#1449=CARTESIAN_POINT('',(7.499968710571E0,-8.049999999052E0,
-5.000001090067E-1));
#1450=CARTESIAN_POINT('',(7.499932468286E0,-8.050017317617E0,
-4.583882416950E-1));
#1451=CARTESIAN_POINT('',(7.489547968208E0,-8.045919598711E0,
-3.746221642137E-1));
#1452=CARTESIAN_POINT('',(7.442613583481E0,-8.026988817785E0,
-2.558745013059E-1));
#1453=CARTESIAN_POINT('',(7.365524181177E0,-7.996093192760E0,
-1.504630449892E-1));
#1454=CARTESIAN_POINT('',(7.261224747549E0,-7.954613875609E0,
-6.652638465993E-2));
#1455=CARTESIAN_POINT('',(7.134960182590E0,-7.903708105273E0,
-1.209124259079E-2));
#1456=CARTESIAN_POINT('',(7.044957850084E0,-7.868524040787E0,
-4.721297691152E-5));
#1457=CARTESIAN_POINT('',(7.E0,-7.85E0,0.E0));
#1459=CARTESIAN_POINT('',(7.060660171780E0,7.910660171780E0,
-3.693296882218E-3));
#1460=CARTESIAN_POINT('',(7.105755151729E0,7.865565191831E0,
-9.204947667747E-3));
#1461=CARTESIAN_POINT('',(7.194762391838E0,7.764973399889E0,
-3.264422339068E-2));
#1462=CARTESIAN_POINT('',(7.314845694623E0,7.583537790731E0,
-1.032493191889E-1));
#1463=CARTESIAN_POINT('',(7.413083590782E0,7.371997904055E0,
-2.062833831505E-1));
#1464=CARTESIAN_POINT('',(7.481271513909E0,7.130674010193E0,
-3.380990775674E-1));
#1465=CARTESIAN_POINT('',(7.5E0,6.946821415110E0,-4.441001299230E-1));
#1466=CARTESIAN_POINT('',(7.5E0,6.85E0,-5.E-1));
#1468=DIRECTION('',(0.E0,1.E0,0.E0));
#1469=VECTOR('',#1468,2.5E0);
#1470=CARTESIAN_POINT('',(7.E0,-5.9E0,0.E0));
#1471=LINE('',#1470,#1469);
#1472=DIRECTION('',(0.E0,0.E0,-1.E0));
#1473=VECTOR('',#1472,1.26E1);
#1474=CARTESIAN_POINT('',(7.E0,-5.5E0,-4.E-1));
#1475=LINE('',#1474,#1473);
#1476=DIRECTION('',(5.773502691896E-1,-5.773502691896E-1,5.773502691896E-1));
#1477=VECTOR('',#1476,6.928203230276E-1);
#1478=CARTESIAN_POINT('',(6.E0,-5.5E0,-4.E-1));
#1479=LINE('',#1478,#1477);
#1480=DIRECTION('',(0.E0,-7.071067811865E-1,7.071067811865E-1));
#1481=VECTOR('',#1480,5.656854249492E-1);
#1482=CARTESIAN_POINT('',(7.E0,-5.5E0,-4.E-1));
#1483=LINE('',#1482,#1481);
#1484=DIRECTION('',(5.773502691896E-1,-5.773502691896E-1,5.773502691896E-1));
#1485=VECTOR('',#1484,6.928203230275E-1);
#1486=CARTESIAN_POINT('',(6.E0,-7.35E0,-4.E-1));
#1487=LINE('',#1486,#1485);
#1488=DIRECTION('',(0.E0,-1.E0,0.E0));
#1489=VECTOR('',#1488,1.85E0);
#1490=CARTESIAN_POINT('',(6.E0,-5.5E0,-4.E-1));
#1491=LINE('',#1490,#1489);
#1492=DIRECTION('',(0.E0,0.E0,-1.E0));
#1493=VECTOR('',#1492,1.26E1);
#1494=CARTESIAN_POINT('',(6.E0,-7.35E0,-4.E-1));
#1495=LINE('',#1494,#1493);
#1496=DIRECTION('',(-1.E0,0.E0,0.E0));
#1497=VECTOR('',#1496,3.15E0);
#1498=CARTESIAN_POINT('',(6.E0,-7.35E0,-4.E-1));
#1499=LINE('',#1498,#1497);
#1500=DIRECTION('',(0.E0,0.E0,-1.E0));
#1501=VECTOR('',#1500,1.26E1);
#1502=CARTESIAN_POINT('',(2.85E0,-7.35E0,-4.E-1));
#1503=LINE('',#1502,#1501);
#1504=DIRECTION('',(0.E0,7.071067811865E-1,-7.071067811865E-1));
#1505=VECTOR('',#1504,5.656854249492E-1);
#1506=CARTESIAN_POINT('',(2.85E0,-7.75E0,0.E0));
#1507=LINE('',#1506,#1505);
#1508=DIRECTION('',(0.E0,1.E0,0.E0));
#1509=VECTOR('',#1508,7.E-1);
#1510=CARTESIAN_POINT('',(2.85E0,-7.75E0,0.E0));
#1511=LINE('',#1510,#1509);
#1512=DIRECTION('',(0.E0,0.E0,-1.E0));
#1513=VECTOR('',#1512,1.3E1);
#1514=CARTESIAN_POINT('',(2.85E0,-7.05E0,0.E0));
#1515=LINE('',#1514,#1513);
#1516=DIRECTION('',(0.E0,0.E0,-1.E0));
#1517=VECTOR('',#1516,1.3E1);
#1518=CARTESIAN_POINT('',(2.15E0,-7.05E0,0.E0));
#1519=LINE('',#1518,#1517);
#1520=DIRECTION('',(0.E0,-1.E0,0.E0));
#1521=VECTOR('',#1520,7.E-1);
#1522=CARTESIAN_POINT('',(2.15E0,-7.05E0,0.E0));
#1523=LINE('',#1522,#1521);
#1524=DIRECTION('',(0.E0,0.E0,-1.E0));
#1525=VECTOR('',#1524,1.26E1);
#1526=CARTESIAN_POINT('',(2.15E0,-7.35E0,-4.E-1));
#1527=LINE('',#1526,#1525);
#1528=DIRECTION('',(0.E0,-7.071067811865E-1,7.071067811865E-1));
#1529=VECTOR('',#1528,5.656854249492E-1);
#1530=CARTESIAN_POINT('',(2.15E0,-7.35E0,-4.E-1));
#1531=LINE('',#1530,#1529);
#1532=DIRECTION('',(0.E0,7.071067811865E-1,-7.071067811865E-1));
#1533=VECTOR('',#1532,5.656854249492E-1);
#1534=CARTESIAN_POINT('',(-2.15E0,-7.75E0,0.E0));
#1535=LINE('',#1534,#1533);
#1536=DIRECTION('',(-1.E0,0.E0,0.E0));
#1537=VECTOR('',#1536,4.3E0);
#1538=CARTESIAN_POINT('',(2.15E0,-7.35E0,-4.E-1));
#1539=LINE('',#1538,#1537);
#1540=DIRECTION('',(0.E0,0.E0,-1.E0));
#1541=VECTOR('',#1540,1.26E1);
#1542=CARTESIAN_POINT('',(-2.15E0,-7.35E0,-4.E-1));
#1543=LINE('',#1542,#1541);
#1544=DIRECTION('',(0.E0,1.E0,0.E0));
#1545=VECTOR('',#1544,7.E-1);
#1546=CARTESIAN_POINT('',(-2.15E0,-7.75E0,0.E0));
#1547=LINE('',#1546,#1545);
#1548=DIRECTION('',(0.E0,0.E0,-1.E0));
#1549=VECTOR('',#1548,1.3E1);
#1550=CARTESIAN_POINT('',(-2.15E0,-7.05E0,0.E0));
#1551=LINE('',#1550,#1549);
#1552=DIRECTION('',(0.E0,0.E0,-1.E0));
#1553=VECTOR('',#1552,1.3E1);
#1554=CARTESIAN_POINT('',(-2.85E0,-7.05E0,0.E0));
#1555=LINE('',#1554,#1553);
#1556=DIRECTION('',(0.E0,-1.E0,0.E0));
#1557=VECTOR('',#1556,7.E-1);
#1558=CARTESIAN_POINT('',(-2.85E0,-7.05E0,0.E0));
#1559=LINE('',#1558,#1557);
#1560=DIRECTION('',(0.E0,0.E0,-1.E0));
#1561=VECTOR('',#1560,1.26E1);
#1562=CARTESIAN_POINT('',(-2.85E0,-7.35E0,-4.E-1));
#1563=LINE('',#1562,#1561);
#1564=DIRECTION('',(-5.773502691896E-1,-5.773502691896E-1,5.773502691896E-1));
#1565=VECTOR('',#1564,6.928203230276E-1);
#1566=CARTESIAN_POINT('',(-6.E0,-7.35E0,-4.E-1));
#1567=LINE('',#1566,#1565);
#1568=DIRECTION('',(0.E0,-7.071067811865E-1,7.071067811865E-1));
#1569=VECTOR('',#1568,5.656854249492E-1);
#1570=CARTESIAN_POINT('',(-2.85E0,-7.35E0,-4.E-1));
#1571=LINE('',#1570,#1569);
#1572=DIRECTION('',(-5.773502691896E-1,-5.773502691896E-1,5.773502691896E-1));
#1573=VECTOR('',#1572,6.928203230276E-1);
#1574=CARTESIAN_POINT('',(-6.E0,-5.5E0,-4.E-1));
#1575=LINE('',#1574,#1573);
#1576=DIRECTION('',(0.E0,7.071067811865E-1,-7.071067811865E-1));
#1577=VECTOR('',#1576,5.656854249492E-1);
#1578=CARTESIAN_POINT('',(-7.E0,-5.9E0,0.E0));
#1579=LINE('',#1578,#1577);
#1580=DIRECTION('',(0.E0,-1.E0,0.E0));
#1581=VECTOR('',#1580,2.5E0);
#1582=CARTESIAN_POINT('',(-7.E0,-3.4E0,0.E0));
#1583=LINE('',#1582,#1581);
#1584=DIRECTION('',(0.E0,0.E0,-1.E0));
#1585=VECTOR('',#1584,1.26E1);
#1586=CARTESIAN_POINT('',(-7.E0,-3.8E0,-4.E-1));
#1587=LINE('',#1586,#1585);
#1588=CARTESIAN_POINT('',(-7.060660171780E0,7.910660171780E0,
-3.693296882218E-3));
#1589=CARTESIAN_POINT('',(-7.050799401524E0,7.900799401524E0,
-2.488082417391E-3));
#1590=CARTESIAN_POINT('',(-7.030817381711E0,7.880817381711E0,
-6.421562376139E-4));
#1591=CARTESIAN_POINT('',(-7.010347546262E0,7.860347546262E0,0.E0));
#1592=CARTESIAN_POINT('',(-7.E0,7.85E0,0.E0));
#1594=CARTESIAN_POINT('',(-7.5E0,6.85E0,-5.E-1));
#1595=CARTESIAN_POINT('',(-7.5E0,6.946840444902E0,-4.440891430675E-1));
#1596=CARTESIAN_POINT('',(-7.481275973645E0,7.130648626656E0,
-3.381126322969E-1));
#1597=CARTESIAN_POINT('',(-7.413077488419E0,7.372007211895E0,
-2.062810922651E-1));
#1598=CARTESIAN_POINT('',(-7.314865900459E0,7.583525245394E0,
-1.032452897505E-1));
#1599=CARTESIAN_POINT('',(-7.194637060032E0,7.765105362471E0,
-3.262238634348E-2));
#1600=CARTESIAN_POINT('',(-7.105967869498E0,7.865352474062E0,
-9.230946704919E-3));
#1601=CARTESIAN_POINT('',(-7.060660171780E0,7.910660171780E0,
-3.693296882218E-3));
#1603=CARTESIAN_POINT('',(-6.E0,6.85E0,-1.57E1));
#1604=DIRECTION('',(0.E0,0.E0,-1.E0));
#1605=DIRECTION('',(-1.E0,0.E0,0.E0));
#1606=AXIS2_PLACEMENT_3D('',#1603,#1604,#1605);
#1608=CARTESIAN_POINT('',(-7.E0,6.85E0,-1.57E1));
#1609=DIRECTION('',(0.E0,1.E0,0.E0));
#1610=DIRECTION('',(0.E0,0.E0,-1.E0));
#1611=AXIS2_PLACEMENT_3D('',#1608,#1609,#1610);
#1613=CARTESIAN_POINT('',(-6.E0,7.85E0,-1.57E1));
#1614=DIRECTION('',(-1.E0,0.E0,0.E0));
#1615=DIRECTION('',(0.E0,1.E0,0.E0));
#1616=AXIS2_PLACEMENT_3D('',#1613,#1614,#1615);
#1618=CARTESIAN_POINT('',(6.E0,6.85E0,-1.57E1));
#1619=DIRECTION('',(0.E0,0.E0,-1.E0));
#1620=DIRECTION('',(0.E0,1.E0,0.E0));
#1621=AXIS2_PLACEMENT_3D('',#1618,#1619,#1620);
#1623=CARTESIAN_POINT('',(6.E0,7.85E0,-1.57E1));
#1624=DIRECTION('',(1.E0,0.E0,0.E0));
#1625=DIRECTION('',(0.E0,0.E0,-1.E0));
#1626=AXIS2_PLACEMENT_3D('',#1623,#1624,#1625);
#1628=CARTESIAN_POINT('',(7.E0,6.85E0,-1.57E1));
#1629=DIRECTION('',(0.E0,1.E0,0.E0));
#1630=DIRECTION('',(1.E0,0.E0,0.E0));
#1631=AXIS2_PLACEMENT_3D('',#1628,#1629,#1630);
#1633=CARTESIAN_POINT('',(7.E0,-7.5E-1,-1.57E1));
#1634=DIRECTION('',(0.E0,-1.E0,0.E0));
#1635=DIRECTION('',(0.E0,0.E0,-1.E0));
#1636=AXIS2_PLACEMENT_3D('',#1633,#1634,#1635);
#1638=DIRECTION('',(0.E0,0.E0,1.E0));
#1639=VECTOR('',#1638,5.E0);
#1640=CARTESIAN_POINT('',(7.5E0,-7.5E-1,-2.07E1));
#1641=LINE('',#1640,#1639);
#1642=DIRECTION('',(0.E0,0.E0,-1.E0));
#1643=VECTOR('',#1642,4.5E0);
#1644=CARTESIAN_POINT('',(6.E0,-7.5E-1,-1.62E1));
#1645=LINE('',#1644,#1643);
#1646=DIRECTION('',(1.E0,0.E0,0.E0));
#1647=VECTOR('',#1646,1.5E0);
#1648=CARTESIAN_POINT('',(6.E0,-7.5E-1,-2.07E1));
#1649=LINE('',#1648,#1647);
#1650=DIRECTION('',(1.E0,0.E0,0.E0));
#1651=VECTOR('',#1650,1.5E0);
#1652=CARTESIAN_POINT('',(-7.5E0,-1.75E0,-2.17E1));
#1653=LINE('',#1652,#1651);
#1654=DIRECTION('',(0.E0,1.E0,0.E0));
#1655=VECTOR('',#1654,4.6E0);
#1656=CARTESIAN_POINT('',(-7.5E0,-6.35E0,-2.17E1));
#1657=LINE('',#1656,#1655);
#1658=DIRECTION('',(-1.E0,0.E0,0.E0));
#1659=VECTOR('',#1658,1.5E0);
#1660=CARTESIAN_POINT('',(-6.E0,-6.35E0,-2.17E1));
#1661=LINE('',#1660,#1659);
#1662=DIRECTION('',(0.E0,-1.E0,0.E0));
#1663=VECTOR('',#1662,4.6E0);
#1664=CARTESIAN_POINT('',(-6.E0,-1.75E0,-2.17E1));
#1665=LINE('',#1664,#1663);
#1666=DIRECTION('',(1.E0,0.E0,0.E0));
#1667=VECTOR('',#1666,1.5E0);
#1668=CARTESIAN_POINT('',(6.E0,-1.75E0,-2.17E1));
#1669=LINE('',#1668,#1667);
#1670=DIRECTION('',(0.E0,1.E0,0.E0));
#1671=VECTOR('',#1670,4.6E0);
#1672=CARTESIAN_POINT('',(6.E0,-6.35E0,-2.17E1));
#1673=LINE('',#1672,#1671);
#1674=DIRECTION('',(-1.E0,0.E0,0.E0));
#1675=VECTOR('',#1674,1.5E0);
#1676=CARTESIAN_POINT('',(7.5E0,-6.35E0,-2.17E1));
#1677=LINE('',#1676,#1675);
#1678=DIRECTION('',(0.E0,-1.E0,0.E0));
#1679=VECTOR('',#1678,4.6E0);
#1680=CARTESIAN_POINT('',(7.5E0,-1.75E0,-2.17E1));
#1681=LINE('',#1680,#1679);
#1682=DIRECTION('',(0.E0,0.E0,-1.E0));
#1683=VECTOR('',#1682,5.E0);
#1684=CARTESIAN_POINT('',(-7.5E0,-7.5E-1,-1.57E1));
#1685=LINE('',#1684,#1683);
#1686=DIRECTION('',(1.E0,0.E0,0.E0));
#1687=VECTOR('',#1686,1.5E0);
#1688=CARTESIAN_POINT('',(-7.5E0,-7.5E-1,-2.07E1));
#1689=LINE('',#1688,#1687);
#1690=CARTESIAN_POINT('',(-7.E0,-7.5E-1,-1.57E1));
#1691=DIRECTION('',(0.E0,-1.E0,0.E0));
#1692=DIRECTION('',(-1.E0,0.E0,0.E0));
#1693=AXIS2_PLACEMENT_3D('',#1690,#1691,#1692);
#1695=DIRECTION('',(-1.E0,0.E0,0.E0));
#1696=VECTOR('',#1695,1.5E0);
#1697=CARTESIAN_POINT('',(7.5E0,-7.35E0,-2.07E1));
#1698=LINE('',#1697,#1696);
#1699=DIRECTION('',(0.E0,0.E0,-1.E0));
#1700=VECTOR('',#1699,4.5E0);
#1701=CARTESIAN_POINT('',(7.5E0,-7.35E0,-1.62E1));
#1702=LINE('',#1701,#1700);
#1703=DIRECTION('',(0.E0,-1.E0,0.E0));
#1704=VECTOR('',#1703,3.65E0);
#1705=CARTESIAN_POINT('',(-7.E0,7.75E0,0.E0));
#1706=LINE('',#1705,#1704);
#1707=DIRECTION('',(-5.773502691896E-1,5.773502691896E-1,5.773502691896E-1));
#1708=VECTOR('',#1707,6.928203230275E-1);
#1709=CARTESIAN_POINT('',(-6.6E0,7.35E0,-4.E-1));
#1710=LINE('',#1709,#1708);
#1711=DIRECTION('',(5.773502691896E-1,5.773502691896E-1,5.773502691896E-1));
#1712=VECTOR('',#1711,6.928203230276E-1);
#1713=CARTESIAN_POINT('',(-5.2E0,7.35E0,-4.E-1));
#1714=LINE('',#1713,#1712);
#1715=DIRECTION('',(5.773502691896E-1,5.773502691896E-1,5.773502691896E-1));
#1716=VECTOR('',#1715,6.928203230276E-1);
#1717=CARTESIAN_POINT('',(-5.2E0,5.15E0,-4.E-1));
#1718=LINE('',#1717,#1716);
#1719=DIRECTION('',(-5.773502691896E-1,5.773502691896E-1,5.773502691896E-1));
#1720=VECTOR('',#1719,6.928203230276E-1);
#1721=CARTESIAN_POINT('',(-3.E0,5.15E0,-4.E-1));
#1722=LINE('',#1721,#1720);
#1723=CARTESIAN_POINT('',(-3.E0,8.339897948557E0,-4.E-1));
#1724=CARTESIAN_POINT('',(-3.114285714286E0,8.316569474816E0,
-2.857142857143E-1));
#1725=CARTESIAN_POINT('',(-3.247591856600E0,8.234886514662E0,
-1.524081433998E-1));
#1726=CARTESIAN_POINT('',(-3.366481628680E0,8.053897520907E0,
-3.351837132003E-2));
#1727=CARTESIAN_POINT('',(-3.4E0,7.931649658093E0,0.E0));
#1728=CARTESIAN_POINT('',(-3.4E0,7.85E0,0.E0));
#1730=DIRECTION('',(1.E0,0.E0,0.E0));
#1731=VECTOR('',#1730,2.2E0);
#1732=CARTESIAN_POINT('',(-5.2E0,5.15E0,-4.E-1));
#1733=LINE('',#1732,#1731);
#1734=DIRECTION('',(1.E0,0.E0,0.E0));
#1735=VECTOR('',#1734,2.2E0);
#1736=CARTESIAN_POINT('',(3.E0,5.15E0,-4.E-1));
#1737=LINE('',#1736,#1735);
#1738=DIRECTION('',(1.E0,0.E0,0.E0));
#1739=VECTOR('',#1738,2.2E0);
#1740=CARTESIAN_POINT('',(3.E0,5.15E0,-2.287564434702E0));
#1741=LINE('',#1740,#1739);
#1742=DIRECTION('',(1.E0,0.E0,0.E0));
#1743=VECTOR('',#1742,2.2E0);
#1744=CARTESIAN_POINT('',(-5.2E0,5.15E0,-2.287564434702E0));
#1745=LINE('',#1744,#1743);
#1746=DIRECTION('',(0.E0,1.E0,0.E0));
#1747=VECTOR('',#1746,2.2E0);
#1748=CARTESIAN_POINT('',(5.2E0,5.15E0,-4.E-1));
#1749=LINE('',#1748,#1747);
#1750=DIRECTION('',(0.E0,0.E0,-1.E0));
#1751=VECTOR('',#1750,1.26E1);
#1752=CARTESIAN_POINT('',(5.2E0,7.35E0,-4.E-1));
#1753=LINE('',#1752,#1751);
#1754=DIRECTION('',(0.E0,-5.E-1,-8.660254037844E-1));
#1755=VECTOR('',#1754,1.4E0);
#1756=CARTESIAN_POINT('',(5.2E0,5.15E0,-2.287564434702E0));
#1757=LINE('',#1756,#1755);
#1758=DIRECTION('',(0.E0,0.E0,-1.E0));
#1759=VECTOR('',#1758,1.887564434702E0);
#1760=CARTESIAN_POINT('',(5.2E0,5.15E0,-4.E-1));
#1761=LINE('',#1760,#1759);
#1762=DIRECTION('',(-5.773502691896E-1,5.773502691896E-1,5.773502691896E-1));
#1763=VECTOR('',#1762,6.928203230276E-1);
#1764=CARTESIAN_POINT('',(5.2E0,7.35E0,-4.E-1));
#1765=LINE('',#1764,#1763);
#1766=DIRECTION('',(5.773502691896E-1,5.773502691896E-1,5.773502691896E-1));
#1767=VECTOR('',#1766,6.928203230276E-1);
#1768=CARTESIAN_POINT('',(6.6E0,7.35E0,-4.E-1));
#1769=LINE('',#1768,#1767);
#1770=DIRECTION('',(0.E0,1.E0,0.E0));
#1771=VECTOR('',#1770,3.65E0);
#1772=CARTESIAN_POINT('',(7.E0,4.1E0,0.E0));
#1773=LINE('',#1772,#1771);
#1774=DIRECTION('',(5.773502691896E-1,5.773502691896E-1,5.773502691896E-1));
#1775=VECTOR('',#1774,6.928203230276E-1);
#1776=CARTESIAN_POINT('',(6.6E0,3.7E0,-4.E-1));
#1777=LINE('',#1776,#1775);
#1778=DIRECTION('',(0.E0,-7.071067811865E-1,-7.071067811865E-1));
#1779=VECTOR('',#1778,5.656854249492E-1);
#1780=CARTESIAN_POINT('',(7.E0,4.1E0,0.E0));
#1781=LINE('',#1780,#1779);
#1782=DIRECTION('',(0.E0,1.E0,0.E0));
#1783=VECTOR('',#1782,2.5E0);
#1784=CARTESIAN_POINT('',(7.E0,1.6E0,0.E0));
#1785=LINE('',#1784,#1783);
#1786=DIRECTION('',(0.E0,0.E0,-1.E0));
#1787=VECTOR('',#1786,1.26E1);
#1788=CARTESIAN_POINT('',(7.E0,2.E0,-4.E-1));
#1789=LINE('',#1788,#1787);
#1790=DIRECTION('',(5.773502691896E-1,-5.773502691896E-1,5.773502691896E-1));
#1791=VECTOR('',#1790,6.928203230275E-1);
#1792=CARTESIAN_POINT('',(6.E0,2.E0,-4.E-1));
#1793=LINE('',#1792,#1791);
#1794=DIRECTION('',(0.E0,-7.071067811865E-1,7.071067811865E-1));
#1795=VECTOR('',#1794,5.656854249492E-1);
#1796=CARTESIAN_POINT('',(7.E0,2.E0,-4.E-1));
#1797=LINE('',#1796,#1795);
#1798=DIRECTION('',(5.773502691896E-1,5.773502691896E-1,5.773502691896E-1));
#1799=VECTOR('',#1798,6.928203230276E-1);
#1800=CARTESIAN_POINT('',(6.E0,-3.8E0,-4.E-1));
#1801=LINE('',#1800,#1799);
#1802=DIRECTION('',(0.E0,-7.071067811865E-1,-7.071067811865E-1));
#1803=VECTOR('',#1802,5.656854249492E-1);
#1804=CARTESIAN_POINT('',(7.E0,-3.4E0,0.E0));
#1805=LINE('',#1804,#1803);
#1806=DIRECTION('',(1.E0,0.E0,0.E0));
#1807=VECTOR('',#1806,1.E0);
#1808=CARTESIAN_POINT('',(6.E0,-3.8E0,-4.E-1));
#1809=LINE('',#1808,#1807);
#1810=DIRECTION('',(0.E0,0.E0,-1.E0));
#1811=VECTOR('',#1810,1.26E1);
#1812=CARTESIAN_POINT('',(7.E0,-3.8E0,-4.E-1));
#1813=LINE('',#1812,#1811);
#1814=DIRECTION('',(0.E0,1.E0,0.E0));
#1815=VECTOR('',#1814,1.85E0);
#1816=CARTESIAN_POINT('',(6.E0,-7.35E0,-1.3E1));
#1817=LINE('',#1816,#1815);
#1818=DIRECTION('',(1.E0,0.E0,0.E0));
#1819=VECTOR('',#1818,3.15E0);
#1820=CARTESIAN_POINT('',(2.85E0,-7.35E0,-1.3E1));
#1821=LINE('',#1820,#1819);
#1822=DIRECTION('',(0.E0,-1.E0,0.E0));
#1823=VECTOR('',#1822,3.E-1);
#1824=CARTESIAN_POINT('',(2.85E0,-7.05E0,-1.3E1));
#1825=LINE('',#1824,#1823);
#1826=DIRECTION('',(1.E0,0.E0,0.E0));
#1827=VECTOR('',#1826,7.E-1);
#1828=CARTESIAN_POINT('',(2.15E0,-7.05E0,-1.3E1));
#1829=LINE('',#1828,#1827);
#1830=DIRECTION('',(0.E0,1.E0,0.E0));
#1831=VECTOR('',#1830,3.E-1);
#1832=CARTESIAN_POINT('',(2.15E0,-7.35E0,-1.3E1));
#1833=LINE('',#1832,#1831);
#1834=DIRECTION('',(1.E0,0.E0,0.E0));
#1835=VECTOR('',#1834,4.3E0);
#1836=CARTESIAN_POINT('',(-2.15E0,-7.35E0,-1.3E1));
#1837=LINE('',#1836,#1835);
#1838=DIRECTION('',(0.E0,-1.E0,0.E0));
#1839=VECTOR('',#1838,3.E-1);
#1840=CARTESIAN_POINT('',(-2.15E0,-7.05E0,-1.3E1));
#1841=LINE('',#1840,#1839);
#1842=DIRECTION('',(1.E0,0.E0,0.E0));
#1843=VECTOR('',#1842,7.E-1);
#1844=CARTESIAN_POINT('',(-2.85E0,-7.05E0,-1.3E1));
#1845=LINE('',#1844,#1843);
#1846=DIRECTION('',(0.E0,1.E0,0.E0));
#1847=VECTOR('',#1846,3.E-1);
#1848=CARTESIAN_POINT('',(-2.85E0,-7.35E0,-1.3E1));
#1849=LINE('',#1848,#1847);
#1850=DIRECTION('',(1.E0,0.E0,0.E0));
#1851=VECTOR('',#1850,3.15E0);
#1852=CARTESIAN_POINT('',(-6.E0,-7.35E0,-1.3E1));
#1853=LINE('',#1852,#1851);
#1854=DIRECTION('',(0.E0,-1.E0,0.E0));
#1855=VECTOR('',#1854,1.85E0);
#1856=CARTESIAN_POINT('',(-6.E0,-5.5E0,-1.3E1));
#1857=LINE('',#1856,#1855);
#1858=DIRECTION('',(1.E0,0.E0,0.E0));
#1859=VECTOR('',#1858,1.E0);
#1860=CARTESIAN_POINT('',(-7.E0,-5.5E0,-1.3E1));
#1861=LINE('',#1860,#1859);
#1862=DIRECTION('',(0.E0,-1.E0,0.E0));
#1863=VECTOR('',#1862,1.7E0);
#1864=CARTESIAN_POINT('',(-7.E0,-3.8E0,-1.3E1));
#1865=LINE('',#1864,#1863);
#1866=DIRECTION('',(-1.E0,0.E0,0.E0));
#1867=VECTOR('',#1866,1.E0);
#1868=CARTESIAN_POINT('',(-6.E0,-3.8E0,-1.3E1));
#1869=LINE('',#1868,#1867);
#1870=DIRECTION('',(0.E0,-1.E0,0.E0));
#1871=VECTOR('',#1870,5.8E0);
#1872=CARTESIAN_POINT('',(-6.E0,2.E0,-1.3E1));
#1873=LINE('',#1872,#1871);
#1874=DIRECTION('',(1.E0,0.E0,0.E0));
#1875=VECTOR('',#1874,1.E0);
#1876=CARTESIAN_POINT('',(-7.E0,2.E0,-1.3E1));
#1877=LINE('',#1876,#1875);
#1878=DIRECTION('',(0.E0,-1.E0,0.E0));
#1879=VECTOR('',#1878,1.7E0);
#1880=CARTESIAN_POINT('',(-7.E0,3.7E0,-1.3E1));
#1881=LINE('',#1880,#1879);
#1882=DIRECTION('',(-1.E0,0.E0,0.E0));
#1883=VECTOR('',#1882,4.E-1);
#1884=CARTESIAN_POINT('',(-6.6E0,3.7E0,-1.3E1));
#1885=LINE('',#1884,#1883);
#1886=DIRECTION('',(0.E0,-1.E0,0.E0));
#1887=VECTOR('',#1886,3.65E0);
#1888=CARTESIAN_POINT('',(-6.6E0,7.35E0,-1.3E1));
#1889=LINE('',#1888,#1887);
#1890=DIRECTION('',(-1.E0,0.E0,0.E0));
#1891=VECTOR('',#1890,1.4E0);
#1892=CARTESIAN_POINT('',(-5.2E0,7.35E0,-1.3E1));
#1893=LINE('',#1892,#1891);
#1894=DIRECTION('',(0.E0,1.E0,0.E0));
#1895=VECTOR('',#1894,2.9E0);
#1896=CARTESIAN_POINT('',(-5.2E0,4.45E0,-1.3E1));
#1897=LINE('',#1896,#1895);
#1898=DIRECTION('',(-1.E0,0.E0,0.E0));
#1899=VECTOR('',#1898,2.2E0);
#1900=CARTESIAN_POINT('',(-3.E0,4.45E0,-1.3E1));
#1901=LINE('',#1900,#1899);
#1902=DIRECTION('',(0.E0,-1.E0,0.E0));
#1903=VECTOR('',#1902,3.3E0);
#1904=CARTESIAN_POINT('',(-3.E0,7.75E0,-1.3E1));
#1905=LINE('',#1904,#1903);
#1906=DIRECTION('',(-1.E0,0.E0,0.E0));
#1907=VECTOR('',#1906,6.E0);
#1908=CARTESIAN_POINT('',(3.E0,7.75E0,-1.3E1));
#1909=LINE('',#1908,#1907);
#1910=DIRECTION('',(0.E0,1.E0,0.E0));
#1911=VECTOR('',#1910,3.3E0);
#1912=CARTESIAN_POINT('',(3.E0,4.45E0,-1.3E1));
#1913=LINE('',#1912,#1911);
#1914=DIRECTION('',(-1.E0,0.E0,0.E0));
#1915=VECTOR('',#1914,2.2E0);
#1916=CARTESIAN_POINT('',(5.2E0,4.45E0,-1.3E1));
#1917=LINE('',#1916,#1915);
#1918=DIRECTION('',(0.E0,-1.E0,0.E0));
#1919=VECTOR('',#1918,2.9E0);
#1920=CARTESIAN_POINT('',(5.2E0,7.35E0,-1.3E1));
#1921=LINE('',#1920,#1919);
#1922=DIRECTION('',(-1.E0,0.E0,0.E0));
#1923=VECTOR('',#1922,1.4E0);
#1924=CARTESIAN_POINT('',(6.6E0,7.35E0,-1.3E1));
#1925=LINE('',#1924,#1923);
#1926=DIRECTION('',(0.E0,1.E0,0.E0));
#1927=VECTOR('',#1926,3.65E0);
#1928=CARTESIAN_POINT('',(6.6E0,3.7E0,-1.3E1));
#1929=LINE('',#1928,#1927);
#1930=DIRECTION('',(-1.E0,0.E0,0.E0));
#1931=VECTOR('',#1930,4.E-1);
#1932=CARTESIAN_POINT('',(7.E0,3.7E0,-1.3E1));
#1933=LINE('',#1932,#1931);
#1934=DIRECTION('',(0.E0,1.E0,0.E0));
#1935=VECTOR('',#1934,1.7E0);
#1936=CARTESIAN_POINT('',(7.E0,2.E0,-1.3E1));
#1937=LINE('',#1936,#1935);
#1938=DIRECTION('',(1.E0,0.E0,0.E0));
#1939=VECTOR('',#1938,1.E0);
#1940=CARTESIAN_POINT('',(6.E0,2.E0,-1.3E1));
#1941=LINE('',#1940,#1939);
#1942=DIRECTION('',(0.E0,1.E0,0.E0));
#1943=VECTOR('',#1942,5.8E0);
#1944=CARTESIAN_POINT('',(6.E0,-3.8E0,-1.3E1));
#1945=LINE('',#1944,#1943);
#1946=DIRECTION('',(-1.E0,0.E0,0.E0));
#1947=VECTOR('',#1946,1.E0);
#1948=CARTESIAN_POINT('',(7.E0,-3.8E0,-1.3E1));
#1949=LINE('',#1948,#1947);
#1950=DIRECTION('',(0.E0,1.E0,0.E0));
#1951=VECTOR('',#1950,1.7E0);
#1952=CARTESIAN_POINT('',(7.E0,-5.5E0,-1.3E1));
#1953=LINE('',#1952,#1951);
#1954=DIRECTION('',(1.E0,0.E0,0.E0));
#1955=VECTOR('',#1954,1.E0);
#1956=CARTESIAN_POINT('',(6.E0,-5.5E0,-1.3E1));
#1957=LINE('',#1956,#1955);
#1958=DIRECTION('',(-1.E0,0.E0,0.E0));
#1959=VECTOR('',#1958,1.E0);
#1960=CARTESIAN_POINT('',(4.25E0,1.999999999998E-2,-1.3E1));
#1961=LINE('',#1960,#1959);
#1962=DIRECTION('',(0.E0,-1.E0,0.E0));
#1963=VECTOR('',#1962,6.4E-1);
#1964=CARTESIAN_POINT('',(3.25E0,1.999999999998E-2,-1.3E1));
#1965=LINE('',#1964,#1963);
#1966=DIRECTION('',(1.E0,0.E0,0.E0));
#1967=VECTOR('',#1966,1.E0);
#1968=CARTESIAN_POINT('',(3.25E0,-6.2E-1,-1.3E1));
#1969=LINE('',#1968,#1967);
#1970=DIRECTION('',(0.E0,1.E0,0.E0));
#1971=VECTOR('',#1970,6.4E-1);
#1972=CARTESIAN_POINT('',(4.25E0,-6.2E-1,-1.3E1));
#1973=LINE('',#1972,#1971);
#1974=DIRECTION('',(0.E0,1.E0,0.E0));
#1975=VECTOR('',#1974,6.4E-1);
#1976=CARTESIAN_POINT('',(4.25E0,-5.82E0,-1.3E1));
#1977=LINE('',#1976,#1975);
#1978=DIRECTION('',(-1.E0,0.E0,0.E0));
#1979=VECTOR('',#1978,1.E0);
#1980=CARTESIAN_POINT('',(4.25E0,-5.18E0,-1.3E1));
#1981=LINE('',#1980,#1979);
#1982=DIRECTION('',(0.E0,-1.E0,0.E0));
#1983=VECTOR('',#1982,6.4E-1);
#1984=CARTESIAN_POINT('',(3.25E0,-5.18E0,-1.3E1));
#1985=LINE('',#1984,#1983);
#1986=DIRECTION('',(1.E0,0.E0,0.E0));
#1987=VECTOR('',#1986,1.E0);
#1988=CARTESIAN_POINT('',(3.25E0,-5.82E0,-1.3E1));
#1989=LINE('',#1988,#1987);
#1990=DIRECTION('',(-1.E0,0.E0,0.E0));
#1991=VECTOR('',#1990,1.E0);
#1992=CARTESIAN_POINT('',(1.75E0,1.999999999998E-2,-1.3E1));
#1993=LINE('',#1992,#1991);
#1994=DIRECTION('',(0.E0,-1.E0,0.E0));
#1995=VECTOR('',#1994,6.4E-1);
#1996=CARTESIAN_POINT('',(7.5E-1,1.999999999998E-2,-1.3E1));
#1997=LINE('',#1996,#1995);
#1998=DIRECTION('',(1.E0,0.E0,0.E0));
#1999=VECTOR('',#1998,1.E0);
#2000=CARTESIAN_POINT('',(7.5E-1,-6.2E-1,-1.3E1));
#2001=LINE('',#2000,#1999);
#2002=DIRECTION('',(0.E0,1.E0,0.E0));
#2003=VECTOR('',#2002,6.4E-1);
#2004=CARTESIAN_POINT('',(1.75E0,-6.2E-1,-1.3E1));
#2005=LINE('',#2004,#2003);
#2006=DIRECTION('',(0.E0,1.E0,0.E0));
#2007=VECTOR('',#2006,6.4E-1);
#2008=CARTESIAN_POINT('',(1.75E0,-5.82E0,-1.3E1));
#2009=LINE('',#2008,#2007);
#2010=DIRECTION('',(-1.E0,0.E0,0.E0));
#2011=VECTOR('',#2010,1.E0);
#2012=CARTESIAN_POINT('',(1.75E0,-5.18E0,-1.3E1));
#2013=LINE('',#2012,#2011);
#2014=DIRECTION('',(0.E0,-1.E0,0.E0));
#2015=VECTOR('',#2014,6.4E-1);
#2016=CARTESIAN_POINT('',(7.5E-1,-5.18E0,-1.3E1));
#2017=LINE('',#2016,#2015);
#2018=DIRECTION('',(1.E0,0.E0,0.E0));
#2019=VECTOR('',#2018,1.E0);
#2020=CARTESIAN_POINT('',(7.5E-1,-5.82E0,-1.3E1));
#2021=LINE('',#2020,#2019);
#2022=DIRECTION('',(-1.E0,0.E0,0.E0));
#2023=VECTOR('',#2022,1.E0);
#2024=CARTESIAN_POINT('',(-7.5E-1,1.999999999998E-2,-1.3E1));
#2025=LINE('',#2024,#2023);
#2026=DIRECTION('',(0.E0,-1.E0,0.E0));
#2027=VECTOR('',#2026,6.4E-1);
#2028=CARTESIAN_POINT('',(-1.75E0,1.999999999998E-2,-1.3E1));
#2029=LINE('',#2028,#2027);
#2030=DIRECTION('',(1.E0,0.E0,0.E0));
#2031=VECTOR('',#2030,1.E0);
#2032=CARTESIAN_POINT('',(-1.75E0,-6.2E-1,-1.3E1));
#2033=LINE('',#2032,#2031);
#2034=DIRECTION('',(0.E0,1.E0,0.E0));
#2035=VECTOR('',#2034,6.4E-1);
#2036=CARTESIAN_POINT('',(-7.5E-1,-6.2E-1,-1.3E1));
#2037=LINE('',#2036,#2035);
#2038=DIRECTION('',(0.E0,1.E0,0.E0));
#2039=VECTOR('',#2038,6.4E-1);
#2040=CARTESIAN_POINT('',(-7.5E-1,-5.82E0,-1.3E1));
#2041=LINE('',#2040,#2039);
#2042=DIRECTION('',(-1.E0,0.E0,0.E0));
#2043=VECTOR('',#2042,1.E0);
#2044=CARTESIAN_POINT('',(-7.5E-1,-5.18E0,-1.3E1));
#2045=LINE('',#2044,#2043);
#2046=DIRECTION('',(0.E0,-1.E0,0.E0));
#2047=VECTOR('',#2046,6.4E-1);
#2048=CARTESIAN_POINT('',(-1.75E0,-5.18E0,-1.3E1));
#2049=LINE('',#2048,#2047);
#2050=DIRECTION('',(1.E0,0.E0,0.E0));
#2051=VECTOR('',#2050,1.E0);
#2052=CARTESIAN_POINT('',(-1.75E0,-5.82E0,-1.3E1));
#2053=LINE('',#2052,#2051);
#2054=DIRECTION('',(-1.E0,0.E0,0.E0));
#2055=VECTOR('',#2054,1.E0);
#2056=CARTESIAN_POINT('',(-3.25E0,1.999999999998E-2,-1.3E1));
#2057=LINE('',#2056,#2055);
#2058=DIRECTION('',(0.E0,-1.E0,0.E0));
#2059=VECTOR('',#2058,6.4E-1);
#2060=CARTESIAN_POINT('',(-4.25E0,1.999999999998E-2,-1.3E1));
#2061=LINE('',#2060,#2059);
#2062=DIRECTION('',(1.E0,0.E0,0.E0));
#2063=VECTOR('',#2062,1.E0);
#2064=CARTESIAN_POINT('',(-4.25E0,-6.2E-1,-1.3E1));
#2065=LINE('',#2064,#2063);
#2066=DIRECTION('',(0.E0,1.E0,0.E0));
#2067=VECTOR('',#2066,6.4E-1);
#2068=CARTESIAN_POINT('',(-3.25E0,-6.2E-1,-1.3E1));
#2069=LINE('',#2068,#2067);
#2070=DIRECTION('',(0.E0,1.E0,0.E0));
#2071=VECTOR('',#2070,6.4E-1);
#2072=CARTESIAN_POINT('',(-3.25E0,-5.82E0,-1.3E1));
#2073=LINE('',#2072,#2071);
#2074=DIRECTION('',(-1.E0,0.E0,0.E0));
#2075=VECTOR('',#2074,1.E0);
#2076=CARTESIAN_POINT('',(-3.25E0,-5.18E0,-1.3E1));
#2077=LINE('',#2076,#2075);
#2078=DIRECTION('',(0.E0,-1.E0,0.E0));
#2079=VECTOR('',#2078,6.4E-1);
#2080=CARTESIAN_POINT('',(-4.25E0,-5.18E0,-1.3E1));
#2081=LINE('',#2080,#2079);
#2082=DIRECTION('',(1.E0,0.E0,0.E0));
#2083=VECTOR('',#2082,1.E0);
#2084=CARTESIAN_POINT('',(-4.25E0,-5.82E0,-1.3E1));
#2085=LINE('',#2084,#2083);
#2086=DIRECTION('',(0.E0,0.E0,-1.E0));
#2087=VECTOR('',#2086,1.26E1);
#2088=CARTESIAN_POINT('',(-6.E0,-7.35E0,-4.E-1));
#2089=LINE('',#2088,#2087);
#2090=DIRECTION('',(-1.E0,0.E0,0.E0));
#2091=VECTOR('',#2090,3.15E0);
#2092=CARTESIAN_POINT('',(-2.85E0,-7.35E0,-4.E-1));
#2093=LINE('',#2092,#2091);
#2094=DIRECTION('',(0.E0,1.E0,0.E0));
#2095=VECTOR('',#2094,1.85E0);
#2096=CARTESIAN_POINT('',(-6.E0,-7.35E0,-4.E-1));
#2097=LINE('',#2096,#2095);
#2098=DIRECTION('',(0.E0,0.E0,-1.E0));
#2099=VECTOR('',#2098,1.26E1);
#2100=CARTESIAN_POINT('',(-6.E0,-5.5E0,-4.E-1));
#2101=LINE('',#2100,#2099);
#2102=DIRECTION('',(-1.E0,0.E0,0.E0));
#2103=VECTOR('',#2102,1.E0);
#2104=CARTESIAN_POINT('',(-6.E0,-5.5E0,-4.E-1));
#2105=LINE('',#2104,#2103);
#2106=DIRECTION('',(0.E0,0.E0,-1.E0));
#2107=VECTOR('',#2106,1.26E1);
#2108=CARTESIAN_POINT('',(-7.E0,-5.5E0,-4.E-1));
#2109=LINE('',#2108,#2107);
#2110=DIRECTION('',(1.E0,0.E0,0.E0));
#2111=VECTOR('',#2110,1.E0);
#2112=CARTESIAN_POINT('',(-7.E0,-3.8E0,-4.E-1));
#2113=LINE('',#2112,#2111);
#2114=DIRECTION('',(0.E0,0.E0,-1.E0));
#2115=VECTOR('',#2114,1.26E1);
#2116=CARTESIAN_POINT('',(-6.E0,-3.8E0,-4.E-1));
#2117=LINE('',#2116,#2115);
#2118=DIRECTION('',(-5.773502691896E-1,5.773502691896E-1,5.773502691896E-1));
#2119=VECTOR('',#2118,6.928203230276E-1);
#2120=CARTESIAN_POINT('',(-6.E0,-3.8E0,-4.E-1));
#2121=LINE('',#2120,#2119);
#2122=DIRECTION('',(0.E0,7.071067811865E-1,7.071067811865E-1));
#2123=VECTOR('',#2122,5.656854249492E-1);
#2124=CARTESIAN_POINT('',(-7.E0,-3.8E0,-4.E-1));
#2125=LINE('',#2124,#2123);
#2126=DIRECTION('',(-5.773502691896E-1,-5.773502691896E-1,5.773502691896E-1));
#2127=VECTOR('',#2126,6.928203230275E-1);
#2128=CARTESIAN_POINT('',(-6.E0,2.E0,-4.E-1));
#2129=LINE('',#2128,#2127);
#2130=DIRECTION('',(0.E0,7.071067811865E-1,-7.071067811865E-1));
#2131=VECTOR('',#2130,5.656854249492E-1);
#2132=CARTESIAN_POINT('',(-7.E0,1.6E0,0.E0));
#2133=LINE('',#2132,#2131);
#2134=DIRECTION('',(0.E0,-1.E0,0.E0));
#2135=VECTOR('',#2134,2.5E0);
#2136=CARTESIAN_POINT('',(-7.E0,4.1E0,0.E0));
#2137=LINE('',#2136,#2135);
#2138=DIRECTION('',(0.E0,0.E0,-1.E0));
#2139=VECTOR('',#2138,1.26E1);
#2140=CARTESIAN_POINT('',(-7.E0,3.7E0,-4.E-1));
#2141=LINE('',#2140,#2139);
#2142=DIRECTION('',(-5.773502691896E-1,5.773502691896E-1,5.773502691896E-1));
#2143=VECTOR('',#2142,6.928203230275E-1);
#2144=CARTESIAN_POINT('',(-6.6E0,3.7E0,-4.E-1));
#2145=LINE('',#2144,#2143);
#2146=DIRECTION('',(0.E0,7.071067811865E-1,7.071067811865E-1));
#2147=VECTOR('',#2146,5.656854249492E-1);
#2148=CARTESIAN_POINT('',(-7.E0,3.7E0,-4.E-1));
#2149=LINE('',#2148,#2147);
#2150=DIRECTION('',(0.E0,0.E0,-1.E0));
#2151=VECTOR('',#2150,1.26E1);
#2152=CARTESIAN_POINT('',(-6.6E0,3.7E0,-4.E-1));
#2153=LINE('',#2152,#2151);
#2154=DIRECTION('',(1.E0,0.E0,0.E0));
#2155=VECTOR('',#2154,4.E-1);
#2156=CARTESIAN_POINT('',(-7.E0,3.7E0,-4.E-1));
#2157=LINE('',#2156,#2155);
#2158=DIRECTION('',(0.E0,1.E0,0.E0));
#2159=VECTOR('',#2158,3.65E0);
#2160=CARTESIAN_POINT('',(-6.6E0,3.7E0,-4.E-1));
#2161=LINE('',#2160,#2159);
#2162=DIRECTION('',(0.E0,0.E0,-1.E0));
#2163=VECTOR('',#2162,1.26E1);
#2164=CARTESIAN_POINT('',(-6.6E0,7.35E0,-4.E-1));
#2165=LINE('',#2164,#2163);
#2166=DIRECTION('',(1.E0,0.E0,0.E0));
#2167=VECTOR('',#2166,1.4E0);
#2168=CARTESIAN_POINT('',(-6.6E0,7.35E0,-4.E-1));
#2169=LINE('',#2168,#2167);
#2170=DIRECTION('',(0.E0,0.E0,-1.E0));
#2171=VECTOR('',#2170,1.26E1);
#2172=CARTESIAN_POINT('',(-5.2E0,7.35E0,-4.E-1));
#2173=LINE('',#2172,#2171);
#2174=DIRECTION('',(0.E0,-1.E0,0.E0));
#2175=VECTOR('',#2174,2.2E0);
#2176=CARTESIAN_POINT('',(-5.2E0,7.35E0,-4.E-1));
#2177=LINE('',#2176,#2175);
#2178=DIRECTION('',(0.E0,0.E0,-1.E0));
#2179=VECTOR('',#2178,1.887564434702E0);
#2180=CARTESIAN_POINT('',(-5.2E0,5.15E0,-4.E-1));
#2181=LINE('',#2180,#2179);
#2182=DIRECTION('',(0.E0,-5.E-1,-8.660254037844E-1));
#2183=VECTOR('',#2182,1.4E0);
#2184=CARTESIAN_POINT('',(-5.2E0,5.15E0,-2.287564434702E0));
#2185=LINE('',#2184,#2183);
#2186=DIRECTION('',(0.E0,0.E0,-1.E0));
#2187=VECTOR('',#2186,9.5E0);
#2188=CARTESIAN_POINT('',(-5.2E0,4.45E0,-3.5E0));
#2189=LINE('',#2188,#2187);
#2190=DIRECTION('',(-1.E0,0.E0,0.E0));
#2191=VECTOR('',#2190,2.2E0);
#2192=CARTESIAN_POINT('',(-3.E0,4.45E0,-3.5E0));
#2193=LINE('',#2192,#2191);
#2194=DIRECTION('',(0.E0,0.E0,-1.E0));
#2195=VECTOR('',#2194,9.5E0);
#2196=CARTESIAN_POINT('',(-3.E0,4.45E0,-3.5E0));
#2197=LINE('',#2196,#2195);
#2198=DIRECTION('',(-1.E0,0.E0,0.E0));
#2199=VECTOR('',#2198,1.E0);
#2200=CARTESIAN_POINT('',(-6.E0,2.E0,-4.E-1));
#2201=LINE('',#2200,#2199);
#2202=DIRECTION('',(0.E0,0.E0,-1.E0));
#2203=VECTOR('',#2202,1.26E1);
#2204=CARTESIAN_POINT('',(-7.E0,2.E0,-4.E-1));
#2205=LINE('',#2204,#2203);
#2206=DIRECTION('',(0.E0,1.E0,0.E0));
#2207=VECTOR('',#2206,5.8E0);
#2208=CARTESIAN_POINT('',(-6.E0,-3.8E0,-4.E-1));
#2209=LINE('',#2208,#2207);
#2210=DIRECTION('',(0.E0,0.E0,-1.E0));
#2211=VECTOR('',#2210,1.26E1);
#2212=CARTESIAN_POINT('',(-6.E0,2.E0,-4.E-1));
#2213=LINE('',#2212,#2211);
#2214=DIRECTION('',(1.E0,0.E0,0.E0));
#2215=VECTOR('',#2214,1.3E0);
#2216=CARTESIAN_POINT('',(-3.E0,7.75E0,-3.5E0));
#2217=LINE('',#2216,#2215);
#2218=DIRECTION('',(0.E0,0.E0,-1.E0));
#2219=VECTOR('',#2218,5.E-1);
#2220=CARTESIAN_POINT('',(-1.7E0,7.75E0,-3.5E0));
#2221=LINE('',#2220,#2219);
#2222=DIRECTION('',(1.E0,0.E0,0.E0));
#2223=VECTOR('',#2222,3.4E0);
#2224=CARTESIAN_POINT('',(-1.7E0,7.75E0,-4.E0));
#2225=LINE('',#2224,#2223);
#2226=DIRECTION('',(0.E0,0.E0,-1.E0));
#2227=VECTOR('',#2226,5.E-1);
#2228=CARTESIAN_POINT('',(1.7E0,7.75E0,-3.5E0));
#2229=LINE('',#2228,#2227);
#2230=DIRECTION('',(1.E0,0.E0,0.E0));
#2231=VECTOR('',#2230,1.3E0);
#2232=CARTESIAN_POINT('',(1.7E0,7.75E0,-3.5E0));
#2233=LINE('',#2232,#2231);
#2234=DIRECTION('',(0.E0,0.E0,-1.E0));
#2235=VECTOR('',#2234,9.5E0);
#2236=CARTESIAN_POINT('',(3.E0,7.75E0,-3.5E0));
#2237=LINE('',#2236,#2235);
#2238=DIRECTION('',(0.E0,-9.961946980918E-1,-8.715574274721E-2));
#2239=VECTOR('',#2238,7.768092709770E-1);
#2240=CARTESIAN_POINT('',(-1.7E0,7.75E0,-3.5E0));
#2241=LINE('',#2240,#2239);
#2242=DIRECTION('',(0.E0,-9.961946980918E-1,-8.715574274721E-2));
#2243=VECTOR('',#2242,7.768092709770E-1);
#2244=CARTESIAN_POINT('',(1.7E0,7.75E0,-3.5E0));
#2245=LINE('',#2244,#2243);
#2246=DIRECTION('',(0.E0,0.E0,-1.E0));
#2247=VECTOR('',#2246,2.7E0);
#2248=CARTESIAN_POINT('',(-1.7E0,8.05E0,-1.3E0));
#2249=LINE('',#2248,#2247);
#2250=DIRECTION('',(0.E0,0.E0,-1.E0));
#2251=VECTOR('',#2250,2.7E0);
#2252=CARTESIAN_POINT('',(1.7E0,8.05E0,-1.3E0));
#2253=LINE('',#2252,#2251);
#2254=DIRECTION('',(0.E0,9.961946980918E-1,8.715574274754E-2));
#2255=VECTOR('',#2254,1.130448420355E0);
#2256=CARTESIAN_POINT('',(-1.7E0,6.923853277176E0,-1.398525071714E0));
#2257=LINE('',#2256,#2255);
#2258=DIRECTION('',(-1.E0,-1.571392588700E-14,0.E0));
#2259=VECTOR('',#2258,1.3E0);
#2260=CARTESIAN_POINT('',(-1.7E0,6.923853277176E0,-1.398525071714E0));
#2261=LINE('',#2260,#2259);
#2262=DIRECTION('',(0.E0,9.961946980918E-1,8.715574274754E-2));
#2263=VECTOR('',#2262,1.130448420355E0);
#2264=CARTESIAN_POINT('',(1.7E0,6.923853277176E0,-1.398525071714E0));
#2265=LINE('',#2264,#2263);
#2266=DIRECTION('',(-1.E0,-7.378713025201E-14,0.E0));
#2267=VECTOR('',#2266,1.3E0);
#2268=CARTESIAN_POINT('',(3.E0,6.923853277176E0,-1.398525071714E0));
#2269=LINE('',#2268,#2267);
#2270=CARTESIAN_POINT('',(-1.7E0,6.95E0,-1.697383481141E0));
#2271=DIRECTION('',(-1.E0,0.E0,0.E0));
#2272=DIRECTION('',(0.E0,-1.E0,1.088018564133E-13));
#2273=AXIS2_PLACEMENT_3D('',#2270,#2271,#2272);
#2275=DIRECTION('',(-1.E0,0.E0,0.E0));
#2276=VECTOR('',#2275,1.3E0);
#2277=CARTESIAN_POINT('',(-1.7E0,6.65E0,-1.697383481141E0));
#2278=LINE('',#2277,#2276);
#2279=CARTESIAN_POINT('',(1.7E0,6.95E0,-1.697383481141E0));
#2280=DIRECTION('',(-1.E0,0.E0,0.E0));
#2281=DIRECTION('',(0.E0,-1.E0,1.132427485118E-13));
#2282=AXIS2_PLACEMENT_3D('',#2279,#2280,#2281);
#2284=DIRECTION('',(-1.E0,0.E0,0.E0));
#2285=VECTOR('',#2284,1.3E0);
#2286=CARTESIAN_POINT('',(3.E0,6.65E0,-1.697383481141E0));
#2287=LINE('',#2286,#2285);
#2288=DIRECTION('',(0.E0,0.E0,1.E0));
#2289=VECTOR('',#2288,1.571461498416E0);
#2290=CARTESIAN_POINT('',(-1.7E0,6.65E0,-3.268844979557E0));
#2291=LINE('',#2290,#2289);
#2292=DIRECTION('',(-1.E0,0.E0,0.E0));
#2293=VECTOR('',#2292,1.3E0);
#2294=CARTESIAN_POINT('',(-1.7E0,6.65E0,-3.268844979557E0));
#2295=LINE('',#2294,#2293);
#2296=DIRECTION('',(0.E0,0.E0,1.E0));
#2297=VECTOR('',#2296,1.571461498416E0);
#2298=CARTESIAN_POINT('',(1.7E0,6.65E0,-3.268844979557E0));
#2299=LINE('',#2298,#2297);
#2300=DIRECTION('',(-1.E0,0.E0,0.E0));
#2301=VECTOR('',#2300,1.3E0);
#2302=CARTESIAN_POINT('',(3.E0,6.65E0,-3.268844979557E0));
#2303=LINE('',#2302,#2301);
#2304=CARTESIAN_POINT('',(-1.7E0,6.95E0,-3.268844979557E0));
#2305=DIRECTION('',(-1.E0,0.E0,0.E0));
#2306=DIRECTION('',(0.E0,8.715574274721E-2,-9.961946980918E-1));
#2307=AXIS2_PLACEMENT_3D('',#2304,#2305,#2306);
#2309=DIRECTION('',(-1.E0,0.E0,0.E0));
#2310=VECTOR('',#2309,1.3E0);
#2311=CARTESIAN_POINT('',(-1.7E0,6.976146722824E0,-3.567703388985E0));
#2312=LINE('',#2311,#2310);
#2313=CARTESIAN_POINT('',(-3.E0,6.95E0,-3.268844979557E0));
#2314=DIRECTION('',(-1.E0,0.E0,0.E0));
#2315=DIRECTION('',(0.E0,8.715574274722E-2,-9.961946980918E-1));
#2316=AXIS2_PLACEMENT_3D('',#2313,#2314,#2315);
#2318=CARTESIAN_POINT('',(1.7E0,6.95E0,-3.268844979557E0));
#2319=DIRECTION('',(-1.E0,0.E0,0.E0));
#2320=DIRECTION('',(0.E0,8.715574274721E-2,-9.961946980918E-1));
#2321=AXIS2_PLACEMENT_3D('',#2318,#2319,#2320);
#2323=CARTESIAN_POINT('',(3.E0,6.95E0,-3.268844979557E0));
#2324=DIRECTION('',(1.E0,0.E0,0.E0));
#2325=DIRECTION('',(0.E0,-1.E0,0.E0));
#2326=AXIS2_PLACEMENT_3D('',#2323,#2324,#2325);
#2328=DIRECTION('',(-1.E0,0.E0,0.E0));
#2329=VECTOR('',#2328,1.3E0);
#2330=CARTESIAN_POINT('',(3.E0,6.976146722824E0,-3.567703388985E0));
#2331=LINE('',#2330,#2329);
#2332=CARTESIAN_POINT('',(3.E0,7.85E0,-5.E-1));
#2333=DIRECTION('',(-1.E0,0.E0,0.E0));
#2334=DIRECTION('',(0.E0,9.797958971133E-1,2.E-1));
#2335=AXIS2_PLACEMENT_3D('',#2332,#2333,#2334);
#2337=DIRECTION('',(0.E0,1.E0,0.E0));
#2338=VECTOR('',#2337,3.189897948557E0);
#2339=CARTESIAN_POINT('',(3.E0,5.15E0,-4.E-1));
#2340=LINE('',#2339,#2338);
#2341=DIRECTION('',(0.E0,0.E0,-1.E0));
#2342=VECTOR('',#2341,1.887564434702E0);
#2343=CARTESIAN_POINT('',(3.E0,5.15E0,-4.E-1));
#2344=LINE('',#2343,#2342);
#2345=DIRECTION('',(0.E0,-5.E-1,-8.660254037844E-1));
#2346=VECTOR('',#2345,1.4E0);
#2347=CARTESIAN_POINT('',(3.E0,5.15E0,-2.287564434702E0));
#2348=LINE('',#2347,#2346);
#2349=DIRECTION('',(0.E0,0.E0,-1.E0));
#2350=VECTOR('',#2349,9.5E0);
#2351=CARTESIAN_POINT('',(3.E0,4.45E0,-3.5E0));
#2352=LINE('',#2351,#2350);
#2353=DIRECTION('',(0.E0,-9.961946980918E-1,-8.715574274721E-2));
#2354=VECTOR('',#2353,7.768092709770E-1);
#2355=CARTESIAN_POINT('',(3.E0,7.75E0,-3.5E0));
#2356=LINE('',#2355,#2354);
#2357=DIRECTION('',(0.E0,0.E0,1.E0));
#2358=VECTOR('',#2357,1.571461498416E0);
#2359=CARTESIAN_POINT('',(3.E0,6.65E0,-3.268844979557E0));
#2360=LINE('',#2359,#2358);
#2361=CARTESIAN_POINT('',(3.E0,6.95E0,-1.697383481141E0));
#2362=DIRECTION('',(-1.E0,0.E0,0.E0));
#2363=DIRECTION('',(0.E0,-1.E0,0.E0));
#2364=AXIS2_PLACEMENT_3D('',#2361,#2362,#2363);
#2366=DIRECTION('',(0.E0,-9.961946980918E-1,-8.715574274754E-2));
#2367=VECTOR('',#2366,1.130448420355E0);
#2368=CARTESIAN_POINT('',(3.E0,8.05E0,-1.3E0));
#2369=LINE('',#2368,#2367);
#2370=CARTESIAN_POINT('',(7.E0,7.85E0,0.E0));
#2371=CARTESIAN_POINT('',(7.010347546262E0,7.860347546262E0,0.E0));
#2372=CARTESIAN_POINT('',(7.030817381711E0,7.880817381711E0,
-6.421562376140E-4));
#2373=CARTESIAN_POINT('',(7.050799401524E0,7.900799401524E0,
-2.488082417391E-3));
#2374=CARTESIAN_POINT('',(7.060660171780E0,7.910660171780E0,
-3.693296882218E-3));
#2376=CARTESIAN_POINT('',(3.4E0,7.85E0,0.E0));
#2377=CARTESIAN_POINT('',(3.4E0,7.931649658093E0,0.E0));
#2378=CARTESIAN_POINT('',(3.366481628680E0,8.053897520907E0,
-3.351837132003E-2));
#2379=CARTESIAN_POINT('',(3.247591856600E0,8.234886514662E0,
-1.524081433998E-1));
#2380=CARTESIAN_POINT('',(3.114285714286E0,8.316569474816E0,
-2.857142857143E-1));
#2381=CARTESIAN_POINT('',(3.E0,8.339897948557E0,-4.E-1));
#2383=DIRECTION('',(5.773502691896E-1,5.773502691896E-1,5.773502691896E-1));
#2384=VECTOR('',#2383,6.928203230276E-1);
#2385=CARTESIAN_POINT('',(3.E0,5.15E0,-4.E-1));
#2386=LINE('',#2385,#2384);
#2387=DIRECTION('',(-5.773502691896E-1,5.773502691896E-1,5.773502691896E-1));
#2388=VECTOR('',#2387,6.928203230276E-1);
#2389=CARTESIAN_POINT('',(5.2E0,5.15E0,-4.E-1));
#2390=LINE('',#2389,#2388);
#2391=DIRECTION('',(-1.E0,0.E0,0.E0));
#2392=VECTOR('',#2391,2.2E0);
#2393=CARTESIAN_POINT('',(5.2E0,4.45E0,-3.5E0));
#2394=LINE('',#2393,#2392);
#2395=DIRECTION('',(0.E0,0.E0,-1.E0));
#2396=VECTOR('',#2395,9.5E0);
#2397=CARTESIAN_POINT('',(5.2E0,4.45E0,-3.5E0));
#2398=LINE('',#2397,#2396);
#2399=DIRECTION('',(-1.E0,0.E0,0.E0));
#2400=VECTOR('',#2399,3.4E0);
#2401=CARTESIAN_POINT('',(1.7E0,8.05E0,-1.3E0));
#2402=LINE('',#2401,#2400);
#2403=DIRECTION('',(1.E0,0.E0,0.E0));
#2404=VECTOR('',#2403,1.3E0);
#2405=CARTESIAN_POINT('',(-3.E0,8.05E0,-1.3E0));
#2406=LINE('',#2405,#2404);
#2407=DIRECTION('',(1.805962786724E-13,-1.E0,0.E0));
#2408=VECTOR('',#2407,3.E-1);
#2409=CARTESIAN_POINT('',(-3.E0,8.35E0,-1.3E0));
#2410=LINE('',#2409,#2408);
#2411=DIRECTION('',(0.E0,1.E0,0.E0));
#2412=VECTOR('',#2411,3.E-1);
#2413=CARTESIAN_POINT('',(3.E0,8.05E0,-1.3E0));
#2414=LINE('',#2413,#2412);
#2415=DIRECTION('',(1.E0,0.E0,0.E0));
#2416=VECTOR('',#2415,1.3E0);
#2417=CARTESIAN_POINT('',(1.7E0,8.05E0,-1.3E0));
#2418=LINE('',#2417,#2416);
#2419=DIRECTION('',(0.E0,-1.E0,0.E0));
#2420=VECTOR('',#2419,3.E-1);
#2421=CARTESIAN_POINT('',(-1.7E0,8.05E0,-4.E0));
#2422=LINE('',#2421,#2420);
#2423=DIRECTION('',(-1.E0,0.E0,0.E0));
#2424=VECTOR('',#2423,3.4E0);
#2425=CARTESIAN_POINT('',(1.7E0,8.05E0,-4.E0));
#2426=LINE('',#2425,#2424);
#2427=DIRECTION('',(0.E0,1.E0,0.E0));
#2428=VECTOR('',#2427,3.E-1);
#2429=CARTESIAN_POINT('',(1.7E0,7.75E0,-4.E0));
#2430=LINE('',#2429,#2428);
#2431=DIRECTION('',(1.E0,0.E0,0.E0));
#2432=VECTOR('',#2431,1.4E0);
#2433=CARTESIAN_POINT('',(5.2E0,7.35E0,-4.E-1));
#2434=LINE('',#2433,#2432);
#2435=DIRECTION('',(0.E0,0.E0,-1.E0));
#2436=VECTOR('',#2435,1.26E1);
#2437=CARTESIAN_POINT('',(6.6E0,7.35E0,-4.E-1));
#2438=LINE('',#2437,#2436);
#2439=DIRECTION('',(0.E0,-1.E0,0.E0));
#2440=VECTOR('',#2439,3.65E0);
#2441=CARTESIAN_POINT('',(6.6E0,7.35E0,-4.E-1));
#2442=LINE('',#2441,#2440);
#2443=DIRECTION('',(0.E0,0.E0,-1.E0));
#2444=VECTOR('',#2443,1.26E1);
#2445=CARTESIAN_POINT('',(6.6E0,3.7E0,-4.E-1));
#2446=LINE('',#2445,#2444);
#2447=DIRECTION('',(1.E0,0.E0,0.E0));
#2448=VECTOR('',#2447,4.E-1);
#2449=CARTESIAN_POINT('',(6.6E0,3.7E0,-4.E-1));
#2450=LINE('',#2449,#2448);
#2451=DIRECTION('',(0.E0,0.E0,-1.E0));
#2452=VECTOR('',#2451,1.26E1);
#2453=CARTESIAN_POINT('',(7.E0,3.7E0,-4.E-1));
#2454=LINE('',#2453,#2452);
#2455=DIRECTION('',(-1.E0,0.E0,0.E0));
#2456=VECTOR('',#2455,1.E0);
#2457=CARTESIAN_POINT('',(7.E0,2.E0,-4.E-1));
#2458=LINE('',#2457,#2456);
#2459=DIRECTION('',(0.E0,0.E0,-1.E0));
#2460=VECTOR('',#2459,1.26E1);
#2461=CARTESIAN_POINT('',(6.E0,2.E0,-4.E-1));
#2462=LINE('',#2461,#2460);
#2463=DIRECTION('',(0.E0,-1.E0,0.E0));
#2464=VECTOR('',#2463,5.8E0);
#2465=CARTESIAN_POINT('',(6.E0,2.E0,-4.E-1));
#2466=LINE('',#2465,#2464);
#2467=DIRECTION('',(0.E0,0.E0,-1.E0));
#2468=VECTOR('',#2467,1.26E1);
#2469=CARTESIAN_POINT('',(6.E0,-3.8E0,-4.E-1));
#2470=LINE('',#2469,#2468);
#2471=DIRECTION('',(-1.E0,0.E0,0.E0));
#2472=VECTOR('',#2471,1.E0);
#2473=CARTESIAN_POINT('',(7.E0,-5.5E0,-4.E-1));
#2474=LINE('',#2473,#2472);
#2475=DIRECTION('',(0.E0,0.E0,-1.E0));
#2476=VECTOR('',#2475,1.26E1);
#2477=CARTESIAN_POINT('',(6.E0,-5.5E0,-4.E-1));
#2478=LINE('',#2477,#2476);
#2479=DIRECTION('',(0.E0,0.E0,1.E0));
#2480=VECTOR('',#2479,7.E0);
#2481=CARTESIAN_POINT('',(4.25E0,1.999999999998E-2,-1.3E1));
#2482=LINE('',#2481,#2480);
#2483=DIRECTION('',(0.E0,0.E0,1.E0));
#2484=VECTOR('',#2483,7.E0);
#2485=CARTESIAN_POINT('',(4.25E0,-6.2E-1,-1.3E1));
#2486=LINE('',#2485,#2484);
#2487=DIRECTION('',(0.E0,0.E0,1.E0));
#2488=VECTOR('',#2487,7.E0);
#2489=CARTESIAN_POINT('',(3.25E0,-6.2E-1,-1.3E1));
#2490=LINE('',#2489,#2488);
#2491=DIRECTION('',(0.E0,0.E0,1.E0));
#2492=VECTOR('',#2491,7.E0);
#2493=CARTESIAN_POINT('',(3.25E0,1.999999999998E-2,-1.3E1));
#2494=LINE('',#2493,#2492);
#2495=DIRECTION('',(-1.E0,0.E0,0.E0));
#2496=VECTOR('',#2495,1.E0);
#2497=CARTESIAN_POINT('',(4.25E0,1.999999999998E-2,-6.E0));
#2498=LINE('',#2497,#2496);
#2499=DIRECTION('',(0.E0,1.E0,0.E0));
#2500=VECTOR('',#2499,6.4E-1);
#2501=CARTESIAN_POINT('',(4.25E0,-6.2E-1,-6.E0));
#2502=LINE('',#2501,#2500);
#2503=DIRECTION('',(1.E0,0.E0,0.E0));
#2504=VECTOR('',#2503,1.E0);
#2505=CARTESIAN_POINT('',(3.25E0,-6.2E-1,-6.E0));
#2506=LINE('',#2505,#2504);
#2507=DIRECTION('',(0.E0,-1.E0,0.E0));
#2508=VECTOR('',#2507,6.4E-1);
#2509=CARTESIAN_POINT('',(3.25E0,1.999999999998E-2,-6.E0));
#2510=LINE('',#2509,#2508);
#2511=DIRECTION('',(0.E0,-1.E0,0.E0));
#2512=VECTOR('',#2511,6.4E-1);
#2513=CARTESIAN_POINT('',(4.25E0,-5.18E0,-6.E0));
#2514=LINE('',#2513,#2512);
#2515=DIRECTION('',(-1.E0,0.E0,0.E0));
#2516=VECTOR('',#2515,1.E0);
#2517=CARTESIAN_POINT('',(4.25E0,-5.82E0,-6.E0));
#2518=LINE('',#2517,#2516);
#2519=DIRECTION('',(0.E0,1.E0,0.E0));
#2520=VECTOR('',#2519,6.4E-1);
#2521=CARTESIAN_POINT('',(3.25E0,-5.82E0,-6.E0));
#2522=LINE('',#2521,#2520);
#2523=DIRECTION('',(1.E0,0.E0,0.E0));
#2524=VECTOR('',#2523,1.E0);
#2525=CARTESIAN_POINT('',(3.25E0,-5.18E0,-6.E0));
#2526=LINE('',#2525,#2524);
#2527=DIRECTION('',(0.E0,0.E0,-1.E0));
#2528=VECTOR('',#2527,7.E0);
#2529=CARTESIAN_POINT('',(4.25E0,-5.82E0,-6.E0));
#2530=LINE('',#2529,#2528);
#2531=DIRECTION('',(0.E0,0.E0,-1.E0));
#2532=VECTOR('',#2531,7.E0);
#2533=CARTESIAN_POINT('',(3.25E0,-5.82E0,-6.E0));
#2534=LINE('',#2533,#2532);
#2535=DIRECTION('',(0.E0,0.E0,-1.E0));
#2536=VECTOR('',#2535,7.E0);
#2537=CARTESIAN_POINT('',(3.25E0,-5.18E0,-6.E0));
#2538=LINE('',#2537,#2536);
#2539=DIRECTION('',(0.E0,0.E0,-1.E0));
#2540=VECTOR('',#2539,7.E0);
#2541=CARTESIAN_POINT('',(4.25E0,-5.18E0,-6.E0));
#2542=LINE('',#2541,#2540);
#2543=DIRECTION('',(0.E0,0.E0,1.E0));
#2544=VECTOR('',#2543,7.E0);
#2545=CARTESIAN_POINT('',(1.75E0,1.999999999998E-2,-1.3E1));
#2546=LINE('',#2545,#2544);
#2547=DIRECTION('',(0.E0,0.E0,1.E0));
#2548=VECTOR('',#2547,7.E0);
#2549=CARTESIAN_POINT('',(1.75E0,-6.2E-1,-1.3E1));
#2550=LINE('',#2549,#2548);
#2551=DIRECTION('',(0.E0,0.E0,1.E0));
#2552=VECTOR('',#2551,7.E0);
#2553=CARTESIAN_POINT('',(7.5E-1,-6.2E-1,-1.3E1));
#2554=LINE('',#2553,#2552);
#2555=DIRECTION('',(0.E0,0.E0,1.E0));
#2556=VECTOR('',#2555,7.E0);
#2557=CARTESIAN_POINT('',(7.5E-1,1.999999999998E-2,-1.3E1));
#2558=LINE('',#2557,#2556);
#2559=DIRECTION('',(-1.E0,0.E0,0.E0));
#2560=VECTOR('',#2559,1.E0);
#2561=CARTESIAN_POINT('',(1.75E0,1.999999999998E-2,-6.E0));
#2562=LINE('',#2561,#2560);
#2563=DIRECTION('',(0.E0,1.E0,0.E0));
#2564=VECTOR('',#2563,6.4E-1);
#2565=CARTESIAN_POINT('',(1.75E0,-6.2E-1,-6.E0));
#2566=LINE('',#2565,#2564);
#2567=DIRECTION('',(1.E0,0.E0,0.E0));
#2568=VECTOR('',#2567,1.E0);
#2569=CARTESIAN_POINT('',(7.5E-1,-6.2E-1,-6.E0));
#2570=LINE('',#2569,#2568);
#2571=DIRECTION('',(0.E0,-1.E0,0.E0));
#2572=VECTOR('',#2571,6.4E-1);
#2573=CARTESIAN_POINT('',(7.5E-1,1.999999999998E-2,-6.E0));
#2574=LINE('',#2573,#2572);
#2575=DIRECTION('',(0.E0,-1.E0,0.E0));
#2576=VECTOR('',#2575,6.4E-1);
#2577=CARTESIAN_POINT('',(1.75E0,-5.18E0,-6.E0));
#2578=LINE('',#2577,#2576);
#2579=DIRECTION('',(-1.E0,0.E0,0.E0));
#2580=VECTOR('',#2579,1.E0);
#2581=CARTESIAN_POINT('',(1.75E0,-5.82E0,-6.E0));
#2582=LINE('',#2581,#2580);
#2583=DIRECTION('',(0.E0,1.E0,0.E0));
#2584=VECTOR('',#2583,6.4E-1);
#2585=CARTESIAN_POINT('',(7.5E-1,-5.82E0,-6.E0));
#2586=LINE('',#2585,#2584);
#2587=DIRECTION('',(1.E0,0.E0,0.E0));
#2588=VECTOR('',#2587,1.E0);
#2589=CARTESIAN_POINT('',(7.5E-1,-5.18E0,-6.E0));
#2590=LINE('',#2589,#2588);
#2591=DIRECTION('',(0.E0,0.E0,-1.E0));
#2592=VECTOR('',#2591,7.E0);
#2593=CARTESIAN_POINT('',(1.75E0,-5.82E0,-6.E0));
#2594=LINE('',#2593,#2592);
#2595=DIRECTION('',(0.E0,0.E0,-1.E0));
#2596=VECTOR('',#2595,7.E0);
#2597=CARTESIAN_POINT('',(7.5E-1,-5.82E0,-6.E0));
#2598=LINE('',#2597,#2596);
#2599=DIRECTION('',(0.E0,0.E0,-1.E0));
#2600=VECTOR('',#2599,7.E0);
#2601=CARTESIAN_POINT('',(7.5E-1,-5.18E0,-6.E0));
#2602=LINE('',#2601,#2600);
#2603=DIRECTION('',(0.E0,0.E0,-1.E0));
#2604=VECTOR('',#2603,7.E0);
#2605=CARTESIAN_POINT('',(1.75E0,-5.18E0,-6.E0));
#2606=LINE('',#2605,#2604);
#2607=DIRECTION('',(0.E0,0.E0,1.E0));
#2608=VECTOR('',#2607,7.E0);
#2609=CARTESIAN_POINT('',(-7.5E-1,1.999999999998E-2,-1.3E1));
#2610=LINE('',#2609,#2608);
#2611=DIRECTION('',(0.E0,0.E0,1.E0));
#2612=VECTOR('',#2611,7.E0);
#2613=CARTESIAN_POINT('',(-7.5E-1,-6.2E-1,-1.3E1));
#2614=LINE('',#2613,#2612);
#2615=DIRECTION('',(0.E0,0.E0,1.E0));
#2616=VECTOR('',#2615,7.E0);
#2617=CARTESIAN_POINT('',(-1.75E0,-6.2E-1,-1.3E1));
#2618=LINE('',#2617,#2616);
#2619=DIRECTION('',(0.E0,0.E0,1.E0));
#2620=VECTOR('',#2619,7.E0);
#2621=CARTESIAN_POINT('',(-1.75E0,1.999999999998E-2,-1.3E1));
#2622=LINE('',#2621,#2620);
#2623=DIRECTION('',(-1.E0,0.E0,0.E0));
#2624=VECTOR('',#2623,1.E0);
#2625=CARTESIAN_POINT('',(-7.5E-1,1.999999999998E-2,-6.E0));
#2626=LINE('',#2625,#2624);
#2627=DIRECTION('',(0.E0,1.E0,0.E0));
#2628=VECTOR('',#2627,6.4E-1);
#2629=CARTESIAN_POINT('',(-7.5E-1,-6.2E-1,-6.E0));
#2630=LINE('',#2629,#2628);
#2631=DIRECTION('',(1.E0,0.E0,0.E0));
#2632=VECTOR('',#2631,1.E0);
#2633=CARTESIAN_POINT('',(-1.75E0,-6.2E-1,-6.E0));
#2634=LINE('',#2633,#2632);
#2635=DIRECTION('',(0.E0,-1.E0,0.E0));
#2636=VECTOR('',#2635,6.4E-1);
#2637=CARTESIAN_POINT('',(-1.75E0,1.999999999998E-2,-6.E0));
#2638=LINE('',#2637,#2636);
#2639=DIRECTION('',(0.E0,-1.E0,0.E0));
#2640=VECTOR('',#2639,6.4E-1);
#2641=CARTESIAN_POINT('',(-7.5E-1,-5.18E0,-6.E0));
#2642=LINE('',#2641,#2640);
#2643=DIRECTION('',(-1.E0,0.E0,0.E0));
#2644=VECTOR('',#2643,1.E0);
#2645=CARTESIAN_POINT('',(-7.5E-1,-5.82E0,-6.E0));
#2646=LINE('',#2645,#2644);
#2647=DIRECTION('',(0.E0,1.E0,0.E0));
#2648=VECTOR('',#2647,6.4E-1);
#2649=CARTESIAN_POINT('',(-1.75E0,-5.82E0,-6.E0));
#2650=LINE('',#2649,#2648);
#2651=DIRECTION('',(1.E0,0.E0,0.E0));
#2652=VECTOR('',#2651,1.E0);
#2653=CARTESIAN_POINT('',(-1.75E0,-5.18E0,-6.E0));
#2654=LINE('',#2653,#2652);
#2655=DIRECTION('',(0.E0,0.E0,-1.E0));
#2656=VECTOR('',#2655,7.E0);
#2657=CARTESIAN_POINT('',(-7.5E-1,-5.82E0,-6.E0));
#2658=LINE('',#2657,#2656);
#2659=DIRECTION('',(0.E0,0.E0,-1.E0));
#2660=VECTOR('',#2659,7.E0);
#2661=CARTESIAN_POINT('',(-1.75E0,-5.82E0,-6.E0));
#2662=LINE('',#2661,#2660);
#2663=DIRECTION('',(0.E0,0.E0,-1.E0));
#2664=VECTOR('',#2663,7.E0);
#2665=CARTESIAN_POINT('',(-1.75E0,-5.18E0,-6.E0));
#2666=LINE('',#2665,#2664);
#2667=DIRECTION('',(0.E0,0.E0,-1.E0));
#2668=VECTOR('',#2667,7.E0);
#2669=CARTESIAN_POINT('',(-7.5E-1,-5.18E0,-6.E0));
#2670=LINE('',#2669,#2668);
#2671=DIRECTION('',(0.E0,0.E0,1.E0));
#2672=VECTOR('',#2671,7.E0);
#2673=CARTESIAN_POINT('',(-3.25E0,1.999999999998E-2,-1.3E1));
#2674=LINE('',#2673,#2672);
#2675=DIRECTION('',(0.E0,0.E0,1.E0));
#2676=VECTOR('',#2675,7.E0);
#2677=CARTESIAN_POINT('',(-3.25E0,-6.2E-1,-1.3E1));
#2678=LINE('',#2677,#2676);
#2679=DIRECTION('',(0.E0,0.E0,1.E0));
#2680=VECTOR('',#2679,7.E0);
#2681=CARTESIAN_POINT('',(-4.25E0,-6.2E-1,-1.3E1));
#2682=LINE('',#2681,#2680);
#2683=DIRECTION('',(0.E0,0.E0,1.E0));
#2684=VECTOR('',#2683,7.E0);
#2685=CARTESIAN_POINT('',(-4.25E0,1.999999999998E-2,-1.3E1));
#2686=LINE('',#2685,#2684);
#2687=DIRECTION('',(-1.E0,0.E0,0.E0));
#2688=VECTOR('',#2687,1.E0);
#2689=CARTESIAN_POINT('',(-3.25E0,1.999999999998E-2,-6.E0));
#2690=LINE('',#2689,#2688);
#2691=DIRECTION('',(0.E0,1.E0,0.E0));
#2692=VECTOR('',#2691,6.4E-1);
#2693=CARTESIAN_POINT('',(-3.25E0,-6.2E-1,-6.E0));
#2694=LINE('',#2693,#2692);
#2695=DIRECTION('',(1.E0,0.E0,0.E0));
#2696=VECTOR('',#2695,1.E0);
#2697=CARTESIAN_POINT('',(-4.25E0,-6.2E-1,-6.E0));
#2698=LINE('',#2697,#2696);
#2699=DIRECTION('',(0.E0,-1.E0,0.E0));
#2700=VECTOR('',#2699,6.4E-1);
#2701=CARTESIAN_POINT('',(-4.25E0,1.999999999998E-2,-6.E0));
#2702=LINE('',#2701,#2700);
#2703=DIRECTION('',(0.E0,-1.E0,0.E0));
#2704=VECTOR('',#2703,6.4E-1);
#2705=CARTESIAN_POINT('',(-3.25E0,-5.18E0,-6.E0));
#2706=LINE('',#2705,#2704);
#2707=DIRECTION('',(-1.E0,0.E0,0.E0));
#2708=VECTOR('',#2707,1.E0);
#2709=CARTESIAN_POINT('',(-3.25E0,-5.82E0,-6.E0));
#2710=LINE('',#2709,#2708);
#2711=DIRECTION('',(0.E0,1.E0,0.E0));
#2712=VECTOR('',#2711,6.4E-1);
#2713=CARTESIAN_POINT('',(-4.25E0,-5.82E0,-6.E0));
#2714=LINE('',#2713,#2712);
#2715=DIRECTION('',(1.E0,0.E0,0.E0));
#2716=VECTOR('',#2715,1.E0);
#2717=CARTESIAN_POINT('',(-4.25E0,-5.18E0,-6.E0));
#2718=LINE('',#2717,#2716);
#2719=DIRECTION('',(0.E0,0.E0,-1.E0));
#2720=VECTOR('',#2719,7.E0);
#2721=CARTESIAN_POINT('',(-3.25E0,-5.82E0,-6.E0));
#2722=LINE('',#2721,#2720);
#2723=DIRECTION('',(0.E0,0.E0,-1.E0));
#2724=VECTOR('',#2723,7.E0);
#2725=CARTESIAN_POINT('',(-4.25E0,-5.82E0,-6.E0));
#2726=LINE('',#2725,#2724);
#2727=DIRECTION('',(0.E0,0.E0,-1.E0));
#2728=VECTOR('',#2727,7.E0);
#2729=CARTESIAN_POINT('',(-4.25E0,-5.18E0,-6.E0));
#2730=LINE('',#2729,#2728);
#2731=DIRECTION('',(0.E0,0.E0,-1.E0));
#2732=VECTOR('',#2731,7.E0);
#2733=CARTESIAN_POINT('',(-3.25E0,-5.18E0,-6.E0));
#2734=LINE('',#2733,#2732);
#2735=CARTESIAN_POINT('',(8.E0,-3.85E0,-9.3E0));
#2736=DIRECTION('',(0.E0,1.E0,0.E0));
#2737=DIRECTION('',(0.E0,0.E0,-1.E0));
#2738=AXIS2_PLACEMENT_3D('',#2735,#2736,#2737);
#2740=CARTESIAN_POINT('',(8.E0,-3.85E0,-1.03E1));
#2741=DIRECTION('',(1.E0,0.E0,0.E0));
#2742=DIRECTION('',(0.E0,1.E0,0.E0));
#2743=AXIS2_PLACEMENT_3D('',#2740,#2741,#2742);
#2745=CARTESIAN_POINT('',(8.E0,-2.85E0,-1.57E1));
#2746=DIRECTION('',(0.E0,0.E0,-1.E0));
#2747=DIRECTION('',(0.E0,-1.E0,0.E0));
#2748=AXIS2_PLACEMENT_3D('',#2745,#2746,#2747);
#2750=CARTESIAN_POINT('',(8.E0,-2.85E0,-1.03E1));
#2751=DIRECTION('',(0.E0,0.E0,1.E0));
#2752=DIRECTION('',(-1.E0,-2.187543479693E-9,0.E0));
#2753=AXIS2_PLACEMENT_3D('',#2750,#2751,#2752);
#2755=DIRECTION('',(0.E0,0.E0,-1.E0));
#2756=VECTOR('',#2755,3.2E0);
#2757=CARTESIAN_POINT('',(8.55E0,-4.95E0,-9.8E0));
#2758=LINE('',#2757,#2756);
#2759=DIRECTION('',(0.E0,0.E0,-1.E0));
#2760=VECTOR('',#2759,3.2E0);
#2761=CARTESIAN_POINT('',(8.55E0,-6.75E0,-9.8E0));
#2762=LINE('',#2761,#2760);
#2763=DIRECTION('',(0.E0,0.E0,-1.E0));
#2764=VECTOR('',#2763,3.2E0);
#2765=CARTESIAN_POINT('',(1.095E1,-6.75E0,-9.8E0));
#2766=LINE('',#2765,#2764);
#2767=DIRECTION('',(0.E0,0.E0,-1.E0));
#2768=VECTOR('',#2767,3.2E0);
#2769=CARTESIAN_POINT('',(1.095E1,-4.95E0,-9.8E0));
#2770=LINE('',#2769,#2768);
#2771=CARTESIAN_POINT('',(9.75E0,-4.95E0,-1.3E1));
#2772=DIRECTION('',(0.E0,1.E0,0.E0));
#2773=DIRECTION('',(1.E0,0.E0,0.E0));
#2774=AXIS2_PLACEMENT_3D('',#2771,#2772,#2773);
#2776=DIRECTION('',(0.E0,1.E0,0.E0));
#2777=VECTOR('',#2776,1.8E0);
#2778=CARTESIAN_POINT('',(1.095E1,-6.75E0,-1.3E1));
#2779=LINE('',#2778,#2777);
#2780=CARTESIAN_POINT('',(9.75E0,-6.75E0,-1.3E1));
#2781=DIRECTION('',(0.E0,1.E0,0.E0));
#2782=DIRECTION('',(1.E0,0.E0,0.E0));
#2783=AXIS2_PLACEMENT_3D('',#2780,#2781,#2782);
#2785=DIRECTION('',(0.E0,3.552713678801E-14,1.E0));
#2786=VECTOR('',#2785,3.E-1);
#2787=CARTESIAN_POINT('',(4.07E0,-5.18E0,-1.62E1));
#2788=LINE('',#2787,#2786);
#2789=DIRECTION('',(0.E0,3.552713678801E-14,1.E0));
#2790=VECTOR('',#2789,3.E-1);
#2791=CARTESIAN_POINT('',(1.57E0,-5.18E0,-1.62E1));
#2792=LINE('',#2791,#2790);
#2793=DIRECTION('',(0.E0,3.256654205567E-14,1.E0));
#2794=VECTOR('',#2793,3.E-1);
#2795=CARTESIAN_POINT('',(3.43E0,-5.18E0,-1.62E1));
#2796=LINE('',#2795,#2794);
#2797=DIRECTION('',(0.E0,3.552713678801E-14,1.E0));
#2798=VECTOR('',#2797,3.E-1);
#2799=CARTESIAN_POINT('',(-9.3E-1,-5.18E0,-1.62E1));
#2800=LINE('',#2799,#2798);
#2801=DIRECTION('',(0.E0,3.256654205567E-14,1.E0));
#2802=VECTOR('',#2801,3.E-1);
#2803=CARTESIAN_POINT('',(9.3E-1,-5.18E0,-1.62E1));
#2804=LINE('',#2803,#2802);
#2805=DIRECTION('',(0.E0,3.256654205567E-14,1.E0));
#2806=VECTOR('',#2805,3.E-1);
#2807=CARTESIAN_POINT('',(-4.07E0,-5.18E0,-1.62E1));
#2808=LINE('',#2807,#2806);
#2809=DIRECTION('',(0.E0,3.552713678801E-14,1.E0));
#2810=VECTOR('',#2809,3.E-1);
#2811=CARTESIAN_POINT('',(-3.43E0,-5.18E0,-1.62E1));
#2812=LINE('',#2811,#2810);
#2813=DIRECTION('',(0.E0,3.256654205567E-14,1.E0));
#2814=VECTOR('',#2813,3.E-1);
#2815=CARTESIAN_POINT('',(-1.57E0,-5.18E0,-1.62E1));
#2816=LINE('',#2815,#2814);
#2817=DIRECTION('',(0.E0,0.E0,1.E0));
#2818=VECTOR('',#2817,3.18E0);
#2819=CARTESIAN_POINT('',(4.07E0,1.999999999998E-2,-1.938E1));
#2820=LINE('',#2819,#2818);
#2821=CARTESIAN_POINT('',(4.07E0,-1.62E0,-1.938E1));
#2822=DIRECTION('',(1.E0,0.E0,0.E0));
#2823=DIRECTION('',(0.E0,0.E0,-1.E0));
#2824=AXIS2_PLACEMENT_3D('',#2821,#2822,#2823);
#2826=DIRECTION('',(0.E0,1.E0,0.E0));
#2827=VECTOR('',#2826,1.073E1);
#2828=CARTESIAN_POINT('',(4.07E0,-1.235E1,-2.102E1));
#2829=LINE('',#2828,#2827);
#2830=DIRECTION('',(0.E0,0.E0,-1.E0));
#2831=VECTOR('',#2830,6.4E-1);
#2832=CARTESIAN_POINT('',(4.07E0,-1.235E1,-2.038E1));
#2833=LINE('',#2832,#2831);
#2834=DIRECTION('',(0.E0,-1.E0,0.E0));
#2835=VECTOR('',#2834,1.073E1);
#2836=CARTESIAN_POINT('',(4.07E0,-1.62E0,-2.038E1));
#2837=LINE('',#2836,#2835);
#2838=CARTESIAN_POINT('',(4.07E0,-1.62E0,-1.938E1));
#2839=DIRECTION('',(-1.E0,0.E0,0.E0));
#2840=DIRECTION('',(0.E0,1.E0,0.E0));
#2841=AXIS2_PLACEMENT_3D('',#2838,#2839,#2840);
#2843=DIRECTION('',(0.E0,0.E0,-1.E0));
#2844=VECTOR('',#2843,3.18E0);
#2845=CARTESIAN_POINT('',(4.07E0,-6.2E-1,-1.62E1));
#2846=LINE('',#2845,#2844);
#2847=DIRECTION('',(0.E0,3.947459643112E-14,1.E0));
#2848=VECTOR('',#2847,1.8E-1);
#2849=CARTESIAN_POINT('',(4.07E0,-5.18E0,-1.638E1));
#2850=LINE('',#2849,#2848);
#2851=CARTESIAN_POINT('',(4.07E0,-6.82E0,-1.638E1));
#2852=DIRECTION('',(1.E0,0.E0,0.E0));
#2853=DIRECTION('',(0.E0,0.E0,-1.E0));
#2854=AXIS2_PLACEMENT_3D('',#2851,#2852,#2853);
#2856=DIRECTION('',(0.E0,1.E0,0.E0));
#2857=VECTOR('',#2856,5.53E0);
#2858=CARTESIAN_POINT('',(4.07E0,-1.235E1,-1.802E1));
#2859=LINE('',#2858,#2857);
#2860=DIRECTION('',(0.E0,0.E0,-1.E0));
#2861=VECTOR('',#2860,6.4E-1);
#2862=CARTESIAN_POINT('',(4.07E0,-1.235E1,-1.738E1));
#2863=LINE('',#2862,#2861);
#2864=DIRECTION('',(0.E0,-1.E0,0.E0));
#2865=VECTOR('',#2864,5.53E0);
#2866=CARTESIAN_POINT('',(4.07E0,-6.82E0,-1.738E1));
#2867=LINE('',#2866,#2865);
#2868=CARTESIAN_POINT('',(4.07E0,-6.82E0,-1.638E1));
#2869=DIRECTION('',(-1.E0,0.E0,0.E0));
#2870=DIRECTION('',(0.E0,1.E0,0.E0));
#2871=AXIS2_PLACEMENT_3D('',#2868,#2869,#2870);
#2873=DIRECTION('',(1.E0,0.E0,0.E0));
#2874=VECTOR('',#2873,6.4E-1);
#2875=CARTESIAN_POINT('',(3.43E0,1.999999999998E-2,-1.938E1));
#2876=LINE('',#2875,#2874);
#2877=DIRECTION('',(0.E0,0.E0,-1.E0));
#2878=VECTOR('',#2877,3.18E0);
#2879=CARTESIAN_POINT('',(3.43E0,-6.2E-1,-1.62E1));
#2880=LINE('',#2879,#2878);
#2881=CARTESIAN_POINT('',(3.43E0,-1.62E0,-1.938E1));
#2882=DIRECTION('',(-1.E0,0.E0,0.E0));
#2883=DIRECTION('',(0.E0,1.E0,0.E0));
#2884=AXIS2_PLACEMENT_3D('',#2881,#2882,#2883);
#2886=DIRECTION('',(0.E0,-1.E0,0.E0));
#2887=VECTOR('',#2886,1.073E1);
#2888=CARTESIAN_POINT('',(3.43E0,-1.62E0,-2.038E1));
#2889=LINE('',#2888,#2887);
#2890=DIRECTION('',(0.E0,0.E0,-1.E0));
#2891=VECTOR('',#2890,6.4E-1);
#2892=CARTESIAN_POINT('',(3.43E0,-1.235E1,-2.038E1));
#2893=LINE('',#2892,#2891);
#2894=DIRECTION('',(0.E0,1.E0,0.E0));
#2895=VECTOR('',#2894,1.073E1);
#2896=CARTESIAN_POINT('',(3.43E0,-1.235E1,-2.102E1));
#2897=LINE('',#2896,#2895);
#2898=CARTESIAN_POINT('',(3.43E0,-1.62E0,-1.938E1));
#2899=DIRECTION('',(1.E0,0.E0,0.E0));
#2900=DIRECTION('',(0.E0,0.E0,-1.E0));
#2901=AXIS2_PLACEMENT_3D('',#2898,#2899,#2900);
#2903=DIRECTION('',(0.E0,0.E0,1.E0));
#2904=VECTOR('',#2903,3.18E0);
#2905=CARTESIAN_POINT('',(3.43E0,1.999999999998E-2,-1.938E1));
#2906=LINE('',#2905,#2904);
#2907=DIRECTION('',(0.E0,3.947459643112E-14,1.E0));
#2908=VECTOR('',#2907,1.8E-1);
#2909=CARTESIAN_POINT('',(3.43E0,-5.18E0,-1.638E1));
#2910=LINE('',#2909,#2908);
#2911=CARTESIAN_POINT('',(3.43E0,-6.82E0,-1.638E1));
#2912=DIRECTION('',(-1.E0,0.E0,0.E0));
#2913=DIRECTION('',(0.E0,1.E0,0.E0));
#2914=AXIS2_PLACEMENT_3D('',#2911,#2912,#2913);
#2916=DIRECTION('',(0.E0,-1.E0,0.E0));
#2917=VECTOR('',#2916,5.53E0);
#2918=CARTESIAN_POINT('',(3.43E0,-6.82E0,-1.738E1));
#2919=LINE('',#2918,#2917);
#2920=DIRECTION('',(0.E0,0.E0,-1.E0));
#2921=VECTOR('',#2920,6.4E-1);
#2922=CARTESIAN_POINT('',(3.43E0,-1.235E1,-1.738E1));
#2923=LINE('',#2922,#2921);
#2924=DIRECTION('',(0.E0,1.E0,0.E0));
#2925=VECTOR('',#2924,5.53E0);
#2926=CARTESIAN_POINT('',(3.43E0,-1.235E1,-1.802E1));
#2927=LINE('',#2926,#2925);
#2928=CARTESIAN_POINT('',(3.43E0,-6.82E0,-1.638E1));
#2929=DIRECTION('',(1.E0,0.E0,0.E0));
#2930=DIRECTION('',(0.E0,0.E0,-1.E0));
#2931=AXIS2_PLACEMENT_3D('',#2928,#2929,#2930);
#2933=DIRECTION('',(1.E0,0.E0,0.E0));
#2934=VECTOR('',#2933,6.4E-1);
#2935=CARTESIAN_POINT('',(3.43E0,-6.2E-1,-1.938E1));
#2936=LINE('',#2935,#2934);
#2937=DIRECTION('',(1.E0,0.E0,0.E0));
#2938=VECTOR('',#2937,6.4E-1);
#2939=CARTESIAN_POINT('',(3.43E0,-1.62E0,-2.038E1));
#2940=LINE('',#2939,#2938);
#2941=DIRECTION('',(1.E0,0.E0,0.E0));
#2942=VECTOR('',#2941,6.4E-1);
#2943=CARTESIAN_POINT('',(3.43E0,-1.235E1,-2.038E1));
#2944=LINE('',#2943,#2942);
#2945=DIRECTION('',(1.E0,0.E0,0.E0));
#2946=VECTOR('',#2945,6.4E-1);
#2947=CARTESIAN_POINT('',(3.43E0,-1.235E1,-2.102E1));
#2948=LINE('',#2947,#2946);
#2949=DIRECTION('',(1.E0,0.E0,0.E0));
#2950=VECTOR('',#2949,6.4E-1);
#2951=CARTESIAN_POINT('',(3.43E0,-1.62E0,-2.102E1));
#2952=LINE('',#2951,#2950);
#2953=DIRECTION('',(1.E0,0.E0,0.E0));
#2954=VECTOR('',#2953,6.4E-1);
#2955=CARTESIAN_POINT('',(3.43E0,-5.18E0,-1.638E1));
#2956=LINE('',#2955,#2954);
#2957=DIRECTION('',(1.E0,0.E0,0.E0));
#2958=VECTOR('',#2957,6.4E-1);
#2959=CARTESIAN_POINT('',(3.43E0,-6.82E0,-1.802E1));
#2960=LINE('',#2959,#2958);
#2961=DIRECTION('',(1.E0,0.E0,0.E0));
#2962=VECTOR('',#2961,6.4E-1);
#2963=CARTESIAN_POINT('',(3.43E0,-1.235E1,-1.802E1));
#2964=LINE('',#2963,#2962);
#2965=DIRECTION('',(1.E0,0.E0,0.E0));
#2966=VECTOR('',#2965,6.4E-1);
#2967=CARTESIAN_POINT('',(3.43E0,-1.235E1,-1.738E1));
#2968=LINE('',#2967,#2966);
#2969=DIRECTION('',(1.E0,0.E0,0.E0));
#2970=VECTOR('',#2969,6.4E-1);
#2971=CARTESIAN_POINT('',(3.43E0,-6.82E0,-1.738E1));
#2972=LINE('',#2971,#2970);
#2973=DIRECTION('',(1.E0,0.E0,0.E0));
#2974=VECTOR('',#2973,6.4E-1);
#2975=CARTESIAN_POINT('',(3.43E0,-5.82E0,-1.638E1));
#2976=LINE('',#2975,#2974);
#2977=DIRECTION('',(0.E0,0.E0,1.E0));
#2978=VECTOR('',#2977,4.8E-1);
#2979=CARTESIAN_POINT('',(3.43E0,-5.82E0,-1.638E1));
#2980=LINE('',#2979,#2978);
#2981=DIRECTION('',(0.E0,0.E0,-1.E0));
#2982=VECTOR('',#2981,4.8E-1);
#2983=CARTESIAN_POINT('',(4.07E0,-5.82E0,-1.59E1));
#2984=LINE('',#2983,#2982);
#2985=DIRECTION('',(0.E0,-1.E0,0.E0));
#2986=VECTOR('',#2985,6.4E-1);
#2987=CARTESIAN_POINT('',(-4.07E0,-5.18E0,-1.59E1));
#2988=LINE('',#2987,#2986);
#2989=DIRECTION('',(1.E0,0.E0,0.E0));
#2990=VECTOR('',#2989,1.93E0);
#2991=CARTESIAN_POINT('',(-6.E0,-5.18E0,-1.59E1));
#2992=LINE('',#2991,#2990);
#2993=DIRECTION('',(1.E0,0.E0,0.E0));
#2994=VECTOR('',#2993,1.93E0);
#2995=CARTESIAN_POINT('',(4.07E0,-5.18E0,-1.59E1));
#2996=LINE('',#2995,#2994);
#2997=DIRECTION('',(0.E0,-1.E0,0.E0));
#2998=VECTOR('',#2997,6.4E-1);
#2999=CARTESIAN_POINT('',(4.07E0,-5.18E0,-1.59E1));
#3000=LINE('',#2999,#2998);
#3001=DIRECTION('',(1.E0,0.E0,0.E0));
#3002=VECTOR('',#3001,6.4E-1);
#3003=CARTESIAN_POINT('',(3.43E0,-5.82E0,-1.59E1));
#3004=LINE('',#3003,#3002);
#3005=DIRECTION('',(0.E0,-1.E0,0.E0));
#3006=VECTOR('',#3005,6.4E-1);
#3007=CARTESIAN_POINT('',(3.43E0,-5.18E0,-1.59E1));
#3008=LINE('',#3007,#3006);
#3009=DIRECTION('',(1.E0,0.E0,0.E0));
#3010=VECTOR('',#3009,1.86E0);
#3011=CARTESIAN_POINT('',(1.57E0,-5.18E0,-1.59E1));
#3012=LINE('',#3011,#3010);
#3013=DIRECTION('',(0.E0,-1.E0,0.E0));
#3014=VECTOR('',#3013,6.4E-1);
#3015=CARTESIAN_POINT('',(1.57E0,-5.18E0,-1.59E1));
#3016=LINE('',#3015,#3014);
#3017=DIRECTION('',(1.E0,0.E0,0.E0));
#3018=VECTOR('',#3017,6.4E-1);
#3019=CARTESIAN_POINT('',(9.3E-1,-5.82E0,-1.59E1));
#3020=LINE('',#3019,#3018);
#3021=DIRECTION('',(0.E0,-1.E0,0.E0));
#3022=VECTOR('',#3021,6.4E-1);
#3023=CARTESIAN_POINT('',(9.3E-1,-5.18E0,-1.59E1));
#3024=LINE('',#3023,#3022);
#3025=DIRECTION('',(1.E0,0.E0,0.E0));
#3026=VECTOR('',#3025,1.86E0);
#3027=CARTESIAN_POINT('',(-9.3E-1,-5.18E0,-1.59E1));
#3028=LINE('',#3027,#3026);
#3029=DIRECTION('',(0.E0,-1.E0,0.E0));
#3030=VECTOR('',#3029,6.4E-1);
#3031=CARTESIAN_POINT('',(-9.3E-1,-5.18E0,-1.59E1));
#3032=LINE('',#3031,#3030);
#3033=DIRECTION('',(1.E0,0.E0,0.E0));
#3034=VECTOR('',#3033,6.4E-1);
#3035=CARTESIAN_POINT('',(-1.57E0,-5.82E0,-1.59E1));
#3036=LINE('',#3035,#3034);
#3037=DIRECTION('',(0.E0,-1.E0,0.E0));
#3038=VECTOR('',#3037,6.4E-1);
#3039=CARTESIAN_POINT('',(-1.57E0,-5.18E0,-1.59E1));
#3040=LINE('',#3039,#3038);
#3041=DIRECTION('',(1.E0,0.E0,0.E0));
#3042=VECTOR('',#3041,1.86E0);
#3043=CARTESIAN_POINT('',(-3.43E0,-5.18E0,-1.59E1));
#3044=LINE('',#3043,#3042);
#3045=DIRECTION('',(0.E0,-1.E0,0.E0));
#3046=VECTOR('',#3045,6.4E-1);
#3047=CARTESIAN_POINT('',(-3.43E0,-5.18E0,-1.59E1));
#3048=LINE('',#3047,#3046);
#3049=DIRECTION('',(1.E0,0.E0,0.E0));
#3050=VECTOR('',#3049,6.4E-1);
#3051=CARTESIAN_POINT('',(-4.07E0,-5.82E0,-1.59E1));
#3052=LINE('',#3051,#3050);
#3053=DIRECTION('',(0.E0,0.E0,-1.E0));
#3054=VECTOR('',#3053,3.18E0);
#3055=CARTESIAN_POINT('',(-4.07E0,-6.2E-1,-1.62E1));
#3056=LINE('',#3055,#3054);
#3057=CARTESIAN_POINT('',(-4.07E0,-1.62E0,-1.938E1));
#3058=DIRECTION('',(-1.E0,0.E0,0.E0));
#3059=DIRECTION('',(0.E0,1.E0,0.E0));
#3060=AXIS2_PLACEMENT_3D('',#3057,#3058,#3059);
#3062=DIRECTION('',(0.E0,-1.E0,0.E0));
#3063=VECTOR('',#3062,1.073E1);
#3064=CARTESIAN_POINT('',(-4.07E0,-1.62E0,-2.038E1));
#3065=LINE('',#3064,#3063);
#3066=DIRECTION('',(0.E0,0.E0,-1.E0));
#3067=VECTOR('',#3066,6.4E-1);
#3068=CARTESIAN_POINT('',(-4.07E0,-1.235E1,-2.038E1));
#3069=LINE('',#3068,#3067);
#3070=DIRECTION('',(0.E0,1.E0,0.E0));
#3071=VECTOR('',#3070,1.073E1);
#3072=CARTESIAN_POINT('',(-4.07E0,-1.235E1,-2.102E1));
#3073=LINE('',#3072,#3071);
#3074=CARTESIAN_POINT('',(-4.07E0,-1.62E0,-1.938E1));
#3075=DIRECTION('',(1.E0,0.E0,0.E0));
#3076=DIRECTION('',(0.E0,0.E0,-1.E0));
#3077=AXIS2_PLACEMENT_3D('',#3074,#3075,#3076);
#3079=DIRECTION('',(0.E0,0.E0,1.E0));
#3080=VECTOR('',#3079,3.18E0);
#3081=CARTESIAN_POINT('',(-4.07E0,1.999999999998E-2,-1.938E1));
#3082=LINE('',#3081,#3080);
#3083=DIRECTION('',(0.E0,3.947459643112E-14,1.E0));
#3084=VECTOR('',#3083,1.8E-1);
#3085=CARTESIAN_POINT('',(-4.07E0,-5.18E0,-1.638E1));
#3086=LINE('',#3085,#3084);
#3087=CARTESIAN_POINT('',(-4.07E0,-6.82E0,-1.638E1));
#3088=DIRECTION('',(-1.E0,0.E0,0.E0));
#3089=DIRECTION('',(0.E0,1.E0,0.E0));
#3090=AXIS2_PLACEMENT_3D('',#3087,#3088,#3089);
#3092=DIRECTION('',(0.E0,-1.E0,0.E0));
#3093=VECTOR('',#3092,5.53E0);
#3094=CARTESIAN_POINT('',(-4.07E0,-6.82E0,-1.738E1));
#3095=LINE('',#3094,#3093);
#3096=DIRECTION('',(0.E0,0.E0,-1.E0));
#3097=VECTOR('',#3096,6.4E-1);
#3098=CARTESIAN_POINT('',(-4.07E0,-1.235E1,-1.738E1));
#3099=LINE('',#3098,#3097);
#3100=DIRECTION('',(0.E0,1.E0,0.E0));
#3101=VECTOR('',#3100,5.53E0);
#3102=CARTESIAN_POINT('',(-4.07E0,-1.235E1,-1.802E1));
#3103=LINE('',#3102,#3101);
#3104=CARTESIAN_POINT('',(-4.07E0,-6.82E0,-1.638E1));
#3105=DIRECTION('',(1.E0,0.E0,0.E0));
#3106=DIRECTION('',(0.E0,0.E0,-1.E0));
#3107=AXIS2_PLACEMENT_3D('',#3104,#3105,#3106);
#3109=DIRECTION('',(0.E0,0.E0,-1.E0));
#3110=VECTOR('',#3109,3.18E0);
#3111=CARTESIAN_POINT('',(-3.43E0,-6.2E-1,-1.62E1));
#3112=LINE('',#3111,#3110);
#3113=DIRECTION('',(0.E0,0.E0,1.E0));
#3114=VECTOR('',#3113,3.18E0);
#3115=CARTESIAN_POINT('',(-3.43E0,1.999999999998E-2,-1.938E1));
#3116=LINE('',#3115,#3114);
#3117=CARTESIAN_POINT('',(-3.43E0,-1.62E0,-1.938E1));
#3118=DIRECTION('',(1.E0,0.E0,0.E0));
#3119=DIRECTION('',(0.E0,0.E0,-1.E0));
#3120=AXIS2_PLACEMENT_3D('',#3117,#3118,#3119);
#3122=DIRECTION('',(0.E0,1.E0,0.E0));
#3123=VECTOR('',#3122,1.073E1);
#3124=CARTESIAN_POINT('',(-3.43E0,-1.235E1,-2.102E1));
#3125=LINE('',#3124,#3123);
#3126=DIRECTION('',(0.E0,0.E0,-1.E0));
#3127=VECTOR('',#3126,6.4E-1);
#3128=CARTESIAN_POINT('',(-3.43E0,-1.235E1,-2.038E1));
#3129=LINE('',#3128,#3127);
#3130=DIRECTION('',(0.E0,-1.E0,0.E0));
#3131=VECTOR('',#3130,1.073E1);
#3132=CARTESIAN_POINT('',(-3.43E0,-1.62E0,-2.038E1));
#3133=LINE('',#3132,#3131);
#3134=CARTESIAN_POINT('',(-3.43E0,-1.62E0,-1.938E1));
#3135=DIRECTION('',(-1.E0,0.E0,0.E0));
#3136=DIRECTION('',(0.E0,1.E0,0.E0));
#3137=AXIS2_PLACEMENT_3D('',#3134,#3135,#3136);
#3139=DIRECTION('',(0.E0,3.947459643112E-14,1.E0));
#3140=VECTOR('',#3139,1.8E-1);
#3141=CARTESIAN_POINT('',(-3.43E0,-5.18E0,-1.638E1));
#3142=LINE('',#3141,#3140);
#3143=CARTESIAN_POINT('',(-3.43E0,-6.82E0,-1.638E1));
#3144=DIRECTION('',(1.E0,0.E0,0.E0));
#3145=DIRECTION('',(0.E0,0.E0,-1.E0));
#3146=AXIS2_PLACEMENT_3D('',#3143,#3144,#3145);
#3148=DIRECTION('',(0.E0,1.E0,0.E0));
#3149=VECTOR('',#3148,5.53E0);
#3150=CARTESIAN_POINT('',(-3.43E0,-1.235E1,-1.802E1));
#3151=LINE('',#3150,#3149);
#3152=DIRECTION('',(0.E0,0.E0,-1.E0));
#3153=VECTOR('',#3152,6.4E-1);
#3154=CARTESIAN_POINT('',(-3.43E0,-1.235E1,-1.738E1));
#3155=LINE('',#3154,#3153);
#3156=DIRECTION('',(0.E0,-1.E0,0.E0));
#3157=VECTOR('',#3156,5.53E0);
#3158=CARTESIAN_POINT('',(-3.43E0,-6.82E0,-1.738E1));
#3159=LINE('',#3158,#3157);
#3160=CARTESIAN_POINT('',(-3.43E0,-6.82E0,-1.638E1));
#3161=DIRECTION('',(-1.E0,0.E0,0.E0));
#3162=DIRECTION('',(0.E0,1.E0,0.E0));
#3163=AXIS2_PLACEMENT_3D('',#3160,#3161,#3162);
#3165=DIRECTION('',(1.E0,0.E0,0.E0));
#3166=VECTOR('',#3165,6.4E-1);
#3167=CARTESIAN_POINT('',(-4.07E0,1.999999999998E-2,-1.938E1));
#3168=LINE('',#3167,#3166);
#3169=DIRECTION('',(1.E0,0.E0,0.E0));
#3170=VECTOR('',#3169,6.4E-1);
#3171=CARTESIAN_POINT('',(-4.07E0,-1.62E0,-2.102E1));
#3172=LINE('',#3171,#3170);
#3173=DIRECTION('',(1.E0,0.E0,0.E0));
#3174=VECTOR('',#3173,6.4E-1);
#3175=CARTESIAN_POINT('',(-4.07E0,-1.235E1,-2.102E1));
#3176=LINE('',#3175,#3174);
#3177=DIRECTION('',(1.E0,0.E0,0.E0));
#3178=VECTOR('',#3177,6.4E-1);
#3179=CARTESIAN_POINT('',(-4.07E0,-1.235E1,-2.038E1));
#3180=LINE('',#3179,#3178);
#3181=DIRECTION('',(1.E0,0.E0,0.E0));
#3182=VECTOR('',#3181,6.4E-1);
#3183=CARTESIAN_POINT('',(-4.07E0,-1.62E0,-2.038E1));
#3184=LINE('',#3183,#3182);
#3185=DIRECTION('',(1.E0,0.E0,0.E0));
#3186=VECTOR('',#3185,6.4E-1);
#3187=CARTESIAN_POINT('',(-4.07E0,-6.2E-1,-1.938E1));
#3188=LINE('',#3187,#3186);
#3189=DIRECTION('',(1.E0,0.E0,0.E0));
#3190=VECTOR('',#3189,6.4E-1);
#3191=CARTESIAN_POINT('',(-4.07E0,-5.18E0,-1.638E1));
#3192=LINE('',#3191,#3190);
#3193=DIRECTION('',(1.E0,0.E0,0.E0));
#3194=VECTOR('',#3193,6.4E-1);
#3195=CARTESIAN_POINT('',(-4.07E0,-6.82E0,-1.802E1));
#3196=LINE('',#3195,#3194);
#3197=DIRECTION('',(1.E0,0.E0,0.E0));
#3198=VECTOR('',#3197,6.4E-1);
#3199=CARTESIAN_POINT('',(-4.07E0,-1.235E1,-1.802E1));
#3200=LINE('',#3199,#3198);
#3201=DIRECTION('',(1.E0,0.E0,0.E0));
#3202=VECTOR('',#3201,6.4E-1);
#3203=CARTESIAN_POINT('',(-4.07E0,-1.235E1,-1.738E1));
#3204=LINE('',#3203,#3202);
#3205=DIRECTION('',(1.E0,0.E0,0.E0));
#3206=VECTOR('',#3205,6.4E-1);
#3207=CARTESIAN_POINT('',(-4.07E0,-6.82E0,-1.738E1));
#3208=LINE('',#3207,#3206);
#3209=DIRECTION('',(1.E0,0.E0,0.E0));
#3210=VECTOR('',#3209,6.4E-1);
#3211=CARTESIAN_POINT('',(-4.07E0,-5.82E0,-1.638E1));
#3212=LINE('',#3211,#3210);
#3213=DIRECTION('',(0.E0,0.E0,1.E0));
#3214=VECTOR('',#3213,4.8E-1);
#3215=CARTESIAN_POINT('',(-4.07E0,-5.82E0,-1.638E1));
#3216=LINE('',#3215,#3214);
#3217=DIRECTION('',(0.E0,0.E0,-1.E0));
#3218=VECTOR('',#3217,4.8E-1);
#3219=CARTESIAN_POINT('',(-3.43E0,-5.82E0,-1.59E1));
#3220=LINE('',#3219,#3218);
#3221=DIRECTION('',(1.E0,0.E0,0.E0));
#3222=VECTOR('',#3221,1.2E1);
#3223=CARTESIAN_POINT('',(-6.E0,-6.85E0,-1.59E1));
#3224=LINE('',#3223,#3222);
#3225=DIRECTION('',(1.E0,0.E0,0.E0));
#3226=VECTOR('',#3225,1.2E1);
#3227=CARTESIAN_POINT('',(-6.E0,-7.35E0,-1.54E1));
#3228=LINE('',#3227,#3226);
#3229=DIRECTION('',(0.E0,0.E0,-1.E0));
#3230=VECTOR('',#3229,3.18E0);
#3231=CARTESIAN_POINT('',(1.57E0,-6.2E-1,-1.62E1));
#3232=LINE('',#3231,#3230);
#3233=DIRECTION('',(0.E0,0.E0,1.E0));
#3234=VECTOR('',#3233,3.18E0);
#3235=CARTESIAN_POINT('',(1.57E0,1.999999999998E-2,-1.938E1));
#3236=LINE('',#3235,#3234);
#3237=CARTESIAN_POINT('',(1.57E0,-1.62E0,-1.938E1));
#3238=DIRECTION('',(1.E0,0.E0,0.E0));
#3239=DIRECTION('',(0.E0,0.E0,-1.E0));
#3240=AXIS2_PLACEMENT_3D('',#3237,#3238,#3239);
#3242=DIRECTION('',(0.E0,1.E0,0.E0));
#3243=VECTOR('',#3242,1.073E1);
#3244=CARTESIAN_POINT('',(1.57E0,-1.235E1,-2.102E1));
#3245=LINE('',#3244,#3243);
#3246=DIRECTION('',(0.E0,0.E0,-1.E0));
#3247=VECTOR('',#3246,6.4E-1);
#3248=CARTESIAN_POINT('',(1.57E0,-1.235E1,-2.038E1));
#3249=LINE('',#3248,#3247);
#3250=DIRECTION('',(0.E0,-1.E0,0.E0));
#3251=VECTOR('',#3250,1.073E1);
#3252=CARTESIAN_POINT('',(1.57E0,-1.62E0,-2.038E1));
#3253=LINE('',#3252,#3251);
#3254=CARTESIAN_POINT('',(1.57E0,-1.62E0,-1.938E1));
#3255=DIRECTION('',(-1.E0,0.E0,0.E0));
#3256=DIRECTION('',(0.E0,1.E0,0.E0));
#3257=AXIS2_PLACEMENT_3D('',#3254,#3255,#3256);
#3259=DIRECTION('',(0.E0,3.947459643112E-14,1.E0));
#3260=VECTOR('',#3259,1.8E-1);
#3261=CARTESIAN_POINT('',(1.57E0,-5.18E0,-1.638E1));
#3262=LINE('',#3261,#3260);
#3263=CARTESIAN_POINT('',(1.57E0,-6.82E0,-1.638E1));
#3264=DIRECTION('',(1.E0,0.E0,0.E0));
#3265=DIRECTION('',(0.E0,0.E0,-1.E0));
#3266=AXIS2_PLACEMENT_3D('',#3263,#3264,#3265);
#3268=DIRECTION('',(0.E0,1.E0,0.E0));
#3269=VECTOR('',#3268,5.53E0);
#3270=CARTESIAN_POINT('',(1.57E0,-1.235E1,-1.802E1));
#3271=LINE('',#3270,#3269);
#3272=DIRECTION('',(0.E0,0.E0,-1.E0));
#3273=VECTOR('',#3272,6.4E-1);
#3274=CARTESIAN_POINT('',(1.57E0,-1.235E1,-1.738E1));
#3275=LINE('',#3274,#3273);
#3276=DIRECTION('',(0.E0,-1.E0,0.E0));
#3277=VECTOR('',#3276,5.53E0);
#3278=CARTESIAN_POINT('',(1.57E0,-6.82E0,-1.738E1));
#3279=LINE('',#3278,#3277);
#3280=CARTESIAN_POINT('',(1.57E0,-6.82E0,-1.638E1));
#3281=DIRECTION('',(-1.E0,0.E0,0.E0));
#3282=DIRECTION('',(0.E0,1.E0,0.E0));
#3283=AXIS2_PLACEMENT_3D('',#3280,#3281,#3282);
#3285=DIRECTION('',(0.E0,0.E0,-1.E0));
#3286=VECTOR('',#3285,3.18E0);
#3287=CARTESIAN_POINT('',(9.3E-1,-6.2E-1,-1.62E1));
#3288=LINE('',#3287,#3286);
#3289=CARTESIAN_POINT('',(9.3E-1,-1.62E0,-1.938E1));
#3290=DIRECTION('',(-1.E0,0.E0,0.E0));
#3291=DIRECTION('',(0.E0,1.E0,0.E0));
#3292=AXIS2_PLACEMENT_3D('',#3289,#3290,#3291);
#3294=DIRECTION('',(0.E0,-1.E0,0.E0));
#3295=VECTOR('',#3294,1.073E1);
#3296=CARTESIAN_POINT('',(9.3E-1,-1.62E0,-2.038E1));
#3297=LINE('',#3296,#3295);
#3298=DIRECTION('',(0.E0,0.E0,-1.E0));
#3299=VECTOR('',#3298,6.4E-1);
#3300=CARTESIAN_POINT('',(9.3E-1,-1.235E1,-2.038E1));
#3301=LINE('',#3300,#3299);
#3302=DIRECTION('',(0.E0,1.E0,0.E0));
#3303=VECTOR('',#3302,1.073E1);
#3304=CARTESIAN_POINT('',(9.3E-1,-1.235E1,-2.102E1));
#3305=LINE('',#3304,#3303);
#3306=CARTESIAN_POINT('',(9.3E-1,-1.62E0,-1.938E1));
#3307=DIRECTION('',(1.E0,0.E0,0.E0));
#3308=DIRECTION('',(0.E0,0.E0,-1.E0));
#3309=AXIS2_PLACEMENT_3D('',#3306,#3307,#3308);
#3311=DIRECTION('',(0.E0,0.E0,1.E0));
#3312=VECTOR('',#3311,3.18E0);
#3313=CARTESIAN_POINT('',(9.3E-1,1.999999999998E-2,-1.938E1));
#3314=LINE('',#3313,#3312);
#3315=DIRECTION('',(0.E0,3.947459643112E-14,1.E0));
#3316=VECTOR('',#3315,1.8E-1);
#3317=CARTESIAN_POINT('',(9.3E-1,-5.18E0,-1.638E1));
#3318=LINE('',#3317,#3316);
#3319=CARTESIAN_POINT('',(9.3E-1,-6.82E0,-1.638E1));
#3320=DIRECTION('',(-1.E0,0.E0,0.E0));
#3321=DIRECTION('',(0.E0,1.E0,0.E0));
#3322=AXIS2_PLACEMENT_3D('',#3319,#3320,#3321);
#3324=DIRECTION('',(0.E0,-1.E0,0.E0));
#3325=VECTOR('',#3324,5.53E0);
#3326=CARTESIAN_POINT('',(9.3E-1,-6.82E0,-1.738E1));
#3327=LINE('',#3326,#3325);
#3328=DIRECTION('',(0.E0,0.E0,-1.E0));
#3329=VECTOR('',#3328,6.4E-1);
#3330=CARTESIAN_POINT('',(9.3E-1,-1.235E1,-1.738E1));
#3331=LINE('',#3330,#3329);
#3332=DIRECTION('',(0.E0,1.E0,0.E0));
#3333=VECTOR('',#3332,5.53E0);
#3334=CARTESIAN_POINT('',(9.3E-1,-1.235E1,-1.802E1));
#3335=LINE('',#3334,#3333);
#3336=CARTESIAN_POINT('',(9.3E-1,-6.82E0,-1.638E1));
#3337=DIRECTION('',(1.E0,0.E0,0.E0));
#3338=DIRECTION('',(0.E0,0.E0,-1.E0));
#3339=AXIS2_PLACEMENT_3D('',#3336,#3337,#3338);
#3341=DIRECTION('',(1.E0,0.E0,0.E0));
#3342=VECTOR('',#3341,6.4E-1);
#3343=CARTESIAN_POINT('',(9.3E-1,-6.2E-1,-1.938E1));
#3344=LINE('',#3343,#3342);
#3345=DIRECTION('',(1.E0,0.E0,0.E0));
#3346=VECTOR('',#3345,6.4E-1);
#3347=CARTESIAN_POINT('',(9.3E-1,-1.62E0,-2.038E1));
#3348=LINE('',#3347,#3346);
#3349=DIRECTION('',(1.E0,0.E0,0.E0));
#3350=VECTOR('',#3349,6.4E-1);
#3351=CARTESIAN_POINT('',(9.3E-1,-1.235E1,-2.038E1));
#3352=LINE('',#3351,#3350);
#3353=DIRECTION('',(1.E0,0.E0,0.E0));
#3354=VECTOR('',#3353,6.4E-1);
#3355=CARTESIAN_POINT('',(9.3E-1,-1.235E1,-2.102E1));
#3356=LINE('',#3355,#3354);
#3357=DIRECTION('',(1.E0,0.E0,0.E0));
#3358=VECTOR('',#3357,6.4E-1);
#3359=CARTESIAN_POINT('',(9.3E-1,-1.62E0,-2.102E1));
#3360=LINE('',#3359,#3358);
#3361=DIRECTION('',(1.E0,0.E0,0.E0));
#3362=VECTOR('',#3361,6.4E-1);
#3363=CARTESIAN_POINT('',(9.3E-1,1.999999999998E-2,-1.938E1));
#3364=LINE('',#3363,#3362);
#3365=DIRECTION('',(1.E0,0.E0,0.E0));
#3366=VECTOR('',#3365,6.4E-1);
#3367=CARTESIAN_POINT('',(9.3E-1,-5.18E0,-1.638E1));
#3368=LINE('',#3367,#3366);
#3369=DIRECTION('',(1.E0,0.E0,0.E0));
#3370=VECTOR('',#3369,6.4E-1);
#3371=CARTESIAN_POINT('',(9.3E-1,-6.82E0,-1.802E1));
#3372=LINE('',#3371,#3370);
#3373=DIRECTION('',(1.E0,0.E0,0.E0));
#3374=VECTOR('',#3373,6.4E-1);
#3375=CARTESIAN_POINT('',(9.3E-1,-1.235E1,-1.802E1));
#3376=LINE('',#3375,#3374);
#3377=DIRECTION('',(1.E0,0.E0,0.E0));
#3378=VECTOR('',#3377,6.4E-1);
#3379=CARTESIAN_POINT('',(9.3E-1,-1.235E1,-1.738E1));
#3380=LINE('',#3379,#3378);
#3381=DIRECTION('',(1.E0,0.E0,0.E0));
#3382=VECTOR('',#3381,6.4E-1);
#3383=CARTESIAN_POINT('',(9.3E-1,-6.82E0,-1.738E1));
#3384=LINE('',#3383,#3382);
#3385=DIRECTION('',(1.E0,0.E0,0.E0));
#3386=VECTOR('',#3385,6.4E-1);
#3387=CARTESIAN_POINT('',(9.3E-1,-5.82E0,-1.638E1));
#3388=LINE('',#3387,#3386);
#3389=DIRECTION('',(0.E0,0.E0,1.E0));
#3390=VECTOR('',#3389,4.8E-1);
#3391=CARTESIAN_POINT('',(9.3E-1,-5.82E0,-1.638E1));
#3392=LINE('',#3391,#3390);
#3393=DIRECTION('',(0.E0,0.E0,-1.E0));
#3394=VECTOR('',#3393,4.8E-1);
#3395=CARTESIAN_POINT('',(1.57E0,-5.82E0,-1.59E1));
#3396=LINE('',#3395,#3394);
#3397=DIRECTION('',(0.E0,0.E0,-1.E0));
#3398=VECTOR('',#3397,3.18E0);
#3399=CARTESIAN_POINT('',(-9.3E-1,-6.2E-1,-1.62E1));
#3400=LINE('',#3399,#3398);
#3401=DIRECTION('',(0.E0,0.E0,1.E0));
#3402=VECTOR('',#3401,3.18E0);
#3403=CARTESIAN_POINT('',(-9.3E-1,1.999999999998E-2,-1.938E1));
#3404=LINE('',#3403,#3402);
#3405=CARTESIAN_POINT('',(-9.3E-1,-1.62E0,-1.938E1));
#3406=DIRECTION('',(1.E0,0.E0,0.E0));
#3407=DIRECTION('',(0.E0,0.E0,-1.E0));
#3408=AXIS2_PLACEMENT_3D('',#3405,#3406,#3407);
#3410=DIRECTION('',(0.E0,1.E0,0.E0));
#3411=VECTOR('',#3410,1.073E1);
#3412=CARTESIAN_POINT('',(-9.3E-1,-1.235E1,-2.102E1));
#3413=LINE('',#3412,#3411);
#3414=DIRECTION('',(0.E0,0.E0,-1.E0));
#3415=VECTOR('',#3414,6.4E-1);
#3416=CARTESIAN_POINT('',(-9.3E-1,-1.235E1,-2.038E1));
#3417=LINE('',#3416,#3415);
#3418=DIRECTION('',(0.E0,-1.E0,0.E0));
#3419=VECTOR('',#3418,1.073E1);
#3420=CARTESIAN_POINT('',(-9.3E-1,-1.62E0,-2.038E1));
#3421=LINE('',#3420,#3419);
#3422=CARTESIAN_POINT('',(-9.3E-1,-1.62E0,-1.938E1));
#3423=DIRECTION('',(-1.E0,0.E0,0.E0));
#3424=DIRECTION('',(0.E0,1.E0,0.E0));
#3425=AXIS2_PLACEMENT_3D('',#3422,#3423,#3424);
#3427=DIRECTION('',(0.E0,3.947459643112E-14,1.E0));
#3428=VECTOR('',#3427,1.8E-1);
#3429=CARTESIAN_POINT('',(-9.3E-1,-5.18E0,-1.638E1));
#3430=LINE('',#3429,#3428);
#3431=CARTESIAN_POINT('',(-9.3E-1,-6.82E0,-1.638E1));
#3432=DIRECTION('',(1.E0,0.E0,0.E0));
#3433=DIRECTION('',(0.E0,0.E0,-1.E0));
#3434=AXIS2_PLACEMENT_3D('',#3431,#3432,#3433);
#3436=DIRECTION('',(0.E0,1.E0,0.E0));
#3437=VECTOR('',#3436,5.53E0);
#3438=CARTESIAN_POINT('',(-9.3E-1,-1.235E1,-1.802E1));
#3439=LINE('',#3438,#3437);
#3440=DIRECTION('',(0.E0,0.E0,-1.E0));
#3441=VECTOR('',#3440,6.4E-1);
#3442=CARTESIAN_POINT('',(-9.3E-1,-1.235E1,-1.738E1));
#3443=LINE('',#3442,#3441);
#3444=DIRECTION('',(0.E0,-1.E0,0.E0));
#3445=VECTOR('',#3444,5.53E0);
#3446=CARTESIAN_POINT('',(-9.3E-1,-6.82E0,-1.738E1));
#3447=LINE('',#3446,#3445);
#3448=CARTESIAN_POINT('',(-9.3E-1,-6.82E0,-1.638E1));
#3449=DIRECTION('',(-1.E0,0.E0,0.E0));
#3450=DIRECTION('',(0.E0,1.E0,0.E0));
#3451=AXIS2_PLACEMENT_3D('',#3448,#3449,#3450);
#3453=DIRECTION('',(0.E0,0.E0,-1.E0));
#3454=VECTOR('',#3453,3.18E0);
#3455=CARTESIAN_POINT('',(-1.57E0,-6.2E-1,-1.62E1));
#3456=LINE('',#3455,#3454);
#3457=CARTESIAN_POINT('',(-1.57E0,-1.62E0,-1.938E1));
#3458=DIRECTION('',(-1.E0,0.E0,0.E0));
#3459=DIRECTION('',(0.E0,1.E0,0.E0));
#3460=AXIS2_PLACEMENT_3D('',#3457,#3458,#3459);
#3462=DIRECTION('',(0.E0,-1.E0,0.E0));
#3463=VECTOR('',#3462,1.073E1);
#3464=CARTESIAN_POINT('',(-1.57E0,-1.62E0,-2.038E1));
#3465=LINE('',#3464,#3463);
#3466=DIRECTION('',(0.E0,0.E0,-1.E0));
#3467=VECTOR('',#3466,6.4E-1);
#3468=CARTESIAN_POINT('',(-1.57E0,-1.235E1,-2.038E1));
#3469=LINE('',#3468,#3467);
#3470=DIRECTION('',(0.E0,1.E0,0.E0));
#3471=VECTOR('',#3470,1.073E1);
#3472=CARTESIAN_POINT('',(-1.57E0,-1.235E1,-2.102E1));
#3473=LINE('',#3472,#3471);
#3474=CARTESIAN_POINT('',(-1.57E0,-1.62E0,-1.938E1));
#3475=DIRECTION('',(1.E0,0.E0,0.E0));
#3476=DIRECTION('',(0.E0,0.E0,-1.E0));
#3477=AXIS2_PLACEMENT_3D('',#3474,#3475,#3476);
#3479=DIRECTION('',(0.E0,0.E0,1.E0));
#3480=VECTOR('',#3479,3.18E0);
#3481=CARTESIAN_POINT('',(-1.57E0,1.999999999998E-2,-1.938E1));
#3482=LINE('',#3481,#3480);
#3483=DIRECTION('',(0.E0,3.947459643112E-14,1.E0));
#3484=VECTOR('',#3483,1.8E-1);
#3485=CARTESIAN_POINT('',(-1.57E0,-5.18E0,-1.638E1));
#3486=LINE('',#3485,#3484);
#3487=CARTESIAN_POINT('',(-1.57E0,-6.82E0,-1.638E1));
#3488=DIRECTION('',(-1.E0,0.E0,0.E0));
#3489=DIRECTION('',(0.E0,1.E0,0.E0));
#3490=AXIS2_PLACEMENT_3D('',#3487,#3488,#3489);
#3492=DIRECTION('',(0.E0,-1.E0,0.E0));
#3493=VECTOR('',#3492,5.53E0);
#3494=CARTESIAN_POINT('',(-1.57E0,-6.82E0,-1.738E1));
#3495=LINE('',#3494,#3493);
#3496=DIRECTION('',(0.E0,0.E0,-1.E0));
#3497=VECTOR('',#3496,6.4E-1);
#3498=CARTESIAN_POINT('',(-1.57E0,-1.235E1,-1.738E1));
#3499=LINE('',#3498,#3497);
#3500=DIRECTION('',(0.E0,1.E0,0.E0));
#3501=VECTOR('',#3500,5.53E0);
#3502=CARTESIAN_POINT('',(-1.57E0,-1.235E1,-1.802E1));
#3503=LINE('',#3502,#3501);
#3504=CARTESIAN_POINT('',(-1.57E0,-6.82E0,-1.638E1));
#3505=DIRECTION('',(1.E0,0.E0,0.E0));
#3506=DIRECTION('',(0.E0,0.E0,-1.E0));
#3507=AXIS2_PLACEMENT_3D('',#3504,#3505,#3506);
#3509=DIRECTION('',(1.E0,0.E0,0.E0));
#3510=VECTOR('',#3509,6.4E-1);
#3511=CARTESIAN_POINT('',(-1.57E0,-6.2E-1,-1.938E1));
#3512=LINE('',#3511,#3510);
#3513=DIRECTION('',(1.E0,0.E0,0.E0));
#3514=VECTOR('',#3513,6.4E-1);
#3515=CARTESIAN_POINT('',(-1.57E0,-1.62E0,-2.038E1));
#3516=LINE('',#3515,#3514);
#3517=DIRECTION('',(1.E0,0.E0,0.E0));
#3518=VECTOR('',#3517,6.4E-1);
#3519=CARTESIAN_POINT('',(-1.57E0,-1.235E1,-2.038E1));
#3520=LINE('',#3519,#3518);
#3521=DIRECTION('',(1.E0,0.E0,0.E0));
#3522=VECTOR('',#3521,6.4E-1);
#3523=CARTESIAN_POINT('',(-1.57E0,-1.235E1,-2.102E1));
#3524=LINE('',#3523,#3522);
#3525=DIRECTION('',(1.E0,0.E0,0.E0));
#3526=VECTOR('',#3525,6.4E-1);
#3527=CARTESIAN_POINT('',(-1.57E0,-1.62E0,-2.102E1));
#3528=LINE('',#3527,#3526);
#3529=DIRECTION('',(1.E0,0.E0,0.E0));
#3530=VECTOR('',#3529,6.4E-1);
#3531=CARTESIAN_POINT('',(-1.57E0,1.999999999998E-2,-1.938E1));
#3532=LINE('',#3531,#3530);
#3533=DIRECTION('',(1.E0,0.E0,0.E0));
#3534=VECTOR('',#3533,6.4E-1);
#3535=CARTESIAN_POINT('',(-1.57E0,-5.18E0,-1.638E1));
#3536=LINE('',#3535,#3534);
#3537=DIRECTION('',(1.E0,0.E0,0.E0));
#3538=VECTOR('',#3537,6.4E-1);
#3539=CARTESIAN_POINT('',(-1.57E0,-6.82E0,-1.802E1));
#3540=LINE('',#3539,#3538);
#3541=DIRECTION('',(1.E0,0.E0,0.E0));
#3542=VECTOR('',#3541,6.4E-1);
#3543=CARTESIAN_POINT('',(-1.57E0,-1.235E1,-1.802E1));
#3544=LINE('',#3543,#3542);
#3545=DIRECTION('',(1.E0,0.E0,0.E0));
#3546=VECTOR('',#3545,6.4E-1);
#3547=CARTESIAN_POINT('',(-1.57E0,-1.235E1,-1.738E1));
#3548=LINE('',#3547,#3546);
#3549=DIRECTION('',(1.E0,0.E0,0.E0));
#3550=VECTOR('',#3549,6.4E-1);
#3551=CARTESIAN_POINT('',(-1.57E0,-6.82E0,-1.738E1));
#3552=LINE('',#3551,#3550);
#3553=DIRECTION('',(1.E0,0.E0,0.E0));
#3554=VECTOR('',#3553,6.4E-1);
#3555=CARTESIAN_POINT('',(-1.57E0,-5.82E0,-1.638E1));
#3556=LINE('',#3555,#3554);
#3557=DIRECTION('',(0.E0,0.E0,1.E0));
#3558=VECTOR('',#3557,4.8E-1);
#3559=CARTESIAN_POINT('',(-1.57E0,-5.82E0,-1.638E1));
#3560=LINE('',#3559,#3558);
#3561=DIRECTION('',(0.E0,0.E0,-1.E0));
#3562=VECTOR('',#3561,4.8E-1);
#3563=CARTESIAN_POINT('',(-9.3E-1,-5.82E0,-1.59E1));
#3564=LINE('',#3563,#3562);
#3565=CARTESIAN_POINT('',(-8.E0,-3.85E0,-9.3E0));
#3566=DIRECTION('',(0.E0,1.E0,0.E0));
#3567=DIRECTION('',(1.E0,0.E0,0.E0));
#3568=AXIS2_PLACEMENT_3D('',#3565,#3566,#3567);
#3570=CARTESIAN_POINT('',(-8.E0,-3.85E0,-1.03E1));
#3571=DIRECTION('',(-1.E0,0.E0,0.E0));
#3572=DIRECTION('',(0.E0,0.E0,1.E0));
#3573=AXIS2_PLACEMENT_3D('',#3570,#3571,#3572);
#3575=CARTESIAN_POINT('',(-8.E0,-2.85E0,-1.03E1));
#3576=DIRECTION('',(0.E0,0.E0,1.E0));
#3577=DIRECTION('',(0.E0,-1.E0,0.E0));
#3578=AXIS2_PLACEMENT_3D('',#3575,#3576,#3577);
#3580=CARTESIAN_POINT('',(-1.245E1,-3.85E0,-1.03E1));
#3581=DIRECTION('',(0.E0,0.E0,-1.E0));
#3582=DIRECTION('',(-1.E0,0.E0,0.E0));
#3583=AXIS2_PLACEMENT_3D('',#3580,#3581,#3582);
#3585=CARTESIAN_POINT('',(-1.245E1,-3.85E0,-1.03E1));
#3586=DIRECTION('',(1.E0,0.E0,0.E0));
#3587=DIRECTION('',(0.E0,1.E0,0.E0));
#3588=AXIS2_PLACEMENT_3D('',#3585,#3586,#3587);
#3590=CARTESIAN_POINT('',(-1.245E1,-3.85E0,-1.03E1));
#3591=DIRECTION('',(0.E0,-1.E0,0.E0));
#3592=DIRECTION('',(0.E0,0.E0,1.E0));
#3593=AXIS2_PLACEMENT_3D('',#3590,#3591,#3592);
#3595=DIRECTION('',(0.E0,-1.E0,0.E0));
#3596=VECTOR('',#3595,4.E0);
#3597=CARTESIAN_POINT('',(-1.295E1,-3.85E0,-1.03E1));
#3598=LINE('',#3597,#3596);
#3599=DIRECTION('',(0.E0,0.E0,1.E0));
#3600=VECTOR('',#3599,5.4E0);
#3601=CARTESIAN_POINT('',(-1.295E1,-7.85E0,-1.57E1));
#3602=LINE('',#3601,#3600);
#3603=DIRECTION('',(0.E0,1.E0,0.E0));
#3604=VECTOR('',#3603,4.E0);
#3605=CARTESIAN_POINT('',(-1.295E1,-7.85E0,-1.57E1));
#3606=LINE('',#3605,#3604);
#3607=DIRECTION('',(0.E0,0.E0,1.E0));
#3608=VECTOR('',#3607,5.4E0);
#3609=CARTESIAN_POINT('',(-1.295E1,-3.85E0,-1.57E1));
#3610=LINE('',#3609,#3608);
#3611=CARTESIAN_POINT('',(-1.245E1,-7.85E0,-1.03E1));
#3612=DIRECTION('',(0.E0,0.E0,-1.E0));
#3613=DIRECTION('',(0.E0,-1.E0,0.E0));
#3614=AXIS2_PLACEMENT_3D('',#3611,#3612,#3613);
#3616=CARTESIAN_POINT('',(-1.245E1,-7.85E0,-1.03E1));
#3617=DIRECTION('',(0.E0,1.E0,0.E0));
#3618=DIRECTION('',(-1.E0,0.E0,0.E0));
#3619=AXIS2_PLACEMENT_3D('',#3616,#3617,#3618);
#3621=CARTESIAN_POINT('',(-1.245E1,-7.85E0,-1.03E1));
#3622=DIRECTION('',(1.E0,0.E0,0.E0));
#3623=DIRECTION('',(0.E0,0.E0,1.E0));
#3624=AXIS2_PLACEMENT_3D('',#3621,#3622,#3623);
#3626=CARTESIAN_POINT('',(-1.245E1,-3.85E0,-1.57E1));
#3627=DIRECTION('',(0.E0,-1.E0,0.E0));
#3628=DIRECTION('',(-1.E0,0.E0,0.E0));
#3629=AXIS2_PLACEMENT_3D('',#3626,#3627,#3628);
#3631=CARTESIAN_POINT('',(-1.245E1,-3.85E0,-1.57E1));
#3632=DIRECTION('',(1.E0,0.E0,0.E0));
#3633=DIRECTION('',(0.E0,0.E0,-1.E0));
#3634=AXIS2_PLACEMENT_3D('',#3631,#3632,#3633);
#3636=CARTESIAN_POINT('',(-1.245E1,-3.85E0,-1.57E1));
#3637=DIRECTION('',(0.E0,0.E0,1.E0));
#3638=DIRECTION('',(0.E0,1.E0,0.E0));
#3639=AXIS2_PLACEMENT_3D('',#3636,#3637,#3638);
#3641=CARTESIAN_POINT('',(-1.095E1,-3.85E0,-1.57E1));
#3642=DIRECTION('',(1.E0,0.E0,0.E0));
#3643=DIRECTION('',(0.E0,1.421085471520E-14,-1.E0));
#3644=AXIS2_PLACEMENT_3D('',#3641,#3642,#3643);
#3646=DIRECTION('',(0.E0,0.E0,-1.E0));
#3647=VECTOR('',#3646,3.2E0);
#3648=CARTESIAN_POINT('',(-1.095E1,-6.75E0,-9.8E0));
#3649=LINE('',#3648,#3647);
#3650=DIRECTION('',(0.E0,0.E0,-1.E0));
#3651=VECTOR('',#3650,3.2E0);
#3652=CARTESIAN_POINT('',(-8.55E0,-6.75E0,-9.8E0));
#3653=LINE('',#3652,#3651);
#3654=CARTESIAN_POINT('',(-9.75E0,-4.95E0,-1.3E1));
#3655=DIRECTION('',(0.E0,1.E0,0.E0));
#3656=DIRECTION('',(1.E0,0.E0,0.E0));
#3657=AXIS2_PLACEMENT_3D('',#3654,#3655,#3656);
#3659=DIRECTION('',(0.E0,1.E0,0.E0));
#3660=VECTOR('',#3659,1.8E0);
#3661=CARTESIAN_POINT('',(-8.55E0,-6.75E0,-1.3E1));
#3662=LINE('',#3661,#3660);
#3663=CARTESIAN_POINT('',(-9.75E0,-6.75E0,-1.3E1));
#3664=DIRECTION('',(0.E0,1.E0,0.E0));
#3665=DIRECTION('',(1.E0,0.E0,0.E0));
#3666=AXIS2_PLACEMENT_3D('',#3663,#3664,#3665);
#3668=DIRECTION('',(0.E0,0.E0,-1.E0));
#3669=VECTOR('',#3668,3.2E0);
#3670=CARTESIAN_POINT('',(-1.095E1,-4.95E0,-9.8E0));
#3671=LINE('',#3670,#3669);
#3672=CARTESIAN_POINT('',(6.6E0,3.7E0,-1.3E1));
#3673=CARTESIAN_POINT('',(6.6E0,7.35E0,-1.3E1));
#3674=VERTEX_POINT('',#3672);
#3675=VERTEX_POINT('',#3673);
#3676=CARTESIAN_POINT('',(5.2E0,7.35E0,-1.3E1));
#3677=VERTEX_POINT('',#3676);
#3678=CARTESIAN_POINT('',(5.2E0,4.45E0,-1.3E1));
#3679=VERTEX_POINT('',#3678);
#3680=CARTESIAN_POINT('',(3.E0,4.45E0,-1.3E1));
#3681=VERTEX_POINT('',#3680);
#3682=CARTESIAN_POINT('',(3.E0,7.75E0,-1.3E1));
#3683=VERTEX_POINT('',#3682);
#3684=CARTESIAN_POINT('',(-3.E0,7.75E0,-1.3E1));
#3685=CARTESIAN_POINT('',(-3.E0,4.45E0,-1.3E1));
#3686=VERTEX_POINT('',#3684);
#3687=VERTEX_POINT('',#3685);
#3688=CARTESIAN_POINT('',(-5.2E0,4.45E0,-1.3E1));
#3689=VERTEX_POINT('',#3688);
#3690=CARTESIAN_POINT('',(-5.2E0,7.35E0,-1.3E1));
#3691=VERTEX_POINT('',#3690);
#3692=CARTESIAN_POINT('',(-6.6E0,7.35E0,-1.3E1));
#3693=VERTEX_POINT('',#3692);
#3694=CARTESIAN_POINT('',(-6.6E0,3.7E0,-1.3E1));
#3695=VERTEX_POINT('',#3694);
#3696=CARTESIAN_POINT('',(2.85E0,-7.35E0,-1.3E1));
#3697=CARTESIAN_POINT('',(6.E0,-7.35E0,-1.3E1));
#3698=VERTEX_POINT('',#3696);
#3699=VERTEX_POINT('',#3697);
#3700=CARTESIAN_POINT('',(7.5E0,-3.850000000853E0,-9.300000000772E0));
#3701=CARTESIAN_POINT('',(7.499999895173E0,-8.050000304443E0,
-9.299991073554E0));
#3702=VERTEX_POINT('',#3700);
#3703=VERTEX_POINT('',#3701);
#3704=CARTESIAN_POINT('',(8.E0,-3.850000000147E0,-9.8E0));
#3705=CARTESIAN_POINT('',(7.999998595474E0,-7.850000048002E0,
-9.799999974549E0));
#3706=VERTEX_POINT('',#3704);
#3707=VERTEX_POINT('',#3705);
#3708=CARTESIAN_POINT('',(-7.499999895706E0,-8.050000302632E0,
-9.299991126694E0));
#3709=CARTESIAN_POINT('',(-7.5E0,-3.850000000848E0,-9.300000000386E0));
#3710=VERTEX_POINT('',#3708);
#3711=VERTEX_POINT('',#3709);
#3712=CARTESIAN_POINT('',(-7.999998611701E0,-7.850000047447E0,
-9.799999974199E0));
#3713=CARTESIAN_POINT('',(-8.E0,-3.850000000145E0,-9.8E0));
#3714=VERTEX_POINT('',#3712);
#3715=VERTEX_POINT('',#3713);
#3716=CARTESIAN_POINT('',(1.245E1,-7.85E0,-1.62E1));
#3717=CARTESIAN_POINT('',(1.245E1,-8.35E0,-1.57E1));
#3718=VERTEX_POINT('',#3716);
#3719=VERTEX_POINT('',#3717);
#3720=CARTESIAN_POINT('',(1.295E1,-7.85E0,-1.57E1));
#3721=VERTEX_POINT('',#3720);
#3722=CARTESIAN_POINT('',(1.245E1,-3.85E0,-1.62E1));
#3723=CARTESIAN_POINT('',(1.295E1,-3.85E0,-1.57E1));
#3724=VERTEX_POINT('',#3722);
#3725=VERTEX_POINT('',#3723);
#3726=CARTESIAN_POINT('',(1.245E1,-3.35E0,-1.03E1));
#3727=CARTESIAN_POINT('',(1.295E1,-3.85E0,-1.03E1));
#3728=VERTEX_POINT('',#3726);
#3729=VERTEX_POINT('',#3727);
#3730=CARTESIAN_POINT('',(1.245E1,-7.85E0,-9.8E0));
#3731=CARTESIAN_POINT('',(1.295E1,-7.85E0,-1.03E1));
#3732=VERTEX_POINT('',#3730);
#3733=VERTEX_POINT('',#3731);
#3734=CARTESIAN_POINT('',(1.245E1,-3.85E0,-9.8E0));
#3735=VERTEX_POINT('',#3734);
#3736=CARTESIAN_POINT('',(1.245E1,-3.35E0,-1.57E1));
#3737=VERTEX_POINT('',#3736);
#3738=CARTESIAN_POINT('',(1.245E1,-8.35E0,-1.03E1));
#3739=VERTEX_POINT('',#3738);
#3740=CARTESIAN_POINT('',(8.000000003868E0,-8.35E0,-1.03E1));
#3741=VERTEX_POINT('',#3740);
#3742=CARTESIAN_POINT('',(8.E0,-3.35E0,-1.03E1));
#3743=VERTEX_POINT('',#3742);
#3744=CARTESIAN_POINT('',(-8.55E0,-4.95E0,-9.8E0));
#3745=CARTESIAN_POINT('',(-1.095E1,-4.95E0,-9.8E0));
#3746=VERTEX_POINT('',#3744);
#3747=VERTEX_POINT('',#3745);
#3748=CARTESIAN_POINT('',(-1.095E1,-6.75E0,-9.8E0));
#3749=VERTEX_POINT('',#3748);
#3750=CARTESIAN_POINT('',(-8.55E0,-6.75E0,-9.8E0));
#3751=VERTEX_POINT('',#3750);
#3752=CARTESIAN_POINT('',(-8.55E0,-4.95E0,-1.3E1));
#3753=VERTEX_POINT('',#3752);
#3754=CARTESIAN_POINT('',(-1.095E1,-4.95E0,-1.3E1));
#3755=VERTEX_POINT('',#3754);
#3756=CARTESIAN_POINT('',(-1.095E1,-6.75E0,-1.3E1));
#3757=VERTEX_POINT('',#3756);
#3758=CARTESIAN_POINT('',(-8.55E0,-6.75E0,-1.3E1));
#3759=VERTEX_POINT('',#3758);
#3760=CARTESIAN_POINT('',(-8.55E0,-8.35E0,-1.3E1));
#3761=VERTEX_POINT('',#3760);
#3762=CARTESIAN_POINT('',(-1.095E1,-8.35E0,-1.3E1));
#3763=VERTEX_POINT('',#3762);
#3764=CARTESIAN_POINT('',(-1.095E1,-6.75E0,-1.62E1));
#3765=VERTEX_POINT('',#3764);
#3766=CARTESIAN_POINT('',(-8.55E0,-6.75E0,-1.62E1));
#3767=VERTEX_POINT('',#3766);
#3768=CARTESIAN_POINT('',(-9.75E0,-6.75E0,-1.42E1));
#3769=VERTEX_POINT('',#3768);
#3770=CARTESIAN_POINT('',(-9.75E0,-4.95E0,-1.42E1));
#3771=VERTEX_POINT('',#3770);
#3772=CARTESIAN_POINT('',(1.095E1,-4.95E0,-1.62E1));
#3773=CARTESIAN_POINT('',(8.55E0,-4.95E0,-1.62E1));
#3774=VERTEX_POINT('',#3772);
#3775=VERTEX_POINT('',#3773);
#3776=CARTESIAN_POINT('',(-8.55E0,-4.95E0,-1.62E1));
#3777=CARTESIAN_POINT('',(-1.095E1,-4.95E0,-1.62E1));
#3778=VERTEX_POINT('',#3776);
#3779=VERTEX_POINT('',#3777);
#3780=CARTESIAN_POINT('',(-8.55E0,-3.35E0,-1.3E1));
#3781=VERTEX_POINT('',#3780);
#3782=CARTESIAN_POINT('',(-1.095E1,-3.35E0,-1.3E1));
#3783=VERTEX_POINT('',#3782);
#3784=CARTESIAN_POINT('',(4.25E0,1.999999999998E-2,-6.E0));
#3785=CARTESIAN_POINT('',(3.25E0,1.999999999998E-2,-6.E0));
#3786=VERTEX_POINT('',#3784);
#3787=VERTEX_POINT('',#3785);
#3788=CARTESIAN_POINT('',(3.25E0,-6.2E-1,-6.E0));
#3789=VERTEX_POINT('',#3788);
#3790=CARTESIAN_POINT('',(4.25E0,-6.2E-1,-6.E0));
#3791=VERTEX_POINT('',#3790);
#3792=CARTESIAN_POINT('',(4.25E0,1.999999999998E-2,-1.3E1));
#3793=CARTESIAN_POINT('',(3.25E0,1.999999999998E-2,-1.3E1));
#3794=VERTEX_POINT('',#3792);
#3795=VERTEX_POINT('',#3793);
#3796=CARTESIAN_POINT('',(3.25E0,-6.2E-1,-1.3E1));
#3797=VERTEX_POINT('',#3796);
#3798=CARTESIAN_POINT('',(4.25E0,-6.2E-1,-1.3E1));
#3799=VERTEX_POINT('',#3798);
#3800=CARTESIAN_POINT('',(6.E0,-7.35E0,-4.E-1));
#3801=CARTESIAN_POINT('',(2.85E0,-7.35E0,-4.E-1));
#3802=VERTEX_POINT('',#3800);
#3803=VERTEX_POINT('',#3801);
#3804=CARTESIAN_POINT('',(6.4E0,-7.75E0,0.E0));
#3805=CARTESIAN_POINT('',(2.85E0,-7.75E0,0.E0));
#3806=VERTEX_POINT('',#3804);
#3807=VERTEX_POINT('',#3805);
#3808=CARTESIAN_POINT('',(6.6E0,7.35E0,-4.E-1));
#3809=CARTESIAN_POINT('',(6.6E0,3.7E0,-4.E-1));
#3810=VERTEX_POINT('',#3808);
#3811=VERTEX_POINT('',#3809);
#3812=CARTESIAN_POINT('',(5.2E0,7.35E0,-4.E-1));
#3813=VERTEX_POINT('',#3812);
#3814=CARTESIAN_POINT('',(4.8E0,5.55E0,0.E0));
#3815=CARTESIAN_POINT('',(4.8E0,7.75E0,0.E0));
#3816=VERTEX_POINT('',#3814);
#3817=VERTEX_POINT('',#3815);
#3818=CARTESIAN_POINT('',(5.2E0,5.15E0,-4.E-1));
#3819=VERTEX_POINT('',#3818);
#3820=CARTESIAN_POINT('',(-6.6E0,3.7E0,-4.E-1));
#3821=CARTESIAN_POINT('',(-6.6E0,7.35E0,-4.E-1));
#3822=VERTEX_POINT('',#3820);
#3823=VERTEX_POINT('',#3821);
#3824=CARTESIAN_POINT('',(-5.2E0,7.35E0,-4.E-1));
#3825=VERTEX_POINT('',#3824);
#3826=CARTESIAN_POINT('',(-4.8E0,7.75E0,0.E0));
#3827=CARTESIAN_POINT('',(-4.8E0,5.55E0,0.E0));
#3828=VERTEX_POINT('',#3826);
#3829=VERTEX_POINT('',#3827);
#3830=CARTESIAN_POINT('',(-5.2E0,5.15E0,-4.E-1));
#3831=VERTEX_POINT('',#3830);
#3832=CARTESIAN_POINT('',(1.7E0,8.05E0,-4.E0));
#3833=CARTESIAN_POINT('',(-1.7E0,8.05E0,-4.E0));
#3834=VERTEX_POINT('',#3832);
#3835=VERTEX_POINT('',#3833);
#3836=CARTESIAN_POINT('',(1.7E0,8.05E0,-1.3E0));
#3837=VERTEX_POINT('',#3836);
#3838=CARTESIAN_POINT('',(-1.7E0,8.05E0,-1.3E0));
#3839=VERTEX_POINT('',#3838);
#3840=CARTESIAN_POINT('',(1.095E1,-6.75E0,-1.3E1));
#3841=CARTESIAN_POINT('',(9.75E0,-6.75E0,-1.42E1));
#3842=VERTEX_POINT('',#3840);
#3843=VERTEX_POINT('',#3841);
#3844=CARTESIAN_POINT('',(1.095E1,-8.35E0,-1.3E1));
#3845=VERTEX_POINT('',#3844);
#3846=CARTESIAN_POINT('',(8.55E0,-6.75E0,-1.3E1));
#3847=VERTEX_POINT('',#3846);
#3848=CARTESIAN_POINT('',(8.55E0,-8.35E0,-1.3E1));
#3849=VERTEX_POINT('',#3848);
#3850=CARTESIAN_POINT('',(8.55E0,-6.75E0,-1.62E1));
#3851=VERTEX_POINT('',#3850);
#3852=CARTESIAN_POINT('',(1.095E1,-6.75E0,-1.62E1));
#3853=VERTEX_POINT('',#3852);
#3854=CARTESIAN_POINT('',(8.55E0,-4.95E0,-9.8E0));
#3855=CARTESIAN_POINT('',(8.55E0,-4.95E0,-1.3E1));
#3856=VERTEX_POINT('',#3854);
#3857=VERTEX_POINT('',#3855);
#3858=CARTESIAN_POINT('',(1.095E1,-4.95E0,-9.8E0));
#3859=CARTESIAN_POINT('',(1.095E1,-4.95E0,-1.3E1));
#3860=VERTEX_POINT('',#3858);
#3861=VERTEX_POINT('',#3859);
#3862=CARTESIAN_POINT('',(1.095E1,-6.75E0,-9.8E0));
#3863=VERTEX_POINT('',#3862);
#3864=CARTESIAN_POINT('',(8.55E0,-6.75E0,-9.8E0));
#3865=VERTEX_POINT('',#3864);
#3866=CARTESIAN_POINT('',(9.75E0,-4.95E0,-1.42E1));
#3867=VERTEX_POINT('',#3866);
#3868=CARTESIAN_POINT('',(1.095E1,-3.35E0,-1.3E1));
#3869=VERTEX_POINT('',#3868);
#3870=CARTESIAN_POINT('',(8.55E0,-3.35E0,-1.3E1));
#3871=VERTEX_POINT('',#3870);
#3872=CARTESIAN_POINT('',(4.25E0,-5.18E0,-6.E0));
#3873=CARTESIAN_POINT('',(4.25E0,-5.82E0,-6.E0));
#3874=VERTEX_POINT('',#3872);
#3875=VERTEX_POINT('',#3873);
#3876=CARTESIAN_POINT('',(3.25E0,-5.18E0,-6.E0));
#3877=VERTEX_POINT('',#3876);
#3878=CARTESIAN_POINT('',(3.25E0,-5.82E0,-6.E0));
#3879=VERTEX_POINT('',#3878);
#3880=CARTESIAN_POINT('',(4.25E0,-5.82E0,-1.3E1));
#3881=VERTEX_POINT('',#3880);
#3882=CARTESIAN_POINT('',(4.25E0,-5.18E0,-1.3E1));
#3883=VERTEX_POINT('',#3882);
#3884=CARTESIAN_POINT('',(3.25E0,-5.18E0,-1.3E1));
#3885=VERTEX_POINT('',#3884);
#3886=CARTESIAN_POINT('',(3.25E0,-5.82E0,-1.3E1));
#3887=VERTEX_POINT('',#3886);
#3888=CARTESIAN_POINT('',(6.E0,-5.5E0,-1.3E1));
#3889=VERTEX_POINT('',#3888);
#3890=CARTESIAN_POINT('',(7.E0,-5.5E0,-1.3E1));
#3891=VERTEX_POINT('',#3890);
#3892=CARTESIAN_POINT('',(7.E0,-3.8E0,-1.3E1));
#3893=VERTEX_POINT('',#3892);
#3894=CARTESIAN_POINT('',(6.E0,-3.8E0,-1.3E1));
#3895=VERTEX_POINT('',#3894);
#3896=CARTESIAN_POINT('',(6.E0,2.E0,-1.3E1));
#3897=VERTEX_POINT('',#3896);
#3898=CARTESIAN_POINT('',(7.E0,2.E0,-1.3E1));
#3899=VERTEX_POINT('',#3898);
#3900=CARTESIAN_POINT('',(7.E0,3.7E0,-1.3E1));
#3901=VERTEX_POINT('',#3900);
#3902=CARTESIAN_POINT('',(-7.E0,3.7E0,-1.3E1));
#3903=VERTEX_POINT('',#3902);
#3904=CARTESIAN_POINT('',(-7.E0,2.E0,-1.3E1));
#3905=VERTEX_POINT('',#3904);
#3906=CARTESIAN_POINT('',(-6.E0,2.E0,-1.3E1));
#3907=VERTEX_POINT('',#3906);
#3908=CARTESIAN_POINT('',(-6.E0,-3.8E0,-1.3E1));
#3909=VERTEX_POINT('',#3908);
#3910=CARTESIAN_POINT('',(-7.E0,-3.8E0,-1.3E1));
#3911=VERTEX_POINT('',#3910);
#3912=CARTESIAN_POINT('',(-7.E0,-5.5E0,-1.3E1));
#3913=VERTEX_POINT('',#3912);
#3914=CARTESIAN_POINT('',(-6.E0,-5.5E0,-1.3E1));
#3915=VERTEX_POINT('',#3914);
#3916=CARTESIAN_POINT('',(-6.E0,-7.35E0,-1.3E1));
#3917=VERTEX_POINT('',#3916);
#3918=CARTESIAN_POINT('',(-7.E0,3.7E0,-4.E-1));
#3919=VERTEX_POINT('',#3918);
#3920=CARTESIAN_POINT('',(3.E0,7.75E0,-3.5E0));
#3921=CARTESIAN_POINT('',(3.E0,6.976146722824E0,-3.567703388985E0));
#3922=VERTEX_POINT('',#3920);
#3923=VERTEX_POINT('',#3921);
#3924=CARTESIAN_POINT('',(3.E0,6.65E0,-3.268844979557E0));
#3925=CARTESIAN_POINT('',(3.E0,6.65E0,-1.697383481141E0));
#3926=VERTEX_POINT('',#3924);
#3927=VERTEX_POINT('',#3925);
#3928=CARTESIAN_POINT('',(3.E0,6.923853277176E0,-1.398525071714E0));
#3929=VERTEX_POINT('',#3928);
#3930=CARTESIAN_POINT('',(3.E0,8.05E0,-1.3E0));
#3931=VERTEX_POINT('',#3930);
#3932=CARTESIAN_POINT('',(-3.E0,7.75E0,-3.5E0));
#3933=CARTESIAN_POINT('',(-3.E0,6.976146722824E0,-3.567703388985E0));
#3934=VERTEX_POINT('',#3932);
#3935=VERTEX_POINT('',#3933);
#3936=CARTESIAN_POINT('',(-3.E0,6.65E0,-3.268844979557E0));
#3937=CARTESIAN_POINT('',(-3.E0,6.65E0,-1.697383481141E0));
#3938=VERTEX_POINT('',#3936);
#3939=VERTEX_POINT('',#3937);
#3940=CARTESIAN_POINT('',(-3.E0,6.923853277176E0,-1.398525071714E0));
#3941=VERTEX_POINT('',#3940);
#3942=CARTESIAN_POINT('',(-3.E0,8.05E0,-1.3E0));
#3943=VERTEX_POINT('',#3942);
#3944=CARTESIAN_POINT('',(-1.7E0,7.75E0,-3.5E0));
#3945=CARTESIAN_POINT('',(-1.7E0,6.976146722824E0,-3.567703388985E0));
#3946=VERTEX_POINT('',#3944);
#3947=VERTEX_POINT('',#3945);
#3948=CARTESIAN_POINT('',(1.7E0,7.75E0,-3.5E0));
#3949=CARTESIAN_POINT('',(1.7E0,6.976146722824E0,-3.567703388985E0));
#3950=VERTEX_POINT('',#3948);
#3951=VERTEX_POINT('',#3949);
#3952=CARTESIAN_POINT('',(-1.7E0,6.65E0,-3.268844979557E0));
#3953=VERTEX_POINT('',#3952);
#3954=CARTESIAN_POINT('',(1.7E0,6.65E0,-3.268844979557E0));
#3955=VERTEX_POINT('',#3954);
#3956=CARTESIAN_POINT('',(-1.7E0,6.65E0,-1.697383481141E0));
#3957=VERTEX_POINT('',#3956);
#3958=CARTESIAN_POINT('',(1.7E0,6.65E0,-1.697383481141E0));
#3959=VERTEX_POINT('',#3958);
#3960=CARTESIAN_POINT('',(-1.7E0,6.923853277176E0,-1.398525071714E0));
#3961=VERTEX_POINT('',#3960);
#3962=CARTESIAN_POINT('',(1.7E0,6.923853277176E0,-1.398525071714E0));
#3963=VERTEX_POINT('',#3962);
#3964=CARTESIAN_POINT('',(7.5E0,6.85E0,-5.E-1));
#3965=CARTESIAN_POINT('',(7.5E0,6.85E0,-1.57E1));
#3966=VERTEX_POINT('',#3964);
#3967=VERTEX_POINT('',#3965);
#3968=CARTESIAN_POINT('',(6.E0,8.35E0,-5.E-1));
#3969=CARTESIAN_POINT('',(6.E0,8.35E0,-1.57E1));
#3970=VERTEX_POINT('',#3968);
#3971=VERTEX_POINT('',#3969);
#3972=CARTESIAN_POINT('',(-6.E0,8.35E0,-5.E-1));
#3973=CARTESIAN_POINT('',(-6.E0,8.35E0,-1.57E1));
#3974=VERTEX_POINT('',#3972);
#3975=VERTEX_POINT('',#3973);
#3976=CARTESIAN_POINT('',(-7.5E0,6.85E0,-5.E-1));
#3977=CARTESIAN_POINT('',(-7.5E0,6.85E0,-1.57E1));
#3978=VERTEX_POINT('',#3976);
#3979=VERTEX_POINT('',#3977);
#3980=CARTESIAN_POINT('',(5.2E0,5.15E0,-2.287564434702E0));
#3981=CARTESIAN_POINT('',(5.2E0,4.45E0,-3.5E0));
#3982=VERTEX_POINT('',#3980);
#3983=VERTEX_POINT('',#3981);
#3984=CARTESIAN_POINT('',(3.E0,4.45E0,-3.5E0));
#3985=VERTEX_POINT('',#3984);
#3986=CARTESIAN_POINT('',(3.E0,5.15E0,-2.287564434702E0));
#3987=VERTEX_POINT('',#3986);
#3988=CARTESIAN_POINT('',(-3.E0,5.15E0,-2.287564434702E0));
#3989=CARTESIAN_POINT('',(-3.E0,4.45E0,-3.5E0));
#3990=VERTEX_POINT('',#3988);
#3991=VERTEX_POINT('',#3989);
#3992=CARTESIAN_POINT('',(-5.2E0,4.45E0,-3.5E0));
#3993=VERTEX_POINT('',#3992);
#3994=CARTESIAN_POINT('',(-5.2E0,5.15E0,-2.287564434702E0));
#3995=VERTEX_POINT('',#3994);
#3996=CARTESIAN_POINT('',(-3.E0,8.35E0,-1.3E0));
#3997=CARTESIAN_POINT('',(3.E0,8.35E0,-1.3E0));
#3998=VERTEX_POINT('',#3996);
#3999=VERTEX_POINT('',#3997);
#4000=CARTESIAN_POINT('',(-1.7E0,7.75E0,-4.E0));
#4001=CARTESIAN_POINT('',(1.7E0,7.75E0,-4.E0));
#4002=VERTEX_POINT('',#4000);
#4003=VERTEX_POINT('',#4001);
#4004=CARTESIAN_POINT('',(3.43E0,-6.2E-1,-1.938E1));
#4005=CARTESIAN_POINT('',(3.43E0,-1.62E0,-2.038E1));
#4006=VERTEX_POINT('',#4004);
#4007=VERTEX_POINT('',#4005);
#4008=CARTESIAN_POINT('',(3.43E0,-1.235E1,-2.038E1));
#4009=VERTEX_POINT('',#4008);
#4010=CARTESIAN_POINT('',(3.43E0,-1.235E1,-2.102E1));
#4011=VERTEX_POINT('',#4010);
#4012=CARTESIAN_POINT('',(3.43E0,-1.62E0,-2.102E1));
#4013=VERTEX_POINT('',#4012);
#4014=CARTESIAN_POINT('',(3.43E0,1.999999999998E-2,-1.938E1));
#4015=VERTEX_POINT('',#4014);
#4016=CARTESIAN_POINT('',(3.43E0,-5.82E0,-1.638E1));
#4017=CARTESIAN_POINT('',(3.43E0,-6.82E0,-1.738E1));
#4018=VERTEX_POINT('',#4016);
#4019=VERTEX_POINT('',#4017);
#4020=CARTESIAN_POINT('',(3.43E0,-1.235E1,-1.738E1));
#4021=VERTEX_POINT('',#4020);
#4022=CARTESIAN_POINT('',(3.43E0,-1.235E1,-1.802E1));
#4023=VERTEX_POINT('',#4022);
#4024=CARTESIAN_POINT('',(3.43E0,-6.82E0,-1.802E1));
#4025=VERTEX_POINT('',#4024);
#4026=CARTESIAN_POINT('',(3.43E0,-5.18E0,-1.638E1));
#4027=VERTEX_POINT('',#4026);
#4028=CARTESIAN_POINT('',(4.07E0,-6.2E-1,-1.938E1));
#4029=CARTESIAN_POINT('',(4.07E0,-1.62E0,-2.038E1));
#4030=VERTEX_POINT('',#4028);
#4031=VERTEX_POINT('',#4029);
#4032=CARTESIAN_POINT('',(4.07E0,-1.235E1,-2.038E1));
#4033=VERTEX_POINT('',#4032);
#4034=CARTESIAN_POINT('',(4.07E0,-1.235E1,-2.102E1));
#4035=VERTEX_POINT('',#4034);
#4036=CARTESIAN_POINT('',(4.07E0,-1.62E0,-2.102E1));
#4037=VERTEX_POINT('',#4036);
#4038=CARTESIAN_POINT('',(4.07E0,1.999999999998E-2,-1.938E1));
#4039=VERTEX_POINT('',#4038);
#4040=CARTESIAN_POINT('',(4.07E0,-5.82E0,-1.638E1));
#4041=CARTESIAN_POINT('',(4.07E0,-6.82E0,-1.738E1));
#4042=VERTEX_POINT('',#4040);
#4043=VERTEX_POINT('',#4041);
#4044=CARTESIAN_POINT('',(4.07E0,-1.235E1,-1.738E1));
#4045=VERTEX_POINT('',#4044);
#4046=CARTESIAN_POINT('',(4.07E0,-1.235E1,-1.802E1));
#4047=VERTEX_POINT('',#4046);
#4048=CARTESIAN_POINT('',(4.07E0,-6.82E0,-1.802E1));
#4049=VERTEX_POINT('',#4048);
#4050=CARTESIAN_POINT('',(4.07E0,-5.18E0,-1.638E1));
#4051=VERTEX_POINT('',#4050);
#4052=CARTESIAN_POINT('',(3.43E0,-6.2E-1,-1.62E1));
#4053=CARTESIAN_POINT('',(3.43E0,1.999999999998E-2,-1.62E1));
#4054=VERTEX_POINT('',#4052);
#4055=VERTEX_POINT('',#4053);
#4056=CARTESIAN_POINT('',(4.07E0,-6.2E-1,-1.62E1));
#4057=CARTESIAN_POINT('',(4.07E0,1.999999999998E-2,-1.62E1));
#4058=VERTEX_POINT('',#4056);
#4059=VERTEX_POINT('',#4057);
#4060=CARTESIAN_POINT('',(3.43E0,-5.18E0,-1.62E1));
#4061=VERTEX_POINT('',#4060);
#4062=CARTESIAN_POINT('',(4.07E0,-5.18E0,-1.62E1));
#4063=VERTEX_POINT('',#4062);
#4064=CARTESIAN_POINT('',(1.75E0,1.999999999998E-2,-6.E0));
#4065=CARTESIAN_POINT('',(7.5E-1,1.999999999998E-2,-6.E0));
#4066=VERTEX_POINT('',#4064);
#4067=VERTEX_POINT('',#4065);
#4068=CARTESIAN_POINT('',(7.5E-1,-6.2E-1,-6.E0));
#4069=VERTEX_POINT('',#4068);
#4070=CARTESIAN_POINT('',(1.75E0,-6.2E-1,-6.E0));
#4071=VERTEX_POINT('',#4070);
#4072=CARTESIAN_POINT('',(1.75E0,1.999999999998E-2,-1.3E1));
#4073=VERTEX_POINT('',#4072);
#4074=CARTESIAN_POINT('',(7.5E-1,1.999999999998E-2,-1.3E1));
#4075=VERTEX_POINT('',#4074);
#4076=CARTESIAN_POINT('',(7.5E-1,-6.2E-1,-1.3E1));
#4077=VERTEX_POINT('',#4076);
#4078=CARTESIAN_POINT('',(1.75E0,-6.2E-1,-1.3E1));
#4079=VERTEX_POINT('',#4078);
#4080=CARTESIAN_POINT('',(1.75E0,-5.18E0,-6.E0));
#4081=CARTESIAN_POINT('',(1.75E0,-5.82E0,-6.E0));
#4082=VERTEX_POINT('',#4080);
#4083=VERTEX_POINT('',#4081);
#4084=CARTESIAN_POINT('',(7.5E-1,-5.18E0,-6.E0));
#4085=VERTEX_POINT('',#4084);
#4086=CARTESIAN_POINT('',(7.5E-1,-5.82E0,-6.E0));
#4087=VERTEX_POINT('',#4086);
#4088=CARTESIAN_POINT('',(1.75E0,-5.82E0,-1.3E1));
#4089=VERTEX_POINT('',#4088);
#4090=CARTESIAN_POINT('',(1.75E0,-5.18E0,-1.3E1));
#4091=VERTEX_POINT('',#4090);
#4092=CARTESIAN_POINT('',(7.5E-1,-5.18E0,-1.3E1));
#4093=VERTEX_POINT('',#4092);
#4094=CARTESIAN_POINT('',(7.5E-1,-5.82E0,-1.3E1));
#4095=VERTEX_POINT('',#4094);
#4096=CARTESIAN_POINT('',(9.3E-1,-6.2E-1,-1.938E1));
#4097=CARTESIAN_POINT('',(9.3E-1,-1.62E0,-2.038E1));
#4098=VERTEX_POINT('',#4096);
#4099=VERTEX_POINT('',#4097);
#4100=CARTESIAN_POINT('',(9.3E-1,-1.235E1,-2.038E1));
#4101=VERTEX_POINT('',#4100);
#4102=CARTESIAN_POINT('',(9.3E-1,-1.235E1,-2.102E1));
#4103=VERTEX_POINT('',#4102);
#4104=CARTESIAN_POINT('',(9.3E-1,-1.62E0,-2.102E1));
#4105=VERTEX_POINT('',#4104);
#4106=CARTESIAN_POINT('',(9.3E-1,1.999999999998E-2,-1.938E1));
#4107=VERTEX_POINT('',#4106);
#4108=CARTESIAN_POINT('',(9.3E-1,-5.82E0,-1.638E1));
#4109=CARTESIAN_POINT('',(9.3E-1,-6.82E0,-1.738E1));
#4110=VERTEX_POINT('',#4108);
#4111=VERTEX_POINT('',#4109);
#4112=CARTESIAN_POINT('',(9.3E-1,-1.235E1,-1.738E1));
#4113=VERTEX_POINT('',#4112);
#4114=CARTESIAN_POINT('',(9.3E-1,-1.235E1,-1.802E1));
#4115=VERTEX_POINT('',#4114);
#4116=CARTESIAN_POINT('',(9.3E-1,-6.82E0,-1.802E1));
#4117=VERTEX_POINT('',#4116);
#4118=CARTESIAN_POINT('',(9.3E-1,-5.18E0,-1.638E1));
#4119=VERTEX_POINT('',#4118);
#4120=CARTESIAN_POINT('',(1.57E0,-6.2E-1,-1.938E1));
#4121=CARTESIAN_POINT('',(1.57E0,-1.62E0,-2.038E1));
#4122=VERTEX_POINT('',#4120);
#4123=VERTEX_POINT('',#4121);
#4124=CARTESIAN_POINT('',(1.57E0,-1.235E1,-2.038E1));
#4125=VERTEX_POINT('',#4124);
#4126=CARTESIAN_POINT('',(1.57E0,-1.235E1,-2.102E1));
#4127=VERTEX_POINT('',#4126);
#4128=CARTESIAN_POINT('',(1.57E0,-1.62E0,-2.102E1));
#4129=VERTEX_POINT('',#4128);
#4130=CARTESIAN_POINT('',(1.57E0,1.999999999998E-2,-1.938E1));
#4131=VERTEX_POINT('',#4130);
#4132=CARTESIAN_POINT('',(1.57E0,-5.82E0,-1.638E1));
#4133=CARTESIAN_POINT('',(1.57E0,-6.82E0,-1.738E1));
#4134=VERTEX_POINT('',#4132);
#4135=VERTEX_POINT('',#4133);
#4136=CARTESIAN_POINT('',(1.57E0,-1.235E1,-1.738E1));
#4137=VERTEX_POINT('',#4136);
#4138=CARTESIAN_POINT('',(1.57E0,-1.235E1,-1.802E1));
#4139=VERTEX_POINT('',#4138);
#4140=CARTESIAN_POINT('',(1.57E0,-6.82E0,-1.802E1));
#4141=VERTEX_POINT('',#4140);
#4142=CARTESIAN_POINT('',(1.57E0,-5.18E0,-1.638E1));
#4143=VERTEX_POINT('',#4142);
#4144=CARTESIAN_POINT('',(9.3E-1,-6.2E-1,-1.62E1));
#4145=VERTEX_POINT('',#4144);
#4146=CARTESIAN_POINT('',(9.3E-1,1.999999999998E-2,-1.62E1));
#4147=VERTEX_POINT('',#4146);
#4148=CARTESIAN_POINT('',(9.3E-1,-5.18E0,-1.62E1));
#4149=VERTEX_POINT('',#4148);
#4150=CARTESIAN_POINT('',(1.57E0,-6.2E-1,-1.62E1));
#4151=VERTEX_POINT('',#4150);
#4152=CARTESIAN_POINT('',(1.57E0,1.999999999998E-2,-1.62E1));
#4153=VERTEX_POINT('',#4152);
#4154=CARTESIAN_POINT('',(1.57E0,-5.18E0,-1.62E1));
#4155=VERTEX_POINT('',#4154);
#4156=CARTESIAN_POINT('',(-7.5E-1,1.999999999998E-2,-6.E0));
#4157=CARTESIAN_POINT('',(-1.75E0,1.999999999998E-2,-6.E0));
#4158=VERTEX_POINT('',#4156);
#4159=VERTEX_POINT('',#4157);
#4160=CARTESIAN_POINT('',(-1.75E0,-6.2E-1,-6.E0));
#4161=VERTEX_POINT('',#4160);
#4162=CARTESIAN_POINT('',(-7.5E-1,-6.2E-1,-6.E0));
#4163=VERTEX_POINT('',#4162);
#4164=CARTESIAN_POINT('',(-7.5E-1,1.999999999998E-2,-1.3E1));
#4165=VERTEX_POINT('',#4164);
#4166=CARTESIAN_POINT('',(-1.75E0,1.999999999998E-2,-1.3E1));
#4167=VERTEX_POINT('',#4166);
#4168=CARTESIAN_POINT('',(-1.75E0,-6.2E-1,-1.3E1));
#4169=VERTEX_POINT('',#4168);
#4170=CARTESIAN_POINT('',(-7.5E-1,-6.2E-1,-1.3E1));
#4171=VERTEX_POINT('',#4170);
#4172=CARTESIAN_POINT('',(-7.5E-1,-5.18E0,-6.E0));
#4173=CARTESIAN_POINT('',(-7.5E-1,-5.82E0,-6.E0));
#4174=VERTEX_POINT('',#4172);
#4175=VERTEX_POINT('',#4173);
#4176=CARTESIAN_POINT('',(-1.75E0,-5.18E0,-6.E0));
#4177=VERTEX_POINT('',#4176);
#4178=CARTESIAN_POINT('',(-1.75E0,-5.82E0,-6.E0));
#4179=VERTEX_POINT('',#4178);
#4180=CARTESIAN_POINT('',(-7.5E-1,-5.82E0,-1.3E1));
#4181=VERTEX_POINT('',#4180);
#4182=CARTESIAN_POINT('',(-7.5E-1,-5.18E0,-1.3E1));
#4183=VERTEX_POINT('',#4182);
#4184=CARTESIAN_POINT('',(-1.75E0,-5.18E0,-1.3E1));
#4185=VERTEX_POINT('',#4184);
#4186=CARTESIAN_POINT('',(-1.75E0,-5.82E0,-1.3E1));
#4187=VERTEX_POINT('',#4186);
#4188=CARTESIAN_POINT('',(-1.57E0,-6.2E-1,-1.938E1));
#4189=CARTESIAN_POINT('',(-1.57E0,-1.62E0,-2.038E1));
#4190=VERTEX_POINT('',#4188);
#4191=VERTEX_POINT('',#4189);
#4192=CARTESIAN_POINT('',(-1.57E0,-1.235E1,-2.038E1));
#4193=VERTEX_POINT('',#4192);
#4194=CARTESIAN_POINT('',(-1.57E0,-1.235E1,-2.102E1));
#4195=VERTEX_POINT('',#4194);
#4196=CARTESIAN_POINT('',(-1.57E0,-1.62E0,-2.102E1));
#4197=VERTEX_POINT('',#4196);
#4198=CARTESIAN_POINT('',(-1.57E0,1.999999999998E-2,-1.938E1));
#4199=VERTEX_POINT('',#4198);
#4200=CARTESIAN_POINT('',(-1.57E0,-5.82E0,-1.638E1));
#4201=CARTESIAN_POINT('',(-1.57E0,-6.82E0,-1.738E1));
#4202=VERTEX_POINT('',#4200);
#4203=VERTEX_POINT('',#4201);
#4204=CARTESIAN_POINT('',(-1.57E0,-1.235E1,-1.738E1));
#4205=VERTEX_POINT('',#4204);
#4206=CARTESIAN_POINT('',(-1.57E0,-1.235E1,-1.802E1));
#4207=VERTEX_POINT('',#4206);
#4208=CARTESIAN_POINT('',(-1.57E0,-6.82E0,-1.802E1));
#4209=VERTEX_POINT('',#4208);
#4210=CARTESIAN_POINT('',(-1.57E0,-5.18E0,-1.638E1));
#4211=VERTEX_POINT('',#4210);
#4212=CARTESIAN_POINT('',(-9.3E-1,-6.2E-1,-1.938E1));
#4213=CARTESIAN_POINT('',(-9.3E-1,-1.62E0,-2.038E1));
#4214=VERTEX_POINT('',#4212);
#4215=VERTEX_POINT('',#4213);
#4216=CARTESIAN_POINT('',(-9.3E-1,-1.235E1,-2.038E1));
#4217=VERTEX_POINT('',#4216);
#4218=CARTESIAN_POINT('',(-9.3E-1,-1.235E1,-2.102E1));
#4219=VERTEX_POINT('',#4218);
#4220=CARTESIAN_POINT('',(-9.3E-1,-1.62E0,-2.102E1));
#4221=VERTEX_POINT('',#4220);
#4222=CARTESIAN_POINT('',(-9.3E-1,1.999999999998E-2,-1.938E1));
#4223=VERTEX_POINT('',#4222);
#4224=CARTESIAN_POINT('',(-9.3E-1,-5.82E0,-1.638E1));
#4225=CARTESIAN_POINT('',(-9.3E-1,-6.82E0,-1.738E1));
#4226=VERTEX_POINT('',#4224);
#4227=VERTEX_POINT('',#4225);
#4228=CARTESIAN_POINT('',(-9.3E-1,-1.235E1,-1.738E1));
#4229=VERTEX_POINT('',#4228);
#4230=CARTESIAN_POINT('',(-9.3E-1,-1.235E1,-1.802E1));
#4231=VERTEX_POINT('',#4230);
#4232=CARTESIAN_POINT('',(-9.3E-1,-6.82E0,-1.802E1));
#4233=VERTEX_POINT('',#4232);
#4234=CARTESIAN_POINT('',(-9.3E-1,-5.18E0,-1.638E1));
#4235=VERTEX_POINT('',#4234);
#4236=CARTESIAN_POINT('',(-1.57E0,-6.2E-1,-1.62E1));
#4237=VERTEX_POINT('',#4236);
#4238=CARTESIAN_POINT('',(-1.57E0,1.999999999998E-2,-1.62E1));
#4239=VERTEX_POINT('',#4238);
#4240=CARTESIAN_POINT('',(-1.57E0,-5.18E0,-1.62E1));
#4241=VERTEX_POINT('',#4240);
#4242=CARTESIAN_POINT('',(-9.3E-1,-6.2E-1,-1.62E1));
#4243=VERTEX_POINT('',#4242);
#4244=CARTESIAN_POINT('',(-9.3E-1,1.999999999998E-2,-1.62E1));
#4245=VERTEX_POINT('',#4244);
#4246=CARTESIAN_POINT('',(-9.3E-1,-5.18E0,-1.62E1));
#4247=VERTEX_POINT('',#4246);
#4248=CARTESIAN_POINT('',(-3.25E0,1.999999999998E-2,-6.E0));
#4249=CARTESIAN_POINT('',(-4.25E0,1.999999999998E-2,-6.E0));
#4250=VERTEX_POINT('',#4248);
#4251=VERTEX_POINT('',#4249);
#4252=CARTESIAN_POINT('',(-4.25E0,-6.2E-1,-6.E0));
#4253=VERTEX_POINT('',#4252);
#4254=CARTESIAN_POINT('',(-3.25E0,-6.2E-1,-6.E0));
#4255=VERTEX_POINT('',#4254);
#4256=CARTESIAN_POINT('',(-3.25E0,1.999999999998E-2,-1.3E1));
#4257=VERTEX_POINT('',#4256);
#4258=CARTESIAN_POINT('',(-4.25E0,1.999999999998E-2,-1.3E1));
#4259=VERTEX_POINT('',#4258);
#4260=CARTESIAN_POINT('',(-4.25E0,-6.2E-1,-1.3E1));
#4261=VERTEX_POINT('',#4260);
#4262=CARTESIAN_POINT('',(-3.25E0,-6.2E-1,-1.3E1));
#4263=VERTEX_POINT('',#4262);
#4264=CARTESIAN_POINT('',(-3.25E0,-5.18E0,-6.E0));
#4265=CARTESIAN_POINT('',(-3.25E0,-5.82E0,-6.E0));
#4266=VERTEX_POINT('',#4264);
#4267=VERTEX_POINT('',#4265);
#4268=CARTESIAN_POINT('',(-4.25E0,-5.18E0,-6.E0));
#4269=VERTEX_POINT('',#4268);
#4270=CARTESIAN_POINT('',(-4.25E0,-5.82E0,-6.E0));
#4271=VERTEX_POINT('',#4270);
#4272=CARTESIAN_POINT('',(-3.25E0,-5.82E0,-1.3E1));
#4273=VERTEX_POINT('',#4272);
#4274=CARTESIAN_POINT('',(-3.25E0,-5.18E0,-1.3E1));
#4275=VERTEX_POINT('',#4274);
#4276=CARTESIAN_POINT('',(-4.25E0,-5.18E0,-1.3E1));
#4277=VERTEX_POINT('',#4276);
#4278=CARTESIAN_POINT('',(-4.25E0,-5.82E0,-1.3E1));
#4279=VERTEX_POINT('',#4278);
#4280=CARTESIAN_POINT('',(-4.07E0,-6.2E-1,-1.938E1));
#4281=CARTESIAN_POINT('',(-4.07E0,-1.62E0,-2.038E1));
#4282=VERTEX_POINT('',#4280);
#4283=VERTEX_POINT('',#4281);
#4284=CARTESIAN_POINT('',(-4.07E0,-1.235E1,-2.038E1));
#4285=VERTEX_POINT('',#4284);
#4286=CARTESIAN_POINT('',(-4.07E0,-1.235E1,-2.102E1));
#4287=VERTEX_POINT('',#4286);
#4288=CARTESIAN_POINT('',(-4.07E0,-1.62E0,-2.102E1));
#4289=VERTEX_POINT('',#4288);
#4290=CARTESIAN_POINT('',(-4.07E0,1.999999999998E-2,-1.938E1));
#4291=VERTEX_POINT('',#4290);
#4292=CARTESIAN_POINT('',(-4.07E0,-5.82E0,-1.638E1));
#4293=CARTESIAN_POINT('',(-4.07E0,-6.82E0,-1.738E1));
#4294=VERTEX_POINT('',#4292);
#4295=VERTEX_POINT('',#4293);
#4296=CARTESIAN_POINT('',(-4.07E0,-1.235E1,-1.738E1));
#4297=VERTEX_POINT('',#4296);
#4298=CARTESIAN_POINT('',(-4.07E0,-1.235E1,-1.802E1));
#4299=VERTEX_POINT('',#4298);
#4300=CARTESIAN_POINT('',(-4.07E0,-6.82E0,-1.802E1));
#4301=VERTEX_POINT('',#4300);
#4302=CARTESIAN_POINT('',(-4.07E0,-5.18E0,-1.638E1));
#4303=VERTEX_POINT('',#4302);
#4304=CARTESIAN_POINT('',(-3.43E0,-6.2E-1,-1.938E1));
#4305=CARTESIAN_POINT('',(-3.43E0,-1.62E0,-2.038E1));
#4306=VERTEX_POINT('',#4304);
#4307=VERTEX_POINT('',#4305);
#4308=CARTESIAN_POINT('',(-3.43E0,-1.235E1,-2.038E1));
#4309=VERTEX_POINT('',#4308);
#4310=CARTESIAN_POINT('',(-3.43E0,-1.235E1,-2.102E1));
#4311=VERTEX_POINT('',#4310);
#4312=CARTESIAN_POINT('',(-3.43E0,-1.62E0,-2.102E1));
#4313=VERTEX_POINT('',#4312);
#4314=CARTESIAN_POINT('',(-3.43E0,1.999999999998E-2,-1.938E1));
#4315=VERTEX_POINT('',#4314);
#4316=CARTESIAN_POINT('',(-3.43E0,-5.82E0,-1.638E1));
#4317=CARTESIAN_POINT('',(-3.43E0,-6.82E0,-1.738E1));
#4318=VERTEX_POINT('',#4316);
#4319=VERTEX_POINT('',#4317);
#4320=CARTESIAN_POINT('',(-3.43E0,-1.235E1,-1.738E1));
#4321=VERTEX_POINT('',#4320);
#4322=CARTESIAN_POINT('',(-3.43E0,-1.235E1,-1.802E1));
#4323=VERTEX_POINT('',#4322);
#4324=CARTESIAN_POINT('',(-3.43E0,-6.82E0,-1.802E1));
#4325=VERTEX_POINT('',#4324);
#4326=CARTESIAN_POINT('',(-3.43E0,-5.18E0,-1.638E1));
#4327=VERTEX_POINT('',#4326);
#4328=CARTESIAN_POINT('',(-4.07E0,-6.2E-1,-1.62E1));
#4329=VERTEX_POINT('',#4328);
#4330=CARTESIAN_POINT('',(-4.07E0,1.999999999998E-2,-1.62E1));
#4331=VERTEX_POINT('',#4330);
#4332=CARTESIAN_POINT('',(-4.07E0,-5.18E0,-1.62E1));
#4333=VERTEX_POINT('',#4332);
#4334=CARTESIAN_POINT('',(-3.43E0,-6.2E-1,-1.62E1));
#4335=VERTEX_POINT('',#4334);
#4336=CARTESIAN_POINT('',(-3.43E0,1.999999999998E-2,-1.62E1));
#4337=VERTEX_POINT('',#4336);
#4338=CARTESIAN_POINT('',(-3.43E0,-5.18E0,-1.62E1));
#4339=VERTEX_POINT('',#4338);
#4340=CARTESIAN_POINT('',(-3.4E0,5.55E0,0.E0));
#4341=VERTEX_POINT('',#4340);
#4342=CARTESIAN_POINT('',(-3.E0,5.15E0,-4.E-1));
#4343=VERTEX_POINT('',#4342);
#4344=CARTESIAN_POINT('',(7.E0,3.7E0,-4.E-1));
#4345=VERTEX_POINT('',#4344);
#4346=CARTESIAN_POINT('',(3.E0,5.15E0,-4.E-1));
#4347=VERTEX_POINT('',#4346);
#4348=CARTESIAN_POINT('',(3.4E0,5.55E0,0.E0));
#4349=VERTEX_POINT('',#4348);
#4350=CARTESIAN_POINT('',(-7.E0,-3.8E0,-4.E-1));
#4351=CARTESIAN_POINT('',(-6.E0,-3.8E0,-4.E-1));
#4352=VERTEX_POINT('',#4350);
#4353=VERTEX_POINT('',#4351);
#4354=CARTESIAN_POINT('',(-6.4E0,-3.4E0,0.E0));
#4355=CARTESIAN_POINT('',(-6.4E0,1.6E0,0.E0));
#4356=VERTEX_POINT('',#4354);
#4357=VERTEX_POINT('',#4355);
#4358=CARTESIAN_POINT('',(-6.E0,2.E0,-4.E-1));
#4359=VERTEX_POINT('',#4358);
#4360=CARTESIAN_POINT('',(-7.E0,2.E0,-4.E-1));
#4361=VERTEX_POINT('',#4360);
#4362=CARTESIAN_POINT('',(-6.4E0,-7.75E0,0.E0));
#4363=CARTESIAN_POINT('',(-6.4E0,-5.9E0,0.E0));
#4364=VERTEX_POINT('',#4362);
#4365=VERTEX_POINT('',#4363);
#4366=CARTESIAN_POINT('',(-6.E0,-7.35E0,-4.E-1));
#4367=CARTESIAN_POINT('',(-6.E0,-5.5E0,-4.E-1));
#4368=VERTEX_POINT('',#4366);
#4369=VERTEX_POINT('',#4367);
#4370=CARTESIAN_POINT('',(-7.E0,-5.5E0,-4.E-1));
#4371=VERTEX_POINT('',#4370);
#4372=CARTESIAN_POINT('',(7.E0,-5.5E0,-4.E-1));
#4373=CARTESIAN_POINT('',(6.E0,-5.5E0,-4.E-1));
#4374=VERTEX_POINT('',#4372);
#4375=VERTEX_POINT('',#4373);
#4376=CARTESIAN_POINT('',(6.4E0,-5.9E0,0.E0));
#4377=VERTEX_POINT('',#4376);
#4378=CARTESIAN_POINT('',(7.E0,2.E0,-4.E-1));
#4379=CARTESIAN_POINT('',(6.E0,2.E0,-4.E-1));
#4380=VERTEX_POINT('',#4378);
#4381=VERTEX_POINT('',#4379);
#4382=CARTESIAN_POINT('',(6.4E0,1.6E0,0.E0));
#4383=CARTESIAN_POINT('',(6.4E0,-3.4E0,0.E0));
#4384=VERTEX_POINT('',#4382);
#4385=VERTEX_POINT('',#4383);
#4386=CARTESIAN_POINT('',(6.E0,-3.8E0,-4.E-1));
#4387=VERTEX_POINT('',#4386);
#4388=CARTESIAN_POINT('',(7.E0,-3.8E0,-4.E-1));
#4389=VERTEX_POINT('',#4388);
#4390=CARTESIAN_POINT('',(-2.85E0,-7.35E0,-1.3E1));
#4391=VERTEX_POINT('',#4390);
#4392=CARTESIAN_POINT('',(-2.85E0,-7.05E0,-1.3E1));
#4393=VERTEX_POINT('',#4392);
#4394=CARTESIAN_POINT('',(-2.15E0,-7.05E0,-1.3E1));
#4395=VERTEX_POINT('',#4394);
#4396=CARTESIAN_POINT('',(-2.15E0,-7.35E0,-1.3E1));
#4397=VERTEX_POINT('',#4396);
#4398=CARTESIAN_POINT('',(2.15E0,-7.35E0,-1.3E1));
#4399=VERTEX_POINT('',#4398);
#4400=CARTESIAN_POINT('',(2.15E0,-7.05E0,-1.3E1));
#4401=VERTEX_POINT('',#4400);
#4402=CARTESIAN_POINT('',(2.85E0,-7.05E0,-1.3E1));
#4403=VERTEX_POINT('',#4402);
#4404=CARTESIAN_POINT('',(-2.85E0,-7.05E0,0.E0));
#4405=CARTESIAN_POINT('',(-2.15E0,-7.05E0,0.E0));
#4406=VERTEX_POINT('',#4404);
#4407=VERTEX_POINT('',#4405);
#4408=CARTESIAN_POINT('',(2.15E0,-7.05E0,0.E0));
#4409=CARTESIAN_POINT('',(2.85E0,-7.05E0,0.E0));
#4410=VERTEX_POINT('',#4408);
#4411=VERTEX_POINT('',#4409);
#4412=CARTESIAN_POINT('',(-6.E0,-8.35E0,-1.41E1));
#4413=CARTESIAN_POINT('',(6.E0,-8.35E0,-1.41E1));
#4414=VERTEX_POINT('',#4412);
#4415=VERTEX_POINT('',#4413);
#4416=CARTESIAN_POINT('',(7.5E0,-7.35E0,-1.62E1));
#4417=CARTESIAN_POINT('',(6.E0,-7.35E0,-1.62E1));
#4418=VERTEX_POINT('',#4416);
#4419=VERTEX_POINT('',#4417);
#4420=CARTESIAN_POINT('',(6.E0,-5.18E0,-1.62E1));
#4421=CARTESIAN_POINT('',(6.E0,-7.5E-1,-1.62E1));
#4422=VERTEX_POINT('',#4420);
#4423=VERTEX_POINT('',#4421);
#4424=CARTESIAN_POINT('',(-6.E0,-7.5E-1,-1.62E1));
#4425=CARTESIAN_POINT('',(-6.E0,-5.18E0,-1.62E1));
#4426=VERTEX_POINT('',#4424);
#4427=VERTEX_POINT('',#4425);
#4428=CARTESIAN_POINT('',(-6.E0,-7.35E0,-1.62E1));
#4429=CARTESIAN_POINT('',(-7.5E0,-7.35E0,-1.62E1));
#4430=VERTEX_POINT('',#4428);
#4431=VERTEX_POINT('',#4429);
#4432=CARTESIAN_POINT('',(-6.E0,-7.35E0,-1.41E1));
#4433=VERTEX_POINT('',#4432);
#4434=CARTESIAN_POINT('',(-6.E0,-5.18E0,-1.59E1));
#4435=VERTEX_POINT('',#4434);
#4436=CARTESIAN_POINT('',(6.E0,-7.35E0,-1.41E1));
#4437=VERTEX_POINT('',#4436);
#4438=CARTESIAN_POINT('',(6.E0,-5.18E0,-1.59E1));
#4439=VERTEX_POINT('',#4438);
#4440=CARTESIAN_POINT('',(-6.E0,-6.85E0,-1.59E1));
#4441=VERTEX_POINT('',#4440);
#4442=CARTESIAN_POINT('',(-6.E0,-7.35E0,-1.54E1));
#4443=VERTEX_POINT('',#4442);
#4444=CARTESIAN_POINT('',(6.E0,-6.85E0,-1.59E1));
#4445=VERTEX_POINT('',#4444);
#4446=CARTESIAN_POINT('',(6.E0,-7.35E0,-1.54E1));
#4447=VERTEX_POINT('',#4446);
#4448=CARTESIAN_POINT('',(3.43E0,-5.18E0,-1.59E1));
#4449=VERTEX_POINT('',#4448);
#4450=CARTESIAN_POINT('',(4.07E0,-5.18E0,-1.59E1));
#4451=VERTEX_POINT('',#4450);
#4452=CARTESIAN_POINT('',(3.43E0,-5.82E0,-1.59E1));
#4453=VERTEX_POINT('',#4452);
#4454=CARTESIAN_POINT('',(4.07E0,-5.82E0,-1.59E1));
#4455=VERTEX_POINT('',#4454);
#4456=CARTESIAN_POINT('',(9.3E-1,-5.18E0,-1.59E1));
#4457=VERTEX_POINT('',#4456);
#4458=CARTESIAN_POINT('',(1.57E0,-5.18E0,-1.59E1));
#4459=VERTEX_POINT('',#4458);
#4460=CARTESIAN_POINT('',(9.3E-1,-5.82E0,-1.59E1));
#4461=VERTEX_POINT('',#4460);
#4462=CARTESIAN_POINT('',(1.57E0,-5.82E0,-1.59E1));
#4463=VERTEX_POINT('',#4462);
#4464=CARTESIAN_POINT('',(-1.57E0,-5.18E0,-1.59E1));
#4465=VERTEX_POINT('',#4464);
#4466=CARTESIAN_POINT('',(-9.3E-1,-5.18E0,-1.59E1));
#4467=VERTEX_POINT('',#4466);
#4468=CARTESIAN_POINT('',(-1.57E0,-5.82E0,-1.59E1));
#4469=VERTEX_POINT('',#4468);
#4470=CARTESIAN_POINT('',(-9.3E-1,-5.82E0,-1.59E1));
#4471=VERTEX_POINT('',#4470);
#4472=CARTESIAN_POINT('',(-4.07E0,-5.18E0,-1.59E1));
#4473=VERTEX_POINT('',#4472);
#4474=CARTESIAN_POINT('',(-3.43E0,-5.18E0,-1.59E1));
#4475=VERTEX_POINT('',#4474);
#4476=CARTESIAN_POINT('',(-4.07E0,-5.82E0,-1.59E1));
#4477=VERTEX_POINT('',#4476);
#4478=CARTESIAN_POINT('',(-3.43E0,-5.82E0,-1.59E1));
#4479=VERTEX_POINT('',#4478);
#4480=CARTESIAN_POINT('',(-2.85E0,-7.75E0,0.E0));
#4481=VERTEX_POINT('',#4480);
#4482=CARTESIAN_POINT('',(-2.85E0,-7.35E0,-4.E-1));
#4483=VERTEX_POINT('',#4482);
#4484=CARTESIAN_POINT('',(2.15E0,-7.35E0,-4.E-1));
#4485=CARTESIAN_POINT('',(-2.15E0,-7.35E0,-4.E-1));
#4486=VERTEX_POINT('',#4484);
#4487=VERTEX_POINT('',#4485);
#4488=CARTESIAN_POINT('',(2.15E0,-7.75E0,0.E0));
#4489=CARTESIAN_POINT('',(-2.15E0,-7.75E0,0.E0));
#4490=VERTEX_POINT('',#4488);
#4491=VERTEX_POINT('',#4489);
#4492=CARTESIAN_POINT('',(-6.E0,-8.35E0,-1.57E1));
#4493=CARTESIAN_POINT('',(-6.E0,-7.85E0,-1.62E1));
#4494=VERTEX_POINT('',#4492);
#4495=VERTEX_POINT('',#4493);
#4496=CARTESIAN_POINT('',(-8.55E0,-7.85E0,-1.62E1));
#4497=VERTEX_POINT('',#4496);
#4498=CARTESIAN_POINT('',(-8.55E0,-8.35E0,-1.57E1));
#4499=VERTEX_POINT('',#4498);
#4500=CARTESIAN_POINT('',(8.55E0,-8.35E0,-1.57E1));
#4501=CARTESIAN_POINT('',(8.55E0,-7.85E0,-1.62E1));
#4502=VERTEX_POINT('',#4500);
#4503=VERTEX_POINT('',#4501);
#4504=CARTESIAN_POINT('',(6.E0,-7.85E0,-1.62E1));
#4505=VERTEX_POINT('',#4504);
#4506=CARTESIAN_POINT('',(6.E0,-8.35E0,-1.57E1));
#4507=VERTEX_POINT('',#4506);
#4508=CARTESIAN_POINT('',(-6.E0,-1.75E0,-2.17E1));
#4509=CARTESIAN_POINT('',(-6.E0,-7.5E-1,-2.07E1));
#4510=VERTEX_POINT('',#4508);
#4511=VERTEX_POINT('',#4509);
#4512=CARTESIAN_POINT('',(-7.5E0,-7.5E-1,-2.07E1));
#4513=VERTEX_POINT('',#4512);
#4514=CARTESIAN_POINT('',(-7.5E0,-1.75E0,-2.17E1));
#4515=VERTEX_POINT('',#4514);
#4516=CARTESIAN_POINT('',(-7.5E0,-6.35E0,-2.17E1));
#4517=CARTESIAN_POINT('',(-7.5E0,-7.35E0,-2.07E1));
#4518=VERTEX_POINT('',#4516);
#4519=VERTEX_POINT('',#4517);
#4520=CARTESIAN_POINT('',(-6.E0,-7.35E0,-2.07E1));
#4521=VERTEX_POINT('',#4520);
#4522=CARTESIAN_POINT('',(-6.E0,-6.35E0,-2.17E1));
#4523=VERTEX_POINT('',#4522);
#4524=CARTESIAN_POINT('',(7.5E0,-1.75E0,-2.17E1));
#4525=CARTESIAN_POINT('',(7.5E0,-7.5E-1,-2.07E1));
#4526=VERTEX_POINT('',#4524);
#4527=VERTEX_POINT('',#4525);
#4528=CARTESIAN_POINT('',(6.E0,-7.5E-1,-2.07E1));
#4529=VERTEX_POINT('',#4528);
#4530=CARTESIAN_POINT('',(6.E0,-1.75E0,-2.17E1));
#4531=VERTEX_POINT('',#4530);
#4532=CARTESIAN_POINT('',(6.E0,-6.35E0,-2.17E1));
#4533=CARTESIAN_POINT('',(6.E0,-7.35E0,-2.07E1));
#4534=VERTEX_POINT('',#4532);
#4535=VERTEX_POINT('',#4533);
#4536=CARTESIAN_POINT('',(7.5E0,-7.35E0,-2.07E1));
#4537=VERTEX_POINT('',#4536);
#4538=CARTESIAN_POINT('',(7.5E0,-6.35E0,-2.17E1));
#4539=VERTEX_POINT('',#4538);
#4540=CARTESIAN_POINT('',(1.095E1,-3.35E0,-1.57E1));
#4541=CARTESIAN_POINT('',(1.095E1,-3.85E0,-1.62E1));
#4542=VERTEX_POINT('',#4540);
#4543=VERTEX_POINT('',#4541);
#4544=CARTESIAN_POINT('',(1.095E1,-7.85E0,-1.62E1));
#4545=CARTESIAN_POINT('',(1.095E1,-8.35E0,-1.57E1));
#4546=VERTEX_POINT('',#4544);
#4547=VERTEX_POINT('',#4545);
#4548=VERTEX_POINT('',#771);
#4549=CARTESIAN_POINT('',(7.500000000008E0,-2.850002758514E0,-1.03E1));
#4550=VERTEX_POINT('',#4549);
#4551=CARTESIAN_POINT('',(-1.095E1,-8.35E0,-1.57E1));
#4552=CARTESIAN_POINT('',(-1.095E1,-7.85E0,-1.62E1));
#4553=VERTEX_POINT('',#4551);
#4554=VERTEX_POINT('',#4552);
#4555=CARTESIAN_POINT('',(-1.245E1,-7.85E0,-1.62E1));
#4556=VERTEX_POINT('',#4555);
#4557=CARTESIAN_POINT('',(-1.245E1,-8.35E0,-1.57E1));
#4558=VERTEX_POINT('',#4557);
#4559=CARTESIAN_POINT('',(-1.095E1,-3.85E0,-1.62E1));
#4560=CARTESIAN_POINT('',(-1.095E1,-3.35E0,-1.57E1));
#4561=VERTEX_POINT('',#4559);
#4562=VERTEX_POINT('',#4560);
#4563=CARTESIAN_POINT('',(-1.245E1,-3.35E0,-1.57E1));
#4564=VERTEX_POINT('',#4563);
#4565=CARTESIAN_POINT('',(-1.245E1,-3.85E0,-1.62E1));
#4566=VERTEX_POINT('',#4565);
#4567=CARTESIAN_POINT('',(-1.245E1,-3.85E0,-9.8E0));
#4568=CARTESIAN_POINT('',(-1.245E1,-7.85E0,-9.8E0));
#4569=VERTEX_POINT('',#4567);
#4570=VERTEX_POINT('',#4568);
#4571=CARTESIAN_POINT('',(-1.295E1,-3.85E0,-1.03E1));
#4572=CARTESIAN_POINT('',(-1.295E1,-7.85E0,-1.03E1));
#4573=VERTEX_POINT('',#4571);
#4574=VERTEX_POINT('',#4572);
#4575=CARTESIAN_POINT('',(-1.245E1,-8.35E0,-1.03E1));
#4576=CARTESIAN_POINT('',(-8.E0,-8.35E0,-1.03E1));
#4577=VERTEX_POINT('',#4575);
#4578=VERTEX_POINT('',#4576);
#4579=CARTESIAN_POINT('',(-8.E0,-3.35E0,-1.030000000030E1));
#4580=CARTESIAN_POINT('',(-1.245E1,-3.35E0,-1.03E1));
#4581=VERTEX_POINT('',#4579);
#4582=VERTEX_POINT('',#4580);
#4583=CARTESIAN_POINT('',(-1.295E1,-3.85E0,-1.57E1));
#4584=VERTEX_POINT('',#4583);
#4585=CARTESIAN_POINT('',(-1.295E1,-7.85E0,-1.57E1));
#4586=VERTEX_POINT('',#4585);
#4587=CARTESIAN_POINT('',(-7.500000000008E0,-2.850002758619E0,-1.03E1));
#4588=VERTEX_POINT('',#4587);
#4589=VERTEX_POINT('',#881);
#4590=CARTESIAN_POINT('',(8.E0,-3.85E0,-1.62E1));
#4591=CARTESIAN_POINT('',(7.5E0,-3.716025403784E0,-1.62E1));
#4592=VERTEX_POINT('',#4590);
#4593=VERTEX_POINT('',#4591);
#4594=CARTESIAN_POINT('',(8.E0,-3.35E0,-1.57E1));
#4595=CARTESIAN_POINT('',(7.5E0,-2.85E0,-1.57E1));
#4596=VERTEX_POINT('',#4594);
#4597=VERTEX_POINT('',#4595);
#4598=CARTESIAN_POINT('',(8.55E0,-3.85E0,-1.62E1));
#4599=CARTESIAN_POINT('',(8.55E0,-3.35E0,-1.57E1));
#4600=VERTEX_POINT('',#4598);
#4601=VERTEX_POINT('',#4599);
#4602=CARTESIAN_POINT('',(-8.E0,-3.35E0,-1.57E1));
#4603=CARTESIAN_POINT('',(-7.5E0,-2.85E0,-1.57E1));
#4604=VERTEX_POINT('',#4602);
#4605=VERTEX_POINT('',#4603);
#4606=CARTESIAN_POINT('',(-8.E0,-3.85E0,-1.62E1));
#4607=CARTESIAN_POINT('',(-7.5E0,-3.716025403784E0,-1.62E1));
#4608=VERTEX_POINT('',#4606);
#4609=VERTEX_POINT('',#4607);
#4610=CARTESIAN_POINT('',(-8.55E0,-3.35E0,-1.57E1));
#4611=CARTESIAN_POINT('',(-8.55E0,-3.85E0,-1.62E1));
#4612=VERTEX_POINT('',#4610);
#4613=VERTEX_POINT('',#4611);
#4614=CARTESIAN_POINT('',(-7.E0,-7.5E-1,-1.62E1));
#4615=CARTESIAN_POINT('',(-7.E0,6.85E0,-1.62E1));
#4616=VERTEX_POINT('',#4614);
#4617=VERTEX_POINT('',#4615);
#4618=CARTESIAN_POINT('',(-7.5E0,-7.5E-1,-1.57E1));
#4619=VERTEX_POINT('',#4618);
#4620=CARTESIAN_POINT('',(7.5E0,-7.5E-1,-1.57E1));
#4621=VERTEX_POINT('',#4620);
#4622=CARTESIAN_POINT('',(7.E0,6.85E0,-1.62E1));
#4623=CARTESIAN_POINT('',(7.E0,-7.5E-1,-1.62E1));
#4624=VERTEX_POINT('',#4622);
#4625=VERTEX_POINT('',#4623);
#4626=CARTESIAN_POINT('',(-6.E0,7.85E0,-1.62E1));
#4627=CARTESIAN_POINT('',(6.E0,7.85E0,-1.62E1));
#4628=VERTEX_POINT('',#4626);
#4629=VERTEX_POINT('',#4627);
#4630=CARTESIAN_POINT('',(-3.E0,8.35E0,-5.E-1));
#4631=CARTESIAN_POINT('',(-3.E0,8.339897948557E0,-4.E-1));
#4632=VERTEX_POINT('',#4630);
#4633=VERTEX_POINT('',#4631);
#4634=VERTEX_POINT('',#1728);
#4635=CARTESIAN_POINT('',(-7.E0,7.85E0,0.E0));
#4636=VERTEX_POINT('',#4635);
#4637=CARTESIAN_POINT('',(-7.499994317334E0,-8.049999999828E0,
-5.000000027061E-1));
#4638=VERTEX_POINT('',#4637);
#4639=CARTESIAN_POINT('',(-7.E0,7.75E0,0.E0));
#4640=VERTEX_POINT('',#4639);
#4641=CARTESIAN_POINT('',(-7.E0,4.1E0,0.E0));
#4642=VERTEX_POINT('',#4641);
#4643=CARTESIAN_POINT('',(-7.E0,1.6E0,0.E0));
#4644=VERTEX_POINT('',#4643);
#4645=CARTESIAN_POINT('',(-7.E0,-3.4E0,0.E0));
#4646=VERTEX_POINT('',#4645);
#4647=CARTESIAN_POINT('',(-7.E0,-5.9E0,0.E0));
#4648=VERTEX_POINT('',#4647);
#4649=CARTESIAN_POINT('',(-7.E0,-7.85E0,0.E0));
#4650=VERTEX_POINT('',#4649);
#4651=CARTESIAN_POINT('',(-7.199999999052E0,-8.349968710571E0,
-5.000001090067E-1));
#4652=CARTESIAN_POINT('',(7.199999999828E0,-8.349994317334E0,
-5.000000027061E-1));
#4653=VERTEX_POINT('',#4651);
#4654=VERTEX_POINT('',#4652);
#4655=CARTESIAN_POINT('',(7.E0,-7.85E0,0.E0));
#4656=VERTEX_POINT('',#4655);
#4657=CARTESIAN_POINT('',(7.E0,-5.9E0,0.E0));
#4658=VERTEX_POINT('',#4657);
#4659=CARTESIAN_POINT('',(7.E0,-3.4E0,0.E0));
#4660=VERTEX_POINT('',#4659);
#4661=CARTESIAN_POINT('',(7.E0,1.6E0,0.E0));
#4662=VERTEX_POINT('',#4661);
#4663=CARTESIAN_POINT('',(7.E0,4.1E0,0.E0));
#4664=VERTEX_POINT('',#4663);
#4665=CARTESIAN_POINT('',(7.E0,7.75E0,0.E0));
#4666=VERTEX_POINT('',#4665);
#4667=CARTESIAN_POINT('',(7.E0,7.85E0,0.E0));
#4668=VERTEX_POINT('',#4667);
#4669=CARTESIAN_POINT('',(7.499968710571E0,-8.049999999052E0,
-5.000001090067E-1));
#4670=VERTEX_POINT('',#4669);
#4671=VERTEX_POINT('',#2376);
#4672=VERTEX_POINT('',#2381);
#4673=CARTESIAN_POINT('',(3.E0,8.35E0,-5.E-1));
#4674=VERTEX_POINT('',#4673);
#4675=VERTEX_POINT('',#348);
#4676=VERTEX_POINT('',#1588);
#4677=CARTESIAN_POINT('',(0.E0,0.E0,0.E0));
#4678=DIRECTION('',(0.E0,0.E0,1.E0));
#4679=DIRECTION('',(1.E0,0.E0,0.E0));
#4680=AXIS2_PLACEMENT_3D('',#4677,#4678,#4679);
#4681=PLANE('',#4680);
#4683=ORIENTED_EDGE('',*,*,#4682,.F.);
#4685=ORIENTED_EDGE('',*,*,#4684,.T.);
#4687=ORIENTED_EDGE('',*,*,#4686,.F.);
#4689=ORIENTED_EDGE('',*,*,#4688,.F.);
#4691=ORIENTED_EDGE('',*,*,#4690,.F.);
#4693=ORIENTED_EDGE('',*,*,#4692,.F.);
#4694=EDGE_LOOP('',(#4683,#4685,#4687,#4689,#4691,#4693));
#4695=FACE_OUTER_BOUND('',#4694,.F.);
#4697=CARTESIAN_POINT('',(0.E0,0.E0,0.E0));
#4698=DIRECTION('',(0.E0,0.E0,1.E0));
#4699=DIRECTION('',(1.E0,0.E0,0.E0));
#4700=AXIS2_PLACEMENT_3D('',#4697,#4698,#4699);
#4701=PLANE('',#4700);
#4703=ORIENTED_EDGE('',*,*,#4702,.F.);
#4705=ORIENTED_EDGE('',*,*,#4704,.F.);
#4707=ORIENTED_EDGE('',*,*,#4706,.F.);
#4709=ORIENTED_EDGE('',*,*,#4708,.F.);
#4710=EDGE_LOOP('',(#4703,#4705,#4707,#4709));
#4711=FACE_OUTER_BOUND('',#4710,.F.);
#4713=CARTESIAN_POINT('',(0.E0,0.E0,0.E0));
#4714=DIRECTION('',(0.E0,0.E0,1.E0));
#4715=DIRECTION('',(1.E0,0.E0,0.E0));
#4716=AXIS2_PLACEMENT_3D('',#4713,#4714,#4715);
#4717=PLANE('',#4716);
#4719=ORIENTED_EDGE('',*,*,#4718,.F.);
#4721=ORIENTED_EDGE('',*,*,#4720,.F.);
#4723=ORIENTED_EDGE('',*,*,#4722,.F.);
#4725=ORIENTED_EDGE('',*,*,#4724,.F.);
#4727=ORIENTED_EDGE('',*,*,#4726,.F.);
#4729=ORIENTED_EDGE('',*,*,#4728,.T.);
#4731=ORIENTED_EDGE('',*,*,#4730,.F.);
#4733=ORIENTED_EDGE('',*,*,#4732,.F.);
#4735=ORIENTED_EDGE('',*,*,#4734,.F.);
#4737=ORIENTED_EDGE('',*,*,#4736,.T.);
#4739=ORIENTED_EDGE('',*,*,#4738,.F.);
#4741=ORIENTED_EDGE('',*,*,#4740,.F.);
#4743=ORIENTED_EDGE('',*,*,#4742,.F.);
#4745=ORIENTED_EDGE('',*,*,#4744,.F.);
#4747=ORIENTED_EDGE('',*,*,#4746,.F.);
#4749=ORIENTED_EDGE('',*,*,#4748,.F.);
#4750=EDGE_LOOP('',(#4719,#4721,#4723,#4725,#4727,#4729,#4731,#4733,#4735,#4737,
#4739,#4741,#4743,#4745,#4747,#4749));
#4751=FACE_OUTER_BOUND('',#4750,.F.);
#4753=CARTESIAN_POINT('',(0.E0,0.E0,0.E0));
#4754=DIRECTION('',(0.E0,0.E0,1.E0));
#4755=DIRECTION('',(1.E0,0.E0,0.E0));
#4756=AXIS2_PLACEMENT_3D('',#4753,#4754,#4755);
#4757=PLANE('',#4756);
#4759=ORIENTED_EDGE('',*,*,#4758,.F.);
#4761=ORIENTED_EDGE('',*,*,#4760,.F.);
#4763=ORIENTED_EDGE('',*,*,#4762,.F.);
#4765=ORIENTED_EDGE('',*,*,#4764,.F.);
#4766=EDGE_LOOP('',(#4759,#4761,#4763,#4765));
#4767=FACE_OUTER_BOUND('',#4766,.F.);
#4769=CARTESIAN_POINT('',(0.E0,0.E0,0.E0));
#4770=DIRECTION('',(0.E0,0.E0,1.E0));
#4771=DIRECTION('',(1.E0,0.E0,0.E0));
#4772=AXIS2_PLACEMENT_3D('',#4769,#4770,#4771);
#4773=PLANE('',#4772);
#4775=ORIENTED_EDGE('',*,*,#4774,.F.);
#4777=ORIENTED_EDGE('',*,*,#4776,.F.);
#4779=ORIENTED_EDGE('',*,*,#4778,.F.);
#4781=ORIENTED_EDGE('',*,*,#4780,.F.);
#4783=ORIENTED_EDGE('',*,*,#4782,.T.);
#4785=ORIENTED_EDGE('',*,*,#4784,.F.);
#4786=EDGE_LOOP('',(#4775,#4777,#4779,#4781,#4783,#4785));
#4787=FACE_OUTER_BOUND('',#4786,.F.);
#4789=CARTESIAN_POINT('',(4.671324E1,7.85E0,-5.E-1));
#4790=DIRECTION('',(-1.E0,0.E0,0.E0));
#4791=DIRECTION('',(0.E0,0.E0,1.E0));
#4792=AXIS2_PLACEMENT_3D('',#4789,#4790,#4791);
#4793=CYLINDRICAL_SURFACE('',#4792,5.E-1);
#4795=ORIENTED_EDGE('',*,*,#4794,.T.);
#4797=ORIENTED_EDGE('',*,*,#4796,.T.);
#4798=ORIENTED_EDGE('',*,*,#4682,.T.);
#4800=ORIENTED_EDGE('',*,*,#4799,.F.);
#4802=ORIENTED_EDGE('',*,*,#4801,.F.);
#4804=ORIENTED_EDGE('',*,*,#4803,.F.);
#4805=EDGE_LOOP('',(#4795,#4797,#4798,#4800,#4802,#4804));
#4806=FACE_OUTER_BOUND('',#4805,.F.);
#4808=CARTESIAN_POINT('',(-3.E0,7.75E0,0.E0));
#4809=DIRECTION('',(-1.E0,0.E0,0.E0));
#4810=DIRECTION('',(0.E0,-1.E0,0.E0));
#4811=AXIS2_PLACEMENT_3D('',#4808,#4809,#4810);
#4812=PLANE('',#4811);
#4813=ORIENTED_EDGE('',*,*,#4794,.F.);
#4815=ORIENTED_EDGE('',*,*,#4814,.T.);
#4817=ORIENTED_EDGE('',*,*,#4816,.T.);
#4819=ORIENTED_EDGE('',*,*,#4818,.T.);
#4821=ORIENTED_EDGE('',*,*,#4820,.F.);
#4823=ORIENTED_EDGE('',*,*,#4822,.F.);
#4825=ORIENTED_EDGE('',*,*,#4824,.F.);
#4827=ORIENTED_EDGE('',*,*,#4826,.F.);
#4829=ORIENTED_EDGE('',*,*,#4828,.T.);
#4831=ORIENTED_EDGE('',*,*,#4830,.T.);
#4833=ORIENTED_EDGE('',*,*,#4832,.F.);
#4835=ORIENTED_EDGE('',*,*,#4834,.F.);
#4837=ORIENTED_EDGE('',*,*,#4836,.F.);
#4839=ORIENTED_EDGE('',*,*,#4838,.F.);
#4840=EDGE_LOOP('',(#4813,#4815,#4817,#4819,#4821,#4823,#4825,#4827,#4829,#4831,
#4833,#4835,#4837,#4839));
#4841=FACE_OUTER_BOUND('',#4840,.F.);
#4843=CARTESIAN_POINT('',(7.5E0,8.35E0,0.E0));
#4844=DIRECTION('',(0.E0,1.E0,0.E0));
#4845=DIRECTION('',(-1.E0,0.E0,0.E0));
#4846=AXIS2_PLACEMENT_3D('',#4843,#4844,#4845);
#4847=PLANE('',#4846);
#4849=ORIENTED_EDGE('',*,*,#4848,.F.);
#4851=ORIENTED_EDGE('',*,*,#4850,.T.);
#4853=ORIENTED_EDGE('',*,*,#4852,.T.);
#4855=ORIENTED_EDGE('',*,*,#4854,.F.);
#4856=ORIENTED_EDGE('',*,*,#4814,.F.);
#4857=ORIENTED_EDGE('',*,*,#4803,.T.);
#4859=ORIENTED_EDGE('',*,*,#4858,.T.);
#4861=ORIENTED_EDGE('',*,*,#4860,.T.);
#4862=EDGE_LOOP('',(#4849,#4851,#4853,#4855,#4856,#4857,#4859,#4861));
#4863=FACE_OUTER_BOUND('',#4862,.F.);
#4865=CARTESIAN_POINT('',(6.E0,6.85E0,2.828812E1));
#4866=DIRECTION('',(0.E0,0.E0,-1.E0));
#4867=DIRECTION('',(0.E0,1.E0,0.E0));
#4868=AXIS2_PLACEMENT_3D('',#4865,#4866,#4867);
#4869=CYLINDRICAL_SURFACE('',#4868,1.5E0);
#4871=ORIENTED_EDGE('',*,*,#4870,.F.);
#4873=ORIENTED_EDGE('',*,*,#4872,.F.);
#4875=ORIENTED_EDGE('',*,*,#4874,.F.);
#4876=ORIENTED_EDGE('',*,*,#4848,.T.);
#4878=ORIENTED_EDGE('',*,*,#4877,.T.);
#4879=EDGE_LOOP('',(#4871,#4873,#4875,#4876,#4878));
#4880=FACE_OUTER_BOUND('',#4879,.F.);
#4882=CARTESIAN_POINT('',(7.5E0,-8.35E0,0.E0));
#4883=DIRECTION('',(1.E0,0.E0,0.E0));
#4884=DIRECTION('',(0.E0,1.E0,0.E0));
#4885=AXIS2_PLACEMENT_3D('',#4882,#4883,#4884);
#4886=PLANE('',#4885);
#4888=ORIENTED_EDGE('',*,*,#4887,.F.);
#4890=ORIENTED_EDGE('',*,*,#4889,.F.);
#4892=ORIENTED_EDGE('',*,*,#4891,.T.);
#4894=ORIENTED_EDGE('',*,*,#4893,.F.);
#4896=ORIENTED_EDGE('',*,*,#4895,.T.);
#4898=ORIENTED_EDGE('',*,*,#4897,.F.);
#4900=ORIENTED_EDGE('',*,*,#4899,.T.);
#4901=ORIENTED_EDGE('',*,*,#4870,.T.);
#4903=ORIENTED_EDGE('',*,*,#4902,.T.);
#4905=ORIENTED_EDGE('',*,*,#4904,.F.);
#4907=ORIENTED_EDGE('',*,*,#4906,.F.);
#4909=ORIENTED_EDGE('',*,*,#4908,.T.);
#4911=ORIENTED_EDGE('',*,*,#4910,.F.);
#4913=ORIENTED_EDGE('',*,*,#4912,.F.);
#4914=EDGE_LOOP('',(#4888,#4890,#4892,#4894,#4896,#4898,#4900,#4901,#4903,#4905,
#4907,#4909,#4911,#4913));
#4915=FACE_OUTER_BOUND('',#4914,.F.);
#4917=CARTESIAN_POINT('',(0.E0,0.E0,-1.62E1));
#4918=DIRECTION('',(0.E0,0.E0,1.E0));
#4919=DIRECTION('',(1.E0,0.E0,0.E0));
#4920=AXIS2_PLACEMENT_3D('',#4917,#4918,#4919);
#4921=PLANE('',#4920);
#4923=ORIENTED_EDGE('',*,*,#4922,.T.);
#4924=ORIENTED_EDGE('',*,*,#4887,.T.);
#4926=ORIENTED_EDGE('',*,*,#4925,.T.);
#4928=ORIENTED_EDGE('',*,*,#4927,.F.);
#4930=ORIENTED_EDGE('',*,*,#4929,.T.);
#4932=ORIENTED_EDGE('',*,*,#4931,.T.);
#4934=ORIENTED_EDGE('',*,*,#4933,.T.);
#4936=ORIENTED_EDGE('',*,*,#4935,.F.);
#4938=ORIENTED_EDGE('',*,*,#4937,.T.);
#4940=ORIENTED_EDGE('',*,*,#4939,.F.);
#4942=ORIENTED_EDGE('',*,*,#4941,.F.);
#4944=ORIENTED_EDGE('',*,*,#4943,.T.);
#4946=ORIENTED_EDGE('',*,*,#4945,.T.);
#4948=ORIENTED_EDGE('',*,*,#4947,.F.);
#4950=ORIENTED_EDGE('',*,*,#4949,.T.);
#4951=EDGE_LOOP('',(#4923,#4924,#4926,#4928,#4930,#4932,#4934,#4936,#4938,#4940,
#4942,#4944,#4946,#4948,#4950));
#4952=FACE_OUTER_BOUND('',#4951,.F.);
#4954=CARTESIAN_POINT('',(0.E0,0.E0,-1.62E1));
#4955=DIRECTION('',(0.E0,0.E0,1.E0));
#4956=DIRECTION('',(1.E0,0.E0,0.E0));
#4957=AXIS2_PLACEMENT_3D('',#4954,#4955,#4956);
#4958=PLANE('',#4957);
#4960=ORIENTED_EDGE('',*,*,#4959,.F.);
#4962=ORIENTED_EDGE('',*,*,#4961,.F.);
#4964=ORIENTED_EDGE('',*,*,#4963,.F.);
#4966=ORIENTED_EDGE('',*,*,#4965,.T.);
#4968=ORIENTED_EDGE('',*,*,#4967,.T.);
#4970=ORIENTED_EDGE('',*,*,#4969,.F.);
#4972=ORIENTED_EDGE('',*,*,#4971,.F.);
#4974=ORIENTED_EDGE('',*,*,#4973,.T.);
#4976=ORIENTED_EDGE('',*,*,#4975,.T.);
#4978=ORIENTED_EDGE('',*,*,#4977,.T.);
#4980=ORIENTED_EDGE('',*,*,#4979,.F.);
#4982=ORIENTED_EDGE('',*,*,#4981,.T.);
#4984=ORIENTED_EDGE('',*,*,#4983,.T.);
#4986=ORIENTED_EDGE('',*,*,#4985,.T.);
#4988=ORIENTED_EDGE('',*,*,#4987,.T.);
#4989=EDGE_LOOP('',(#4960,#4962,#4964,#4966,#4968,#4970,#4972,#4974,#4976,#4978,
#4980,#4982,#4984,#4986,#4988));
#4990=FACE_OUTER_BOUND('',#4989,.F.);
#4992=CARTESIAN_POINT('',(0.E0,0.E0,-1.62E1));
#4993=DIRECTION('',(0.E0,0.E0,1.E0));
#4994=DIRECTION('',(1.E0,0.E0,0.E0));
#4995=AXIS2_PLACEMENT_3D('',#4992,#4993,#4994);
#4996=PLANE('',#4995);
#4998=ORIENTED_EDGE('',*,*,#4997,.T.);
#5000=ORIENTED_EDGE('',*,*,#4999,.T.);
#5002=ORIENTED_EDGE('',*,*,#5001,.T.);
#5004=ORIENTED_EDGE('',*,*,#5003,.T.);
#5006=ORIENTED_EDGE('',*,*,#5005,.T.);
#5008=ORIENTED_EDGE('',*,*,#5007,.T.);
#5010=ORIENTED_EDGE('',*,*,#5009,.T.);
#5012=ORIENTED_EDGE('',*,*,#5011,.T.);
#5014=ORIENTED_EDGE('',*,*,#5013,.T.);
#5016=ORIENTED_EDGE('',*,*,#5015,.F.);
#5018=ORIENTED_EDGE('',*,*,#5017,.F.);
#5020=ORIENTED_EDGE('',*,*,#5019,.F.);
#5022=ORIENTED_EDGE('',*,*,#5021,.F.);
#5024=ORIENTED_EDGE('',*,*,#5023,.F.);
#5026=ORIENTED_EDGE('',*,*,#5025,.T.);
#5028=ORIENTED_EDGE('',*,*,#5027,.T.);
#5030=ORIENTED_EDGE('',*,*,#5029,.T.);
#5032=ORIENTED_EDGE('',*,*,#5031,.T.);
#5033=EDGE_LOOP('',(#4998,#5000,#5002,#5004,#5006,#5008,#5010,#5012,#5014,#5016,
#5018,#5020,#5022,#5024,#5026,#5028,#5030,#5032));
#5034=FACE_OUTER_BOUND('',#5033,.F.);
#5036=ORIENTED_EDGE('',*,*,#5035,.T.);
#5038=ORIENTED_EDGE('',*,*,#5037,.T.);
#5040=ORIENTED_EDGE('',*,*,#5039,.F.);
#5042=ORIENTED_EDGE('',*,*,#5041,.F.);
#5043=EDGE_LOOP('',(#5036,#5038,#5040,#5042));
#5044=FACE_BOUND('',#5043,.F.);
#5046=ORIENTED_EDGE('',*,*,#5045,.T.);
#5048=ORIENTED_EDGE('',*,*,#5047,.T.);
#5050=ORIENTED_EDGE('',*,*,#5049,.F.);
#5052=ORIENTED_EDGE('',*,*,#5051,.F.);
#5053=EDGE_LOOP('',(#5046,#5048,#5050,#5052));
#5054=FACE_BOUND('',#5053,.F.);
#5056=ORIENTED_EDGE('',*,*,#5055,.T.);
#5058=ORIENTED_EDGE('',*,*,#5057,.T.);
#5060=ORIENTED_EDGE('',*,*,#5059,.F.);
#5062=ORIENTED_EDGE('',*,*,#5061,.F.);
#5063=EDGE_LOOP('',(#5056,#5058,#5060,#5062));
#5064=FACE_BOUND('',#5063,.F.);
#5066=ORIENTED_EDGE('',*,*,#5065,.T.);
#5068=ORIENTED_EDGE('',*,*,#5067,.T.);
#5070=ORIENTED_EDGE('',*,*,#5069,.F.);
#5072=ORIENTED_EDGE('',*,*,#5071,.F.);
#5073=EDGE_LOOP('',(#5066,#5068,#5070,#5072));
#5074=FACE_BOUND('',#5073,.F.);
#5076=CARTESIAN_POINT('',(8.E0,-2.85E0,-1.57E1));
#5077=DIRECTION('',(0.E0,0.E0,1.E0));
#5078=DIRECTION('',(1.112179248507E-1,-9.937960420488E-1,0.E0));
#5079=AXIS2_PLACEMENT_3D('',#5076,#5077,#5078);
#5080=TOROIDAL_SURFACE('',#5079,1.E0,5.E-1);
#5081=ORIENTED_EDGE('',*,*,#4922,.F.);
#5083=ORIENTED_EDGE('',*,*,#5082,.F.);
#5085=ORIENTED_EDGE('',*,*,#5084,.T.);
#5086=ORIENTED_EDGE('',*,*,#4889,.T.);
#5087=EDGE_LOOP('',(#5081,#5083,#5085,#5086));
#5088=FACE_OUTER_BOUND('',#5087,.F.);
#5090=CARTESIAN_POINT('',(4.671324E1,-3.85E0,-1.57E1));
#5091=DIRECTION('',(-1.E0,0.E0,0.E0));
#5092=DIRECTION('',(0.E0,1.E0,0.E0));
#5093=AXIS2_PLACEMENT_3D('',#5090,#5091,#5092);
#5094=CYLINDRICAL_SURFACE('',#5093,5.E-1);
#5096=ORIENTED_EDGE('',*,*,#5095,.T.);
#5098=ORIENTED_EDGE('',*,*,#5097,.T.);
#5099=ORIENTED_EDGE('',*,*,#5082,.T.);
#5100=ORIENTED_EDGE('',*,*,#4949,.F.);
#5101=EDGE_LOOP('',(#5096,#5098,#5099,#5100));
#5102=FACE_OUTER_BOUND('',#5101,.F.);
#5104=CARTESIAN_POINT('',(8.55E0,1.002E1,-1.62E1));
#5105=DIRECTION('',(-1.E0,0.E0,0.E0));
#5106=DIRECTION('',(0.E0,0.E0,1.E0));
#5107=AXIS2_PLACEMENT_3D('',#5104,#5105,#5106);
#5108=PLANE('',#5107);
#5109=ORIENTED_EDGE('',*,*,#5095,.F.);
#5110=ORIENTED_EDGE('',*,*,#4947,.T.);
#5112=ORIENTED_EDGE('',*,*,#5111,.T.);
#5114=ORIENTED_EDGE('',*,*,#5113,.T.);
#5116=ORIENTED_EDGE('',*,*,#5115,.F.);
#5117=EDGE_LOOP('',(#5109,#5110,#5112,#5114,#5116));
#5118=FACE_OUTER_BOUND('',#5117,.F.);
#5120=CARTESIAN_POINT('',(-8.55E0,-4.95E0,1.62E0));
#5121=DIRECTION('',(0.E0,1.E0,0.E0));
#5122=DIRECTION('',(-1.E0,0.E0,0.E0));
#5123=AXIS2_PLACEMENT_3D('',#5120,#5121,#5122);
#5124=PLANE('',#5123);
#5125=ORIENTED_EDGE('',*,*,#4945,.F.);
#5127=ORIENTED_EDGE('',*,*,#5126,.F.);
#5129=ORIENTED_EDGE('',*,*,#5128,.T.);
#5131=ORIENTED_EDGE('',*,*,#5130,.T.);
#5132=ORIENTED_EDGE('',*,*,#5111,.F.);
#5133=EDGE_LOOP('',(#5125,#5127,#5129,#5131,#5132));
#5134=FACE_OUTER_BOUND('',#5133,.F.);
#5136=CARTESIAN_POINT('',(-8.55E0,-4.95E0,1.62E0));
#5137=DIRECTION('',(0.E0,1.E0,0.E0));
#5138=DIRECTION('',(-1.E0,0.E0,0.E0));
#5139=AXIS2_PLACEMENT_3D('',#5136,#5137,#5138);
#5140=PLANE('',#5139);
#5141=ORIENTED_EDGE('',*,*,#4965,.F.);
#5143=ORIENTED_EDGE('',*,*,#5142,.F.);
#5145=ORIENTED_EDGE('',*,*,#5144,.T.);
#5147=ORIENTED_EDGE('',*,*,#5146,.T.);
#5149=ORIENTED_EDGE('',*,*,#5148,.F.);
#5150=EDGE_LOOP('',(#5141,#5143,#5145,#5147,#5149));
#5151=FACE_OUTER_BOUND('',#5150,.F.);
#5153=CARTESIAN_POINT('',(1.095E1,1.002E1,-1.3E1));
#5154=DIRECTION('',(1.E0,0.E0,0.E0));
#5155=DIRECTION('',(0.E0,0.E0,-1.E0));
#5156=AXIS2_PLACEMENT_3D('',#5153,#5154,#5155);
#5157=PLANE('',#5156);
#5159=ORIENTED_EDGE('',*,*,#5158,.F.);
#5161=ORIENTED_EDGE('',*,*,#5160,.T.);
#5163=ORIENTED_EDGE('',*,*,#5162,.F.);
#5164=ORIENTED_EDGE('',*,*,#5126,.T.);
#5165=ORIENTED_EDGE('',*,*,#4943,.F.);
#5166=EDGE_LOOP('',(#5159,#5161,#5163,#5164,#5165));
#5167=FACE_OUTER_BOUND('',#5166,.F.);
#5169=CARTESIAN_POINT('',(7.442046059552E0,-3.85E0,-1.57E1));
#5170=DIRECTION('',(1.E0,0.E0,0.E0));
#5171=DIRECTION('',(0.E0,0.E0,-1.E0));
#5172=AXIS2_PLACEMENT_3D('',#5169,#5170,#5171);
#5173=CYLINDRICAL_SURFACE('',#5172,5.E-1);
#5174=ORIENTED_EDGE('',*,*,#5158,.T.);
#5175=ORIENTED_EDGE('',*,*,#4941,.T.);
#5177=ORIENTED_EDGE('',*,*,#5176,.F.);
#5179=ORIENTED_EDGE('',*,*,#5178,.F.);
#5180=EDGE_LOOP('',(#5174,#5175,#5177,#5179));
#5181=FACE_OUTER_BOUND('',#5180,.F.);
#5183=CARTESIAN_POINT('',(1.245E1,-3.85E0,-1.57E1));
#5184=DIRECTION('',(7.071067811865E-1,0.E0,7.071067811865E-1));
#5185=DIRECTION('',(7.071067811865E-1,0.E0,-7.071067811865E-1));
#5186=AXIS2_PLACEMENT_3D('',#5183,#5184,#5185);
#5187=SPHERICAL_SURFACE('',#5186,5.E-1);
#5189=ORIENTED_EDGE('',*,*,#5188,.T.);
#5191=ORIENTED_EDGE('',*,*,#5190,.T.);
#5192=ORIENTED_EDGE('',*,*,#5176,.T.);
#5193=EDGE_LOOP('',(#5189,#5191,#5192));
#5194=FACE_OUTER_BOUND('',#5193,.F.);
#5196=CARTESIAN_POINT('',(1.245E1,-3.292046059552E0,-1.57E1));
#5197=DIRECTION('',(0.E0,-1.E0,0.E0));
#5198=DIRECTION('',(0.E0,0.E0,-1.E0));
#5199=AXIS2_PLACEMENT_3D('',#5196,#5197,#5198);
#5200=CYLINDRICAL_SURFACE('',#5199,5.E-1);
#5202=ORIENTED_EDGE('',*,*,#5201,.F.);
#5204=ORIENTED_EDGE('',*,*,#5203,.F.);
#5205=ORIENTED_EDGE('',*,*,#5188,.F.);
#5206=ORIENTED_EDGE('',*,*,#4939,.T.);
#5207=EDGE_LOOP('',(#5202,#5204,#5205,#5206));
#5208=FACE_OUTER_BOUND('',#5207,.F.);
#5210=CARTESIAN_POINT('',(1.245E1,-7.85E0,-1.57E1));
#5211=DIRECTION('',(7.071067811865E-1,7.071067811865E-1,0.E0));
#5212=DIRECTION('',(7.071067811865E-1,-7.071067811865E-1,0.E0));
#5213=AXIS2_PLACEMENT_3D('',#5210,#5211,#5212);
#5214=SPHERICAL_SURFACE('',#5213,5.E-1);
#5216=ORIENTED_EDGE('',*,*,#5215,.T.);
#5218=ORIENTED_EDGE('',*,*,#5217,.T.);
#5219=ORIENTED_EDGE('',*,*,#5201,.T.);
#5220=EDGE_LOOP('',(#5216,#5218,#5219));
#5221=FACE_OUTER_BOUND('',#5220,.F.);
#5223=CARTESIAN_POINT('',(-1.300795394045E1,-7.85E0,-1.57E1));
#5224=DIRECTION('',(1.E0,0.E0,0.E0));
#5225=DIRECTION('',(0.E0,-1.E0,0.E0));
#5226=AXIS2_PLACEMENT_3D('',#5223,#5224,#5225);
#5227=CYLINDRICAL_SURFACE('',#5226,5.E-1);
#5228=ORIENTED_EDGE('',*,*,#5215,.F.);
#5229=ORIENTED_EDGE('',*,*,#4937,.F.);
#5231=ORIENTED_EDGE('',*,*,#5230,.T.);
#5233=ORIENTED_EDGE('',*,*,#5232,.T.);
#5234=EDGE_LOOP('',(#5228,#5229,#5231,#5233));
#5235=FACE_OUTER_BOUND('',#5234,.F.);
#5237=CARTESIAN_POINT('',(1.095E1,-8.35E0,-1.62E1));
#5238=DIRECTION('',(1.E0,0.E0,0.E0));
#5239=DIRECTION('',(0.E0,0.E0,1.E0));
#5240=AXIS2_PLACEMENT_3D('',#5237,#5238,#5239);
#5241=PLANE('',#5240);
#5242=ORIENTED_EDGE('',*,*,#5230,.F.);
#5243=ORIENTED_EDGE('',*,*,#4935,.T.);
#5245=ORIENTED_EDGE('',*,*,#5244,.T.);
#5247=ORIENTED_EDGE('',*,*,#5246,.F.);
#5249=ORIENTED_EDGE('',*,*,#5248,.F.);
#5250=EDGE_LOOP('',(#5242,#5243,#5245,#5247,#5249));
#5251=FACE_OUTER_BOUND('',#5250,.F.);
#5253=CARTESIAN_POINT('',(-1.095E1,-6.75E0,1.62E0));
#5254=DIRECTION('',(0.E0,-1.E0,0.E0));
#5255=DIRECTION('',(1.E0,0.E0,0.E0));
#5256=AXIS2_PLACEMENT_3D('',#5253,#5254,#5255);
#5257=PLANE('',#5256);
#5259=ORIENTED_EDGE('',*,*,#5258,.F.);
#5261=ORIENTED_EDGE('',*,*,#5260,.F.);
#5263=ORIENTED_EDGE('',*,*,#5262,.F.);
#5265=ORIENTED_EDGE('',*,*,#5264,.F.);
#5266=ORIENTED_EDGE('',*,*,#4977,.F.);
#5267=EDGE_LOOP('',(#5259,#5261,#5263,#5265,#5266));
#5268=FACE_OUTER_BOUND('',#5267,.F.);
#5270=CARTESIAN_POINT('',(-1.095E1,-6.75E0,1.62E0));
#5271=DIRECTION('',(0.E0,-1.E0,0.E0));
#5272=DIRECTION('',(1.E0,0.E0,0.E0));
#5273=AXIS2_PLACEMENT_3D('',#5270,#5271,#5272);
#5274=PLANE('',#5273);
#5276=ORIENTED_EDGE('',*,*,#5275,.F.);
#5277=ORIENTED_EDGE('',*,*,#5244,.F.);
#5278=ORIENTED_EDGE('',*,*,#4933,.F.);
#5280=ORIENTED_EDGE('',*,*,#5279,.F.);
#5282=ORIENTED_EDGE('',*,*,#5281,.F.);
#5283=EDGE_LOOP('',(#5276,#5277,#5278,#5280,#5282));
#5284=FACE_OUTER_BOUND('',#5283,.F.);
#5286=CARTESIAN_POINT('',(-1.095E1,-8.35E0,-1.3E1));
#5287=DIRECTION('',(-1.E0,0.E0,0.E0));
#5288=DIRECTION('',(0.E0,0.E0,-1.E0));
#5289=AXIS2_PLACEMENT_3D('',#5286,#5287,#5288);
#5290=PLANE('',#5289);
#5292=ORIENTED_EDGE('',*,*,#5291,.F.);
#5294=ORIENTED_EDGE('',*,*,#5293,.T.);
#5296=ORIENTED_EDGE('',*,*,#5295,.T.);
#5297=ORIENTED_EDGE('',*,*,#5258,.T.);
#5298=ORIENTED_EDGE('',*,*,#4975,.F.);
#5299=EDGE_LOOP('',(#5292,#5294,#5296,#5297,#5298));
#5300=FACE_OUTER_BOUND('',#5299,.F.);
#5302=CARTESIAN_POINT('',(-1.300795394045E1,-7.85E0,-1.57E1));
#5303=DIRECTION('',(1.E0,0.E0,0.E0));
#5304=DIRECTION('',(0.E0,-1.E0,0.E0));
#5305=AXIS2_PLACEMENT_3D('',#5302,#5303,#5304);
#5306=CYLINDRICAL_SURFACE('',#5305,5.E-1);
#5307=ORIENTED_EDGE('',*,*,#5291,.T.);
#5308=ORIENTED_EDGE('',*,*,#4973,.F.);
#5310=ORIENTED_EDGE('',*,*,#5309,.F.);
#5312=ORIENTED_EDGE('',*,*,#5311,.T.);
#5313=EDGE_LOOP('',(#5307,#5308,#5310,#5312));
#5314=FACE_OUTER_BOUND('',#5313,.F.);
#5316=CARTESIAN_POINT('',(-1.245E1,-7.85E0,-1.57E1));
#5317=DIRECTION('',(-7.071067811865E-1,0.E0,7.071067811865E-1));
#5318=DIRECTION('',(-7.071067811865E-1,0.E0,-7.071067811865E-1));
#5319=AXIS2_PLACEMENT_3D('',#5316,#5317,#5318);
#5320=SPHERICAL_SURFACE('',#5319,5.E-1);
#5322=ORIENTED_EDGE('',*,*,#5321,.T.);
#5323=ORIENTED_EDGE('',*,*,#5309,.T.);
#5325=ORIENTED_EDGE('',*,*,#5324,.T.);
#5326=EDGE_LOOP('',(#5322,#5323,#5325));
#5327=FACE_OUTER_BOUND('',#5326,.F.);
#5329=CARTESIAN_POINT('',(-1.245E1,-7.85E0,-1.625039197787E1));
#5330=DIRECTION('',(0.E0,0.E0,1.E0));
#5331=DIRECTION('',(-1.E0,0.E0,0.E0));
#5332=AXIS2_PLACEMENT_3D('',#5329,#5330,#5331);
#5333=CYLINDRICAL_SURFACE('',#5332,5.E-1);
#5335=ORIENTED_EDGE('',*,*,#5334,.F.);
#5336=ORIENTED_EDGE('',*,*,#5321,.F.);
#5338=ORIENTED_EDGE('',*,*,#5337,.T.);
#5340=ORIENTED_EDGE('',*,*,#5339,.F.);
#5341=EDGE_LOOP('',(#5335,#5336,#5338,#5340));
#5342=FACE_OUTER_BOUND('',#5341,.F.);
#5344=CARTESIAN_POINT('',(-7.5E0,-8.35E0,0.E0));
#5345=DIRECTION('',(0.E0,-1.E0,0.E0));
#5346=DIRECTION('',(1.E0,0.E0,0.E0));
#5347=AXIS2_PLACEMENT_3D('',#5344,#5345,#5346);
#5348=PLANE('',#5347);
#5350=ORIENTED_EDGE('',*,*,#5349,.T.);
#5352=ORIENTED_EDGE('',*,*,#5351,.T.);
#5354=ORIENTED_EDGE('',*,*,#5353,.T.);
#5356=ORIENTED_EDGE('',*,*,#5355,.T.);
#5358=ORIENTED_EDGE('',*,*,#5357,.F.);
#5359=ORIENTED_EDGE('',*,*,#5232,.F.);
#5360=ORIENTED_EDGE('',*,*,#5248,.T.);
#5362=ORIENTED_EDGE('',*,*,#5361,.F.);
#5364=ORIENTED_EDGE('',*,*,#5363,.F.);
#5366=ORIENTED_EDGE('',*,*,#5365,.F.);
#5368=ORIENTED_EDGE('',*,*,#5367,.T.);
#5370=ORIENTED_EDGE('',*,*,#5369,.F.);
#5372=ORIENTED_EDGE('',*,*,#5371,.F.);
#5374=ORIENTED_EDGE('',*,*,#5373,.F.);
#5376=ORIENTED_EDGE('',*,*,#5375,.T.);
#5378=ORIENTED_EDGE('',*,*,#5377,.F.);
#5379=ORIENTED_EDGE('',*,*,#5293,.F.);
#5380=ORIENTED_EDGE('',*,*,#5311,.F.);
#5381=ORIENTED_EDGE('',*,*,#5334,.T.);
#5383=ORIENTED_EDGE('',*,*,#5382,.T.);
#5385=ORIENTED_EDGE('',*,*,#5384,.T.);
#5387=ORIENTED_EDGE('',*,*,#5386,.F.);
#5388=EDGE_LOOP('',(#5350,#5352,#5354,#5356,#5358,#5359,#5360,#5362,#5364,#5366,
#5368,#5370,#5372,#5374,#5376,#5378,#5379,#5380,#5381,#5383,#5385,#5387));
#5389=FACE_OUTER_BOUND('',#5388,.F.);
#5391=CARTESIAN_POINT('',(-4.671324E1,-7.85E0,-5.E-1));
#5392=DIRECTION('',(1.E0,0.E0,0.E0));
#5393=DIRECTION('',(0.E0,0.E0,1.E0));
#5394=AXIS2_PLACEMENT_3D('',#5391,#5392,#5393);
#5395=CYLINDRICAL_SURFACE('',#5394,5.E-1);
#5396=ORIENTED_EDGE('',*,*,#5349,.F.);
#5398=ORIENTED_EDGE('',*,*,#5397,.T.);
#5399=ORIENTED_EDGE('',*,*,#4748,.T.);
#5401=ORIENTED_EDGE('',*,*,#5400,.T.);
#5402=EDGE_LOOP('',(#5396,#5398,#5399,#5401));
#5403=FACE_OUTER_BOUND('',#5402,.F.);
#5405=CARTESIAN_POINT('',(-7.495153650829E0,-8.002214318430E0,
-5.328278998876E-1));
#5406=CARTESIAN_POINT('',(-7.497391433004E0,-8.003080359650E0,
-4.984132592048E-1));
#5407=CARTESIAN_POINT('',(-7.494596432254E0,-8.002005177099E0,
-4.224968019015E-1));
#5408=CARTESIAN_POINT('',(-7.463299875616E0,-7.989989584890E0,
-3.066502530030E-1));
#5409=CARTESIAN_POINT('',(-7.397720192097E0,-7.963890231730E0,
-1.921248142038E-1));
#5410=CARTESIAN_POINT('',(-7.299792646473E0,-7.924265340601E0,
-9.516109763031E-2));
#5411=CARTESIAN_POINT('',(-7.175012404795E0,-7.873629564393E0,
-2.717482804625E-2));
#5412=CARTESIAN_POINT('',(-7.070888726848E0,-7.831574304209E0,
-4.780850818078E-3));
#5413=CARTESIAN_POINT('',(-7.010974673381E0,-7.807413564049E0,
-2.565374865059E-3));
#5414=CARTESIAN_POINT('',(-6.999611458756E0,-7.802828272649E0,
-2.512192226834E-3));
#5415=CARTESIAN_POINT('',(-7.529195019249E0,-8.222408472853E0,
-5.514646847155E-1));
#5416=CARTESIAN_POINT('',(-7.534087456707E0,-8.224432257894E0,
-4.977146380464E-1));
#5417=CARTESIAN_POINT('',(-7.527655768610E0,-8.221753289649E0,
-3.769827410713E-1));
#5418=CARTESIAN_POINT('',(-7.461719303198E0,-8.194083763959E0,
-2.084889705395E-1));
#5419=CARTESIAN_POINT('',(-7.345093749244E0,-8.148028103131E0,
-7.251754229334E-2));
#5420=CARTESIAN_POINT('',(-7.197847910645E0,-8.092321855026E0,
1.534424099818E-2));
#5421=CARTESIAN_POINT('',(-7.035566638213E0,-8.031932068385E0,
5.213426391125E-2));
#5422=CARTESIAN_POINT('',(-6.916703413914E0,-7.987385599344E0,
4.235378816642E-2));
#5423=CARTESIAN_POINT('',(-6.853395323716E0,-7.963632046978E0,
2.564751111692E-2));
#5424=CARTESIAN_POINT('',(-6.841556227109E0,-7.959204584038E0,
2.210808372119E-2));
#5425=CARTESIAN_POINT('',(-7.370669105412E0,-8.380092426172E0,
-5.514051171607E-1));
#5426=CARTESIAN_POINT('',(-7.376440633775E0,-8.382945286913E0,
-4.978465155547E-1));
#5427=CARTESIAN_POINT('',(-7.368706151E0,-8.379117826470E0,-3.761570623790E-1));
#5428=CARTESIAN_POINT('',(-7.292061751721E0,-8.340238311474E0,
-2.162442645049E-1));
#5429=CARTESIAN_POINT('',(-7.166740834515E0,-8.279891674144E0,
-1.082794305593E-1));
#5430=CARTESIAN_POINT('',(-7.023677014244E0,-8.212669353101E0,
-6.152118609781E-2));
#5431=CARTESIAN_POINT('',(-6.882892071485E0,-8.145294590271E0,
-6.938268466867E-2));
#5432=CARTESIAN_POINT('',(-6.792527762569E0,-8.098964133538E0,
-1.078424018427E-1));
#5433=CARTESIAN_POINT('',(-6.748864009451E0,-8.075502173751E0,
-1.374273150635E-1));
#5434=CARTESIAN_POINT('',(-6.740857703921E0,-8.071187733862E0,
-1.432782034486E-1));
#5435=CARTESIAN_POINT('',(-7.150649713583E0,-8.344888531398E0,
-5.326984493978E-1));
#5436=CARTESIAN_POINT('',(-7.154797910722E0,-8.347556295982E0,
-4.986998515968E-1));
#5437=CARTESIAN_POINT('',(-7.149171714206E0,-8.343985243358E0,
-4.207024608155E-1));
#5438=CARTESIAN_POINT('',(-7.094604984963E0,-8.307608426168E0,
-3.235038338524E-1));
#5439=CARTESIAN_POINT('',(-7.010128789175E0,-8.250452335640E0,
-2.698415168728E-1));
#5440=CARTESIAN_POINT('',(-6.921289484992E0,-8.185801047422E0,
-2.622028236915E-1));
#5441=CARTESIAN_POINT('',(-6.843224446081E0,-8.119985722706E0,
-2.912519509266E-1));
#5442=CARTESIAN_POINT('',(-6.801033787909E0,-8.074053551997E0,
-3.311828728300E-1));
#5443=CARTESIAN_POINT('',(-6.783810240397E0,-8.050526492406E0,
-3.569548770308E-1));
#5444=CARTESIAN_POINT('',(-6.780776336638E0,-8.046186819439E0,
-3.619248946527E-1));
#5445=(BOUNDED_SURFACE()B_SPLINE_SURFACE(3,3,((#5405,#5406,#5407,#5408,#5409,
#5410,#5411,#5412,#5413,#5414),(#5415,#5416,#5417,#5418,#5419,#5420,#5421,#5422,
#5423,#5424),(#5425,#5426,#5427,#5428,#5429,#5430,#5431,#5432,#5433,#5434),(
#5435,#5436,#5437,#5438,#5439,#5440,#5441,#5442,#5443,#5444)),.UNSPECIFIED.,.F.,
.F.,.F.)B_SPLINE_SURFACE_WITH_KNOTS((4,4),(4,1,1,1,1,1,1,4),(0.E0,1.E0),(
2.173464782149E-2,1.523132337386E-1,3.074475335233E-1,4.691672115432E-1,
6.396838263093E-1,8.186321182190E-1,1.E0,1.042159285331E0),.UNSPECIFIED.)GEOMETRIC_REPRESENTATION_ITEM()RATIONAL_B_SPLINE_SURFACE(((1.260568640174E0,
1.260568640174E0,1.260568640174E0,1.260568640174E0,1.260568640174E0,
1.260568640174E0,1.260568640174E0,1.260568640174E0,1.260568640174E0,
1.260568640174E0),(9.131437866088E-1,9.131437866088E-1,9.131437866088E-1,
9.131437866088E-1,9.131437866088E-1,9.131437866088E-1,9.131437866088E-1,
9.131437866088E-1,9.131437866088E-1,9.131437866088E-1),(9.131437866088E-1,
9.131437866088E-1,9.131437866088E-1,9.131437866088E-1,9.131437866088E-1,
9.131437866088E-1,9.131437866088E-1,9.131437866088E-1,9.131437866088E-1,
9.131437866088E-1),(1.260568640174E0,1.260568640174E0,1.260568640174E0,
1.260568640174E0,1.260568640174E0,1.260568640174E0,1.260568640174E0,
1.260568640174E0,1.260568640174E0,1.260568640174E0)))REPRESENTATION_ITEM('')SURFACE());
#5447=ORIENTED_EDGE('',*,*,#5446,.F.);
#5449=ORIENTED_EDGE('',*,*,#5448,.F.);
#5450=ORIENTED_EDGE('',*,*,#5397,.F.);
#5451=EDGE_LOOP('',(#5447,#5449,#5450));
#5452=FACE_OUTER_BOUND('',#5451,.F.);
#5454=CARTESIAN_POINT('',(-7.2E0,-8.05E0,5.897607175265E-2));
#5455=DIRECTION('',(0.E0,0.E0,-1.E0));
#5456=DIRECTION('',(0.E0,-1.E0,0.E0));
#5457=AXIS2_PLACEMENT_3D('',#5454,#5455,#5456);
#5458=CYLINDRICAL_SURFACE('',#5457,3.E-1);
#5459=ORIENTED_EDGE('',*,*,#5446,.T.);
#5460=ORIENTED_EDGE('',*,*,#5386,.T.);
#5462=ORIENTED_EDGE('',*,*,#5461,.F.);
#5464=ORIENTED_EDGE('',*,*,#5463,.F.);
#5465=EDGE_LOOP('',(#5459,#5460,#5462,#5464));
#5466=FACE_OUTER_BOUND('',#5465,.F.);
#5468=CARTESIAN_POINT('',(-8.020209351815E0,-7.752843760569E0,
-9.809233395799E0));
#5469=CARTESIAN_POINT('',(-8.016047609427E0,-7.752495973908E0,
-9.809424887165E0));
#5470=CARTESIAN_POINT('',(-8.001850560184E0,-7.751679386194E0,
-9.809874914315E0));
#5471=CARTESIAN_POINT('',(-7.977344615273E0,-7.752443242562E0,
-9.809460294912E0));
#5472=CARTESIAN_POINT('',(-7.946922942130E0,-7.756797146377E0,
-9.806889296844E0));
#5473=CARTESIAN_POINT('',(-7.916430808159E0,-7.764098691924E0,
-9.802286107486E0));
#5474=CARTESIAN_POINT('',(-7.885939061216E0,-7.773788527792E0,
-9.795683112178E0));
#5475=CARTESIAN_POINT('',(-7.855338892097E0,-7.785397548870E0,
-9.787035247514E0));
#5476=CARTESIAN_POINT('',(-7.824589730054E0,-7.798532475556E0,
-9.776236798125E0));
#5477=CARTESIAN_POINT('',(-7.793798238314E0,-7.812826432380E0,
-9.763181098749E0));
#5478=CARTESIAN_POINT('',(-7.763163106354E0,-7.827943488832E0,
-9.747786463144E0));
#5479=CARTESIAN_POINT('',(-7.732863907448E0,-7.843621029362E0,
-9.729953952497E0));
#5480=CARTESIAN_POINT('',(-7.703088942804E0,-7.859641851728E0,
-9.709575300158E0));
#5481=CARTESIAN_POINT('',(-7.674063369888E0,-7.875803250806E0,
-9.686557912648E0));
#5482=CARTESIAN_POINT('',(-7.646021613954E0,-7.891920389898E0,
-9.660807174914E0));
#5483=CARTESIAN_POINT('',(-7.619221675779E0,-7.907809869390E0,
-9.632230326188E0));
#5484=CARTESIAN_POINT('',(-7.593979555285E0,-7.923259443242E0,
-9.600777741739E0));
#5485=CARTESIAN_POINT('',(-7.570698804701E0,-7.937995391414E0,
-9.566519573748E0));
#5486=CARTESIAN_POINT('',(-7.549883924803E0,-7.951651932288E0,
-9.529770860077E0));
#5487=CARTESIAN_POINT('',(-7.532067672883E0,-7.963789494695E0,
-9.491181843186E0));
#5488=CARTESIAN_POINT('',(-7.517689818921E0,-7.973954543782E0,
-9.451770405587E0));
#5489=CARTESIAN_POINT('',(-7.506913236670E0,-7.981818061548E0,
-9.412665304086E0));
#5490=CARTESIAN_POINT('',(-7.499591079614E0,-7.987258380518E0,
-9.374834791268E0));
#5491=CARTESIAN_POINT('',(-7.495369897094E0,-7.990373033560E0,
-9.338904852939E0));
#5492=CARTESIAN_POINT('',(-7.493841742175E0,-7.991440563783E0,
-9.305364820948E0));
#5493=CARTESIAN_POINT('',(-7.494342772209E0,-7.991090260946E0,
-9.284031299689E0));
#5494=CARTESIAN_POINT('',(-7.494931228910E0,-7.990711774230E0,
-9.273836342616E0));
#5495=CARTESIAN_POINT('',(-8.006838803746E0,-8.128263970126E0,
-9.734834914696E0));
#5496=CARTESIAN_POINT('',(-8.005450534268E0,-8.128134579625E0,
-9.734719372918E0));
#5497=CARTESIAN_POINT('',(-8.000698905111E0,-8.127828336972E0,
-9.734448706821E0));
#5498=CARTESIAN_POINT('',(-7.992107839116E0,-8.128114192682E0,
-9.734711750237E0));
#5499=CARTESIAN_POINT('',(-7.979813870287E0,-8.129730129844E0,
-9.735960066519E0));
#5500=CARTESIAN_POINT('',(-7.965108702599E0,-8.132441575706E0,
-9.737594556026E0));
#5501=CARTESIAN_POINT('',(-7.947623890638E0,-8.136039570952E0,
-9.738954197123E0));
#5502=CARTESIAN_POINT('',(-7.927186707659E0,-8.140350281702E0,
-9.739374293370E0));
#5503=CARTESIAN_POINT('',(-7.903858612019E0,-8.145227573536E0,
-9.738218881736E0));
#5504=CARTESIAN_POINT('',(-7.877950299219E0,-8.150535245979E0,
-9.734920270956E0));
#5505=CARTESIAN_POINT('',(-7.849943541251E0,-8.156148552220E0,
-9.729020949426E0));
#5506=CARTESIAN_POINT('',(-7.820331544151E0,-8.161969979442E0,
-9.720149270920E0));
#5507=CARTESIAN_POINT('',(-7.789607099724E0,-8.167918874871E0,
-9.707993134274E0));
#5508=CARTESIAN_POINT('',(-7.758284437122E0,-8.173919969667E0,
-9.692299280225E0));
#5509=CARTESIAN_POINT('',(-7.726869765760E0,-8.179904629714E0,
-9.672850652854E0));
#5510=CARTESIAN_POINT('',(-7.695877524332E0,-8.185804754579E0,
-9.649456117344E0));
#5511=CARTESIAN_POINT('',(-7.665875853919E0,-8.191541532484E0,
-9.621978295362E0));
#5512=CARTESIAN_POINT('',(-7.637530778266E0,-8.197013324944E0,
-9.590402967061E0));
#5513=CARTESIAN_POINT('',(-7.611633898388E0,-8.202084308986E0,
-9.554963996826E0));
#5514=CARTESIAN_POINT('',(-7.589024628072E0,-8.206591261636E0,
-9.516247313734E0));
#5515=CARTESIAN_POINT('',(-7.570442093266E0,-8.210365775855E0,
-9.475233764921E0));
#5516=CARTESIAN_POINT('',(-7.556282015009E0,-8.213285677097E0,
-9.433035326266E0));
#5517=CARTESIAN_POINT('',(-7.546528950573E0,-8.215305796742E0,
-9.390593394041E0));
#5518=CARTESIAN_POINT('',(-7.540858816156E0,-8.216462319217E0,
-9.348468068959E0));
#5519=CARTESIAN_POINT('',(-7.538808848887E0,-8.216858781956E0,
-9.307151970019E0));
#5520=CARTESIAN_POINT('',(-7.539481904275E0,-8.216728557033E0,
-9.279490017912E0));
#5521=CARTESIAN_POINT('',(-7.540260342849E0,-8.216588111585E0,
-9.266001315651E0));
#5522=CARTESIAN_POINT('',(-8.015785767926E0,-8.404170834620E0,
-1.000025741832E1));
#5523=CARTESIAN_POINT('',(-8.012558213704E0,-8.404202159235E0,
-1.000029220325E1));
#5524=CARTESIAN_POINT('',(-8.001528957676E0,-8.404273518319E0,
-1.000037513055E1));
#5525=CARTESIAN_POINT('',(-7.982042452031E0,-8.404206218592E0,
-1.000031510484E1));
#5526=CARTESIAN_POINT('',(-7.955990845370E0,-8.403810578615E0,
-9.999520366340E0));
#5527=CARTESIAN_POINT('',(-7.927250510113E0,-8.403148433363E0,
-9.997399209170E0));
#5528=CARTESIAN_POINT('',(-7.895600330909E0,-8.402269392342E0,
-9.993255031132E0));
#5529=CARTESIAN_POINT('',(-7.861018910486E0,-8.401216328217E0,
-9.986395855451E0));
#5530=CARTESIAN_POINT('',(-7.823788918038E0,-8.400024825793E0,
-9.976196522287E0));
#5531=CARTESIAN_POINT('',(-7.784504835627E0,-8.398728190930E0,
-9.962180997460E0));
#5532=CARTESIAN_POINT('',(-7.743930190760E0,-8.397356889282E0,
-9.944059855829E0));
#5533=CARTESIAN_POINT('',(-7.702775832443E0,-8.395934745347E0,
-9.921645514706E0));
#5534=CARTESIAN_POINT('',(-7.661701353205E0,-8.394481461440E0,
-9.894817518920E0));
#5535=CARTESIAN_POINT('',(-7.621347528196E0,-8.393015425546E0,
-9.863528476639E0));
#5536=CARTESIAN_POINT('',(-7.582299551362E0,-8.391553404562E0,
-9.827760696619E0));
#5537=CARTESIAN_POINT('',(-7.545111212694E0,-8.390112035082E0,
-9.787514808729E0));
#5538=CARTESIAN_POINT('',(-7.510356202441E0,-8.388710570407E0,
-9.742854318982E0));
#5539=CARTESIAN_POINT('',(-7.478667527066E0,-8.387373840271E0,
-9.693997569150E0));
#5540=CARTESIAN_POINT('',(-7.450749171213E0,-8.386135025574E0,
-9.641469001107E0));
#5541=CARTESIAN_POINT('',(-7.427269549456E0,-8.385034000592E0,
-9.586188186875E0));
#5542=CARTESIAN_POINT('',(-7.408702035795E0,-8.384111907147E0,
-9.529472112326E0));
#5543=CARTESIAN_POINT('',(-7.395105972472E0,-8.383398588773E0,
-9.472648780096E0));
#5544=CARTESIAN_POINT('',(-7.386121128745E0,-8.382905090522E0,
-9.416698002542E0));
#5545=CARTESIAN_POINT('',(-7.381123501427E0,-8.382622536480E0,
-9.362053867649E0));
#5546=CARTESIAN_POINT('',(-7.379411256837E0,-8.382525756376E0,
-9.309069258681E0));
#5547=CARTESIAN_POINT('',(-7.379975492784E0,-8.382557398903E0,
-9.273855601353E0));
#5548=CARTESIAN_POINT('',(-7.380595658709E0,-8.382591817780E0,
-9.256717213240E0));
#5549=CARTESIAN_POINT('',(-8.039370651295E0,-8.343740734416E0,
-1.037767649877E1));
#5550=CARTESIAN_POINT('',(-8.031269797818E0,-8.343737143885E0,
-1.037818993788E1));
#5551=CARTESIAN_POINT('',(-8.003628245382E0,-8.343729248351E0,
-1.037939723967E1));
#5552=CARTESIAN_POINT('',(-7.955788041174E0,-8.343736768050E0,
-1.037829071805E1));
#5553=CARTESIAN_POINT('',(-7.895902271234E0,-8.343782570119E0,
-1.037134420403E1));
#5554=CARTESIAN_POINT('',(-7.835351667862E0,-8.343859051573E0,
-1.035869771984E1));
#5555=CARTESIAN_POINT('',(-7.774522608897E0,-8.343960625885E0,
-1.034030744959E1));
#5556=CARTESIAN_POINT('',(-7.713630380467E0,-8.344082298333E0,
-1.031606990483E1));
#5557=CARTESIAN_POINT('',(-7.653108168849E0,-8.344219968974E0,
-1.028590250689E1));
#5558=CARTESIAN_POINT('',(-7.593670409827E0,-8.344369786223E0,
-1.024989488824E1));
#5559=CARTESIAN_POINT('',(-7.536119215630E0,-8.344528230923E0,
-1.020832534566E1));
#5560=CARTESIAN_POINT('',(-7.481100275420E0,-8.344692550048E0,
-1.016148914069E1));
#5561=CARTESIAN_POINT('',(-7.429159119805E0,-8.344860467204E0,
-1.010968844606E1));
#5562=CARTESIAN_POINT('',(-7.380791923959E0,-8.345029857760E0,
-1.005327156503E1));
#5563=CARTESIAN_POINT('',(-7.336402270655E0,-8.345198784422E0,
-9.992570852656E0));
#5564=CARTESIAN_POINT('',(-7.296332437528E0,-8.345365324942E0,
-9.927904241741E0));
#5565=CARTESIAN_POINT('',(-7.260910308891E0,-8.345527254731E0,
-9.859652332258E0));
#5566=CARTESIAN_POINT('',(-7.230468725389E0,-8.345681704882E0,
-9.788383342863E0));
#5567=CARTESIAN_POINT('',(-7.205324543868E0,-8.345824841559E0,
-9.715034627784E0));
#5568=CARTESIAN_POINT('',(-7.185644300514E0,-8.345952057583E0,
-9.640970977149E0));
#5569=CARTESIAN_POINT('',(-7.171298616641E0,-8.346058599206E0,
-9.567930166260E0));
#5570=CARTESIAN_POINT('',(-7.161729959094E0,-8.346141018520E0,
-9.497503606440E0));
#5571=CARTESIAN_POINT('',(-7.156053064808E0,-8.346198038271E0,
-9.430741824227E0));
#5572=CARTESIAN_POINT('',(-7.153272159647E0,-8.346230687678E0,
-9.368000929790E0));
#5573=CARTESIAN_POINT('',(-7.152467289774E0,-8.346241862513E0,
-9.309470989421E0));
#5574=CARTESIAN_POINT('',(-7.152735266240E0,-8.346238223708E0,
-9.271964330279E0));
#5575=CARTESIAN_POINT('',(-7.152984757729E0,-8.346234235831E0,
-9.253953009776E0));
#5576=(BOUNDED_SURFACE()B_SPLINE_SURFACE(3,3,((#5468,#5469,#5470,#5471,#5472,
#5473,#5474,#5475,#5476,#5477,#5478,#5479,#5480,#5481,#5482,#5483,#5484,#5485,
#5486,#5487,#5488,#5489,#5490,#5491,#5492,#5493,#5494),(#5495,#5496,#5497,#5498,
#5499,#5500,#5501,#5502,#5503,#5504,#5505,#5506,#5507,#5508,#5509,#5510,#5511,
#5512,#5513,#5514,#5515,#5516,#5517,#5518,#5519,#5520,#5521),(#5522,#5523,#5524,
#5525,#5526,#5527,#5528,#5529,#5530,#5531,#5532,#5533,#5534,#5535,#5536,#5537,
#5538,#5539,#5540,#5541,#5542,#5543,#5544,#5545,#5546,#5547,#5548),(#5549,#5550,
#5551,#5552,#5553,#5554,#5555,#5556,#5557,#5558,#5559,#5560,#5561,#5562,#5563,
#5564,#5565,#5566,#5567,#5568,#5569,#5570,#5571,#5572,#5573,#5574,#5575)),
.UNSPECIFIED.,.F.,.F.,.F.)B_SPLINE_SURFACE_WITH_KNOTS((4,4),(4,1,1,1,1,1,1,1,1,
1,1,1,1,1,1,1,1,1,1,1,1,1,1,1,4),(0.E0,1.E0),(4.611420471168E-2,
5.894565488502E-2,8.984936027361E-2,1.218258419752E-1,1.549080830536E-1,
1.891568683274E-1,2.248487950719E-1,2.622232109162E-1,3.009568742401E-1,
3.407768331284E-1,3.816299704342E-1,4.233940382777E-1,4.659337980933E-1,
5.092176542803E-1,5.532631294722E-1,5.980333818662E-1,6.434318770618E-1,
6.891863830856E-1,7.346580464014E-1,7.790632795261E-1,8.215021727918E-1,
8.615526283993E-1,8.992469249300E-1,9.347385287060E-1,9.677194829494E-1),
.UNSPECIFIED.)GEOMETRIC_REPRESENTATION_ITEM()RATIONAL_B_SPLINE_SURFACE(((
1.273214779587E0,1.273214779587E0,1.273214779587E0,1.273214779587E0,
1.273214779587E0,1.273214779587E0,1.273214779587E0,1.273214779587E0,
1.273214779587E0,1.273214779587E0,1.273214779587E0,1.273214779587E0,
1.273214779587E0,1.273214779587E0,1.273214779587E0,1.273214779587E0,
1.273214779587E0,1.273214779587E0,1.273214779587E0,1.273214779587E0,
1.273214779587E0,1.273214779587E0,1.273214779587E0,1.273214779587E0,
1.273214779587E0,1.273214779587E0,1.273214779587E0),(9.089284068044E-1,
9.089284068044E-1,9.089284068044E-1,9.089284068044E-1,9.089284068044E-1,
9.089284068044E-1,9.089284068044E-1,9.089284068044E-1,9.089284068044E-1,
9.089284068044E-1,9.089284068044E-1,9.089284068044E-1,9.089284068044E-1,
9.089284068044E-1,9.089284068044E-1,9.089284068044E-1,9.089284068044E-1,
9.089284068044E-1,9.089284068044E-1,9.089284068044E-1,9.089284068044E-1,
9.089284068044E-1,9.089284068044E-1,9.089284068044E-1,9.089284068044E-1,
9.089284068044E-1,9.089284068044E-1),(9.089284068044E-1,9.089284068044E-1,
9.089284068044E-1,9.089284068044E-1,9.089284068044E-1,9.089284068044E-1,
9.089284068044E-1,9.089284068044E-1,9.089284068044E-1,9.089284068044E-1,
9.089284068044E-1,9.089284068044E-1,9.089284068044E-1,9.089284068044E-1,
9.089284068044E-1,9.089284068044E-1,9.089284068044E-1,9.089284068044E-1,
9.089284068044E-1,9.089284068044E-1,9.089284068044E-1,9.089284068044E-1,
9.089284068044E-1,9.089284068044E-1,9.089284068044E-1,9.089284068044E-1,
9.089284068044E-1),(1.273214779587E0,1.273214779587E0,1.273214779587E0,
1.273214779587E0,1.273214779587E0,1.273214779587E0,1.273214779587E0,
1.273214779587E0,1.273214779587E0,1.273214779587E0,1.273214779587E0,
1.273214779587E0,1.273214779587E0,1.273214779587E0,1.273214779587E0,
1.273214779587E0,1.273214779587E0,1.273214779587E0,1.273214779587E0,
1.273214779587E0,1.273214779587E0,1.273214779587E0,1.273214779587E0,
1.273214779587E0,1.273214779587E0,1.273214779587E0,1.273214779587E0)))REPRESENTATION_ITEM('')SURFACE());
#5577=ORIENTED_EDGE('',*,*,#5384,.F.);
#5579=ORIENTED_EDGE('',*,*,#5578,.T.);
#5581=ORIENTED_EDGE('',*,*,#5580,.T.);
#5582=ORIENTED_EDGE('',*,*,#5461,.T.);
#5583=EDGE_LOOP('',(#5577,#5579,#5581,#5582));
#5584=FACE_OUTER_BOUND('',#5583,.F.);
#5586=CARTESIAN_POINT('',(-1.300683683234E1,-7.85E0,-1.03E1));
#5587=DIRECTION('',(1.E0,0.E0,0.E0));
#5588=DIRECTION('',(0.E0,0.E0,1.E0));
#5589=AXIS2_PLACEMENT_3D('',#5586,#5587,#5588);
#5590=CYLINDRICAL_SURFACE('',#5589,5.E-1);
#5592=ORIENTED_EDGE('',*,*,#5591,.T.);
#5593=ORIENTED_EDGE('',*,*,#5578,.F.);
#5594=ORIENTED_EDGE('',*,*,#5382,.F.);
#5596=ORIENTED_EDGE('',*,*,#5595,.F.);
#5597=EDGE_LOOP('',(#5592,#5593,#5594,#5596));
#5598=FACE_OUTER_BOUND('',#5597,.F.);
#5600=CARTESIAN_POINT('',(0.E0,0.E0,-9.8E0));
#5601=DIRECTION('',(0.E0,0.E0,-1.E0));
#5602=DIRECTION('',(0.E0,1.E0,0.E0));
#5603=AXIS2_PLACEMENT_3D('',#5600,#5601,#5602);
#5604=PLANE('',#5603);
#5606=ORIENTED_EDGE('',*,*,#5605,.F.);
#5608=ORIENTED_EDGE('',*,*,#5607,.F.);
#5610=ORIENTED_EDGE('',*,*,#5609,.F.);
#5612=ORIENTED_EDGE('',*,*,#5611,.F.);
#5613=EDGE_LOOP('',(#5606,#5608,#5610,#5612));
#5614=FACE_OUTER_BOUND('',#5613,.F.);
#5616=ORIENTED_EDGE('',*,*,#5615,.F.);
#5618=ORIENTED_EDGE('',*,*,#5617,.F.);
#5620=ORIENTED_EDGE('',*,*,#5619,.F.);
#5622=ORIENTED_EDGE('',*,*,#5621,.F.);
#5623=EDGE_LOOP('',(#5616,#5618,#5620,#5622));
#5624=FACE_BOUND('',#5623,.F.);
#5626=CARTESIAN_POINT('',(0.E0,0.E0,-9.8E0));
#5627=DIRECTION('',(0.E0,0.E0,-1.E0));
#5628=DIRECTION('',(0.E0,1.E0,0.E0));
#5629=AXIS2_PLACEMENT_3D('',#5626,#5627,#5628);
#5630=PLANE('',#5629);
#5632=ORIENTED_EDGE('',*,*,#5631,.F.);
#5633=ORIENTED_EDGE('',*,*,#5591,.F.);
#5635=ORIENTED_EDGE('',*,*,#5634,.F.);
#5637=ORIENTED_EDGE('',*,*,#5636,.F.);
#5638=EDGE_LOOP('',(#5632,#5633,#5635,#5637));
#5639=FACE_OUTER_BOUND('',#5638,.F.);
#5641=ORIENTED_EDGE('',*,*,#5640,.T.);
#5643=ORIENTED_EDGE('',*,*,#5642,.T.);
#5645=ORIENTED_EDGE('',*,*,#5644,.T.);
#5647=ORIENTED_EDGE('',*,*,#5646,.T.);
#5648=EDGE_LOOP('',(#5641,#5643,#5645,#5647));
#5649=FACE_BOUND('',#5648,.F.);
#5651=CARTESIAN_POINT('',(-8.55E0,-4.95E0,1.62E0));
#5652=DIRECTION('',(0.E0,1.E0,0.E0));
#5653=DIRECTION('',(-1.E0,0.E0,0.E0));
#5654=AXIS2_PLACEMENT_3D('',#5651,#5652,#5653);
#5655=PLANE('',#5654);
#5657=ORIENTED_EDGE('',*,*,#5656,.F.);
#5659=ORIENTED_EDGE('',*,*,#5658,.F.);
#5660=ORIENTED_EDGE('',*,*,#5640,.F.);
#5662=ORIENTED_EDGE('',*,*,#5661,.T.);
#5663=EDGE_LOOP('',(#5657,#5659,#5660,#5662));
#5664=FACE_OUTER_BOUND('',#5663,.F.);
#5666=CARTESIAN_POINT('',(-9.75E0,-1.002E1,-1.3E1));
#5667=DIRECTION('',(0.E0,1.E0,0.E0));
#5668=DIRECTION('',(0.E0,0.E0,1.E0));
#5669=AXIS2_PLACEMENT_3D('',#5666,#5667,#5668);
#5670=CYLINDRICAL_SURFACE('',#5669,1.2E0);
#5672=ORIENTED_EDGE('',*,*,#5671,.T.);
#5674=ORIENTED_EDGE('',*,*,#5673,.F.);
#5675=ORIENTED_EDGE('',*,*,#5656,.T.);
#5677=ORIENTED_EDGE('',*,*,#5676,.T.);
#5678=EDGE_LOOP('',(#5672,#5674,#5675,#5677));
#5679=FACE_OUTER_BOUND('',#5678,.F.);
#5681=CARTESIAN_POINT('',(-9.75E0,-1.002E1,-1.3E1));
#5682=DIRECTION('',(0.E0,1.E0,0.E0));
#5683=DIRECTION('',(0.E0,0.E0,1.E0));
#5684=AXIS2_PLACEMENT_3D('',#5681,#5682,#5683);
#5685=CYLINDRICAL_SURFACE('',#5684,1.2E0);
#5687=ORIENTED_EDGE('',*,*,#5686,.T.);
#5688=ORIENTED_EDGE('',*,*,#5295,.F.);
#5689=ORIENTED_EDGE('',*,*,#5377,.T.);
#5691=ORIENTED_EDGE('',*,*,#5690,.T.);
#5692=EDGE_LOOP('',(#5687,#5688,#5689,#5691));
#5693=FACE_OUTER_BOUND('',#5692,.F.);
#5695=CARTESIAN_POINT('',(-9.75E0,-1.002E1,-1.3E1));
#5696=DIRECTION('',(0.E0,1.E0,0.E0));
#5697=DIRECTION('',(0.E0,0.E0,1.E0));
#5698=AXIS2_PLACEMENT_3D('',#5695,#5696,#5697);
#5699=CYLINDRICAL_SURFACE('',#5698,1.2E0);
#5701=ORIENTED_EDGE('',*,*,#5700,.T.);
#5702=ORIENTED_EDGE('',*,*,#5260,.T.);
#5704=ORIENTED_EDGE('',*,*,#5703,.T.);
#5705=ORIENTED_EDGE('',*,*,#5146,.F.);
#5706=EDGE_LOOP('',(#5701,#5702,#5704,#5705));
#5707=FACE_OUTER_BOUND('',#5706,.F.);
#5709=CARTESIAN_POINT('',(-1.295E1,-3.35E0,-1.62E1));
#5710=DIRECTION('',(0.E0,1.E0,0.E0));
#5711=DIRECTION('',(1.E0,0.E0,0.E0));
#5712=AXIS2_PLACEMENT_3D('',#5709,#5710,#5711);
#5713=PLANE('',#5712);
#5715=ORIENTED_EDGE('',*,*,#5714,.T.);
#5717=ORIENTED_EDGE('',*,*,#5716,.F.);
#5719=ORIENTED_EDGE('',*,*,#5718,.T.);
#5721=ORIENTED_EDGE('',*,*,#5720,.F.);
#5723=ORIENTED_EDGE('',*,*,#5722,.T.);
#5725=ORIENTED_EDGE('',*,*,#5724,.T.);
#5726=ORIENTED_EDGE('',*,*,#5671,.F.);
#5728=ORIENTED_EDGE('',*,*,#5727,.F.);
#5729=EDGE_LOOP('',(#5715,#5717,#5719,#5721,#5723,#5725,#5726,#5728));
#5730=FACE_OUTER_BOUND('',#5729,.F.);
#5732=CARTESIAN_POINT('',(-4.671324E1,-3.85E0,-1.57E1));
#5733=DIRECTION('',(1.E0,0.E0,0.E0));
#5734=DIRECTION('',(0.E0,0.E0,-1.E0));
#5735=AXIS2_PLACEMENT_3D('',#5732,#5733,#5734);
#5736=CYLINDRICAL_SURFACE('',#5735,5.E-1);
#5738=ORIENTED_EDGE('',*,*,#5737,.T.);
#5739=ORIENTED_EDGE('',*,*,#4961,.T.);
#5741=ORIENTED_EDGE('',*,*,#5740,.T.);
#5742=ORIENTED_EDGE('',*,*,#5714,.F.);
#5743=EDGE_LOOP('',(#5738,#5739,#5741,#5742));
#5744=FACE_OUTER_BOUND('',#5743,.F.);
#5746=CARTESIAN_POINT('',(-8.55E0,1.002E1,-1.3E1));
#5747=DIRECTION('',(1.E0,0.E0,0.E0));
#5748=DIRECTION('',(0.E0,0.E0,-1.E0));
#5749=AXIS2_PLACEMENT_3D('',#5746,#5747,#5748);
#5750=PLANE('',#5749);
#5751=ORIENTED_EDGE('',*,*,#5737,.F.);
#5752=ORIENTED_EDGE('',*,*,#5727,.T.);
#5753=ORIENTED_EDGE('',*,*,#5676,.F.);
#5754=ORIENTED_EDGE('',*,*,#5142,.T.);
#5755=ORIENTED_EDGE('',*,*,#4963,.T.);
#5756=EDGE_LOOP('',(#5751,#5752,#5753,#5754,#5755));
#5757=FACE_OUTER_BOUND('',#5756,.F.);
#5759=CARTESIAN_POINT('',(-8.E0,-2.85E0,-1.57E1));
#5760=DIRECTION('',(0.E0,0.E0,-1.E0));
#5761=DIRECTION('',(-1.639106206231E-1,-9.864751940353E-1,0.E0));
#5762=AXIS2_PLACEMENT_3D('',#5759,#5760,#5761);
#5763=TOROIDAL_SURFACE('',#5762,1.E0,5.E-1);
#5765=ORIENTED_EDGE('',*,*,#5764,.F.);
#5766=ORIENTED_EDGE('',*,*,#5740,.F.);
#5767=ORIENTED_EDGE('',*,*,#4959,.T.);
#5769=ORIENTED_EDGE('',*,*,#5768,.T.);
#5770=EDGE_LOOP('',(#5765,#5766,#5767,#5769));
#5771=FACE_OUTER_BOUND('',#5770,.F.);
#5773=CARTESIAN_POINT('',(-8.E0,-2.85E0,9.154708041847E-2));
#5774=DIRECTION('',(0.E0,0.E0,-1.E0));
#5775=DIRECTION('',(1.E0,0.E0,0.E0));
#5776=AXIS2_PLACEMENT_3D('',#5773,#5774,#5775);
#5777=CYLINDRICAL_SURFACE('',#5776,5.E-1);
#5778=ORIENTED_EDGE('',*,*,#5764,.T.);
#5780=ORIENTED_EDGE('',*,*,#5779,.F.);
#5782=ORIENTED_EDGE('',*,*,#5781,.F.);
#5783=ORIENTED_EDGE('',*,*,#5716,.T.);
#5784=EDGE_LOOP('',(#5778,#5780,#5782,#5783));
#5785=FACE_OUTER_BOUND('',#5784,.F.);
#5787=CARTESIAN_POINT('',(-7.5E0,8.35E0,0.E0));
#5788=DIRECTION('',(-1.E0,0.E0,0.E0));
#5789=DIRECTION('',(0.E0,-1.E0,0.E0));
#5790=AXIS2_PLACEMENT_3D('',#5787,#5788,#5789);
#5791=PLANE('',#5790);
#5792=ORIENTED_EDGE('',*,*,#5779,.T.);
#5793=ORIENTED_EDGE('',*,*,#5768,.F.);
#5794=ORIENTED_EDGE('',*,*,#4987,.F.);
#5796=ORIENTED_EDGE('',*,*,#5795,.T.);
#5798=ORIENTED_EDGE('',*,*,#5797,.F.);
#5800=ORIENTED_EDGE('',*,*,#5799,.T.);
#5802=ORIENTED_EDGE('',*,*,#5801,.F.);
#5804=ORIENTED_EDGE('',*,*,#5803,.F.);
#5806=ORIENTED_EDGE('',*,*,#5805,.T.);
#5808=ORIENTED_EDGE('',*,*,#5807,.F.);
#5810=ORIENTED_EDGE('',*,*,#5809,.T.);
#5811=ORIENTED_EDGE('',*,*,#5463,.T.);
#5813=ORIENTED_EDGE('',*,*,#5812,.T.);
#5815=ORIENTED_EDGE('',*,*,#5814,.F.);
#5816=EDGE_LOOP('',(#5792,#5793,#5794,#5796,#5798,#5800,#5802,#5804,#5806,#5808,
#5810,#5811,#5813,#5815));
#5817=FACE_OUTER_BOUND('',#5816,.F.);
#5819=CARTESIAN_POINT('',(-6.E0,-7.35E0,-1.62E1));
#5820=DIRECTION('',(0.E0,-1.E0,0.E0));
#5821=DIRECTION('',(-1.E0,0.E0,0.E0));
#5822=AXIS2_PLACEMENT_3D('',#5819,#5820,#5821);
#5823=PLANE('',#5822);
#5825=ORIENTED_EDGE('',*,*,#5824,.T.);
#5826=ORIENTED_EDGE('',*,*,#5795,.F.);
#5827=ORIENTED_EDGE('',*,*,#4985,.F.);
#5829=ORIENTED_EDGE('',*,*,#5828,.T.);
#5830=EDGE_LOOP('',(#5825,#5826,#5827,#5829));
#5831=FACE_OUTER_BOUND('',#5830,.F.);
#5833=CARTESIAN_POINT('',(-5.942046059552E0,-6.35E0,-2.07E1));
#5834=DIRECTION('',(-1.E0,0.E0,0.E0));
#5835=DIRECTION('',(0.E0,0.E0,-1.E0));
#5836=AXIS2_PLACEMENT_3D('',#5833,#5834,#5835);
#5837=CYLINDRICAL_SURFACE('',#5836,1.E0);
#5838=ORIENTED_EDGE('',*,*,#5797,.T.);
#5839=ORIENTED_EDGE('',*,*,#5824,.F.);
#5841=ORIENTED_EDGE('',*,*,#5840,.T.);
#5843=ORIENTED_EDGE('',*,*,#5842,.T.);
#5844=EDGE_LOOP('',(#5838,#5839,#5841,#5843));
#5845=FACE_OUTER_BOUND('',#5844,.F.);
#5847=CARTESIAN_POINT('',(-6.E0,-7.5E-1,-1.62E1));
#5848=DIRECTION('',(1.E0,0.E0,0.E0));
#5849=DIRECTION('',(0.E0,-1.E0,0.E0));
#5850=AXIS2_PLACEMENT_3D('',#5847,#5848,#5849);
#5851=PLANE('',#5850);
#5853=ORIENTED_EDGE('',*,*,#5852,.F.);
#5854=ORIENTED_EDGE('',*,*,#5371,.T.);
#5856=ORIENTED_EDGE('',*,*,#5855,.F.);
#5858=ORIENTED_EDGE('',*,*,#5857,.F.);
#5860=ORIENTED_EDGE('',*,*,#5859,.F.);
#5862=ORIENTED_EDGE('',*,*,#5861,.F.);
#5864=ORIENTED_EDGE('',*,*,#5863,.F.);
#5865=ORIENTED_EDGE('',*,*,#5027,.F.);
#5867=ORIENTED_EDGE('',*,*,#5866,.T.);
#5869=ORIENTED_EDGE('',*,*,#5868,.F.);
#5871=ORIENTED_EDGE('',*,*,#5870,.T.);
#5872=ORIENTED_EDGE('',*,*,#5840,.F.);
#5873=ORIENTED_EDGE('',*,*,#5828,.F.);
#5874=ORIENTED_EDGE('',*,*,#4983,.F.);
#5875=EDGE_LOOP('',(#5853,#5854,#5856,#5858,#5860,#5862,#5864,#5865,#5867,#5869,
#5871,#5872,#5873,#5874));
#5876=FACE_OUTER_BOUND('',#5875,.F.);
#5878=CARTESIAN_POINT('',(-1.300795394045E1,-7.85E0,-1.57E1));
#5879=DIRECTION('',(1.E0,0.E0,0.E0));
#5880=DIRECTION('',(0.E0,-1.E0,0.E0));
#5881=AXIS2_PLACEMENT_3D('',#5878,#5879,#5880);
#5882=CYLINDRICAL_SURFACE('',#5881,5.E-1);
#5883=ORIENTED_EDGE('',*,*,#5852,.T.);
#5884=ORIENTED_EDGE('',*,*,#4981,.F.);
#5886=ORIENTED_EDGE('',*,*,#5885,.T.);
#5887=ORIENTED_EDGE('',*,*,#5373,.T.);
#5888=EDGE_LOOP('',(#5883,#5884,#5886,#5887));
#5889=FACE_OUTER_BOUND('',#5888,.F.);
#5891=CARTESIAN_POINT('',(-8.55E0,-8.35E0,-1.62E1));
#5892=DIRECTION('',(1.E0,0.E0,0.E0));
#5893=DIRECTION('',(0.E0,0.E0,1.E0));
#5894=AXIS2_PLACEMENT_3D('',#5891,#5892,#5893);
#5895=PLANE('',#5894);
#5896=ORIENTED_EDGE('',*,*,#5885,.F.);
#5897=ORIENTED_EDGE('',*,*,#4979,.T.);
#5898=ORIENTED_EDGE('',*,*,#5264,.T.);
#5899=ORIENTED_EDGE('',*,*,#5690,.F.);
#5900=ORIENTED_EDGE('',*,*,#5375,.F.);
#5901=EDGE_LOOP('',(#5896,#5897,#5898,#5899,#5900));
#5902=FACE_OUTER_BOUND('',#5901,.F.);
#5904=CARTESIAN_POINT('',(-6.E0,-7.35E0,-1.41E1));
#5905=DIRECTION('',(0.E0,0.E0,1.E0));
#5906=DIRECTION('',(0.E0,-1.E0,0.E0));
#5907=AXIS2_PLACEMENT_3D('',#5904,#5905,#5906);
#5908=PLANE('',#5907);
#5909=ORIENTED_EDGE('',*,*,#5369,.T.);
#5911=ORIENTED_EDGE('',*,*,#5910,.F.);
#5913=ORIENTED_EDGE('',*,*,#5912,.F.);
#5914=ORIENTED_EDGE('',*,*,#5855,.T.);
#5915=EDGE_LOOP('',(#5909,#5911,#5913,#5914));
#5916=FACE_OUTER_BOUND('',#5915,.F.);
#5918=CARTESIAN_POINT('',(6.E0,-7.35E0,-1.62E1));
#5919=DIRECTION('',(-1.E0,0.E0,0.E0));
#5920=DIRECTION('',(0.E0,1.E0,0.E0));
#5921=AXIS2_PLACEMENT_3D('',#5918,#5919,#5920);
#5922=PLANE('',#5921);
#5924=ORIENTED_EDGE('',*,*,#5923,.F.);
#5925=ORIENTED_EDGE('',*,*,#4927,.T.);
#5927=ORIENTED_EDGE('',*,*,#5926,.T.);
#5929=ORIENTED_EDGE('',*,*,#5928,.F.);
#5931=ORIENTED_EDGE('',*,*,#5930,.T.);
#5933=ORIENTED_EDGE('',*,*,#5932,.F.);
#5935=ORIENTED_EDGE('',*,*,#5934,.F.);
#5936=ORIENTED_EDGE('',*,*,#5011,.F.);
#5938=ORIENTED_EDGE('',*,*,#5937,.T.);
#5940=ORIENTED_EDGE('',*,*,#5939,.T.);
#5942=ORIENTED_EDGE('',*,*,#5941,.T.);
#5944=ORIENTED_EDGE('',*,*,#5943,.T.);
#5945=ORIENTED_EDGE('',*,*,#5910,.T.);
#5946=ORIENTED_EDGE('',*,*,#5367,.F.);
#5947=EDGE_LOOP('',(#5924,#5925,#5927,#5929,#5931,#5933,#5935,#5936,#5938,#5940,
#5942,#5944,#5945,#5946));
#5948=FACE_OUTER_BOUND('',#5947,.F.);
#5950=CARTESIAN_POINT('',(-1.300795394045E1,-7.85E0,-1.57E1));
#5951=DIRECTION('',(1.E0,0.E0,0.E0));
#5952=DIRECTION('',(0.E0,-1.E0,0.E0));
#5953=AXIS2_PLACEMENT_3D('',#5950,#5951,#5952);
#5954=CYLINDRICAL_SURFACE('',#5953,5.E-1);
#5956=ORIENTED_EDGE('',*,*,#5955,.T.);
#5957=ORIENTED_EDGE('',*,*,#4929,.F.);
#5958=ORIENTED_EDGE('',*,*,#5923,.T.);
#5959=ORIENTED_EDGE('',*,*,#5365,.T.);
#5960=EDGE_LOOP('',(#5956,#5957,#5958,#5959));
#5961=FACE_OUTER_BOUND('',#5960,.F.);
#5963=CARTESIAN_POINT('',(8.55E0,-8.35E0,-1.3E1));
#5964=DIRECTION('',(-1.E0,0.E0,0.E0));
#5965=DIRECTION('',(0.E0,0.E0,-1.E0));
#5966=AXIS2_PLACEMENT_3D('',#5963,#5964,#5965);
#5967=PLANE('',#5966);
#5968=ORIENTED_EDGE('',*,*,#5955,.F.);
#5969=ORIENTED_EDGE('',*,*,#5363,.T.);
#5971=ORIENTED_EDGE('',*,*,#5970,.T.);
#5972=ORIENTED_EDGE('',*,*,#5279,.T.);
#5973=ORIENTED_EDGE('',*,*,#4931,.F.);
#5974=EDGE_LOOP('',(#5968,#5969,#5971,#5972,#5973));
#5975=FACE_OUTER_BOUND('',#5974,.F.);
#5977=CARTESIAN_POINT('',(9.75E0,-1.002E1,-1.3E1));
#5978=DIRECTION('',(0.E0,1.E0,0.E0));
#5979=DIRECTION('',(0.E0,0.E0,1.E0));
#5980=AXIS2_PLACEMENT_3D('',#5977,#5978,#5979);
#5981=CYLINDRICAL_SURFACE('',#5980,1.2E0);
#5983=ORIENTED_EDGE('',*,*,#5982,.T.);
#5984=ORIENTED_EDGE('',*,*,#5113,.F.);
#5986=ORIENTED_EDGE('',*,*,#5985,.T.);
#5987=ORIENTED_EDGE('',*,*,#5162,.T.);
#5988=EDGE_LOOP('',(#5983,#5984,#5986,#5987));
#5989=FACE_OUTER_BOUND('',#5988,.F.);
#5991=CARTESIAN_POINT('',(9.75E0,-1.002E1,-1.3E1));
#5992=DIRECTION('',(0.E0,1.E0,0.E0));
#5993=DIRECTION('',(0.E0,0.E0,1.E0));
#5994=AXIS2_PLACEMENT_3D('',#5991,#5992,#5993);
#5995=CYLINDRICAL_SURFACE('',#5994,1.2E0);
#5997=ORIENTED_EDGE('',*,*,#5996,.T.);
#5998=ORIENTED_EDGE('',*,*,#5970,.F.);
#5999=ORIENTED_EDGE('',*,*,#5361,.T.);
#6000=ORIENTED_EDGE('',*,*,#5246,.T.);
#6001=EDGE_LOOP('',(#5997,#5998,#5999,#6000));
#6002=FACE_OUTER_BOUND('',#6001,.F.);
#6004=CARTESIAN_POINT('',(9.75E0,-1.002E1,-1.3E1));
#6005=DIRECTION('',(0.E0,1.E0,0.E0));
#6006=DIRECTION('',(0.E0,0.E0,1.E0));
#6007=AXIS2_PLACEMENT_3D('',#6004,#6005,#6006);
#6008=CYLINDRICAL_SURFACE('',#6007,1.2E0);
#6009=ORIENTED_EDGE('',*,*,#5130,.F.);
#6011=ORIENTED_EDGE('',*,*,#6010,.T.);
#6012=ORIENTED_EDGE('',*,*,#5281,.T.);
#6014=ORIENTED_EDGE('',*,*,#6013,.T.);
#6015=EDGE_LOOP('',(#6009,#6011,#6012,#6014));
#6016=FACE_OUTER_BOUND('',#6015,.F.);
#6018=CARTESIAN_POINT('',(7.5E0,-3.35E0,-1.62E1));
#6019=DIRECTION('',(0.E0,1.E0,0.E0));
#6020=DIRECTION('',(1.E0,0.E0,0.E0));
#6021=AXIS2_PLACEMENT_3D('',#6018,#6019,#6020);
#6022=PLANE('',#6021);
#6023=ORIENTED_EDGE('',*,*,#5097,.F.);
#6024=ORIENTED_EDGE('',*,*,#5115,.T.);
#6025=ORIENTED_EDGE('',*,*,#5982,.F.);
#6026=ORIENTED_EDGE('',*,*,#5160,.F.);
#6027=ORIENTED_EDGE('',*,*,#5178,.T.);
#6029=ORIENTED_EDGE('',*,*,#6028,.T.);
#6031=ORIENTED_EDGE('',*,*,#6030,.T.);
#6033=ORIENTED_EDGE('',*,*,#6032,.F.);
#6034=EDGE_LOOP('',(#6023,#6024,#6025,#6026,#6027,#6029,#6031,#6033));
#6035=FACE_OUTER_BOUND('',#6034,.F.);
#6037=CARTESIAN_POINT('',(1.245E1,-3.85E0,-1.625897607175E1));
#6038=DIRECTION('',(0.E0,0.E0,1.E0));
#6039=DIRECTION('',(1.E0,0.E0,0.E0));
#6040=AXIS2_PLACEMENT_3D('',#6037,#6038,#6039);
#6041=CYLINDRICAL_SURFACE('',#6040,5.E-1);
#6043=ORIENTED_EDGE('',*,*,#6042,.F.);
#6044=ORIENTED_EDGE('',*,*,#6028,.F.);
#6045=ORIENTED_EDGE('',*,*,#5190,.F.);
#6047=ORIENTED_EDGE('',*,*,#6046,.T.);
#6048=EDGE_LOOP('',(#6043,#6044,#6045,#6047));
#6049=FACE_OUTER_BOUND('',#6048,.F.);
#6051=CARTESIAN_POINT('',(1.245E1,-3.85E0,-1.03E1));
#6052=DIRECTION('',(7.071067811865E-1,-7.071067811865E-1,0.E0));
#6053=DIRECTION('',(7.071067811865E-1,7.071067811865E-1,0.E0));
#6054=AXIS2_PLACEMENT_3D('',#6051,#6052,#6053);
#6055=SPHERICAL_SURFACE('',#6054,5.E-1);
#6056=ORIENTED_EDGE('',*,*,#6042,.T.);
#6058=ORIENTED_EDGE('',*,*,#6057,.T.);
#6060=ORIENTED_EDGE('',*,*,#6059,.T.);
#6061=EDGE_LOOP('',(#6056,#6058,#6060));
#6062=FACE_OUTER_BOUND('',#6061,.F.);
#6064=CARTESIAN_POINT('',(1.245E1,-8.410748972069E0,-1.03E1));
#6065=DIRECTION('',(0.E0,1.E0,0.E0));
#6066=DIRECTION('',(0.E0,0.E0,1.E0));
#6067=AXIS2_PLACEMENT_3D('',#6064,#6065,#6066);
#6068=CYLINDRICAL_SURFACE('',#6067,5.E-1);
#6070=ORIENTED_EDGE('',*,*,#6069,.F.);
#6071=ORIENTED_EDGE('',*,*,#5609,.T.);
#6072=ORIENTED_EDGE('',*,*,#6057,.F.);
#6074=ORIENTED_EDGE('',*,*,#6073,.F.);
#6075=EDGE_LOOP('',(#6070,#6071,#6072,#6074));
#6076=FACE_OUTER_BOUND('',#6075,.F.);
#6078=CARTESIAN_POINT('',(1.245E1,-7.85E0,-1.03E1));
#6079=DIRECTION('',(7.071067811865E-1,0.E0,-7.071067811865E-1));
#6080=DIRECTION('',(7.071067811865E-1,0.E0,7.071067811865E-1));
#6081=AXIS2_PLACEMENT_3D('',#6078,#6079,#6080);
#6082=SPHERICAL_SURFACE('',#6081,5.E-1);
#6083=ORIENTED_EDGE('',*,*,#6069,.T.);
#6085=ORIENTED_EDGE('',*,*,#6084,.T.);
#6087=ORIENTED_EDGE('',*,*,#6086,.T.);
#6088=EDGE_LOOP('',(#6083,#6085,#6087));
#6089=FACE_OUTER_BOUND('',#6088,.F.);
#6091=CARTESIAN_POINT('',(1.245E1,-7.85E0,-1.625683683234E1));
#6092=DIRECTION('',(0.E0,0.E0,1.E0));
#6093=DIRECTION('',(0.E0,-1.E0,0.E0));
#6094=AXIS2_PLACEMENT_3D('',#6091,#6092,#6093);
#6095=CYLINDRICAL_SURFACE('',#6094,5.E-1);
#6096=ORIENTED_EDGE('',*,*,#6084,.F.);
#6098=ORIENTED_EDGE('',*,*,#6097,.F.);
#6099=ORIENTED_EDGE('',*,*,#5217,.F.);
#6100=ORIENTED_EDGE('',*,*,#5357,.T.);
#6101=EDGE_LOOP('',(#6096,#6098,#6099,#6100));
#6102=FACE_OUTER_BOUND('',#6101,.F.);
#6104=CARTESIAN_POINT('',(1.295E1,-3.35E0,-1.62E1));
#6105=DIRECTION('',(1.E0,0.E0,0.E0));
#6106=DIRECTION('',(0.E0,-1.E0,0.E0));
#6107=AXIS2_PLACEMENT_3D('',#6104,#6105,#6106);
#6108=PLANE('',#6107);
#6109=ORIENTED_EDGE('',*,*,#6097,.T.);
#6110=ORIENTED_EDGE('',*,*,#6073,.T.);
#6111=ORIENTED_EDGE('',*,*,#6046,.F.);
#6112=ORIENTED_EDGE('',*,*,#5203,.T.);
#6113=EDGE_LOOP('',(#6109,#6110,#6111,#6112));
#6114=FACE_OUTER_BOUND('',#6113,.F.);
#6116=CARTESIAN_POINT('',(-1.300683683234E1,-7.85E0,-1.03E1));
#6117=DIRECTION('',(1.E0,0.E0,0.E0));
#6118=DIRECTION('',(0.E0,0.E0,1.E0));
#6119=AXIS2_PLACEMENT_3D('',#6116,#6117,#6118);
#6120=CYLINDRICAL_SURFACE('',#6119,5.E-1);
#6122=ORIENTED_EDGE('',*,*,#6121,.F.);
#6123=ORIENTED_EDGE('',*,*,#5611,.T.);
#6124=ORIENTED_EDGE('',*,*,#6086,.F.);
#6125=ORIENTED_EDGE('',*,*,#5355,.F.);
#6126=EDGE_LOOP('',(#6122,#6123,#6124,#6125));
#6127=FACE_OUTER_BOUND('',#6126,.F.);
#6129=CARTESIAN_POINT('',(7.494934700309E0,-7.990709547777E0,
-9.273776286738E0));
#6130=CARTESIAN_POINT('',(7.494343733330E0,-7.991089612831E0,
-9.283990900675E0));
#6131=CARTESIAN_POINT('',(7.493840810410E0,-7.991441209586E0,
-9.305344078957E0));
#6132=CARTESIAN_POINT('',(7.495369862732E0,-7.990373065299E0,
-9.338904354280E0));
#6133=CARTESIAN_POINT('',(7.499590973762E0,-7.987258463292E0,
-9.374834071928E0));
#6134=CARTESIAN_POINT('',(7.506913031161E0,-7.981818218358E0,
-9.412664407338E0));
#6135=CARTESIAN_POINT('',(7.517689467613E0,-7.973954802242E0,
-9.451769277394E0));
#6136=CARTESIAN_POINT('',(7.532067381311E0,-7.963789699839E0,
-9.491181191529E0));
#6137=CARTESIAN_POINT('',(7.549884358532E0,-7.951651636442E0,
-9.529771881349E0));
#6138=CARTESIAN_POINT('',(7.570700971567E0,-7.937993985012E0,
-9.566523251365E0));
#6139=CARTESIAN_POINT('',(7.593983809703E0,-7.923256789631E0,
-9.600783611377E0));
#6140=CARTESIAN_POINT('',(7.619227155859E0,-7.907806573627E0,
-9.632236636482E0));
#6141=CARTESIAN_POINT('',(7.646026936061E0,-7.891917296805E0,
-9.660812367633E0));
#6142=CARTESIAN_POINT('',(7.674067379295E0,-7.875800998656E0,
-9.686561257145E0));
#6143=CARTESIAN_POINT('',(7.703091417694E0,-7.859640512352E0,
-9.709577065284E0));
#6144=CARTESIAN_POINT('',(7.732865214979E0,-7.843620351355E0,
-9.729954753717E0));
#6145=CARTESIAN_POINT('',(7.763163996311E0,-7.827943044922E0,
-9.747786947754E0));
#6146=CARTESIAN_POINT('',(7.793799221278E0,-7.812825963792E0,
-9.763181561006E0));
#6147=CARTESIAN_POINT('',(7.824590776787E0,-7.798532015910E0,
-9.776237197269E0));
#6148=CARTESIAN_POINT('',(7.855339772461E0,-7.785397204734E0,
-9.787035516829E0));
#6149=CARTESIAN_POINT('',(7.885939729123E0,-7.773788300664E0,
-9.795683276987E0));
#6150=CARTESIAN_POINT('',(7.916431447917E0,-7.764098517670E0,
-9.802286224250E0));
#6151=CARTESIAN_POINT('',(7.946923536767E0,-7.756797041962E0,
-9.806889363216E0));
#6152=CARTESIAN_POINT('',(7.977345047823E0,-7.752443215041E0,
-9.809460310456E0));
#6153=CARTESIAN_POINT('',(8.001778647359E0,-7.751681659681E0,
-9.809873688619E0));
#6154=CARTESIAN_POINT('',(8.015903003049E0,-7.752487688392E0,
-9.809429450456E0));
#6155=CARTESIAN_POINT('',(8.019992523160E0,-7.752825735812E0,
-9.809243316457E0));
#6156=CARTESIAN_POINT('',(7.540264930931E0,-8.216587286470E0,
-9.265921837185E0));
#6157=CARTESIAN_POINT('',(7.539483189315E0,-8.216728317508E0,
-9.279437516911E0));
#6158=CARTESIAN_POINT('',(7.538807596390E0,-8.216859022692E0,
-9.307126468939E0));
#6159=CARTESIAN_POINT('',(7.540858765883E0,-8.216462332126E0,
-9.348467445834E0));
#6160=CARTESIAN_POINT('',(7.546528804933E0,-8.215305828544E0,
-9.390592573442E0));
#6161=CARTESIAN_POINT('',(7.556281738793E0,-8.213285736426E0,
-9.433034336773E0));
#6162=CARTESIAN_POINT('',(7.570441630698E0,-8.210365872947E0,
-9.475232567869E0));
#6163=CARTESIAN_POINT('',(7.589024252209E0,-8.206591338963E0,
-9.516246656901E0));
#6164=CARTESIAN_POINT('',(7.611634450228E0,-8.202084200319E0,
-9.554965036859E0));
#6165=CARTESIAN_POINT('',(7.637533460376E0,-8.197012803943E0,
-9.590406484471E0));
#6166=CARTESIAN_POINT('',(7.665880987234E0,-8.191540548410E0,
-9.621983605690E0));
#6167=CARTESIAN_POINT('',(7.695883951927E0,-8.185803532105E0,
-9.649461466410E0));
#6168=CARTESIAN_POINT('',(7.726875808824E0,-8.179903482543E0,
-9.672854718318E0));
#6169=CARTESIAN_POINT('',(7.758288822375E0,-8.173919134806E0,
-9.692301653129E0));
#6170=CARTESIAN_POINT('',(7.789609686147E0,-8.167918378992E0,
-9.707994234938E0));
#6171=CARTESIAN_POINT('',(7.820332839528E0,-8.161969729192E0,
-9.720149695672E0));
#6172=CARTESIAN_POINT('',(7.849944381399E0,-8.156148388943E0,
-9.729021168536E0));
#6173=CARTESIAN_POINT('',(7.877951169636E0,-8.150535073582E0,
-9.734920429194E0));
#6174=CARTESIAN_POINT('',(7.903859443876E0,-8.145227404506E0,
-9.738218953464E0));
#6175=CARTESIAN_POINT('',(7.927187324062E0,-8.140350155586E0,
-9.739374299679E0));
#6176=CARTESIAN_POINT('',(7.947624302136E0,-8.136039488376E0,
-9.738954179488E0));
#6177=CARTESIAN_POINT('',(7.965109041357E0,-8.132441512592E0,
-9.737594526602E0));
#6178=CARTESIAN_POINT('',(7.979814121706E0,-8.129730093398E0,
-9.735960041466E0));
#6179=CARTESIAN_POINT('',(7.992108013191E0,-8.128114182265E0,
-9.734711742418E0));
#6180=CARTESIAN_POINT('',(8.000673657442E0,-8.127829194833E0,
-9.734449495144E0));
#6181=CARTESIAN_POINT('',(8.005402148573E0,-8.128131469527E0,
-9.734716626119E0));
#6182=CARTESIAN_POINT('',(8.006766500289E0,-8.128257261254E0,
-9.734828923536E0));
#6183=CARTESIAN_POINT('',(7.380599313506E0,-8.382592020472E0,
-9.256616232802E0));
#6184=CARTESIAN_POINT('',(7.379976567684E0,-8.382557457988E0,
-9.273788769134E0));
#6185=CARTESIAN_POINT('',(7.379410211735E0,-8.382525697908E0,
-9.309036556156E0));
#6186=CARTESIAN_POINT('',(7.381123458237E0,-8.382622533882E0,
-9.362053066581E0));
#6187=CARTESIAN_POINT('',(7.386120998247E0,-8.382905083237E0,
-9.416696930877E0));
#6188=CARTESIAN_POINT('',(7.395105713405E0,-8.383398574793E0,
-9.472647463723E0));
#6189=CARTESIAN_POINT('',(7.408701584447E0,-8.384111883946E0,
-9.529470482490E0));
#6190=CARTESIAN_POINT('',(7.427269162781E0,-8.385033982236E0,
-9.586187253012E0));
#6191=CARTESIAN_POINT('',(7.450749733617E0,-8.386135052671E0,
-9.641470465301E0));
#6192=CARTESIAN_POINT('',(7.478670438278E0,-8.387373968118E0,
-9.694002824761E0));
#6193=CARTESIAN_POINT('',(7.510362016534E0,-8.388710811401E0,
-9.742862681169E0));
#6194=CARTESIAN_POINT('',(7.545118787809E0,-8.390112334337E0,
-9.787523741226E0));
#6195=CARTESIAN_POINT('',(7.582306952820E0,-8.391553685443E0,
-9.827767959367E0));
#6196=CARTESIAN_POINT('',(7.621353106262E0,-8.393015630153E0,
-9.863533065373E0));
#6197=CARTESIAN_POINT('',(7.661704774125E0,-8.394481583258E0,
-9.894819869800E0));
#6198=CARTESIAN_POINT('',(7.702777613618E0,-8.395934807182E0,
-9.921646539299E0));
#6199=CARTESIAN_POINT('',(7.743931382057E0,-8.397356929892E0,
-9.944060450888E0));
#6200=CARTESIAN_POINT('',(7.784506118338E0,-8.398728233788E0,
-9.962181528214E0));
#6201=CARTESIAN_POINT('',(7.823790215429E0,-8.400024867852E0,
-9.976196926454E0));
#6202=CARTESIAN_POINT('',(7.861019930583E0,-8.401216359792E0,
-9.986396088702E0));
#6203=CARTESIAN_POINT('',(7.895601051772E0,-8.402269413362E0,
-9.993255152094E0));
#6204=CARTESIAN_POINT('',(7.927251144829E0,-8.403148449413E0,
-9.997399276726E0));
#6205=CARTESIAN_POINT('',(7.955991367256E0,-8.403810588974E0,
-9.999520394909E0));
#6206=CARTESIAN_POINT('',(7.982042819227E0,-8.404206219703E0,
-1.000031511028E1));
#6207=CARTESIAN_POINT('',(8.001471738319E0,-8.404273323141E0,
-1.000037496339E1));
#6208=CARTESIAN_POINT('',(8.012445882559E0,-8.404202879556E0,
-1.000029304359E1));
#6209=CARTESIAN_POINT('',(8.015617630492E0,-8.404172454233E0,
-1.000025921782E1));
#6210=CARTESIAN_POINT('',(7.152986228725E0,-8.346234212280E0,
-9.253846904025E0));
#6211=CARTESIAN_POINT('',(7.152735775687E0,-8.346238216806E0,
-9.271893238700E0));
#6212=CARTESIAN_POINT('',(7.152466800550E0,-8.346241869216E0,
-9.309434824446E0));
#6213=CARTESIAN_POINT('',(7.153272138821E0,-8.346230687904E0,
-9.368000050178E0));
#6214=CARTESIAN_POINT('',(7.156052989747E0,-8.346198039045E0,
-9.430740567455E0));
#6215=CARTESIAN_POINT('',(7.161729788667E0,-8.346141020065E0,
-9.497502010034E0));
#6216=CARTESIAN_POINT('',(7.171298287713E0,-8.346058601816E0,
-9.567928111748E0));
#6217=CARTESIAN_POINT('',(7.185643984132E0,-8.345952059631E0,
-9.640969732904E0));
#6218=CARTESIAN_POINT('',(7.205324998580E0,-8.345824838352E0,
-9.715036558343E0));
#6219=CARTESIAN_POINT('',(7.230471381290E0,-8.345681690032E0,
-9.788390744161E0));
#6220=CARTESIAN_POINT('',(7.260916019712E0,-8.345527226805E0,
-9.859664739155E0));
#6221=CARTESIAN_POINT('',(7.296340373659E0,-8.345365290282E0,
-9.927918227912E0));
#6222=CARTESIAN_POINT('',(7.336410500497E0,-8.345198751882E0,
-9.992582894432E0));
#6223=CARTESIAN_POINT('',(7.380798486560E0,-8.345029834029E0,
-1.005327965681E1));
#6224=CARTESIAN_POINT('',(7.429163380592E0,-8.344860453035E0,
-1.010969289062E1));
#6225=CARTESIAN_POINT('',(7.481102622161E0,-8.344692542808E0,
-1.016149122862E1));
#6226=CARTESIAN_POINT('',(7.536120856544E0,-8.344528226132E0,
-1.020832663762E1));
#6227=CARTESIAN_POINT('',(7.593672274827E0,-8.344369781169E0,
-1.024989615062E1));
#6228=CARTESIAN_POINT('',(7.653110211779E0,-8.344219964010E0,
-1.028590362043E1));
#6229=CARTESIAN_POINT('',(7.713632124728E0,-8.344082294579E0,
-1.031607066270E1));
#6230=CARTESIAN_POINT('',(7.774523938825E0,-8.343960623342E0,
-1.034030791382E1));
#6231=CARTESIAN_POINT('',(7.835352941074E0,-8.343859049625E0,
-1.035869804696E1));
#6232=CARTESIAN_POINT('',(7.895903444874E0,-8.343782568745E0,
-1.037134438793E1));
#6233=CARTESIAN_POINT('',(7.955788887218E0,-8.343736768037E0,
-1.037829076472E1));
#6234=CARTESIAN_POINT('',(8.003487860279E0,-8.343729269417E0,
-1.037939397036E1));
#6235=CARTESIAN_POINT('',(8.030988242497E0,-8.343737064620E0,
-1.037820218629E1));
#6236=CARTESIAN_POINT('',(8.038948579534E0,-8.343740549206E0,
-1.037770310702E1));
#6237=(BOUNDED_SURFACE()B_SPLINE_SURFACE(3,3,((#6129,#6130,#6131,#6132,#6133,
#6134,#6135,#6136,#6137,#6138,#6139,#6140,#6141,#6142,#6143,#6144,#6145,#6146,
#6147,#6148,#6149,#6150,#6151,#6152,#6153,#6154,#6155),(#6156,#6157,#6158,#6159,
#6160,#6161,#6162,#6163,#6164,#6165,#6166,#6167,#6168,#6169,#6170,#6171,#6172,
#6173,#6174,#6175,#6176,#6177,#6178,#6179,#6180,#6181,#6182),(#6183,#6184,#6185,
#6186,#6187,#6188,#6189,#6190,#6191,#6192,#6193,#6194,#6195,#6196,#6197,#6198,
#6199,#6200,#6201,#6202,#6203,#6204,#6205,#6206,#6207,#6208,#6209),(#6210,#6211,
#6212,#6213,#6214,#6215,#6216,#6217,#6218,#6219,#6220,#6221,#6222,#6223,#6224,
#6225,#6226,#6227,#6228,#6229,#6230,#6231,#6232,#6233,#6234,#6235,#6236)),
.UNSPECIFIED.,.F.,.F.,.F.)B_SPLINE_SURFACE_WITH_KNOTS((4,4),(4,1,1,1,1,1,1,1,1,
1,1,1,1,1,1,1,1,1,1,1,1,1,1,1,4),(0.E0,1.E0),(3.221575055685E-2,
6.526117419631E-2,1.007525596754E-1,1.384465847858E-1,1.784968679466E-1,
2.209355936164E-1,2.653403334758E-1,3.108140954305E-1,3.565727747547E-1,
4.019753175334E-1,4.467474100043E-1,4.907910776327E-1,5.340721567218E-1,
5.766091856223E-1,6.183713666216E-1,6.592239357489E-1,6.990445453612E-1,
7.377783725078E-1,7.751520586960E-1,8.108438178257E-1,8.450926696983E-1,
8.781748378960E-1,9.101511004495E-1,9.410545488650E-1,9.536629516269E-1),
.UNSPECIFIED.)GEOMETRIC_REPRESENTATION_ITEM()RATIONAL_B_SPLINE_SURFACE(((
1.273214775449E0,1.273214775449E0,1.273214775449E0,1.273214775449E0,
1.273214775449E0,1.273214775449E0,1.273214775449E0,1.273214775449E0,
1.273214775449E0,1.273214775449E0,1.273214775449E0,1.273214775449E0,
1.273214775449E0,1.273214775449E0,1.273214775449E0,1.273214775449E0,
1.273214775449E0,1.273214775449E0,1.273214775449E0,1.273214775449E0,
1.273214775449E0,1.273214775449E0,1.273214775449E0,1.273214775449E0,
1.273214775449E0,1.273214775449E0,1.273214775449E0),(9.089284081836E-1,
9.089284081836E-1,9.089284081836E-1,9.089284081836E-1,9.089284081836E-1,
9.089284081836E-1,9.089284081836E-1,9.089284081836E-1,9.089284081836E-1,
9.089284081836E-1,9.089284081836E-1,9.089284081836E-1,9.089284081836E-1,
9.089284081836E-1,9.089284081836E-1,9.089284081836E-1,9.089284081836E-1,
9.089284081836E-1,9.089284081836E-1,9.089284081836E-1,9.089284081836E-1,
9.089284081836E-1,9.089284081836E-1,9.089284081836E-1,9.089284081836E-1,
9.089284081836E-1,9.089284081836E-1),(9.089284081836E-1,9.089284081836E-1,
9.089284081836E-1,9.089284081836E-1,9.089284081836E-1,9.089284081836E-1,
9.089284081836E-1,9.089284081836E-1,9.089284081836E-1,9.089284081836E-1,
9.089284081836E-1,9.089284081836E-1,9.089284081836E-1,9.089284081836E-1,
9.089284081836E-1,9.089284081836E-1,9.089284081836E-1,9.089284081836E-1,
9.089284081836E-1,9.089284081836E-1,9.089284081836E-1,9.089284081836E-1,
9.089284081836E-1,9.089284081836E-1,9.089284081836E-1,9.089284081836E-1,
9.089284081836E-1),(1.273214775449E0,1.273214775449E0,1.273214775449E0,
1.273214775449E0,1.273214775449E0,1.273214775449E0,1.273214775449E0,
1.273214775449E0,1.273214775449E0,1.273214775449E0,1.273214775449E0,
1.273214775449E0,1.273214775449E0,1.273214775449E0,1.273214775449E0,
1.273214775449E0,1.273214775449E0,1.273214775449E0,1.273214775449E0,
1.273214775449E0,1.273214775449E0,1.273214775449E0,1.273214775449E0,
1.273214775449E0,1.273214775449E0,1.273214775449E0,1.273214775449E0)))REPRESENTATION_ITEM('')SURFACE());
#6238=ORIENTED_EDGE('',*,*,#6121,.T.);
#6239=ORIENTED_EDGE('',*,*,#5353,.F.);
#6241=ORIENTED_EDGE('',*,*,#6240,.T.);
#6243=ORIENTED_EDGE('',*,*,#6242,.T.);
#6244=EDGE_LOOP('',(#6238,#6239,#6241,#6243));
#6245=FACE_OUTER_BOUND('',#6244,.F.);
#6247=CARTESIAN_POINT('',(7.2E0,-8.05E0,5.897607175265E-2));
#6248=DIRECTION('',(0.E0,0.E0,-1.E0));
#6249=DIRECTION('',(1.E0,0.E0,0.E0));
#6250=AXIS2_PLACEMENT_3D('',#6247,#6248,#6249);
#6251=CYLINDRICAL_SURFACE('',#6250,3.E-1);
#6253=ORIENTED_EDGE('',*,*,#6252,.T.);
#6254=ORIENTED_EDGE('',*,*,#4897,.T.);
#6255=ORIENTED_EDGE('',*,*,#6240,.F.);
#6256=ORIENTED_EDGE('',*,*,#5351,.F.);
#6257=EDGE_LOOP('',(#6253,#6254,#6255,#6256));
#6258=FACE_OUTER_BOUND('',#6257,.F.);
#6260=CARTESIAN_POINT('',(7.152214318430E0,-8.345153650829E0,
-5.328278998876E-1));
#6261=CARTESIAN_POINT('',(7.153080359650E0,-8.347391433004E0,
-4.984132592048E-1));
#6262=CARTESIAN_POINT('',(7.152005177099E0,-8.344596432254E0,
-4.224968019015E-1));
#6263=CARTESIAN_POINT('',(7.139989584890E0,-8.313299875616E0,
-3.066502530029E-1));
#6264=CARTESIAN_POINT('',(7.113890231730E0,-8.247720192097E0,
-1.921248142037E-1));
#6265=CARTESIAN_POINT('',(7.074265340601E0,-8.149792646473E0,
-9.516109763025E-2));
#6266=CARTESIAN_POINT('',(7.023629564393E0,-8.025012404795E0,
-2.717482804624E-2));
#6267=CARTESIAN_POINT('',(6.981574304209E0,-7.920888726848E0,
-4.780850818077E-3));
#6268=CARTESIAN_POINT('',(6.957413564049E0,-7.860974673381E0,
-2.565374865059E-3));
#6269=CARTESIAN_POINT('',(6.952828272649E0,-7.849611458756E0,
-2.512192226834E-3));
#6270=CARTESIAN_POINT('',(7.372408472853E0,-8.379195019249E0,
-5.514646847155E-1));
#6271=CARTESIAN_POINT('',(7.374432257894E0,-8.384087456707E0,
-4.977146380463E-1));
#6272=CARTESIAN_POINT('',(7.371753289649E0,-8.377655768610E0,
-3.769827410712E-1));
#6273=CARTESIAN_POINT('',(7.344083763959E0,-8.311719303198E0,
-2.084889705394E-1));
#6274=CARTESIAN_POINT('',(7.298028103131E0,-8.195093749244E0,
-7.251754229327E-2));
#6275=CARTESIAN_POINT('',(7.242321855026E0,-8.047847910645E0,
1.534424099821E-2));
#6276=CARTESIAN_POINT('',(7.181932068385E0,-7.885566638213E0,
5.213426391125E-2));
#6277=CARTESIAN_POINT('',(7.137385599344E0,-7.766703413914E0,
4.235378816641E-2));
#6278=CARTESIAN_POINT('',(7.113632046978E0,-7.703395323716E0,
2.564751111693E-2));
#6279=CARTESIAN_POINT('',(7.109204584038E0,-7.691556227109E0,
2.210808372119E-2));
#6280=CARTESIAN_POINT('',(7.530092426172E0,-8.220669105412E0,
-5.514051171606E-1));
#6281=CARTESIAN_POINT('',(7.532945286913E0,-8.226440633775E0,
-4.978465155546E-1));
#6282=CARTESIAN_POINT('',(7.529117826470E0,-8.218706151E0,-3.761570623789E-1));
#6283=CARTESIAN_POINT('',(7.490238311474E0,-8.142061751721E0,
-2.162442645047E-1));
#6284=CARTESIAN_POINT('',(7.429891674144E0,-8.016740834515E0,
-1.082794305592E-1));
#6285=CARTESIAN_POINT('',(7.362669353101E0,-7.873677014243E0,
-6.152118609781E-2));
#6286=CARTESIAN_POINT('',(7.295294590271E0,-7.732892071485E0,
-6.938268466869E-2));
#6287=CARTESIAN_POINT('',(7.248964133538E0,-7.642527762569E0,
-1.078424018427E-1));
#6288=CARTESIAN_POINT('',(7.225502173751E0,-7.598864009451E0,
-1.374273150635E-1));
#6289=CARTESIAN_POINT('',(7.221187733862E0,-7.590857703921E0,
-1.432782034486E-1));
#6290=CARTESIAN_POINT('',(7.494888531398E0,-8.000649713583E0,
-5.326984493978E-1));
#6291=CARTESIAN_POINT('',(7.497556295982E0,-8.004797910722E0,
-4.986998515968E-1));
#6292=CARTESIAN_POINT('',(7.493985243358E0,-7.999171714206E0,
-4.207024608154E-1));
#6293=CARTESIAN_POINT('',(7.457608426168E0,-7.944604984963E0,
-3.235038338524E-1));
#6294=CARTESIAN_POINT('',(7.400452335640E0,-7.860128789175E0,
-2.698415168728E-1));
#6295=CARTESIAN_POINT('',(7.335801047422E0,-7.771289484992E0,
-2.622028236915E-1));
#6296=CARTESIAN_POINT('',(7.269985722706E0,-7.693224446081E0,
-2.912519509266E-1));
#6297=CARTESIAN_POINT('',(7.224053551997E0,-7.651033787909E0,
-3.311828728300E-1));
#6298=CARTESIAN_POINT('',(7.200526492406E0,-7.633810240397E0,
-3.569548770308E-1));
#6299=CARTESIAN_POINT('',(7.196186819439E0,-7.630776336638E0,
-3.619248946527E-1));
#6300=(BOUNDED_SURFACE()B_SPLINE_SURFACE(3,3,((#6260,#6261,#6262,#6263,#6264,
#6265,#6266,#6267,#6268,#6269),(#6270,#6271,#6272,#6273,#6274,#6275,#6276,#6277,
#6278,#6279),(#6280,#6281,#6282,#6283,#6284,#6285,#6286,#6287,#6288,#6289),(
#6290,#6291,#6292,#6293,#6294,#6295,#6296,#6297,#6298,#6299)),.UNSPECIFIED.,.F.,
.F.,.F.)B_SPLINE_SURFACE_WITH_KNOTS((4,4),(4,1,1,1,1,1,1,4),(0.E0,1.E0),(
2.173464782150E-2,1.523132337387E-1,3.074475335233E-1,4.691672115434E-1,
6.396838263094E-1,8.186321182191E-1,1.E0,1.042159285330E0),.UNSPECIFIED.)GEOMETRIC_REPRESENTATION_ITEM()RATIONAL_B_SPLINE_SURFACE(((1.260568640174E0,
1.260568640174E0,1.260568640174E0,1.260568640174E0,1.260568640174E0,
1.260568640174E0,1.260568640174E0,1.260568640174E0,1.260568640174E0,
1.260568640174E0),(9.131437866088E-1,9.131437866088E-1,9.131437866088E-1,
9.131437866088E-1,9.131437866088E-1,9.131437866088E-1,9.131437866088E-1,
9.131437866088E-1,9.131437866088E-1,9.131437866088E-1),(9.131437866088E-1,
9.131437866088E-1,9.131437866088E-1,9.131437866088E-1,9.131437866088E-1,
9.131437866088E-1,9.131437866088E-1,9.131437866088E-1,9.131437866088E-1,
9.131437866088E-1),(1.260568640174E0,1.260568640174E0,1.260568640174E0,
1.260568640174E0,1.260568640174E0,1.260568640174E0,1.260568640174E0,
1.260568640174E0,1.260568640174E0,1.260568640174E0)))REPRESENTATION_ITEM('')SURFACE());
#6301=ORIENTED_EDGE('',*,*,#6252,.F.);
#6302=ORIENTED_EDGE('',*,*,#5400,.F.);
#6304=ORIENTED_EDGE('',*,*,#6303,.F.);
#6305=EDGE_LOOP('',(#6301,#6302,#6304));
#6306=FACE_OUTER_BOUND('',#6305,.F.);
#6308=CARTESIAN_POINT('',(7.E0,-3.012012064041E1,-5.E-1));
#6309=DIRECTION('',(0.E0,1.E0,0.E0));
#6310=DIRECTION('',(0.E0,0.E0,1.E0));
#6311=AXIS2_PLACEMENT_3D('',#6308,#6309,#6310);
#6312=CYLINDRICAL_SURFACE('',#6311,5.E-1);
#6313=ORIENTED_EDGE('',*,*,#4746,.T.);
#6315=ORIENTED_EDGE('',*,*,#6314,.T.);
#6316=ORIENTED_EDGE('',*,*,#4758,.T.);
#6318=ORIENTED_EDGE('',*,*,#6317,.T.);
#6320=ORIENTED_EDGE('',*,*,#6319,.T.);
#6321=ORIENTED_EDGE('',*,*,#4774,.T.);
#6323=ORIENTED_EDGE('',*,*,#6322,.T.);
#6324=ORIENTED_EDGE('',*,*,#4872,.T.);
#6325=ORIENTED_EDGE('',*,*,#4899,.F.);
#6326=ORIENTED_EDGE('',*,*,#6303,.T.);
#6327=EDGE_LOOP('',(#6313,#6315,#6316,#6318,#6320,#6321,#6323,#6324,#6325,
#6326));
#6328=FACE_OUTER_BOUND('',#6327,.F.);
#6330=CARTESIAN_POINT('',(7.E0,-5.5E0,0.E0));
#6331=DIRECTION('',(1.E0,0.E0,0.E0));
#6332=DIRECTION('',(0.E0,1.E0,0.E0));
#6333=AXIS2_PLACEMENT_3D('',#6330,#6331,#6332);
#6334=PLANE('',#6333);
#6335=ORIENTED_EDGE('',*,*,#6314,.F.);
#6337=ORIENTED_EDGE('',*,*,#6336,.F.);
#6339=ORIENTED_EDGE('',*,*,#6338,.T.);
#6341=ORIENTED_EDGE('',*,*,#6340,.T.);
#6343=ORIENTED_EDGE('',*,*,#6342,.F.);
#6345=ORIENTED_EDGE('',*,*,#6344,.F.);
#6346=EDGE_LOOP('',(#6335,#6337,#6339,#6341,#6343,#6345));
#6347=FACE_OUTER_BOUND('',#6346,.F.);
#6349=CARTESIAN_POINT('',(6.5E0,-5.7E0,-2.E-1));
#6350=DIRECTION('',(0.E0,7.071067811865E-1,7.071067811865E-1));
#6351=DIRECTION('',(0.E0,7.071067811865E-1,-7.071067811865E-1));
#6352=AXIS2_PLACEMENT_3D('',#6349,#6350,#6351);
#6353=PLANE('',#6352);
#6354=ORIENTED_EDGE('',*,*,#4744,.T.);
#6356=ORIENTED_EDGE('',*,*,#6355,.F.);
#6358=ORIENTED_EDGE('',*,*,#6357,.F.);
#6359=ORIENTED_EDGE('',*,*,#6336,.T.);
#6360=EDGE_LOOP('',(#6354,#6356,#6358,#6359));
#6361=FACE_OUTER_BOUND('',#6360,.F.);
#6363=CARTESIAN_POINT('',(6.2E0,-6.425E0,-2.E-1));
#6364=DIRECTION('',(-7.071067811865E-1,0.E0,7.071067811865E-1));
#6365=DIRECTION('',(-7.071067811865E-1,0.E0,-7.071067811865E-1));
#6366=AXIS2_PLACEMENT_3D('',#6363,#6364,#6365);
#6367=PLANE('',#6366);
#6369=ORIENTED_EDGE('',*,*,#6368,.F.);
#6370=ORIENTED_EDGE('',*,*,#6355,.T.);
#6371=ORIENTED_EDGE('',*,*,#4742,.T.);
#6373=ORIENTED_EDGE('',*,*,#6372,.F.);
#6374=EDGE_LOOP('',(#6369,#6370,#6371,#6373));
#6375=FACE_OUTER_BOUND('',#6374,.F.);
#6377=CARTESIAN_POINT('',(6.E0,-7.35E0,0.E0));
#6378=DIRECTION('',(1.E0,0.E0,0.E0));
#6379=DIRECTION('',(0.E0,1.E0,0.E0));
#6380=AXIS2_PLACEMENT_3D('',#6377,#6378,#6379);
#6381=PLANE('',#6380);
#6382=ORIENTED_EDGE('',*,*,#6368,.T.);
#6384=ORIENTED_EDGE('',*,*,#6383,.T.);
#6386=ORIENTED_EDGE('',*,*,#6385,.T.);
#6388=ORIENTED_EDGE('',*,*,#6387,.F.);
#6389=EDGE_LOOP('',(#6382,#6384,#6386,#6388));
#6390=FACE_OUTER_BOUND('',#6389,.F.);
#6392=CARTESIAN_POINT('',(2.85E0,-7.35E0,0.E0));
#6393=DIRECTION('',(0.E0,-1.E0,0.E0));
#6394=DIRECTION('',(1.E0,0.E0,0.E0));
#6395=AXIS2_PLACEMENT_3D('',#6392,#6393,#6394);
#6396=PLANE('',#6395);
#6398=ORIENTED_EDGE('',*,*,#6397,.T.);
#6400=ORIENTED_EDGE('',*,*,#6399,.T.);
#6402=ORIENTED_EDGE('',*,*,#6401,.T.);
#6403=ORIENTED_EDGE('',*,*,#6383,.F.);
#6404=EDGE_LOOP('',(#6398,#6400,#6402,#6403));
#6405=FACE_OUTER_BOUND('',#6404,.F.);
#6407=CARTESIAN_POINT('',(4.425E0,-7.55E0,-2.E-1));
#6408=DIRECTION('',(0.E0,7.071067811865E-1,7.071067811865E-1));
#6409=DIRECTION('',(0.E0,7.071067811865E-1,-7.071067811865E-1));
#6410=AXIS2_PLACEMENT_3D('',#6407,#6408,#6409);
#6411=PLANE('',#6410);
#6412=ORIENTED_EDGE('',*,*,#6397,.F.);
#6413=ORIENTED_EDGE('',*,*,#6372,.T.);
#6414=ORIENTED_EDGE('',*,*,#4740,.T.);
#6416=ORIENTED_EDGE('',*,*,#6415,.T.);
#6417=EDGE_LOOP('',(#6412,#6413,#6414,#6416));
#6418=FACE_OUTER_BOUND('',#6417,.F.);
#6420=CARTESIAN_POINT('',(2.85E0,-7.05E0,0.E0));
#6421=DIRECTION('',(-1.E0,0.E0,0.E0));
#6422=DIRECTION('',(0.E0,-1.E0,0.E0));
#6423=AXIS2_PLACEMENT_3D('',#6420,#6421,#6422);
#6424=PLANE('',#6423);
#6425=ORIENTED_EDGE('',*,*,#6399,.F.);
#6426=ORIENTED_EDGE('',*,*,#6415,.F.);
#6427=ORIENTED_EDGE('',*,*,#4738,.T.);
#6429=ORIENTED_EDGE('',*,*,#6428,.T.);
#6431=ORIENTED_EDGE('',*,*,#6430,.T.);
#6432=EDGE_LOOP('',(#6425,#6426,#6427,#6429,#6431));
#6433=FACE_OUTER_BOUND('',#6432,.F.);
#6435=CARTESIAN_POINT('',(2.15E0,-7.05E0,0.E0));
#6436=DIRECTION('',(0.E0,-1.E0,0.E0));
#6437=DIRECTION('',(1.E0,0.E0,0.E0));
#6438=AXIS2_PLACEMENT_3D('',#6435,#6436,#6437);
#6439=PLANE('',#6438);
#6440=ORIENTED_EDGE('',*,*,#4736,.F.);
#6442=ORIENTED_EDGE('',*,*,#6441,.T.);
#6444=ORIENTED_EDGE('',*,*,#6443,.T.);
#6445=ORIENTED_EDGE('',*,*,#6428,.F.);
#6446=EDGE_LOOP('',(#6440,#6442,#6444,#6445));
#6447=FACE_OUTER_BOUND('',#6446,.F.);
#6449=CARTESIAN_POINT('',(2.15E0,-7.35E0,0.E0));
#6450=DIRECTION('',(1.E0,0.E0,0.E0));
#6451=DIRECTION('',(0.E0,1.E0,0.E0));
#6452=AXIS2_PLACEMENT_3D('',#6449,#6450,#6451);
#6453=PLANE('',#6452);
#6454=ORIENTED_EDGE('',*,*,#4734,.T.);
#6456=ORIENTED_EDGE('',*,*,#6455,.F.);
#6458=ORIENTED_EDGE('',*,*,#6457,.T.);
#6460=ORIENTED_EDGE('',*,*,#6459,.T.);
#6461=ORIENTED_EDGE('',*,*,#6441,.F.);
#6462=EDGE_LOOP('',(#6454,#6456,#6458,#6460,#6461));
#6463=FACE_OUTER_BOUND('',#6462,.F.);
#6465=CARTESIAN_POINT('',(0.E0,-7.55E0,-2.E-1));
#6466=DIRECTION('',(0.E0,7.071067811865E-1,7.071067811865E-1));
#6467=DIRECTION('',(0.E0,7.071067811865E-1,-7.071067811865E-1));
#6468=AXIS2_PLACEMENT_3D('',#6465,#6466,#6467);
#6469=PLANE('',#6468);
#6471=ORIENTED_EDGE('',*,*,#6470,.F.);
#6472=ORIENTED_EDGE('',*,*,#6455,.T.);
#6473=ORIENTED_EDGE('',*,*,#4732,.T.);
#6475=ORIENTED_EDGE('',*,*,#6474,.T.);
#6476=EDGE_LOOP('',(#6471,#6472,#6473,#6475));
#6477=FACE_OUTER_BOUND('',#6476,.F.);
#6479=CARTESIAN_POINT('',(-2.15E0,-7.35E0,0.E0));
#6480=DIRECTION('',(0.E0,-1.E0,0.E0));
#6481=DIRECTION('',(1.E0,0.E0,0.E0));
#6482=AXIS2_PLACEMENT_3D('',#6479,#6480,#6481);
#6483=PLANE('',#6482);
#6484=ORIENTED_EDGE('',*,*,#6470,.T.);
#6486=ORIENTED_EDGE('',*,*,#6485,.T.);
#6488=ORIENTED_EDGE('',*,*,#6487,.T.);
#6489=ORIENTED_EDGE('',*,*,#6457,.F.);
#6490=EDGE_LOOP('',(#6484,#6486,#6488,#6489));
#6491=FACE_OUTER_BOUND('',#6490,.F.);
#6493=CARTESIAN_POINT('',(-2.15E0,-7.05E0,0.E0));
#6494=DIRECTION('',(-1.E0,0.E0,0.E0));
#6495=DIRECTION('',(0.E0,-1.E0,0.E0));
#6496=AXIS2_PLACEMENT_3D('',#6493,#6494,#6495);
#6497=PLANE('',#6496);
#6498=ORIENTED_EDGE('',*,*,#6485,.F.);
#6499=ORIENTED_EDGE('',*,*,#6474,.F.);
#6500=ORIENTED_EDGE('',*,*,#4730,.T.);
#6502=ORIENTED_EDGE('',*,*,#6501,.T.);
#6504=ORIENTED_EDGE('',*,*,#6503,.T.);
#6505=EDGE_LOOP('',(#6498,#6499,#6500,#6502,#6504));
#6506=FACE_OUTER_BOUND('',#6505,.F.);
#6508=CARTESIAN_POINT('',(-2.85E0,-7.05E0,0.E0));
#6509=DIRECTION('',(0.E0,-1.E0,0.E0));
#6510=DIRECTION('',(1.E0,0.E0,0.E0));
#6511=AXIS2_PLACEMENT_3D('',#6508,#6509,#6510);
#6512=PLANE('',#6511);
#6513=ORIENTED_EDGE('',*,*,#4728,.F.);
#6515=ORIENTED_EDGE('',*,*,#6514,.T.);
#6517=ORIENTED_EDGE('',*,*,#6516,.T.);
#6518=ORIENTED_EDGE('',*,*,#6501,.F.);
#6519=EDGE_LOOP('',(#6513,#6515,#6517,#6518));
#6520=FACE_OUTER_BOUND('',#6519,.F.);
#6522=CARTESIAN_POINT('',(-2.85E0,-7.35E0,0.E0));
#6523=DIRECTION('',(1.E0,0.E0,0.E0));
#6524=DIRECTION('',(0.E0,1.E0,0.E0));
#6525=AXIS2_PLACEMENT_3D('',#6522,#6523,#6524);
#6526=PLANE('',#6525);
#6527=ORIENTED_EDGE('',*,*,#4726,.T.);
#6529=ORIENTED_EDGE('',*,*,#6528,.F.);
#6531=ORIENTED_EDGE('',*,*,#6530,.T.);
#6533=ORIENTED_EDGE('',*,*,#6532,.T.);
#6534=ORIENTED_EDGE('',*,*,#6514,.F.);
#6535=EDGE_LOOP('',(#6527,#6529,#6531,#6533,#6534));
#6536=FACE_OUTER_BOUND('',#6535,.F.);
#6538=CARTESIAN_POINT('',(-4.425E0,-7.55E0,-2.E-1));
#6539=DIRECTION('',(0.E0,7.071067811865E-1,7.071067811865E-1));
#6540=DIRECTION('',(0.E0,7.071067811865E-1,-7.071067811865E-1));
#6541=AXIS2_PLACEMENT_3D('',#6538,#6539,#6540);
#6542=PLANE('',#6541);
#6543=ORIENTED_EDGE('',*,*,#4724,.T.);
#6545=ORIENTED_EDGE('',*,*,#6544,.F.);
#6547=ORIENTED_EDGE('',*,*,#6546,.F.);
#6548=ORIENTED_EDGE('',*,*,#6528,.T.);
#6549=EDGE_LOOP('',(#6543,#6545,#6547,#6548));
#6550=FACE_OUTER_BOUND('',#6549,.F.);
#6552=CARTESIAN_POINT('',(-6.2E0,-6.425E0,-2.E-1));
#6553=DIRECTION('',(7.071067811865E-1,0.E0,7.071067811865E-1));
#6554=DIRECTION('',(7.071067811865E-1,0.E0,-7.071067811865E-1));
#6555=AXIS2_PLACEMENT_3D('',#6552,#6553,#6554);
#6556=PLANE('',#6555);
#6557=ORIENTED_EDGE('',*,*,#4722,.T.);
#6559=ORIENTED_EDGE('',*,*,#6558,.F.);
#6561=ORIENTED_EDGE('',*,*,#6560,.F.);
#6562=ORIENTED_EDGE('',*,*,#6544,.T.);
#6563=EDGE_LOOP('',(#6557,#6559,#6561,#6562));
#6564=FACE_OUTER_BOUND('',#6563,.F.);
#6566=CARTESIAN_POINT('',(-6.5E0,-5.7E0,-2.E-1));
#6567=DIRECTION('',(0.E0,7.071067811865E-1,7.071067811865E-1));
#6568=DIRECTION('',(0.E0,7.071067811865E-1,-7.071067811865E-1));
#6569=AXIS2_PLACEMENT_3D('',#6566,#6567,#6568);
#6570=PLANE('',#6569);
#6571=ORIENTED_EDGE('',*,*,#4720,.T.);
#6573=ORIENTED_EDGE('',*,*,#6572,.T.);
#6575=ORIENTED_EDGE('',*,*,#6574,.F.);
#6576=ORIENTED_EDGE('',*,*,#6558,.T.);
#6577=EDGE_LOOP('',(#6571,#6573,#6575,#6576));
#6578=FACE_OUTER_BOUND('',#6577,.F.);
#6580=CARTESIAN_POINT('',(-7.E0,-3.8E0,0.E0));
#6581=DIRECTION('',(-1.E0,0.E0,0.E0));
#6582=DIRECTION('',(0.E0,-1.E0,0.E0));
#6583=AXIS2_PLACEMENT_3D('',#6580,#6581,#6582);
#6584=PLANE('',#6583);
#6586=ORIENTED_EDGE('',*,*,#6585,.F.);
#6588=ORIENTED_EDGE('',*,*,#6587,.F.);
#6590=ORIENTED_EDGE('',*,*,#6589,.T.);
#6592=ORIENTED_EDGE('',*,*,#6591,.T.);
#6594=ORIENTED_EDGE('',*,*,#6593,.F.);
#6595=ORIENTED_EDGE('',*,*,#6572,.F.);
#6596=EDGE_LOOP('',(#6586,#6588,#6590,#6592,#6594,#6595));
#6597=FACE_OUTER_BOUND('',#6596,.F.);
#6599=CARTESIAN_POINT('',(-7.E0,3.012012036240E1,-5.E-1));
#6600=DIRECTION('',(0.E0,-1.E0,0.E0));
#6601=DIRECTION('',(0.E0,0.E0,1.E0));
#6602=AXIS2_PLACEMENT_3D('',#6599,#6600,#6601);
#6603=CYLINDRICAL_SURFACE('',#6602,5.E-1);
#6604=ORIENTED_EDGE('',*,*,#5809,.F.);
#6606=ORIENTED_EDGE('',*,*,#6605,.T.);
#6607=ORIENTED_EDGE('',*,*,#4799,.T.);
#6608=ORIENTED_EDGE('',*,*,#4692,.T.);
#6610=ORIENTED_EDGE('',*,*,#6609,.T.);
#6612=ORIENTED_EDGE('',*,*,#6611,.T.);
#6613=ORIENTED_EDGE('',*,*,#4702,.T.);
#6614=ORIENTED_EDGE('',*,*,#6585,.T.);
#6615=ORIENTED_EDGE('',*,*,#4718,.T.);
#6616=ORIENTED_EDGE('',*,*,#5448,.T.);
#6617=EDGE_LOOP('',(#6604,#6606,#6607,#6608,#6610,#6612,#6613,#6614,#6615,
#6616));
#6618=FACE_OUTER_BOUND('',#6617,.F.);
#6620=CARTESIAN_POINT('',(-6.E0,6.85E0,2.828812E1));
#6621=DIRECTION('',(0.E0,0.E0,-1.E0));
#6622=DIRECTION('',(-1.E0,0.E0,0.E0));
#6623=AXIS2_PLACEMENT_3D('',#6620,#6621,#6622);
#6624=CYLINDRICAL_SURFACE('',#6623,1.5E0);
#6625=ORIENTED_EDGE('',*,*,#4858,.F.);
#6626=ORIENTED_EDGE('',*,*,#4801,.T.);
#6627=ORIENTED_EDGE('',*,*,#6605,.F.);
#6628=ORIENTED_EDGE('',*,*,#5807,.T.);
#6630=ORIENTED_EDGE('',*,*,#6629,.T.);
#6631=EDGE_LOOP('',(#6625,#6626,#6627,#6628,#6630));
#6632=FACE_OUTER_BOUND('',#6631,.F.);
#6634=CARTESIAN_POINT('',(-6.E0,6.85E0,-1.57E1));
#6635=DIRECTION('',(0.E0,0.E0,-1.E0));
#6636=DIRECTION('',(-1.E0,0.E0,0.E0));
#6637=AXIS2_PLACEMENT_3D('',#6634,#6635,#6636);
#6638=TOROIDAL_SURFACE('',#6637,1.E0,5.E-1);
#6639=ORIENTED_EDGE('',*,*,#5021,.T.);
#6641=ORIENTED_EDGE('',*,*,#6640,.F.);
#6642=ORIENTED_EDGE('',*,*,#6629,.F.);
#6644=ORIENTED_EDGE('',*,*,#6643,.F.);
#6645=EDGE_LOOP('',(#6639,#6641,#6642,#6644));
#6646=FACE_OUTER_BOUND('',#6645,.F.);
#6648=CARTESIAN_POINT('',(-4.671324E1,7.85E0,-1.57E1));
#6649=DIRECTION('',(1.E0,0.E0,0.E0));
#6650=DIRECTION('',(0.E0,0.E0,-1.E0));
#6651=AXIS2_PLACEMENT_3D('',#6648,#6649,#6650);
#6652=CYLINDRICAL_SURFACE('',#6651,5.E-1);
#6653=ORIENTED_EDGE('',*,*,#4860,.F.);
#6654=ORIENTED_EDGE('',*,*,#6640,.T.);
#6655=ORIENTED_EDGE('',*,*,#5019,.T.);
#6657=ORIENTED_EDGE('',*,*,#6656,.T.);
#6658=EDGE_LOOP('',(#6653,#6654,#6655,#6657));
#6659=FACE_OUTER_BOUND('',#6658,.F.);
#6661=CARTESIAN_POINT('',(6.E0,6.85E0,-1.57E1));
#6662=DIRECTION('',(0.E0,0.E0,-1.E0));
#6663=DIRECTION('',(0.E0,1.E0,0.E0));
#6664=AXIS2_PLACEMENT_3D('',#6661,#6662,#6663);
#6665=TOROIDAL_SURFACE('',#6664,1.E0,5.E-1);
#6666=ORIENTED_EDGE('',*,*,#5017,.T.);
#6668=ORIENTED_EDGE('',*,*,#6667,.F.);
#6669=ORIENTED_EDGE('',*,*,#4877,.F.);
#6670=ORIENTED_EDGE('',*,*,#6656,.F.);
#6671=EDGE_LOOP('',(#6666,#6668,#6669,#6670));
#6672=FACE_OUTER_BOUND('',#6671,.F.);
#6674=CARTESIAN_POINT('',(7.E0,3.012012036240E1,-1.57E1));
#6675=DIRECTION('',(0.E0,-1.E0,0.E0));
#6676=DIRECTION('',(0.E0,0.E0,-1.E0));
#6677=AXIS2_PLACEMENT_3D('',#6674,#6675,#6676);
#6678=CYLINDRICAL_SURFACE('',#6677,5.E-1);
#6679=ORIENTED_EDGE('',*,*,#4902,.F.);
#6680=ORIENTED_EDGE('',*,*,#6667,.T.);
#6681=ORIENTED_EDGE('',*,*,#5015,.T.);
#6683=ORIENTED_EDGE('',*,*,#6682,.T.);
#6684=EDGE_LOOP('',(#6679,#6680,#6681,#6683));
#6685=FACE_OUTER_BOUND('',#6684,.F.);
#6687=CARTESIAN_POINT('',(6.E0,-7.5E-1,-1.62E1));
#6688=DIRECTION('',(0.E0,1.E0,0.E0));
#6689=DIRECTION('',(1.E0,0.E0,0.E0));
#6690=AXIS2_PLACEMENT_3D('',#6687,#6688,#6689);
#6691=PLANE('',#6690);
#6692=ORIENTED_EDGE('',*,*,#4904,.T.);
#6693=ORIENTED_EDGE('',*,*,#6682,.F.);
#6694=ORIENTED_EDGE('',*,*,#5013,.F.);
#6695=ORIENTED_EDGE('',*,*,#5934,.T.);
#6697=ORIENTED_EDGE('',*,*,#6696,.T.);
#6698=EDGE_LOOP('',(#6692,#6693,#6694,#6695,#6697));
#6699=FACE_OUTER_BOUND('',#6698,.F.);
#6701=CARTESIAN_POINT('',(5.942046059552E0,-1.75E0,-2.07E1));
#6702=DIRECTION('',(1.E0,0.E0,0.E0));
#6703=DIRECTION('',(0.E0,0.E0,-1.E0));
#6704=AXIS2_PLACEMENT_3D('',#6701,#6702,#6703);
#6705=CYLINDRICAL_SURFACE('',#6704,1.E0);
#6706=ORIENTED_EDGE('',*,*,#4906,.T.);
#6707=ORIENTED_EDGE('',*,*,#6696,.F.);
#6708=ORIENTED_EDGE('',*,*,#5932,.T.);
#6710=ORIENTED_EDGE('',*,*,#6709,.T.);
#6711=EDGE_LOOP('',(#6706,#6707,#6708,#6710));
#6712=FACE_OUTER_BOUND('',#6711,.F.);
#6714=CARTESIAN_POINT('',(0.E0,0.E0,-2.17E1));
#6715=DIRECTION('',(0.E0,0.E0,-1.E0));
#6716=DIRECTION('',(-1.E0,0.E0,0.E0));
#6717=AXIS2_PLACEMENT_3D('',#6714,#6715,#6716);
#6718=PLANE('',#6717);
#6720=ORIENTED_EDGE('',*,*,#6719,.F.);
#6721=ORIENTED_EDGE('',*,*,#5799,.F.);
#6722=ORIENTED_EDGE('',*,*,#5842,.F.);
#6723=ORIENTED_EDGE('',*,*,#5870,.F.);
#6724=EDGE_LOOP('',(#6720,#6721,#6722,#6723));
#6725=FACE_OUTER_BOUND('',#6724,.F.);
#6727=CARTESIAN_POINT('',(0.E0,0.E0,-2.17E1));
#6728=DIRECTION('',(0.E0,0.E0,-1.E0));
#6729=DIRECTION('',(-1.E0,0.E0,0.E0));
#6730=AXIS2_PLACEMENT_3D('',#6727,#6728,#6729);
#6731=PLANE('',#6730);
#6732=ORIENTED_EDGE('',*,*,#6709,.F.);
#6733=ORIENTED_EDGE('',*,*,#5930,.F.);
#6735=ORIENTED_EDGE('',*,*,#6734,.F.);
#6736=ORIENTED_EDGE('',*,*,#4908,.F.);
#6737=EDGE_LOOP('',(#6732,#6733,#6735,#6736));
#6738=FACE_OUTER_BOUND('',#6737,.F.);
#6740=CARTESIAN_POINT('',(-7.555724246937E0,-1.75E0,-2.07E1));
#6741=DIRECTION('',(1.E0,0.E0,0.E0));
#6742=DIRECTION('',(0.E0,0.E0,-1.E0));
#6743=AXIS2_PLACEMENT_3D('',#6740,#6741,#6742);
#6744=CYLINDRICAL_SURFACE('',#6743,1.E0);
#6745=ORIENTED_EDGE('',*,*,#5868,.T.);
#6747=ORIENTED_EDGE('',*,*,#6746,.F.);
#6748=ORIENTED_EDGE('',*,*,#5801,.T.);
#6749=ORIENTED_EDGE('',*,*,#6719,.T.);
#6750=EDGE_LOOP('',(#6745,#6747,#6748,#6749));
#6751=FACE_OUTER_BOUND('',#6750,.F.);
#6753=CARTESIAN_POINT('',(-7.5E0,-7.5E-1,-1.62E1));
#6754=DIRECTION('',(0.E0,1.E0,0.E0));
#6755=DIRECTION('',(1.E0,0.E0,0.E0));
#6756=AXIS2_PLACEMENT_3D('',#6753,#6754,#6755);
#6757=PLANE('',#6756);
#6758=ORIENTED_EDGE('',*,*,#5025,.F.);
#6760=ORIENTED_EDGE('',*,*,#6759,.F.);
#6761=ORIENTED_EDGE('',*,*,#5803,.T.);
#6762=ORIENTED_EDGE('',*,*,#6746,.T.);
#6763=ORIENTED_EDGE('',*,*,#5866,.F.);
#6764=EDGE_LOOP('',(#6758,#6760,#6761,#6762,#6763));
#6765=FACE_OUTER_BOUND('',#6764,.F.);
#6767=CARTESIAN_POINT('',(-7.E0,-3.012012064041E1,-1.57E1));
#6768=DIRECTION('',(0.E0,1.E0,0.E0));
#6769=DIRECTION('',(0.E0,0.E0,-1.E0));
#6770=AXIS2_PLACEMENT_3D('',#6767,#6768,#6769);
#6771=CYLINDRICAL_SURFACE('',#6770,5.E-1);
#6772=ORIENTED_EDGE('',*,*,#5023,.T.);
#6773=ORIENTED_EDGE('',*,*,#6643,.T.);
#6774=ORIENTED_EDGE('',*,*,#5805,.F.);
#6775=ORIENTED_EDGE('',*,*,#6759,.T.);
#6776=EDGE_LOOP('',(#6772,#6773,#6774,#6775));
#6777=FACE_OUTER_BOUND('',#6776,.F.);
#6779=CARTESIAN_POINT('',(7.557953940448E0,-6.35E0,-2.07E1));
#6780=DIRECTION('',(-1.E0,0.E0,0.E0));
#6781=DIRECTION('',(0.E0,0.E0,-1.E0));
#6782=AXIS2_PLACEMENT_3D('',#6779,#6780,#6781);
#6783=CYLINDRICAL_SURFACE('',#6782,1.E0);
#6784=ORIENTED_EDGE('',*,*,#5928,.T.);
#6786=ORIENTED_EDGE('',*,*,#6785,.F.);
#6787=ORIENTED_EDGE('',*,*,#4910,.T.);
#6788=ORIENTED_EDGE('',*,*,#6734,.T.);
#6789=EDGE_LOOP('',(#6784,#6786,#6787,#6788));
#6790=FACE_OUTER_BOUND('',#6789,.F.);
#6792=CARTESIAN_POINT('',(7.5E0,-7.35E0,-1.62E1));
#6793=DIRECTION('',(0.E0,-1.E0,0.E0));
#6794=DIRECTION('',(-1.E0,0.E0,0.E0));
#6795=AXIS2_PLACEMENT_3D('',#6792,#6793,#6794);
#6796=PLANE('',#6795);
#6797=ORIENTED_EDGE('',*,*,#6785,.T.);
#6798=ORIENTED_EDGE('',*,*,#5926,.F.);
#6799=ORIENTED_EDGE('',*,*,#4925,.F.);
#6800=ORIENTED_EDGE('',*,*,#4912,.T.);
#6801=EDGE_LOOP('',(#6797,#6798,#6799,#6800));
#6802=FACE_OUTER_BOUND('',#6801,.F.);
#6804=CARTESIAN_POINT('',(-6.8E0,5.525E0,-2.E-1));
#6805=DIRECTION('',(7.071067811865E-1,0.E0,7.071067811865E-1));
#6806=DIRECTION('',(7.071067811865E-1,0.E0,-7.071067811865E-1));
#6807=AXIS2_PLACEMENT_3D('',#6804,#6805,#6806);
#6808=PLANE('',#6807);
#6809=ORIENTED_EDGE('',*,*,#6609,.F.);
#6811=ORIENTED_EDGE('',*,*,#6810,.F.);
#6813=ORIENTED_EDGE('',*,*,#6812,.F.);
#6815=ORIENTED_EDGE('',*,*,#6814,.T.);
#6816=EDGE_LOOP('',(#6809,#6811,#6813,#6815));
#6817=FACE_OUTER_BOUND('',#6816,.F.);
#6819=CARTESIAN_POINT('',(-5.9E0,7.55E0,-2.E-1));
#6820=DIRECTION('',(0.E0,-7.071067811865E-1,7.071067811865E-1));
#6821=DIRECTION('',(0.E0,-7.071067811865E-1,-7.071067811865E-1));
#6822=AXIS2_PLACEMENT_3D('',#6819,#6820,#6821);
#6823=PLANE('',#6822);
#6824=ORIENTED_EDGE('',*,*,#4690,.T.);
#6826=ORIENTED_EDGE('',*,*,#6825,.F.);
#6828=ORIENTED_EDGE('',*,*,#6827,.F.);
#6829=ORIENTED_EDGE('',*,*,#6810,.T.);
#6830=EDGE_LOOP('',(#6824,#6826,#6828,#6829));
#6831=FACE_OUTER_BOUND('',#6830,.F.);
#6833=CARTESIAN_POINT('',(-5.E0,6.25E0,-2.E-1));
#6834=DIRECTION('',(-7.071067811865E-1,0.E0,7.071067811865E-1));
#6835=DIRECTION('',(-7.071067811865E-1,0.E0,-7.071067811865E-1));
#6836=AXIS2_PLACEMENT_3D('',#6833,#6834,#6835);
#6837=PLANE('',#6836);
#6838=ORIENTED_EDGE('',*,*,#4688,.T.);
#6840=ORIENTED_EDGE('',*,*,#6839,.F.);
#6842=ORIENTED_EDGE('',*,*,#6841,.F.);
#6843=ORIENTED_EDGE('',*,*,#6825,.T.);
#6844=EDGE_LOOP('',(#6838,#6840,#6842,#6843));
#6845=FACE_OUTER_BOUND('',#6844,.F.);
#6847=CARTESIAN_POINT('',(-4.1E0,5.35E0,-2.E-1));
#6848=DIRECTION('',(0.E0,-7.071067811865E-1,7.071067811865E-1));
#6849=DIRECTION('',(0.E0,-7.071067811865E-1,-7.071067811865E-1));
#6850=AXIS2_PLACEMENT_3D('',#6847,#6848,#6849);
#6851=PLANE('',#6850);
#6852=ORIENTED_EDGE('',*,*,#4686,.T.);
#6854=ORIENTED_EDGE('',*,*,#6853,.F.);
#6856=ORIENTED_EDGE('',*,*,#6855,.F.);
#6857=ORIENTED_EDGE('',*,*,#6839,.T.);
#6858=EDGE_LOOP('',(#6852,#6854,#6856,#6857));
#6859=FACE_OUTER_BOUND('',#6858,.F.);
#6861=CARTESIAN_POINT('',(-3.2E0,6.75E0,-2.E-1));
#6862=DIRECTION('',(7.071067811865E-1,0.E0,7.071067811865E-1));
#6863=DIRECTION('',(-7.071067811865E-1,0.E0,7.071067811865E-1));
#6864=AXIS2_PLACEMENT_3D('',#6861,#6862,#6863);
#6865=PLANE('',#6864);
#6866=ORIENTED_EDGE('',*,*,#4796,.F.);
#6867=ORIENTED_EDGE('',*,*,#4838,.T.);
#6868=ORIENTED_EDGE('',*,*,#6853,.T.);
#6869=ORIENTED_EDGE('',*,*,#4684,.F.);
#6870=EDGE_LOOP('',(#6866,#6867,#6868,#6869));
#6871=FACE_OUTER_BOUND('',#6870,.F.);
#6873=CARTESIAN_POINT('',(-5.2E0,5.15E0,0.E0));
#6874=DIRECTION('',(0.E0,1.E0,0.E0));
#6875=DIRECTION('',(0.E0,0.E0,-1.E0));
#6876=AXIS2_PLACEMENT_3D('',#6873,#6874,#6875);
#6877=PLANE('',#6876);
#6878=ORIENTED_EDGE('',*,*,#6855,.T.);
#6879=ORIENTED_EDGE('',*,*,#4836,.T.);
#6881=ORIENTED_EDGE('',*,*,#6880,.F.);
#6883=ORIENTED_EDGE('',*,*,#6882,.F.);
#6884=EDGE_LOOP('',(#6878,#6879,#6881,#6883));
#6885=FACE_OUTER_BOUND('',#6884,.F.);
#6887=CARTESIAN_POINT('',(-5.2E0,5.15E0,0.E0));
#6888=DIRECTION('',(0.E0,1.E0,0.E0));
#6889=DIRECTION('',(0.E0,0.E0,-1.E0));
#6890=AXIS2_PLACEMENT_3D('',#6887,#6888,#6889);
#6891=PLANE('',#6890);
#6893=ORIENTED_EDGE('',*,*,#6892,.T.);
#6895=ORIENTED_EDGE('',*,*,#6894,.T.);
#6897=ORIENTED_EDGE('',*,*,#6896,.F.);
#6899=ORIENTED_EDGE('',*,*,#6898,.F.);
#6900=EDGE_LOOP('',(#6893,#6895,#6897,#6899));
#6901=FACE_OUTER_BOUND('',#6900,.F.);
#6903=CARTESIAN_POINT('',(-5.2E0,5.15E0,-2.287564434702E0));
#6904=DIRECTION('',(0.E0,8.660254037844E-1,-5.E-1));
#6905=DIRECTION('',(0.E0,-5.E-1,-8.660254037844E-1));
#6906=AXIS2_PLACEMENT_3D('',#6903,#6904,#6905);
#6907=PLANE('',#6906);
#6909=ORIENTED_EDGE('',*,*,#6908,.T.);
#6911=ORIENTED_EDGE('',*,*,#6910,.T.);
#6913=ORIENTED_EDGE('',*,*,#6912,.F.);
#6914=ORIENTED_EDGE('',*,*,#6896,.T.);
#6915=EDGE_LOOP('',(#6909,#6911,#6913,#6914));
#6916=FACE_OUTER_BOUND('',#6915,.F.);
#6918=CARTESIAN_POINT('',(-5.2E0,5.15E0,-2.287564434702E0));
#6919=DIRECTION('',(0.E0,8.660254037844E-1,-5.E-1));
#6920=DIRECTION('',(0.E0,-5.E-1,-8.660254037844E-1));
#6921=AXIS2_PLACEMENT_3D('',#6918,#6919,#6920);
#6922=PLANE('',#6921);
#6923=ORIENTED_EDGE('',*,*,#4834,.T.);
#6925=ORIENTED_EDGE('',*,*,#6924,.T.);
#6927=ORIENTED_EDGE('',*,*,#6926,.F.);
#6928=ORIENTED_EDGE('',*,*,#6880,.T.);
#6929=EDGE_LOOP('',(#6923,#6925,#6927,#6928));
#6930=FACE_OUTER_BOUND('',#6929,.F.);
#6932=CARTESIAN_POINT('',(5.2E0,7.35E0,0.E0));
#6933=DIRECTION('',(-1.E0,0.E0,0.E0));
#6934=DIRECTION('',(0.E0,-1.E0,0.E0));
#6935=AXIS2_PLACEMENT_3D('',#6932,#6933,#6934);
#6936=PLANE('',#6935);
#6938=ORIENTED_EDGE('',*,*,#6937,.T.);
#6940=ORIENTED_EDGE('',*,*,#6939,.T.);
#6942=ORIENTED_EDGE('',*,*,#6941,.T.);
#6944=ORIENTED_EDGE('',*,*,#6943,.F.);
#6945=ORIENTED_EDGE('',*,*,#6908,.F.);
#6946=ORIENTED_EDGE('',*,*,#6894,.F.);
#6947=EDGE_LOOP('',(#6938,#6940,#6942,#6944,#6945,#6946));
#6948=FACE_OUTER_BOUND('',#6947,.F.);
#6950=CARTESIAN_POINT('',(5.E0,6.25E0,-2.E-1));
#6951=DIRECTION('',(7.071067811865E-1,0.E0,7.071067811865E-1));
#6952=DIRECTION('',(7.071067811865E-1,0.E0,-7.071067811865E-1));
#6953=AXIS2_PLACEMENT_3D('',#6950,#6951,#6952);
#6954=PLANE('',#6953);
#6955=ORIENTED_EDGE('',*,*,#4778,.T.);
#6957=ORIENTED_EDGE('',*,*,#6956,.F.);
#6958=ORIENTED_EDGE('',*,*,#6937,.F.);
#6960=ORIENTED_EDGE('',*,*,#6959,.T.);
#6961=EDGE_LOOP('',(#6955,#6957,#6958,#6960));
#6962=FACE_OUTER_BOUND('',#6961,.F.);
#6964=CARTESIAN_POINT('',(5.9E0,7.55E0,-2.E-1));
#6965=DIRECTION('',(0.E0,-7.071067811865E-1,7.071067811865E-1));
#6966=DIRECTION('',(0.E0,-7.071067811865E-1,-7.071067811865E-1));
#6967=AXIS2_PLACEMENT_3D('',#6964,#6965,#6966);
#6968=PLANE('',#6967);
#6969=ORIENTED_EDGE('',*,*,#4776,.T.);
#6971=ORIENTED_EDGE('',*,*,#6970,.F.);
#6973=ORIENTED_EDGE('',*,*,#6972,.F.);
#6974=ORIENTED_EDGE('',*,*,#6956,.T.);
#6975=EDGE_LOOP('',(#6969,#6971,#6973,#6974));
#6976=FACE_OUTER_BOUND('',#6975,.F.);
#6978=CARTESIAN_POINT('',(6.8E0,5.525E0,-2.E-1));
#6979=DIRECTION('',(-7.071067811865E-1,0.E0,7.071067811865E-1));
#6980=DIRECTION('',(-7.071067811865E-1,0.E0,-7.071067811865E-1));
#6981=AXIS2_PLACEMENT_3D('',#6978,#6979,#6980);
#6982=PLANE('',#6981);
#6983=ORIENTED_EDGE('',*,*,#6319,.F.);
#6985=ORIENTED_EDGE('',*,*,#6984,.F.);
#6987=ORIENTED_EDGE('',*,*,#6986,.F.);
#6988=ORIENTED_EDGE('',*,*,#6970,.T.);
#6989=EDGE_LOOP('',(#6983,#6985,#6987,#6988));
#6990=FACE_OUTER_BOUND('',#6989,.F.);
#6992=CARTESIAN_POINT('',(6.8E0,3.9E0,-2.E-1));
#6993=DIRECTION('',(0.E0,-7.071067811865E-1,7.071067811865E-1));
#6994=DIRECTION('',(0.E0,-7.071067811865E-1,-7.071067811865E-1));
#6995=AXIS2_PLACEMENT_3D('',#6992,#6993,#6994);
#6996=PLANE('',#6995);
#6997=ORIENTED_EDGE('',*,*,#6984,.T.);
#6999=ORIENTED_EDGE('',*,*,#6998,.T.);
#7001=ORIENTED_EDGE('',*,*,#7000,.F.);
#7002=EDGE_LOOP('',(#6997,#6999,#7001));
#7003=FACE_OUTER_BOUND('',#7002,.F.);
#7005=CARTESIAN_POINT('',(7.E0,2.E0,0.E0));
#7006=DIRECTION('',(1.E0,0.E0,0.E0));
#7007=DIRECTION('',(0.E0,1.E0,0.E0));
#7008=AXIS2_PLACEMENT_3D('',#7005,#7006,#7007);
#7009=PLANE('',#7008);
#7010=ORIENTED_EDGE('',*,*,#6317,.F.);
#7012=ORIENTED_EDGE('',*,*,#7011,.F.);
#7014=ORIENTED_EDGE('',*,*,#7013,.T.);
#7016=ORIENTED_EDGE('',*,*,#7015,.T.);
#7018=ORIENTED_EDGE('',*,*,#7017,.F.);
#7019=ORIENTED_EDGE('',*,*,#6998,.F.);
#7020=EDGE_LOOP('',(#7010,#7012,#7014,#7016,#7018,#7019));
#7021=FACE_OUTER_BOUND('',#7020,.F.);
#7023=CARTESIAN_POINT('',(6.5E0,1.8E0,-2.E-1));
#7024=DIRECTION('',(0.E0,7.071067811865E-1,7.071067811865E-1));
#7025=DIRECTION('',(0.E0,7.071067811865E-1,-7.071067811865E-1));
#7026=AXIS2_PLACEMENT_3D('',#7023,#7024,#7025);
#7027=PLANE('',#7026);
#7028=ORIENTED_EDGE('',*,*,#4764,.T.);
#7030=ORIENTED_EDGE('',*,*,#7029,.F.);
#7032=ORIENTED_EDGE('',*,*,#7031,.F.);
#7033=ORIENTED_EDGE('',*,*,#7011,.T.);
#7034=EDGE_LOOP('',(#7028,#7030,#7032,#7033));
#7035=FACE_OUTER_BOUND('',#7034,.F.);
#7037=CARTESIAN_POINT('',(6.2E0,-9.E-1,-2.E-1));
#7038=DIRECTION('',(-7.071067811865E-1,0.E0,7.071067811865E-1));
#7039=DIRECTION('',(-7.071067811865E-1,0.E0,-7.071067811865E-1));
#7040=AXIS2_PLACEMENT_3D('',#7037,#7038,#7039);
#7041=PLANE('',#7040);
#7042=ORIENTED_EDGE('',*,*,#4762,.T.);
#7044=ORIENTED_EDGE('',*,*,#7043,.F.);
#7046=ORIENTED_EDGE('',*,*,#7045,.F.);
#7047=ORIENTED_EDGE('',*,*,#7029,.T.);
#7048=EDGE_LOOP('',(#7042,#7044,#7046,#7047));
#7049=FACE_OUTER_BOUND('',#7048,.F.);
#7051=CARTESIAN_POINT('',(6.5E0,-3.6E0,-2.E-1));
#7052=DIRECTION('',(0.E0,-7.071067811865E-1,7.071067811865E-1));
#7053=DIRECTION('',(0.E0,-7.071067811865E-1,-7.071067811865E-1));
#7054=AXIS2_PLACEMENT_3D('',#7051,#7052,#7053);
#7055=PLANE('',#7054);
#7056=ORIENTED_EDGE('',*,*,#4760,.T.);
#7057=ORIENTED_EDGE('',*,*,#6344,.T.);
#7059=ORIENTED_EDGE('',*,*,#7058,.F.);
#7060=ORIENTED_EDGE('',*,*,#7043,.T.);
#7061=EDGE_LOOP('',(#7056,#7057,#7059,#7060));
#7062=FACE_OUTER_BOUND('',#7061,.F.);
#7064=CARTESIAN_POINT('',(7.E0,-3.8E0,0.E0));
#7065=DIRECTION('',(0.E0,1.E0,0.E0));
#7066=DIRECTION('',(-1.E0,0.E0,0.E0));
#7067=AXIS2_PLACEMENT_3D('',#7064,#7065,#7066);
#7068=PLANE('',#7067);
#7069=ORIENTED_EDGE('',*,*,#7058,.T.);
#7070=ORIENTED_EDGE('',*,*,#6342,.T.);
#7072=ORIENTED_EDGE('',*,*,#7071,.T.);
#7074=ORIENTED_EDGE('',*,*,#7073,.F.);
#7075=EDGE_LOOP('',(#7069,#7070,#7072,#7074));
#7076=FACE_OUTER_BOUND('',#7075,.F.);
#7078=CARTESIAN_POINT('',(0.E0,0.E0,-1.3E1));
#7079=DIRECTION('',(0.E0,0.E0,-1.E0));
#7080=DIRECTION('',(-1.E0,0.E0,0.E0));
#7081=AXIS2_PLACEMENT_3D('',#7078,#7079,#7080);
#7082=PLANE('',#7081);
#7083=ORIENTED_EDGE('',*,*,#6385,.F.);
#7084=ORIENTED_EDGE('',*,*,#6401,.F.);
#7085=ORIENTED_EDGE('',*,*,#6430,.F.);
#7086=ORIENTED_EDGE('',*,*,#6443,.F.);
#7087=ORIENTED_EDGE('',*,*,#6459,.F.);
#7088=ORIENTED_EDGE('',*,*,#6487,.F.);
#7089=ORIENTED_EDGE('',*,*,#6503,.F.);
#7090=ORIENTED_EDGE('',*,*,#6516,.F.);
#7091=ORIENTED_EDGE('',*,*,#6532,.F.);
#7093=ORIENTED_EDGE('',*,*,#7092,.F.);
#7095=ORIENTED_EDGE('',*,*,#7094,.F.);
#7097=ORIENTED_EDGE('',*,*,#7096,.F.);
#7098=ORIENTED_EDGE('',*,*,#6591,.F.);
#7100=ORIENTED_EDGE('',*,*,#7099,.F.);
#7102=ORIENTED_EDGE('',*,*,#7101,.F.);
#7104=ORIENTED_EDGE('',*,*,#7103,.F.);
#7106=ORIENTED_EDGE('',*,*,#7105,.F.);
#7108=ORIENTED_EDGE('',*,*,#7107,.F.);
#7110=ORIENTED_EDGE('',*,*,#7109,.F.);
#7112=ORIENTED_EDGE('',*,*,#7111,.F.);
#7114=ORIENTED_EDGE('',*,*,#7113,.F.);
#7116=ORIENTED_EDGE('',*,*,#7115,.F.);
#7117=ORIENTED_EDGE('',*,*,#4830,.F.);
#7119=ORIENTED_EDGE('',*,*,#7118,.F.);
#7121=ORIENTED_EDGE('',*,*,#7120,.F.);
#7123=ORIENTED_EDGE('',*,*,#7122,.F.);
#7124=ORIENTED_EDGE('',*,*,#6941,.F.);
#7126=ORIENTED_EDGE('',*,*,#7125,.F.);
#7128=ORIENTED_EDGE('',*,*,#7127,.F.);
#7130=ORIENTED_EDGE('',*,*,#7129,.F.);
#7131=ORIENTED_EDGE('',*,*,#7015,.F.);
#7133=ORIENTED_EDGE('',*,*,#7132,.F.);
#7135=ORIENTED_EDGE('',*,*,#7134,.F.);
#7136=ORIENTED_EDGE('',*,*,#7071,.F.);
#7137=ORIENTED_EDGE('',*,*,#6340,.F.);
#7139=ORIENTED_EDGE('',*,*,#7138,.F.);
#7140=EDGE_LOOP('',(#7083,#7084,#7085,#7086,#7087,#7088,#7089,#7090,#7091,#7093,
#7095,#7097,#7098,#7100,#7102,#7104,#7106,#7108,#7110,#7112,#7114,#7116,#7117,
#7119,#7121,#7123,#7124,#7126,#7128,#7130,#7131,#7133,#7135,#7136,#7137,#7139));
#7141=FACE_OUTER_BOUND('',#7140,.F.);
#7143=ORIENTED_EDGE('',*,*,#7142,.T.);
#7145=ORIENTED_EDGE('',*,*,#7144,.T.);
#7147=ORIENTED_EDGE('',*,*,#7146,.T.);
#7149=ORIENTED_EDGE('',*,*,#7148,.T.);
#7150=EDGE_LOOP('',(#7143,#7145,#7147,#7149));
#7151=FACE_BOUND('',#7150,.F.);
#7153=ORIENTED_EDGE('',*,*,#7152,.T.);
#7155=ORIENTED_EDGE('',*,*,#7154,.T.);
#7157=ORIENTED_EDGE('',*,*,#7156,.T.);
#7159=ORIENTED_EDGE('',*,*,#7158,.T.);
#7160=EDGE_LOOP('',(#7153,#7155,#7157,#7159));
#7161=FACE_BOUND('',#7160,.F.);
#7163=ORIENTED_EDGE('',*,*,#7162,.T.);
#7165=ORIENTED_EDGE('',*,*,#7164,.T.);
#7167=ORIENTED_EDGE('',*,*,#7166,.T.);
#7169=ORIENTED_EDGE('',*,*,#7168,.T.);
#7170=EDGE_LOOP('',(#7163,#7165,#7167,#7169));
#7171=FACE_BOUND('',#7170,.F.);
#7173=ORIENTED_EDGE('',*,*,#7172,.T.);
#7175=ORIENTED_EDGE('',*,*,#7174,.T.);
#7177=ORIENTED_EDGE('',*,*,#7176,.T.);
#7179=ORIENTED_EDGE('',*,*,#7178,.T.);
#7180=EDGE_LOOP('',(#7173,#7175,#7177,#7179));
#7181=FACE_BOUND('',#7180,.F.);
#7183=ORIENTED_EDGE('',*,*,#7182,.T.);
#7185=ORIENTED_EDGE('',*,*,#7184,.T.);
#7187=ORIENTED_EDGE('',*,*,#7186,.T.);
#7189=ORIENTED_EDGE('',*,*,#7188,.T.);
#7190=EDGE_LOOP('',(#7183,#7185,#7187,#7189));
#7191=FACE_BOUND('',#7190,.F.);
#7193=ORIENTED_EDGE('',*,*,#7192,.T.);
#7195=ORIENTED_EDGE('',*,*,#7194,.T.);
#7197=ORIENTED_EDGE('',*,*,#7196,.T.);
#7199=ORIENTED_EDGE('',*,*,#7198,.T.);
#7200=EDGE_LOOP('',(#7193,#7195,#7197,#7199));
#7201=FACE_BOUND('',#7200,.F.);
#7203=ORIENTED_EDGE('',*,*,#7202,.T.);
#7205=ORIENTED_EDGE('',*,*,#7204,.T.);
#7207=ORIENTED_EDGE('',*,*,#7206,.T.);
#7209=ORIENTED_EDGE('',*,*,#7208,.T.);
#7210=EDGE_LOOP('',(#7203,#7205,#7207,#7209));
#7211=FACE_BOUND('',#7210,.F.);
#7213=ORIENTED_EDGE('',*,*,#7212,.T.);
#7215=ORIENTED_EDGE('',*,*,#7214,.T.);
#7217=ORIENTED_EDGE('',*,*,#7216,.T.);
#7219=ORIENTED_EDGE('',*,*,#7218,.T.);
#7220=EDGE_LOOP('',(#7213,#7215,#7217,#7219));
#7221=FACE_BOUND('',#7220,.F.);
#7223=CARTESIAN_POINT('',(-6.E0,-7.35E0,0.E0));
#7224=DIRECTION('',(0.E0,-1.E0,0.E0));
#7225=DIRECTION('',(1.E0,0.E0,0.E0));
#7226=AXIS2_PLACEMENT_3D('',#7223,#7224,#7225);
#7227=PLANE('',#7226);
#7229=ORIENTED_EDGE('',*,*,#7228,.T.);
#7230=ORIENTED_EDGE('',*,*,#7092,.T.);
#7231=ORIENTED_EDGE('',*,*,#6530,.F.);
#7232=ORIENTED_EDGE('',*,*,#6546,.T.);
#7233=EDGE_LOOP('',(#7229,#7230,#7231,#7232));
#7234=FACE_OUTER_BOUND('',#7233,.F.);
#7236=CARTESIAN_POINT('',(-6.E0,-5.5E0,0.E0));
#7237=DIRECTION('',(-1.E0,0.E0,0.E0));
#7238=DIRECTION('',(0.E0,-1.E0,0.E0));
#7239=AXIS2_PLACEMENT_3D('',#7236,#7237,#7238);
#7240=PLANE('',#7239);
#7241=ORIENTED_EDGE('',*,*,#6560,.T.);
#7243=ORIENTED_EDGE('',*,*,#7242,.T.);
#7244=ORIENTED_EDGE('',*,*,#7094,.T.);
#7245=ORIENTED_EDGE('',*,*,#7228,.F.);
#7246=EDGE_LOOP('',(#7241,#7243,#7244,#7245));
#7247=FACE_OUTER_BOUND('',#7246,.F.);
#7249=CARTESIAN_POINT('',(-7.E0,-5.5E0,0.E0));
#7250=DIRECTION('',(0.E0,-1.E0,0.E0));
#7251=DIRECTION('',(1.E0,0.E0,0.E0));
#7252=AXIS2_PLACEMENT_3D('',#7249,#7250,#7251);
#7253=PLANE('',#7252);
#7254=ORIENTED_EDGE('',*,*,#6574,.T.);
#7255=ORIENTED_EDGE('',*,*,#6593,.T.);
#7256=ORIENTED_EDGE('',*,*,#7096,.T.);
#7257=ORIENTED_EDGE('',*,*,#7242,.F.);
#7258=EDGE_LOOP('',(#7254,#7255,#7256,#7257));
#7259=FACE_OUTER_BOUND('',#7258,.F.);
#7261=CARTESIAN_POINT('',(-6.E0,-3.8E0,0.E0));
#7262=DIRECTION('',(0.E0,1.E0,0.E0));
#7263=DIRECTION('',(-1.E0,0.E0,0.E0));
#7264=AXIS2_PLACEMENT_3D('',#7261,#7262,#7263);
#7265=PLANE('',#7264);
#7267=ORIENTED_EDGE('',*,*,#7266,.T.);
#7269=ORIENTED_EDGE('',*,*,#7268,.T.);
#7270=ORIENTED_EDGE('',*,*,#7099,.T.);
#7271=ORIENTED_EDGE('',*,*,#6589,.F.);
#7272=EDGE_LOOP('',(#7267,#7269,#7270,#7271));
#7273=FACE_OUTER_BOUND('',#7272,.F.);
#7275=CARTESIAN_POINT('',(-6.5E0,-3.6E0,-2.E-1));
#7276=DIRECTION('',(0.E0,-7.071067811865E-1,7.071067811865E-1));
#7277=DIRECTION('',(0.E0,-7.071067811865E-1,-7.071067811865E-1));
#7278=AXIS2_PLACEMENT_3D('',#7275,#7276,#7277);
#7279=PLANE('',#7278);
#7280=ORIENTED_EDGE('',*,*,#4708,.T.);
#7282=ORIENTED_EDGE('',*,*,#7281,.F.);
#7283=ORIENTED_EDGE('',*,*,#7266,.F.);
#7284=ORIENTED_EDGE('',*,*,#6587,.T.);
#7285=EDGE_LOOP('',(#7280,#7282,#7283,#7284));
#7286=FACE_OUTER_BOUND('',#7285,.F.);
#7288=CARTESIAN_POINT('',(-6.2E0,-9.E-1,-2.E-1));
#7289=DIRECTION('',(7.071067811865E-1,0.E0,7.071067811865E-1));
#7290=DIRECTION('',(7.071067811865E-1,0.E0,-7.071067811865E-1));
#7291=AXIS2_PLACEMENT_3D('',#7288,#7289,#7290);
#7292=PLANE('',#7291);
#7293=ORIENTED_EDGE('',*,*,#4706,.T.);
#7295=ORIENTED_EDGE('',*,*,#7294,.F.);
#7297=ORIENTED_EDGE('',*,*,#7296,.F.);
#7298=ORIENTED_EDGE('',*,*,#7281,.T.);
#7299=EDGE_LOOP('',(#7293,#7295,#7297,#7298));
#7300=FACE_OUTER_BOUND('',#7299,.F.);
#7302=CARTESIAN_POINT('',(-6.5E0,1.8E0,-2.E-1));
#7303=DIRECTION('',(0.E0,7.071067811865E-1,7.071067811865E-1));
#7304=DIRECTION('',(0.E0,7.071067811865E-1,-7.071067811865E-1));
#7305=AXIS2_PLACEMENT_3D('',#7302,#7303,#7304);
#7306=PLANE('',#7305);
#7307=ORIENTED_EDGE('',*,*,#4704,.T.);
#7309=ORIENTED_EDGE('',*,*,#7308,.T.);
#7311=ORIENTED_EDGE('',*,*,#7310,.F.);
#7312=ORIENTED_EDGE('',*,*,#7294,.T.);
#7313=EDGE_LOOP('',(#7307,#7309,#7311,#7312));
#7314=FACE_OUTER_BOUND('',#7313,.F.);
#7316=CARTESIAN_POINT('',(-7.E0,3.7E0,0.E0));
#7317=DIRECTION('',(-1.E0,0.E0,0.E0));
#7318=DIRECTION('',(0.E0,-1.E0,0.E0));
#7319=AXIS2_PLACEMENT_3D('',#7316,#7317,#7318);
#7320=PLANE('',#7319);
#7321=ORIENTED_EDGE('',*,*,#6611,.F.);
#7323=ORIENTED_EDGE('',*,*,#7322,.F.);
#7325=ORIENTED_EDGE('',*,*,#7324,.T.);
#7326=ORIENTED_EDGE('',*,*,#7105,.T.);
#7328=ORIENTED_EDGE('',*,*,#7327,.F.);
#7329=ORIENTED_EDGE('',*,*,#7308,.F.);
#7330=EDGE_LOOP('',(#7321,#7323,#7325,#7326,#7328,#7329));
#7331=FACE_OUTER_BOUND('',#7330,.F.);
#7333=CARTESIAN_POINT('',(-6.8E0,3.9E0,-2.E-1));
#7334=DIRECTION('',(0.E0,-7.071067811865E-1,7.071067811865E-1));
#7335=DIRECTION('',(0.E0,-7.071067811865E-1,-7.071067811865E-1));
#7336=AXIS2_PLACEMENT_3D('',#7333,#7334,#7335);
#7337=PLANE('',#7336);
#7338=ORIENTED_EDGE('',*,*,#6814,.F.);
#7340=ORIENTED_EDGE('',*,*,#7339,.F.);
#7341=ORIENTED_EDGE('',*,*,#7322,.T.);
#7342=EDGE_LOOP('',(#7338,#7340,#7341));
#7343=FACE_OUTER_BOUND('',#7342,.F.);
#7345=CARTESIAN_POINT('',(-6.6E0,3.7E0,0.E0));
#7346=DIRECTION('',(0.E0,1.E0,0.E0));
#7347=DIRECTION('',(-1.E0,0.E0,0.E0));
#7348=AXIS2_PLACEMENT_3D('',#7345,#7346,#7347);
#7349=PLANE('',#7348);
#7351=ORIENTED_EDGE('',*,*,#7350,.T.);
#7352=ORIENTED_EDGE('',*,*,#7107,.T.);
#7353=ORIENTED_EDGE('',*,*,#7324,.F.);
#7354=ORIENTED_EDGE('',*,*,#7339,.T.);
#7355=EDGE_LOOP('',(#7351,#7352,#7353,#7354));
#7356=FACE_OUTER_BOUND('',#7355,.F.);
#7358=CARTESIAN_POINT('',(-6.6E0,7.35E0,0.E0));
#7359=DIRECTION('',(-1.E0,0.E0,0.E0));
#7360=DIRECTION('',(0.E0,-1.E0,0.E0));
#7361=AXIS2_PLACEMENT_3D('',#7358,#7359,#7360);
#7362=PLANE('',#7361);
#7363=ORIENTED_EDGE('',*,*,#6812,.T.);
#7365=ORIENTED_EDGE('',*,*,#7364,.T.);
#7366=ORIENTED_EDGE('',*,*,#7109,.T.);
#7367=ORIENTED_EDGE('',*,*,#7350,.F.);
#7368=EDGE_LOOP('',(#7363,#7365,#7366,#7367));
#7369=FACE_OUTER_BOUND('',#7368,.F.);
#7371=CARTESIAN_POINT('',(-5.2E0,7.35E0,0.E0));
#7372=DIRECTION('',(0.E0,1.E0,0.E0));
#7373=DIRECTION('',(-1.E0,0.E0,0.E0));
#7374=AXIS2_PLACEMENT_3D('',#7371,#7372,#7373);
#7375=PLANE('',#7374);
#7376=ORIENTED_EDGE('',*,*,#6827,.T.);
#7378=ORIENTED_EDGE('',*,*,#7377,.T.);
#7379=ORIENTED_EDGE('',*,*,#7111,.T.);
#7380=ORIENTED_EDGE('',*,*,#7364,.F.);
#7381=EDGE_LOOP('',(#7376,#7378,#7379,#7380));
#7382=FACE_OUTER_BOUND('',#7381,.F.);
#7384=CARTESIAN_POINT('',(-5.2E0,4.45E0,0.E0));
#7385=DIRECTION('',(1.E0,0.E0,0.E0));
#7386=DIRECTION('',(0.E0,1.E0,0.E0));
#7387=AXIS2_PLACEMENT_3D('',#7384,#7385,#7386);
#7388=PLANE('',#7387);
#7389=ORIENTED_EDGE('',*,*,#6841,.T.);
#7390=ORIENTED_EDGE('',*,*,#6882,.T.);
#7391=ORIENTED_EDGE('',*,*,#6926,.T.);
#7393=ORIENTED_EDGE('',*,*,#7392,.T.);
#7394=ORIENTED_EDGE('',*,*,#7113,.T.);
#7395=ORIENTED_EDGE('',*,*,#7377,.F.);
#7396=EDGE_LOOP('',(#7389,#7390,#7391,#7393,#7394,#7395));
#7397=FACE_OUTER_BOUND('',#7396,.F.);
#7399=CARTESIAN_POINT('',(-3.E0,4.45E0,0.E0));
#7400=DIRECTION('',(0.E0,1.E0,0.E0));
#7401=DIRECTION('',(-1.E0,0.E0,0.E0));
#7402=AXIS2_PLACEMENT_3D('',#7399,#7400,#7401);
#7403=PLANE('',#7402);
#7404=ORIENTED_EDGE('',*,*,#6924,.F.);
#7405=ORIENTED_EDGE('',*,*,#4832,.T.);
#7406=ORIENTED_EDGE('',*,*,#7115,.T.);
#7407=ORIENTED_EDGE('',*,*,#7392,.F.);
#7408=EDGE_LOOP('',(#7404,#7405,#7406,#7407));
#7409=FACE_OUTER_BOUND('',#7408,.F.);
#7411=CARTESIAN_POINT('',(-7.E0,2.E0,0.E0));
#7412=DIRECTION('',(0.E0,-1.E0,0.E0));
#7413=DIRECTION('',(1.E0,0.E0,0.E0));
#7414=AXIS2_PLACEMENT_3D('',#7411,#7412,#7413);
#7415=PLANE('',#7414);
#7416=ORIENTED_EDGE('',*,*,#7310,.T.);
#7417=ORIENTED_EDGE('',*,*,#7327,.T.);
#7418=ORIENTED_EDGE('',*,*,#7103,.T.);
#7420=ORIENTED_EDGE('',*,*,#7419,.F.);
#7421=EDGE_LOOP('',(#7416,#7417,#7418,#7420));
#7422=FACE_OUTER_BOUND('',#7421,.F.);
#7424=CARTESIAN_POINT('',(-6.E0,2.E0,0.E0));
#7425=DIRECTION('',(-1.E0,0.E0,0.E0));
#7426=DIRECTION('',(0.E0,-1.E0,0.E0));
#7427=AXIS2_PLACEMENT_3D('',#7424,#7425,#7426);
#7428=PLANE('',#7427);
#7429=ORIENTED_EDGE('',*,*,#7296,.T.);
#7430=ORIENTED_EDGE('',*,*,#7419,.T.);
#7431=ORIENTED_EDGE('',*,*,#7101,.T.);
#7432=ORIENTED_EDGE('',*,*,#7268,.F.);
#7433=EDGE_LOOP('',(#7429,#7430,#7431,#7432));
#7434=FACE_OUTER_BOUND('',#7433,.F.);
#7436=CARTESIAN_POINT('',(3.E0,7.75E0,0.E0));
#7437=DIRECTION('',(0.E0,1.E0,0.E0));
#7438=DIRECTION('',(-1.E0,0.E0,0.E0));
#7439=AXIS2_PLACEMENT_3D('',#7436,#7437,#7438);
#7440=PLANE('',#7439);
#7442=ORIENTED_EDGE('',*,*,#7441,.T.);
#7444=ORIENTED_EDGE('',*,*,#7443,.T.);
#7446=ORIENTED_EDGE('',*,*,#7445,.T.);
#7448=ORIENTED_EDGE('',*,*,#7447,.F.);
#7450=ORIENTED_EDGE('',*,*,#7449,.T.);
#7452=ORIENTED_EDGE('',*,*,#7451,.T.);
#7453=ORIENTED_EDGE('',*,*,#7118,.T.);
#7454=ORIENTED_EDGE('',*,*,#4828,.F.);
#7455=EDGE_LOOP('',(#7442,#7444,#7446,#7448,#7450,#7452,#7453,#7454));
#7456=FACE_OUTER_BOUND('',#7455,.F.);
#7458=CARTESIAN_POINT('',(3.E0,7.75E0,-3.5E0));
#7459=DIRECTION('',(0.E0,8.715574274721E-2,-9.961946980918E-1));
#7460=DIRECTION('',(0.E0,-9.961946980918E-1,-8.715574274721E-2));
#7461=AXIS2_PLACEMENT_3D('',#7458,#7459,#7460);
#7462=PLANE('',#7461);
#7464=ORIENTED_EDGE('',*,*,#7463,.F.);
#7465=ORIENTED_EDGE('',*,*,#7441,.F.);
#7466=ORIENTED_EDGE('',*,*,#4826,.T.);
#7468=ORIENTED_EDGE('',*,*,#7467,.F.);
#7469=EDGE_LOOP('',(#7464,#7465,#7466,#7468));
#7470=FACE_OUTER_BOUND('',#7469,.F.);
#7472=CARTESIAN_POINT('',(3.E0,7.75E0,-3.5E0));
#7473=DIRECTION('',(0.E0,8.715574274721E-2,-9.961946980918E-1));
#7474=DIRECTION('',(0.E0,-9.961946980918E-1,-8.715574274721E-2));
#7475=AXIS2_PLACEMENT_3D('',#7472,#7473,#7474);
#7476=PLANE('',#7475);
#7478=ORIENTED_EDGE('',*,*,#7477,.T.);
#7480=ORIENTED_EDGE('',*,*,#7479,.F.);
#7482=ORIENTED_EDGE('',*,*,#7481,.F.);
#7483=ORIENTED_EDGE('',*,*,#7449,.F.);
#7484=EDGE_LOOP('',(#7478,#7480,#7482,#7483));
#7485=FACE_OUTER_BOUND('',#7484,.F.);
#7487=CARTESIAN_POINT('',(-1.7E0,8.05E0,0.E0));
#7488=DIRECTION('',(-1.E0,0.E0,0.E0));
#7489=DIRECTION('',(0.E0,-1.E0,0.E0));
#7490=AXIS2_PLACEMENT_3D('',#7487,#7488,#7489);
#7491=PLANE('',#7490);
#7493=ORIENTED_EDGE('',*,*,#7492,.T.);
#7495=ORIENTED_EDGE('',*,*,#7494,.T.);
#7496=ORIENTED_EDGE('',*,*,#7443,.F.);
#7497=ORIENTED_EDGE('',*,*,#7463,.T.);
#7499=ORIENTED_EDGE('',*,*,#7498,.T.);
#7501=ORIENTED_EDGE('',*,*,#7500,.T.);
#7503=ORIENTED_EDGE('',*,*,#7502,.T.);
#7505=ORIENTED_EDGE('',*,*,#7504,.T.);
#7506=EDGE_LOOP('',(#7493,#7495,#7496,#7497,#7499,#7501,#7503,#7505));
#7507=FACE_OUTER_BOUND('',#7506,.F.);
#7509=CARTESIAN_POINT('',(1.7E0,8.05E0,0.E0));
#7510=DIRECTION('',(0.E0,1.E0,0.E0));
#7511=DIRECTION('',(-1.E0,0.E0,0.E0));
#7512=AXIS2_PLACEMENT_3D('',#7509,#7510,#7511);
#7513=PLANE('',#7512);
#7515=ORIENTED_EDGE('',*,*,#7514,.T.);
#7517=ORIENTED_EDGE('',*,*,#7516,.T.);
#7518=ORIENTED_EDGE('',*,*,#7492,.F.);
#7520=ORIENTED_EDGE('',*,*,#7519,.F.);
#7521=EDGE_LOOP('',(#7515,#7517,#7518,#7520));
#7522=FACE_OUTER_BOUND('',#7521,.F.);
#7524=CARTESIAN_POINT('',(1.7E0,6.65E0,0.E0));
#7525=DIRECTION('',(1.E0,0.E0,0.E0));
#7526=DIRECTION('',(0.E0,1.E0,0.E0));
#7527=AXIS2_PLACEMENT_3D('',#7524,#7525,#7526);
#7528=PLANE('',#7527);
#7529=ORIENTED_EDGE('',*,*,#7514,.F.);
#7531=ORIENTED_EDGE('',*,*,#7530,.F.);
#7533=ORIENTED_EDGE('',*,*,#7532,.F.);
#7535=ORIENTED_EDGE('',*,*,#7534,.F.);
#7537=ORIENTED_EDGE('',*,*,#7536,.F.);
#7538=ORIENTED_EDGE('',*,*,#7477,.F.);
#7539=ORIENTED_EDGE('',*,*,#7447,.T.);
#7541=ORIENTED_EDGE('',*,*,#7540,.T.);
#7542=EDGE_LOOP('',(#7529,#7531,#7533,#7535,#7537,#7538,#7539,#7541));
#7543=FACE_OUTER_BOUND('',#7542,.F.);
#7545=CARTESIAN_POINT('',(3.E0,6.923853277176E0,-1.398525071714E0));
#7546=DIRECTION('',(0.E0,-8.715574274754E-2,9.961946980918E-1));
#7547=DIRECTION('',(0.E0,9.961946980918E-1,8.715574274754E-2));
#7548=AXIS2_PLACEMENT_3D('',#7545,#7546,#7547);
#7549=PLANE('',#7548);
#7550=ORIENTED_EDGE('',*,*,#7504,.F.);
#7552=ORIENTED_EDGE('',*,*,#7551,.T.);
#7553=ORIENTED_EDGE('',*,*,#4818,.F.);
#7555=ORIENTED_EDGE('',*,*,#7554,.T.);
#7556=EDGE_LOOP('',(#7550,#7552,#7553,#7555));
#7557=FACE_OUTER_BOUND('',#7556,.F.);
#7559=CARTESIAN_POINT('',(3.E0,6.923853277176E0,-1.398525071714E0));
#7560=DIRECTION('',(0.E0,-8.715574274754E-2,9.961946980918E-1));
#7561=DIRECTION('',(0.E0,9.961946980918E-1,8.715574274754E-2));
#7562=AXIS2_PLACEMENT_3D('',#7559,#7560,#7561);
#7563=PLANE('',#7562);
#7564=ORIENTED_EDGE('',*,*,#7530,.T.);
#7566=ORIENTED_EDGE('',*,*,#7565,.T.);
#7568=ORIENTED_EDGE('',*,*,#7567,.T.);
#7570=ORIENTED_EDGE('',*,*,#7569,.T.);
#7571=EDGE_LOOP('',(#7564,#7566,#7568,#7570));
#7572=FACE_OUTER_BOUND('',#7571,.F.);
#7574=CARTESIAN_POINT('',(3.E0,6.95E0,-1.697383481141E0));
#7575=DIRECTION('',(-1.E0,0.E0,0.E0));
#7576=DIRECTION('',(0.E0,-1.E0,0.E0));
#7577=AXIS2_PLACEMENT_3D('',#7574,#7575,#7576);
#7578=CYLINDRICAL_SURFACE('',#7577,3.E-1);
#7579=ORIENTED_EDGE('',*,*,#7502,.F.);
#7581=ORIENTED_EDGE('',*,*,#7580,.T.);
#7582=ORIENTED_EDGE('',*,*,#4820,.T.);
#7583=ORIENTED_EDGE('',*,*,#7551,.F.);
#7584=EDGE_LOOP('',(#7579,#7581,#7582,#7583));
#7585=FACE_OUTER_BOUND('',#7584,.F.);
#7587=CARTESIAN_POINT('',(3.E0,6.95E0,-1.697383481141E0));
#7588=DIRECTION('',(-1.E0,0.E0,0.E0));
#7589=DIRECTION('',(0.E0,-1.E0,0.E0));
#7590=AXIS2_PLACEMENT_3D('',#7587,#7588,#7589);
#7591=CYLINDRICAL_SURFACE('',#7590,3.E-1);
#7592=ORIENTED_EDGE('',*,*,#7532,.T.);
#7593=ORIENTED_EDGE('',*,*,#7569,.F.);
#7595=ORIENTED_EDGE('',*,*,#7594,.F.);
#7597=ORIENTED_EDGE('',*,*,#7596,.T.);
#7598=EDGE_LOOP('',(#7592,#7593,#7595,#7597));
#7599=FACE_OUTER_BOUND('',#7598,.F.);
#7601=CARTESIAN_POINT('',(3.E0,6.65E0,-3.268844979557E0));
#7602=DIRECTION('',(0.E0,-1.E0,0.E0));
#7603=DIRECTION('',(0.E0,0.E0,1.E0));
#7604=AXIS2_PLACEMENT_3D('',#7601,#7602,#7603);
#7605=PLANE('',#7604);
#7606=ORIENTED_EDGE('',*,*,#7500,.F.);
#7608=ORIENTED_EDGE('',*,*,#7607,.T.);
#7609=ORIENTED_EDGE('',*,*,#4822,.T.);
#7610=ORIENTED_EDGE('',*,*,#7580,.F.);
#7611=EDGE_LOOP('',(#7606,#7608,#7609,#7610));
#7612=FACE_OUTER_BOUND('',#7611,.F.);
#7614=CARTESIAN_POINT('',(3.E0,6.65E0,-3.268844979557E0));
#7615=DIRECTION('',(0.E0,-1.E0,0.E0));
#7616=DIRECTION('',(0.E0,0.E0,1.E0));
#7617=AXIS2_PLACEMENT_3D('',#7614,#7615,#7616);
#7618=PLANE('',#7617);
#7619=ORIENTED_EDGE('',*,*,#7534,.T.);
#7620=ORIENTED_EDGE('',*,*,#7596,.F.);
#7622=ORIENTED_EDGE('',*,*,#7621,.F.);
#7624=ORIENTED_EDGE('',*,*,#7623,.T.);
#7625=EDGE_LOOP('',(#7619,#7620,#7622,#7624));
#7626=FACE_OUTER_BOUND('',#7625,.F.);
#7628=CARTESIAN_POINT('',(3.E0,6.95E0,-3.268844979557E0));
#7629=DIRECTION('',(-1.E0,0.E0,0.E0));
#7630=DIRECTION('',(0.E0,-1.E0,0.E0));
#7631=AXIS2_PLACEMENT_3D('',#7628,#7629,#7630);
#7632=CYLINDRICAL_SURFACE('',#7631,3.E-1);
#7633=ORIENTED_EDGE('',*,*,#7498,.F.);
#7634=ORIENTED_EDGE('',*,*,#7467,.T.);
#7635=ORIENTED_EDGE('',*,*,#4824,.T.);
#7636=ORIENTED_EDGE('',*,*,#7607,.F.);
#7637=EDGE_LOOP('',(#7633,#7634,#7635,#7636));
#7638=FACE_OUTER_BOUND('',#7637,.F.);
#7640=CARTESIAN_POINT('',(3.E0,6.95E0,-3.268844979557E0));
#7641=DIRECTION('',(-1.E0,0.E0,0.E0));
#7642=DIRECTION('',(0.E0,-1.E0,0.E0));
#7643=AXIS2_PLACEMENT_3D('',#7640,#7641,#7642);
#7644=CYLINDRICAL_SURFACE('',#7643,3.E-1);
#7645=ORIENTED_EDGE('',*,*,#7536,.T.);
#7646=ORIENTED_EDGE('',*,*,#7623,.F.);
#7648=ORIENTED_EDGE('',*,*,#7647,.T.);
#7649=ORIENTED_EDGE('',*,*,#7479,.T.);
#7650=EDGE_LOOP('',(#7645,#7646,#7648,#7649));
#7651=FACE_OUTER_BOUND('',#7650,.F.);
#7653=CARTESIAN_POINT('',(3.E0,4.45E0,0.E0));
#7654=DIRECTION('',(1.E0,0.E0,0.E0));
#7655=DIRECTION('',(0.E0,1.E0,0.E0));
#7656=AXIS2_PLACEMENT_3D('',#7653,#7654,#7655);
#7657=PLANE('',#7656);
#7659=ORIENTED_EDGE('',*,*,#7658,.F.);
#7661=ORIENTED_EDGE('',*,*,#7660,.F.);
#7662=ORIENTED_EDGE('',*,*,#6898,.T.);
#7663=ORIENTED_EDGE('',*,*,#6912,.T.);
#7665=ORIENTED_EDGE('',*,*,#7664,.T.);
#7666=ORIENTED_EDGE('',*,*,#7120,.T.);
#7667=ORIENTED_EDGE('',*,*,#7451,.F.);
#7668=ORIENTED_EDGE('',*,*,#7481,.T.);
#7669=ORIENTED_EDGE('',*,*,#7647,.F.);
#7670=ORIENTED_EDGE('',*,*,#7621,.T.);
#7671=ORIENTED_EDGE('',*,*,#7594,.T.);
#7672=ORIENTED_EDGE('',*,*,#7567,.F.);
#7674=ORIENTED_EDGE('',*,*,#7673,.T.);
#7675=ORIENTED_EDGE('',*,*,#4852,.F.);
#7676=EDGE_LOOP('',(#7659,#7661,#7662,#7663,#7665,#7666,#7667,#7668,#7669,#7670,
#7671,#7672,#7674,#7675));
#7677=FACE_OUTER_BOUND('',#7676,.F.);
#7679=CARTESIAN_POINT('',(4.671324E1,7.85E0,-5.E-1));
#7680=DIRECTION('',(-1.E0,0.E0,0.E0));
#7681=DIRECTION('',(0.E0,0.E0,1.E0));
#7682=AXIS2_PLACEMENT_3D('',#7679,#7680,#7681);
#7683=CYLINDRICAL_SURFACE('',#7682,5.E-1);
#7685=ORIENTED_EDGE('',*,*,#7684,.T.);
#7686=ORIENTED_EDGE('',*,*,#7658,.T.);
#7687=ORIENTED_EDGE('',*,*,#4850,.F.);
#7688=ORIENTED_EDGE('',*,*,#4874,.T.);
#7689=ORIENTED_EDGE('',*,*,#6322,.F.);
#7690=ORIENTED_EDGE('',*,*,#4784,.T.);
#7691=EDGE_LOOP('',(#7685,#7686,#7687,#7688,#7689,#7690));
#7692=FACE_OUTER_BOUND('',#7691,.F.);
#7694=CARTESIAN_POINT('',(3.2E0,6.75E0,-2.E-1));
#7695=DIRECTION('',(-7.071067811865E-1,0.E0,7.071067811865E-1));
#7696=DIRECTION('',(7.071067811865E-1,0.E0,7.071067811865E-1));
#7697=AXIS2_PLACEMENT_3D('',#7694,#7695,#7696);
#7698=PLANE('',#7697);
#7699=ORIENTED_EDGE('',*,*,#7684,.F.);
#7700=ORIENTED_EDGE('',*,*,#4782,.F.);
#7702=ORIENTED_EDGE('',*,*,#7701,.F.);
#7703=ORIENTED_EDGE('',*,*,#7660,.T.);
#7704=EDGE_LOOP('',(#7699,#7700,#7702,#7703));
#7705=FACE_OUTER_BOUND('',#7704,.F.);
#7707=CARTESIAN_POINT('',(4.1E0,5.35E0,-2.E-1));
#7708=DIRECTION('',(0.E0,-7.071067811865E-1,7.071067811865E-1));
#7709=DIRECTION('',(0.E0,-7.071067811865E-1,-7.071067811865E-1));
#7710=AXIS2_PLACEMENT_3D('',#7707,#7708,#7709);
#7711=PLANE('',#7710);
#7712=ORIENTED_EDGE('',*,*,#6892,.F.);
#7713=ORIENTED_EDGE('',*,*,#7701,.T.);
#7714=ORIENTED_EDGE('',*,*,#4780,.T.);
#7715=ORIENTED_EDGE('',*,*,#6959,.F.);
#7716=EDGE_LOOP('',(#7712,#7713,#7714,#7715));
#7717=FACE_OUTER_BOUND('',#7716,.F.);
#7719=CARTESIAN_POINT('',(5.2E0,4.45E0,0.E0));
#7720=DIRECTION('',(0.E0,1.E0,0.E0));
#7721=DIRECTION('',(-1.E0,0.E0,0.E0));
#7722=AXIS2_PLACEMENT_3D('',#7719,#7720,#7721);
#7723=PLANE('',#7722);
#7724=ORIENTED_EDGE('',*,*,#6910,.F.);
#7725=ORIENTED_EDGE('',*,*,#6943,.T.);
#7726=ORIENTED_EDGE('',*,*,#7122,.T.);
#7727=ORIENTED_EDGE('',*,*,#7664,.F.);
#7728=EDGE_LOOP('',(#7724,#7725,#7726,#7727));
#7729=FACE_OUTER_BOUND('',#7728,.F.);
#7731=CARTESIAN_POINT('',(0.E0,0.E0,-1.3E0));
#7732=DIRECTION('',(0.E0,0.E0,1.E0));
#7733=DIRECTION('',(1.E0,0.E0,0.E0));
#7734=AXIS2_PLACEMENT_3D('',#7731,#7732,#7733);
#7735=PLANE('',#7734);
#7736=ORIENTED_EDGE('',*,*,#7519,.T.);
#7737=ORIENTED_EDGE('',*,*,#7554,.F.);
#7738=ORIENTED_EDGE('',*,*,#4816,.F.);
#7739=ORIENTED_EDGE('',*,*,#4854,.T.);
#7740=ORIENTED_EDGE('',*,*,#7673,.F.);
#7741=ORIENTED_EDGE('',*,*,#7565,.F.);
#7742=EDGE_LOOP('',(#7736,#7737,#7738,#7739,#7740,#7741));
#7743=FACE_OUTER_BOUND('',#7742,.F.);
#7745=CARTESIAN_POINT('',(0.E0,0.E0,-4.E0));
#7746=DIRECTION('',(0.E0,0.E0,1.E0));
#7747=DIRECTION('',(0.E0,-1.E0,0.E0));
#7748=AXIS2_PLACEMENT_3D('',#7745,#7746,#7747);
#7749=PLANE('',#7748);
#7750=ORIENTED_EDGE('',*,*,#7445,.F.);
#7751=ORIENTED_EDGE('',*,*,#7494,.F.);
#7752=ORIENTED_EDGE('',*,*,#7516,.F.);
#7753=ORIENTED_EDGE('',*,*,#7540,.F.);
#7754=EDGE_LOOP('',(#7750,#7751,#7752,#7753));
#7755=FACE_OUTER_BOUND('',#7754,.F.);
#7757=CARTESIAN_POINT('',(6.6E0,7.35E0,0.E0));
#7758=DIRECTION('',(0.E0,1.E0,0.E0));
#7759=DIRECTION('',(-1.E0,0.E0,0.E0));
#7760=AXIS2_PLACEMENT_3D('',#7757,#7758,#7759);
#7761=PLANE('',#7760);
#7762=ORIENTED_EDGE('',*,*,#6972,.T.);
#7764=ORIENTED_EDGE('',*,*,#7763,.T.);
#7765=ORIENTED_EDGE('',*,*,#7125,.T.);
#7766=ORIENTED_EDGE('',*,*,#6939,.F.);
#7767=EDGE_LOOP('',(#7762,#7764,#7765,#7766));
#7768=FACE_OUTER_BOUND('',#7767,.F.);
#7770=CARTESIAN_POINT('',(6.6E0,3.7E0,0.E0));
#7771=DIRECTION('',(1.E0,0.E0,0.E0));
#7772=DIRECTION('',(0.E0,1.E0,0.E0));
#7773=AXIS2_PLACEMENT_3D('',#7770,#7771,#7772);
#7774=PLANE('',#7773);
#7775=ORIENTED_EDGE('',*,*,#6986,.T.);
#7777=ORIENTED_EDGE('',*,*,#7776,.T.);
#7778=ORIENTED_EDGE('',*,*,#7127,.T.);
#7779=ORIENTED_EDGE('',*,*,#7763,.F.);
#7780=EDGE_LOOP('',(#7775,#7777,#7778,#7779));
#7781=FACE_OUTER_BOUND('',#7780,.F.);
#7783=CARTESIAN_POINT('',(7.E0,3.7E0,0.E0));
#7784=DIRECTION('',(0.E0,1.E0,0.E0));
#7785=DIRECTION('',(-1.E0,0.E0,0.E0));
#7786=AXIS2_PLACEMENT_3D('',#7783,#7784,#7785);
#7787=PLANE('',#7786);
#7788=ORIENTED_EDGE('',*,*,#7000,.T.);
#7789=ORIENTED_EDGE('',*,*,#7017,.T.);
#7790=ORIENTED_EDGE('',*,*,#7129,.T.);
#7791=ORIENTED_EDGE('',*,*,#7776,.F.);
#7792=EDGE_LOOP('',(#7788,#7789,#7790,#7791));
#7793=FACE_OUTER_BOUND('',#7792,.F.);
#7795=CARTESIAN_POINT('',(6.E0,2.E0,0.E0));
#7796=DIRECTION('',(0.E0,-1.E0,0.E0));
#7797=DIRECTION('',(1.E0,0.E0,0.E0));
#7798=AXIS2_PLACEMENT_3D('',#7795,#7796,#7797);
#7799=PLANE('',#7798);
#7800=ORIENTED_EDGE('',*,*,#7031,.T.);
#7802=ORIENTED_EDGE('',*,*,#7801,.T.);
#7803=ORIENTED_EDGE('',*,*,#7132,.T.);
#7804=ORIENTED_EDGE('',*,*,#7013,.F.);
#7805=EDGE_LOOP('',(#7800,#7802,#7803,#7804));
#7806=FACE_OUTER_BOUND('',#7805,.F.);
#7808=CARTESIAN_POINT('',(6.E0,-3.8E0,0.E0));
#7809=DIRECTION('',(1.E0,0.E0,0.E0));
#7810=DIRECTION('',(0.E0,1.E0,0.E0));
#7811=AXIS2_PLACEMENT_3D('',#7808,#7809,#7810);
#7812=PLANE('',#7811);
#7813=ORIENTED_EDGE('',*,*,#7045,.T.);
#7814=ORIENTED_EDGE('',*,*,#7073,.T.);
#7815=ORIENTED_EDGE('',*,*,#7134,.T.);
#7816=ORIENTED_EDGE('',*,*,#7801,.F.);
#7817=EDGE_LOOP('',(#7813,#7814,#7815,#7816));
#7818=FACE_OUTER_BOUND('',#7817,.F.);
#7820=CARTESIAN_POINT('',(6.E0,-5.5E0,0.E0));
#7821=DIRECTION('',(0.E0,-1.E0,0.E0));
#7822=DIRECTION('',(1.E0,0.E0,0.E0));
#7823=AXIS2_PLACEMENT_3D('',#7820,#7821,#7822);
#7824=PLANE('',#7823);
#7825=ORIENTED_EDGE('',*,*,#6357,.T.);
#7826=ORIENTED_EDGE('',*,*,#6387,.T.);
#7827=ORIENTED_EDGE('',*,*,#7138,.T.);
#7828=ORIENTED_EDGE('',*,*,#6338,.F.);
#7829=EDGE_LOOP('',(#7825,#7826,#7827,#7828));
#7830=FACE_OUTER_BOUND('',#7829,.F.);
#7832=CARTESIAN_POINT('',(4.25E0,1.999999999998E-2,-1.3E1));
#7833=DIRECTION('',(0.E0,1.E0,0.E0));
#7834=DIRECTION('',(-1.E0,0.E0,0.E0));
#7835=AXIS2_PLACEMENT_3D('',#7832,#7833,#7834);
#7836=PLANE('',#7835);
#7837=ORIENTED_EDGE('',*,*,#7142,.F.);
#7839=ORIENTED_EDGE('',*,*,#7838,.T.);
#7841=ORIENTED_EDGE('',*,*,#7840,.T.);
#7843=ORIENTED_EDGE('',*,*,#7842,.F.);
#7844=EDGE_LOOP('',(#7837,#7839,#7841,#7843));
#7845=FACE_OUTER_BOUND('',#7844,.F.);
#7847=CARTESIAN_POINT('',(4.25E0,-6.2E-1,-1.3E1));
#7848=DIRECTION('',(1.E0,0.E0,0.E0));
#7849=DIRECTION('',(0.E0,1.E0,0.E0));
#7850=AXIS2_PLACEMENT_3D('',#7847,#7848,#7849);
#7851=PLANE('',#7850);
#7852=ORIENTED_EDGE('',*,*,#7148,.F.);
#7854=ORIENTED_EDGE('',*,*,#7853,.T.);
#7856=ORIENTED_EDGE('',*,*,#7855,.T.);
#7857=ORIENTED_EDGE('',*,*,#7838,.F.);
#7858=EDGE_LOOP('',(#7852,#7854,#7856,#7857));
#7859=FACE_OUTER_BOUND('',#7858,.F.);
#7861=CARTESIAN_POINT('',(3.25E0,-6.2E-1,-1.3E1));
#7862=DIRECTION('',(0.E0,-1.E0,0.E0));
#7863=DIRECTION('',(1.E0,0.E0,0.E0));
#7864=AXIS2_PLACEMENT_3D('',#7861,#7862,#7863);
#7865=PLANE('',#7864);
#7866=ORIENTED_EDGE('',*,*,#7146,.F.);
#7868=ORIENTED_EDGE('',*,*,#7867,.T.);
#7870=ORIENTED_EDGE('',*,*,#7869,.T.);
#7871=ORIENTED_EDGE('',*,*,#7853,.F.);
#7872=EDGE_LOOP('',(#7866,#7868,#7870,#7871));
#7873=FACE_OUTER_BOUND('',#7872,.F.);
#7875=CARTESIAN_POINT('',(3.25E0,1.999999999998E-2,-1.3E1));
#7876=DIRECTION('',(-1.E0,0.E0,0.E0));
#7877=DIRECTION('',(0.E0,-1.E0,0.E0));
#7878=AXIS2_PLACEMENT_3D('',#7875,#7876,#7877);
#7879=PLANE('',#7878);
#7880=ORIENTED_EDGE('',*,*,#7144,.F.);
#7881=ORIENTED_EDGE('',*,*,#7842,.T.);
#7883=ORIENTED_EDGE('',*,*,#7882,.T.);
#7884=ORIENTED_EDGE('',*,*,#7867,.F.);
#7885=EDGE_LOOP('',(#7880,#7881,#7883,#7884));
#7886=FACE_OUTER_BOUND('',#7885,.F.);
#7888=CARTESIAN_POINT('',(0.E0,0.E0,-6.E0));
#7889=DIRECTION('',(0.E0,0.E0,1.E0));
#7890=DIRECTION('',(0.E0,-1.E0,0.E0));
#7891=AXIS2_PLACEMENT_3D('',#7888,#7889,#7890);
#7892=PLANE('',#7891);
#7893=ORIENTED_EDGE('',*,*,#7840,.F.);
#7894=ORIENTED_EDGE('',*,*,#7855,.F.);
#7895=ORIENTED_EDGE('',*,*,#7869,.F.);
#7896=ORIENTED_EDGE('',*,*,#7882,.F.);
#7897=EDGE_LOOP('',(#7893,#7894,#7895,#7896));
#7898=FACE_OUTER_BOUND('',#7897,.F.);
#7900=CARTESIAN_POINT('',(0.E0,0.E0,-6.E0));
#7901=DIRECTION('',(0.E0,0.E0,1.E0));
#7902=DIRECTION('',(0.E0,-1.E0,0.E0));
#7903=AXIS2_PLACEMENT_3D('',#7900,#7901,#7902);
#7904=PLANE('',#7903);
#7906=ORIENTED_EDGE('',*,*,#7905,.T.);
#7908=ORIENTED_EDGE('',*,*,#7907,.T.);
#7910=ORIENTED_EDGE('',*,*,#7909,.T.);
#7912=ORIENTED_EDGE('',*,*,#7911,.T.);
#7913=EDGE_LOOP('',(#7906,#7908,#7910,#7912));
#7914=FACE_OUTER_BOUND('',#7913,.F.);
#7916=CARTESIAN_POINT('',(4.25E0,-5.82E0,-1.3E1));
#7917=DIRECTION('',(1.E0,0.E0,0.E0));
#7918=DIRECTION('',(0.E0,1.E0,0.E0));
#7919=AXIS2_PLACEMENT_3D('',#7916,#7917,#7918);
#7920=PLANE('',#7919);
#7922=ORIENTED_EDGE('',*,*,#7921,.F.);
#7923=ORIENTED_EDGE('',*,*,#7905,.F.);
#7925=ORIENTED_EDGE('',*,*,#7924,.T.);
#7926=ORIENTED_EDGE('',*,*,#7152,.F.);
#7927=EDGE_LOOP('',(#7922,#7923,#7925,#7926));
#7928=FACE_OUTER_BOUND('',#7927,.F.);
#7930=CARTESIAN_POINT('',(3.25E0,-5.82E0,-1.3E1));
#7931=DIRECTION('',(0.E0,-1.E0,0.E0));
#7932=DIRECTION('',(1.E0,0.E0,0.E0));
#7933=AXIS2_PLACEMENT_3D('',#7930,#7931,#7932);
#7934=PLANE('',#7933);
#7935=ORIENTED_EDGE('',*,*,#7921,.T.);
#7936=ORIENTED_EDGE('',*,*,#7158,.F.);
#7938=ORIENTED_EDGE('',*,*,#7937,.F.);
#7939=ORIENTED_EDGE('',*,*,#7907,.F.);
#7940=EDGE_LOOP('',(#7935,#7936,#7938,#7939));
#7941=FACE_OUTER_BOUND('',#7940,.F.);
#7943=CARTESIAN_POINT('',(3.25E0,-5.18E0,-1.3E1));
#7944=DIRECTION('',(-1.E0,0.E0,0.E0));
#7945=DIRECTION('',(0.E0,-1.E0,0.E0));
#7946=AXIS2_PLACEMENT_3D('',#7943,#7944,#7945);
#7947=PLANE('',#7946);
#7949=ORIENTED_EDGE('',*,*,#7948,.F.);
#7950=ORIENTED_EDGE('',*,*,#7909,.F.);
#7951=ORIENTED_EDGE('',*,*,#7937,.T.);
#7952=ORIENTED_EDGE('',*,*,#7156,.F.);
#7953=EDGE_LOOP('',(#7949,#7950,#7951,#7952));
#7954=FACE_OUTER_BOUND('',#7953,.F.);
#7956=CARTESIAN_POINT('',(4.25E0,-5.18E0,-1.3E1));
#7957=DIRECTION('',(0.E0,1.E0,0.E0));
#7958=DIRECTION('',(-1.E0,0.E0,0.E0));
#7959=AXIS2_PLACEMENT_3D('',#7956,#7957,#7958);
#7960=PLANE('',#7959);
#7961=ORIENTED_EDGE('',*,*,#7924,.F.);
#7962=ORIENTED_EDGE('',*,*,#7911,.F.);
#7963=ORIENTED_EDGE('',*,*,#7948,.T.);
#7964=ORIENTED_EDGE('',*,*,#7154,.F.);
#7965=EDGE_LOOP('',(#7961,#7962,#7963,#7964));
#7966=FACE_OUTER_BOUND('',#7965,.F.);
#7968=CARTESIAN_POINT('',(1.75E0,1.999999999998E-2,-1.3E1));
#7969=DIRECTION('',(0.E0,1.E0,0.E0));
#7970=DIRECTION('',(-1.E0,0.E0,0.E0));
#7971=AXIS2_PLACEMENT_3D('',#7968,#7969,#7970);
#7972=PLANE('',#7971);
#7974=ORIENTED_EDGE('',*,*,#7973,.T.);
#7976=ORIENTED_EDGE('',*,*,#7975,.T.);
#7978=ORIENTED_EDGE('',*,*,#7977,.F.);
#7979=ORIENTED_EDGE('',*,*,#7162,.F.);
#7980=EDGE_LOOP('',(#7974,#7976,#7978,#7979));
#7981=FACE_OUTER_BOUND('',#7980,.F.);
#7983=CARTESIAN_POINT('',(1.75E0,-6.2E-1,-1.3E1));
#7984=DIRECTION('',(1.E0,0.E0,0.E0));
#7985=DIRECTION('',(0.E0,1.E0,0.E0));
#7986=AXIS2_PLACEMENT_3D('',#7983,#7984,#7985);
#7987=PLANE('',#7986);
#7988=ORIENTED_EDGE('',*,*,#7973,.F.);
#7989=ORIENTED_EDGE('',*,*,#7168,.F.);
#7991=ORIENTED_EDGE('',*,*,#7990,.T.);
#7993=ORIENTED_EDGE('',*,*,#7992,.T.);
#7994=EDGE_LOOP('',(#7988,#7989,#7991,#7993));
#7995=FACE_OUTER_BOUND('',#7994,.F.);
#7997=CARTESIAN_POINT('',(7.5E-1,-6.2E-1,-1.3E1));
#7998=DIRECTION('',(0.E0,-1.E0,0.E0));
#7999=DIRECTION('',(1.E0,0.E0,0.E0));
#8000=AXIS2_PLACEMENT_3D('',#7997,#7998,#7999);
#8001=PLANE('',#8000);
#8003=ORIENTED_EDGE('',*,*,#8002,.T.);
#8005=ORIENTED_EDGE('',*,*,#8004,.T.);
#8006=ORIENTED_EDGE('',*,*,#7990,.F.);
#8007=ORIENTED_EDGE('',*,*,#7166,.F.);
#8008=EDGE_LOOP('',(#8003,#8005,#8006,#8007));
#8009=FACE_OUTER_BOUND('',#8008,.F.);
#8011=CARTESIAN_POINT('',(7.5E-1,1.999999999998E-2,-1.3E1));
#8012=DIRECTION('',(-1.E0,0.E0,0.E0));
#8013=DIRECTION('',(0.E0,-1.E0,0.E0));
#8014=AXIS2_PLACEMENT_3D('',#8011,#8012,#8013);
#8015=PLANE('',#8014);
#8016=ORIENTED_EDGE('',*,*,#7977,.T.);
#8018=ORIENTED_EDGE('',*,*,#8017,.T.);
#8019=ORIENTED_EDGE('',*,*,#8002,.F.);
#8020=ORIENTED_EDGE('',*,*,#7164,.F.);
#8021=EDGE_LOOP('',(#8016,#8018,#8019,#8020));
#8022=FACE_OUTER_BOUND('',#8021,.F.);
#8024=CARTESIAN_POINT('',(-2.5E0,0.E0,-6.E0));
#8025=DIRECTION('',(0.E0,0.E0,1.E0));
#8026=DIRECTION('',(0.E0,-1.E0,0.E0));
#8027=AXIS2_PLACEMENT_3D('',#8024,#8025,#8026);
#8028=PLANE('',#8027);
#8029=ORIENTED_EDGE('',*,*,#7975,.F.);
#8030=ORIENTED_EDGE('',*,*,#7992,.F.);
#8031=ORIENTED_EDGE('',*,*,#8004,.F.);
#8032=ORIENTED_EDGE('',*,*,#8017,.F.);
#8033=EDGE_LOOP('',(#8029,#8030,#8031,#8032));
#8034=FACE_OUTER_BOUND('',#8033,.F.);
#8036=CARTESIAN_POINT('',(-2.5E0,0.E0,-6.E0));
#8037=DIRECTION('',(0.E0,0.E0,1.E0));
#8038=DIRECTION('',(0.E0,-1.E0,0.E0));
#8039=AXIS2_PLACEMENT_3D('',#8036,#8037,#8038);
#8040=PLANE('',#8039);
#8042=ORIENTED_EDGE('',*,*,#8041,.T.);
#8044=ORIENTED_EDGE('',*,*,#8043,.T.);
#8046=ORIENTED_EDGE('',*,*,#8045,.T.);
#8048=ORIENTED_EDGE('',*,*,#8047,.T.);
#8049=EDGE_LOOP('',(#8042,#8044,#8046,#8048));
#8050=FACE_OUTER_BOUND('',#8049,.F.);
#8052=CARTESIAN_POINT('',(1.75E0,-5.82E0,-1.3E1));
#8053=DIRECTION('',(1.E0,0.E0,0.E0));
#8054=DIRECTION('',(0.E0,1.E0,0.E0));
#8055=AXIS2_PLACEMENT_3D('',#8052,#8053,#8054);
#8056=PLANE('',#8055);
#8058=ORIENTED_EDGE('',*,*,#8057,.F.);
#8059=ORIENTED_EDGE('',*,*,#8041,.F.);
#8061=ORIENTED_EDGE('',*,*,#8060,.T.);
#8062=ORIENTED_EDGE('',*,*,#7172,.F.);
#8063=EDGE_LOOP('',(#8058,#8059,#8061,#8062));
#8064=FACE_OUTER_BOUND('',#8063,.F.);
#8066=CARTESIAN_POINT('',(7.5E-1,-5.82E0,-1.3E1));
#8067=DIRECTION('',(0.E0,-1.E0,0.E0));
#8068=DIRECTION('',(1.E0,0.E0,0.E0));
#8069=AXIS2_PLACEMENT_3D('',#8066,#8067,#8068);
#8070=PLANE('',#8069);
#8071=ORIENTED_EDGE('',*,*,#8057,.T.);
#8072=ORIENTED_EDGE('',*,*,#7178,.F.);
#8074=ORIENTED_EDGE('',*,*,#8073,.F.);
#8075=ORIENTED_EDGE('',*,*,#8043,.F.);
#8076=EDGE_LOOP('',(#8071,#8072,#8074,#8075));
#8077=FACE_OUTER_BOUND('',#8076,.F.);
#8079=CARTESIAN_POINT('',(7.5E-1,-5.18E0,-1.3E1));
#8080=DIRECTION('',(-1.E0,0.E0,0.E0));
#8081=DIRECTION('',(0.E0,-1.E0,0.E0));
#8082=AXIS2_PLACEMENT_3D('',#8079,#8080,#8081);
#8083=PLANE('',#8082);
#8085=ORIENTED_EDGE('',*,*,#8084,.F.);
#8086=ORIENTED_EDGE('',*,*,#8045,.F.);
#8087=ORIENTED_EDGE('',*,*,#8073,.T.);
#8088=ORIENTED_EDGE('',*,*,#7176,.F.);
#8089=EDGE_LOOP('',(#8085,#8086,#8087,#8088));
#8090=FACE_OUTER_BOUND('',#8089,.F.);
#8092=CARTESIAN_POINT('',(1.75E0,-5.18E0,-1.3E1));
#8093=DIRECTION('',(0.E0,1.E0,0.E0));
#8094=DIRECTION('',(-1.E0,0.E0,0.E0));
#8095=AXIS2_PLACEMENT_3D('',#8092,#8093,#8094);
#8096=PLANE('',#8095);
#8097=ORIENTED_EDGE('',*,*,#8060,.F.);
#8098=ORIENTED_EDGE('',*,*,#8047,.F.);
#8099=ORIENTED_EDGE('',*,*,#8084,.T.);
#8100=ORIENTED_EDGE('',*,*,#7174,.F.);
#8101=EDGE_LOOP('',(#8097,#8098,#8099,#8100));
#8102=FACE_OUTER_BOUND('',#8101,.F.);
#8104=CARTESIAN_POINT('',(-7.5E-1,1.999999999998E-2,-1.3E1));
#8105=DIRECTION('',(0.E0,1.E0,0.E0));
#8106=DIRECTION('',(-1.E0,0.E0,0.E0));
#8107=AXIS2_PLACEMENT_3D('',#8104,#8105,#8106);
#8108=PLANE('',#8107);
#8110=ORIENTED_EDGE('',*,*,#8109,.T.);
#8112=ORIENTED_EDGE('',*,*,#8111,.T.);
#8114=ORIENTED_EDGE('',*,*,#8113,.F.);
#8115=ORIENTED_EDGE('',*,*,#7182,.F.);
#8116=EDGE_LOOP('',(#8110,#8112,#8114,#8115));
#8117=FACE_OUTER_BOUND('',#8116,.F.);
#8119=CARTESIAN_POINT('',(-7.5E-1,-6.2E-1,-1.3E1));
#8120=DIRECTION('',(1.E0,0.E0,0.E0));
#8121=DIRECTION('',(0.E0,1.E0,0.E0));
#8122=AXIS2_PLACEMENT_3D('',#8119,#8120,#8121);
#8123=PLANE('',#8122);
#8124=ORIENTED_EDGE('',*,*,#8109,.F.);
#8125=ORIENTED_EDGE('',*,*,#7188,.F.);
#8127=ORIENTED_EDGE('',*,*,#8126,.T.);
#8129=ORIENTED_EDGE('',*,*,#8128,.T.);
#8130=EDGE_LOOP('',(#8124,#8125,#8127,#8129));
#8131=FACE_OUTER_BOUND('',#8130,.F.);
#8133=CARTESIAN_POINT('',(-1.75E0,-6.2E-1,-1.3E1));
#8134=DIRECTION('',(0.E0,-1.E0,0.E0));
#8135=DIRECTION('',(1.E0,0.E0,0.E0));
#8136=AXIS2_PLACEMENT_3D('',#8133,#8134,#8135);
#8137=PLANE('',#8136);
#8139=ORIENTED_EDGE('',*,*,#8138,.T.);
#8141=ORIENTED_EDGE('',*,*,#8140,.T.);
#8142=ORIENTED_EDGE('',*,*,#8126,.F.);
#8143=ORIENTED_EDGE('',*,*,#7186,.F.);
#8144=EDGE_LOOP('',(#8139,#8141,#8142,#8143));
#8145=FACE_OUTER_BOUND('',#8144,.F.);
#8147=CARTESIAN_POINT('',(-1.75E0,1.999999999998E-2,-1.3E1));
#8148=DIRECTION('',(-1.E0,0.E0,0.E0));
#8149=DIRECTION('',(0.E0,-1.E0,0.E0));
#8150=AXIS2_PLACEMENT_3D('',#8147,#8148,#8149);
#8151=PLANE('',#8150);
#8152=ORIENTED_EDGE('',*,*,#8113,.T.);
#8154=ORIENTED_EDGE('',*,*,#8153,.T.);
#8155=ORIENTED_EDGE('',*,*,#8138,.F.);
#8156=ORIENTED_EDGE('',*,*,#7184,.F.);
#8157=EDGE_LOOP('',(#8152,#8154,#8155,#8156));
#8158=FACE_OUTER_BOUND('',#8157,.F.);
#8160=CARTESIAN_POINT('',(-5.E0,0.E0,-6.E0));
#8161=DIRECTION('',(0.E0,0.E0,1.E0));
#8162=DIRECTION('',(0.E0,-1.E0,0.E0));
#8163=AXIS2_PLACEMENT_3D('',#8160,#8161,#8162);
#8164=PLANE('',#8163);
#8165=ORIENTED_EDGE('',*,*,#8111,.F.);
#8166=ORIENTED_EDGE('',*,*,#8128,.F.);
#8167=ORIENTED_EDGE('',*,*,#8140,.F.);
#8168=ORIENTED_EDGE('',*,*,#8153,.F.);
#8169=EDGE_LOOP('',(#8165,#8166,#8167,#8168));
#8170=FACE_OUTER_BOUND('',#8169,.F.);
#8172=CARTESIAN_POINT('',(-5.E0,0.E0,-6.E0));
#8173=DIRECTION('',(0.E0,0.E0,1.E0));
#8174=DIRECTION('',(0.E0,-1.E0,0.E0));
#8175=AXIS2_PLACEMENT_3D('',#8172,#8173,#8174);
#8176=PLANE('',#8175);
#8178=ORIENTED_EDGE('',*,*,#8177,.T.);
#8180=ORIENTED_EDGE('',*,*,#8179,.T.);
#8182=ORIENTED_EDGE('',*,*,#8181,.T.);
#8184=ORIENTED_EDGE('',*,*,#8183,.T.);
#8185=EDGE_LOOP('',(#8178,#8180,#8182,#8184));
#8186=FACE_OUTER_BOUND('',#8185,.F.);
#8188=CARTESIAN_POINT('',(-7.5E-1,-5.82E0,-1.3E1));
#8189=DIRECTION('',(1.E0,0.E0,0.E0));
#8190=DIRECTION('',(0.E0,1.E0,0.E0));
#8191=AXIS2_PLACEMENT_3D('',#8188,#8189,#8190);
#8192=PLANE('',#8191);
#8194=ORIENTED_EDGE('',*,*,#8193,.F.);
#8195=ORIENTED_EDGE('',*,*,#8177,.F.);
#8197=ORIENTED_EDGE('',*,*,#8196,.T.);
#8198=ORIENTED_EDGE('',*,*,#7192,.F.);
#8199=EDGE_LOOP('',(#8194,#8195,#8197,#8198));
#8200=FACE_OUTER_BOUND('',#8199,.F.);
#8202=CARTESIAN_POINT('',(-1.75E0,-5.82E0,-1.3E1));
#8203=DIRECTION('',(0.E0,-1.E0,0.E0));
#8204=DIRECTION('',(1.E0,0.E0,0.E0));
#8205=AXIS2_PLACEMENT_3D('',#8202,#8203,#8204);
#8206=PLANE('',#8205);
#8207=ORIENTED_EDGE('',*,*,#8193,.T.);
#8208=ORIENTED_EDGE('',*,*,#7198,.F.);
#8210=ORIENTED_EDGE('',*,*,#8209,.F.);
#8211=ORIENTED_EDGE('',*,*,#8179,.F.);
#8212=EDGE_LOOP('',(#8207,#8208,#8210,#8211));
#8213=FACE_OUTER_BOUND('',#8212,.F.);
#8215=CARTESIAN_POINT('',(-1.75E0,-5.18E0,-1.3E1));
#8216=DIRECTION('',(-1.E0,0.E0,0.E0));
#8217=DIRECTION('',(0.E0,-1.E0,0.E0));
#8218=AXIS2_PLACEMENT_3D('',#8215,#8216,#8217);
#8219=PLANE('',#8218);
#8221=ORIENTED_EDGE('',*,*,#8220,.F.);
#8222=ORIENTED_EDGE('',*,*,#8181,.F.);
#8223=ORIENTED_EDGE('',*,*,#8209,.T.);
#8224=ORIENTED_EDGE('',*,*,#7196,.F.);
#8225=EDGE_LOOP('',(#8221,#8222,#8223,#8224));
#8226=FACE_OUTER_BOUND('',#8225,.F.);
#8228=CARTESIAN_POINT('',(-7.5E-1,-5.18E0,-1.3E1));
#8229=DIRECTION('',(0.E0,1.E0,0.E0));
#8230=DIRECTION('',(-1.E0,0.E0,0.E0));
#8231=AXIS2_PLACEMENT_3D('',#8228,#8229,#8230);
#8232=PLANE('',#8231);
#8233=ORIENTED_EDGE('',*,*,#8196,.F.);
#8234=ORIENTED_EDGE('',*,*,#8183,.F.);
#8235=ORIENTED_EDGE('',*,*,#8220,.T.);
#8236=ORIENTED_EDGE('',*,*,#7194,.F.);
#8237=EDGE_LOOP('',(#8233,#8234,#8235,#8236));
#8238=FACE_OUTER_BOUND('',#8237,.F.);
#8240=CARTESIAN_POINT('',(-3.25E0,1.999999999998E-2,-1.3E1));
#8241=DIRECTION('',(0.E0,1.E0,0.E0));
#8242=DIRECTION('',(-1.E0,0.E0,0.E0));
#8243=AXIS2_PLACEMENT_3D('',#8240,#8241,#8242);
#8244=PLANE('',#8243);
#8246=ORIENTED_EDGE('',*,*,#8245,.T.);
#8248=ORIENTED_EDGE('',*,*,#8247,.T.);
#8250=ORIENTED_EDGE('',*,*,#8249,.F.);
#8251=ORIENTED_EDGE('',*,*,#7202,.F.);
#8252=EDGE_LOOP('',(#8246,#8248,#8250,#8251));
#8253=FACE_OUTER_BOUND('',#8252,.F.);
#8255=CARTESIAN_POINT('',(-3.25E0,-6.2E-1,-1.3E1));
#8256=DIRECTION('',(1.E0,0.E0,0.E0));
#8257=DIRECTION('',(0.E0,1.E0,0.E0));
#8258=AXIS2_PLACEMENT_3D('',#8255,#8256,#8257);
#8259=PLANE('',#8258);
#8260=ORIENTED_EDGE('',*,*,#8245,.F.);
#8261=ORIENTED_EDGE('',*,*,#7208,.F.);
#8263=ORIENTED_EDGE('',*,*,#8262,.T.);
#8265=ORIENTED_EDGE('',*,*,#8264,.T.);
#8266=EDGE_LOOP('',(#8260,#8261,#8263,#8265));
#8267=FACE_OUTER_BOUND('',#8266,.F.);
#8269=CARTESIAN_POINT('',(-4.25E0,-6.2E-1,-1.3E1));
#8270=DIRECTION('',(0.E0,-1.E0,0.E0));
#8271=DIRECTION('',(1.E0,0.E0,0.E0));
#8272=AXIS2_PLACEMENT_3D('',#8269,#8270,#8271);
#8273=PLANE('',#8272);
#8275=ORIENTED_EDGE('',*,*,#8274,.T.);
#8277=ORIENTED_EDGE('',*,*,#8276,.T.);
#8278=ORIENTED_EDGE('',*,*,#8262,.F.);
#8279=ORIENTED_EDGE('',*,*,#7206,.F.);
#8280=EDGE_LOOP('',(#8275,#8277,#8278,#8279));
#8281=FACE_OUTER_BOUND('',#8280,.F.);
#8283=CARTESIAN_POINT('',(-4.25E0,1.999999999998E-2,-1.3E1));
#8284=DIRECTION('',(-1.E0,0.E0,0.E0));
#8285=DIRECTION('',(0.E0,-1.E0,0.E0));
#8286=AXIS2_PLACEMENT_3D('',#8283,#8284,#8285);
#8287=PLANE('',#8286);
#8288=ORIENTED_EDGE('',*,*,#8249,.T.);
#8290=ORIENTED_EDGE('',*,*,#8289,.T.);
#8291=ORIENTED_EDGE('',*,*,#8274,.F.);
#8292=ORIENTED_EDGE('',*,*,#7204,.F.);
#8293=EDGE_LOOP('',(#8288,#8290,#8291,#8292));
#8294=FACE_OUTER_BOUND('',#8293,.F.);
#8296=CARTESIAN_POINT('',(-7.5E0,0.E0,-6.E0));
#8297=DIRECTION('',(0.E0,0.E0,1.E0));
#8298=DIRECTION('',(0.E0,-1.E0,0.E0));
#8299=AXIS2_PLACEMENT_3D('',#8296,#8297,#8298);
#8300=PLANE('',#8299);
#8301=ORIENTED_EDGE('',*,*,#8247,.F.);
#8302=ORIENTED_EDGE('',*,*,#8264,.F.);
#8303=ORIENTED_EDGE('',*,*,#8276,.F.);
#8304=ORIENTED_EDGE('',*,*,#8289,.F.);
#8305=EDGE_LOOP('',(#8301,#8302,#8303,#8304));
#8306=FACE_OUTER_BOUND('',#8305,.F.);
#8308=CARTESIAN_POINT('',(-7.5E0,0.E0,-6.E0));
#8309=DIRECTION('',(0.E0,0.E0,1.E0));
#8310=DIRECTION('',(0.E0,-1.E0,0.E0));
#8311=AXIS2_PLACEMENT_3D('',#8308,#8309,#8310);
#8312=PLANE('',#8311);
#8314=ORIENTED_EDGE('',*,*,#8313,.T.);
#8316=ORIENTED_EDGE('',*,*,#8315,.T.);
#8318=ORIENTED_EDGE('',*,*,#8317,.T.);
#8320=ORIENTED_EDGE('',*,*,#8319,.T.);
#8321=EDGE_LOOP('',(#8314,#8316,#8318,#8320));
#8322=FACE_OUTER_BOUND('',#8321,.F.);
#8324=CARTESIAN_POINT('',(-3.25E0,-5.82E0,-1.3E1));
#8325=DIRECTION('',(1.E0,0.E0,0.E0));
#8326=DIRECTION('',(0.E0,1.E0,0.E0));
#8327=AXIS2_PLACEMENT_3D('',#8324,#8325,#8326);
#8328=PLANE('',#8327);
#8330=ORIENTED_EDGE('',*,*,#8329,.F.);
#8331=ORIENTED_EDGE('',*,*,#8313,.F.);
#8333=ORIENTED_EDGE('',*,*,#8332,.T.);
#8334=ORIENTED_EDGE('',*,*,#7212,.F.);
#8335=EDGE_LOOP('',(#8330,#8331,#8333,#8334));
#8336=FACE_OUTER_BOUND('',#8335,.F.);
#8338=CARTESIAN_POINT('',(-4.25E0,-5.82E0,-1.3E1));
#8339=DIRECTION('',(0.E0,-1.E0,0.E0));
#8340=DIRECTION('',(1.E0,0.E0,0.E0));
#8341=AXIS2_PLACEMENT_3D('',#8338,#8339,#8340);
#8342=PLANE('',#8341);
#8343=ORIENTED_EDGE('',*,*,#8329,.T.);
#8344=ORIENTED_EDGE('',*,*,#7218,.F.);
#8346=ORIENTED_EDGE('',*,*,#8345,.F.);
#8347=ORIENTED_EDGE('',*,*,#8315,.F.);
#8348=EDGE_LOOP('',(#8343,#8344,#8346,#8347));
#8349=FACE_OUTER_BOUND('',#8348,.F.);
#8351=CARTESIAN_POINT('',(-4.25E0,-5.18E0,-1.3E1));
#8352=DIRECTION('',(-1.E0,0.E0,0.E0));
#8353=DIRECTION('',(0.E0,-1.E0,0.E0));
#8354=AXIS2_PLACEMENT_3D('',#8351,#8352,#8353);
#8355=PLANE('',#8354);
#8357=ORIENTED_EDGE('',*,*,#8356,.F.);
#8358=ORIENTED_EDGE('',*,*,#8317,.F.);
#8359=ORIENTED_EDGE('',*,*,#8345,.T.);
#8360=ORIENTED_EDGE('',*,*,#7216,.F.);
#8361=EDGE_LOOP('',(#8357,#8358,#8359,#8360));
#8362=FACE_OUTER_BOUND('',#8361,.F.);
#8364=CARTESIAN_POINT('',(-3.25E0,-5.18E0,-1.3E1));
#8365=DIRECTION('',(0.E0,1.E0,0.E0));
#8366=DIRECTION('',(-1.E0,0.E0,0.E0));
#8367=AXIS2_PLACEMENT_3D('',#8364,#8365,#8366);
#8368=PLANE('',#8367);
#8369=ORIENTED_EDGE('',*,*,#8332,.F.);
#8370=ORIENTED_EDGE('',*,*,#8319,.F.);
#8371=ORIENTED_EDGE('',*,*,#8356,.T.);
#8372=ORIENTED_EDGE('',*,*,#7214,.F.);
#8373=EDGE_LOOP('',(#8369,#8370,#8371,#8372));
#8374=FACE_OUTER_BOUND('',#8373,.F.);
#8376=CARTESIAN_POINT('',(8.E0,8.421313117611E0,-9.3E0));
#8377=DIRECTION('',(0.E0,-1.E0,0.E0));
#8378=DIRECTION('',(-1.E0,0.E0,0.E0));
#8379=AXIS2_PLACEMENT_3D('',#8376,#8377,#8378);
#8380=CYLINDRICAL_SURFACE('',#8379,5.E-1);
#8381=ORIENTED_EDGE('',*,*,#4895,.F.);
#8383=ORIENTED_EDGE('',*,*,#8382,.F.);
#8384=ORIENTED_EDGE('',*,*,#5605,.T.);
#8385=ORIENTED_EDGE('',*,*,#6242,.F.);
#8386=EDGE_LOOP('',(#8381,#8383,#8384,#8385));
#8387=FACE_OUTER_BOUND('',#8386,.F.);
#8389=CARTESIAN_POINT('',(8.E0,-3.85E0,-1.03E1));
#8390=DIRECTION('',(-1.E0,0.E0,0.E0));
#8391=DIRECTION('',(0.E0,-1.211992443020E-1,9.926281998717E-1));
#8392=AXIS2_PLACEMENT_3D('',#8389,#8390,#8391);
#8393=TOROIDAL_SURFACE('',#8392,1.E0,5.E-1);
#8394=ORIENTED_EDGE('',*,*,#8382,.T.);
#8395=ORIENTED_EDGE('',*,*,#4893,.T.);
#8397=ORIENTED_EDGE('',*,*,#8396,.T.);
#8399=ORIENTED_EDGE('',*,*,#8398,.T.);
#8400=EDGE_LOOP('',(#8394,#8395,#8397,#8399));
#8401=FACE_OUTER_BOUND('',#8400,.F.);
#8403=CARTESIAN_POINT('',(8.E0,-2.85E0,-2.178089967397E1));
#8404=DIRECTION('',(0.E0,0.E0,1.E0));
#8405=DIRECTION('',(-1.E0,0.E0,0.E0));
#8406=AXIS2_PLACEMENT_3D('',#8403,#8404,#8405);
#8407=CYLINDRICAL_SURFACE('',#8406,5.E-1);
#8408=ORIENTED_EDGE('',*,*,#5084,.F.);
#8409=ORIENTED_EDGE('',*,*,#6032,.T.);
#8410=ORIENTED_EDGE('',*,*,#8396,.F.);
#8411=ORIENTED_EDGE('',*,*,#4891,.F.);
#8412=EDGE_LOOP('',(#8408,#8409,#8410,#8411));
#8413=FACE_OUTER_BOUND('',#8412,.F.);
#8415=CARTESIAN_POINT('',(1.300897607175E1,-3.85E0,-1.03E1));
#8416=DIRECTION('',(-1.E0,0.E0,0.E0));
#8417=DIRECTION('',(0.E0,0.E0,1.E0));
#8418=AXIS2_PLACEMENT_3D('',#8415,#8416,#8417);
#8419=CYLINDRICAL_SURFACE('',#8418,5.E-1);
#8420=ORIENTED_EDGE('',*,*,#8398,.F.);
#8421=ORIENTED_EDGE('',*,*,#6030,.F.);
#8422=ORIENTED_EDGE('',*,*,#6059,.F.);
#8423=ORIENTED_EDGE('',*,*,#5607,.T.);
#8424=EDGE_LOOP('',(#8420,#8421,#8422,#8423));
#8425=FACE_OUTER_BOUND('',#8424,.F.);
#8427=CARTESIAN_POINT('',(8.55E0,-4.95E0,1.62E0));
#8428=DIRECTION('',(0.E0,-1.E0,0.E0));
#8429=DIRECTION('',(1.E0,0.E0,0.E0));
#8430=AXIS2_PLACEMENT_3D('',#8427,#8428,#8429);
#8431=PLANE('',#8430);
#8432=ORIENTED_EDGE('',*,*,#5985,.F.);
#8434=ORIENTED_EDGE('',*,*,#8433,.F.);
#8435=ORIENTED_EDGE('',*,*,#5615,.T.);
#8437=ORIENTED_EDGE('',*,*,#8436,.T.);
#8438=EDGE_LOOP('',(#8432,#8434,#8435,#8437));
#8439=FACE_OUTER_BOUND('',#8438,.F.);
#8441=CARTESIAN_POINT('',(8.55E0,-6.75E0,1.62E0));
#8442=DIRECTION('',(1.E0,0.E0,0.E0));
#8443=DIRECTION('',(0.E0,1.E0,0.E0));
#8444=AXIS2_PLACEMENT_3D('',#8441,#8442,#8443);
#8445=PLANE('',#8444);
#8446=ORIENTED_EDGE('',*,*,#6013,.F.);
#8448=ORIENTED_EDGE('',*,*,#8447,.F.);
#8449=ORIENTED_EDGE('',*,*,#5617,.T.);
#8450=ORIENTED_EDGE('',*,*,#8433,.T.);
#8451=EDGE_LOOP('',(#8446,#8448,#8449,#8450));
#8452=FACE_OUTER_BOUND('',#8451,.F.);
#8454=CARTESIAN_POINT('',(1.095E1,-6.75E0,1.62E0));
#8455=DIRECTION('',(0.E0,1.E0,0.E0));
#8456=DIRECTION('',(-1.E0,0.E0,0.E0));
#8457=AXIS2_PLACEMENT_3D('',#8454,#8455,#8456);
#8458=PLANE('',#8457);
#8459=ORIENTED_EDGE('',*,*,#5996,.F.);
#8461=ORIENTED_EDGE('',*,*,#8460,.F.);
#8462=ORIENTED_EDGE('',*,*,#5619,.T.);
#8463=ORIENTED_EDGE('',*,*,#8447,.T.);
#8464=EDGE_LOOP('',(#8459,#8461,#8462,#8463));
#8465=FACE_OUTER_BOUND('',#8464,.F.);
#8467=CARTESIAN_POINT('',(1.095E1,-4.95E0,1.62E0));
#8468=DIRECTION('',(-1.E0,0.E0,0.E0));
#8469=DIRECTION('',(0.E0,-1.E0,0.E0));
#8470=AXIS2_PLACEMENT_3D('',#8467,#8468,#8469);
#8471=PLANE('',#8470);
#8473=ORIENTED_EDGE('',*,*,#8472,.T.);
#8474=ORIENTED_EDGE('',*,*,#8436,.F.);
#8475=ORIENTED_EDGE('',*,*,#5621,.T.);
#8476=ORIENTED_EDGE('',*,*,#8460,.T.);
#8477=EDGE_LOOP('',(#8473,#8474,#8475,#8476));
#8478=FACE_OUTER_BOUND('',#8477,.F.);
#8480=CARTESIAN_POINT('',(9.75E0,-1.002E1,-1.3E1));
#8481=DIRECTION('',(0.E0,1.E0,0.E0));
#8482=DIRECTION('',(0.E0,0.E0,1.E0));
#8483=AXIS2_PLACEMENT_3D('',#8480,#8481,#8482);
#8484=CYLINDRICAL_SURFACE('',#8483,1.2E0);
#8485=ORIENTED_EDGE('',*,*,#5128,.F.);
#8486=ORIENTED_EDGE('',*,*,#8472,.F.);
#8487=ORIENTED_EDGE('',*,*,#5275,.T.);
#8488=ORIENTED_EDGE('',*,*,#6010,.F.);
#8489=EDGE_LOOP('',(#8485,#8486,#8487,#8488));
#8490=FACE_OUTER_BOUND('',#8489,.F.);
#8492=CARTESIAN_POINT('',(-6.E0,-5.18E0,-1.62E1));
#8493=DIRECTION('',(0.E0,1.E0,0.E0));
#8494=DIRECTION('',(0.E0,0.E0,1.E0));
#8495=AXIS2_PLACEMENT_3D('',#8492,#8493,#8494);
#8496=PLANE('',#8495);
#8498=ORIENTED_EDGE('',*,*,#8497,.T.);
#8500=ORIENTED_EDGE('',*,*,#8499,.T.);
#8501=ORIENTED_EDGE('',*,*,#5937,.F.);
#8502=ORIENTED_EDGE('',*,*,#5009,.F.);
#8503=EDGE_LOOP('',(#8498,#8500,#8501,#8502));
#8504=FACE_OUTER_BOUND('',#8503,.F.);
#8506=CARTESIAN_POINT('',(-6.E0,-5.18E0,-1.62E1));
#8507=DIRECTION('',(0.E0,1.E0,0.E0));
#8508=DIRECTION('',(0.E0,0.E0,1.E0));
#8509=AXIS2_PLACEMENT_3D('',#8506,#8507,#8508);
#8510=PLANE('',#8509);
#8512=ORIENTED_EDGE('',*,*,#8511,.T.);
#8514=ORIENTED_EDGE('',*,*,#8513,.T.);
#8516=ORIENTED_EDGE('',*,*,#8515,.F.);
#8517=ORIENTED_EDGE('',*,*,#5005,.F.);
#8518=EDGE_LOOP('',(#8512,#8514,#8516,#8517));
#8519=FACE_OUTER_BOUND('',#8518,.F.);
#8521=CARTESIAN_POINT('',(-6.E0,-5.18E0,-1.62E1));
#8522=DIRECTION('',(0.E0,1.E0,0.E0));
#8523=DIRECTION('',(0.E0,0.E0,1.E0));
#8524=AXIS2_PLACEMENT_3D('',#8521,#8522,#8523);
#8525=PLANE('',#8524);
#8527=ORIENTED_EDGE('',*,*,#8526,.T.);
#8529=ORIENTED_EDGE('',*,*,#8528,.T.);
#8531=ORIENTED_EDGE('',*,*,#8530,.F.);
#8532=ORIENTED_EDGE('',*,*,#5001,.F.);
#8533=EDGE_LOOP('',(#8527,#8529,#8531,#8532));
#8534=FACE_OUTER_BOUND('',#8533,.F.);
#8536=CARTESIAN_POINT('',(-6.E0,-5.18E0,-1.62E1));
#8537=DIRECTION('',(0.E0,1.E0,0.E0));
#8538=DIRECTION('',(0.E0,0.E0,1.E0));
#8539=AXIS2_PLACEMENT_3D('',#8536,#8537,#8538);
#8540=PLANE('',#8539);
#8542=ORIENTED_EDGE('',*,*,#8541,.F.);
#8543=ORIENTED_EDGE('',*,*,#5029,.F.);
#8544=ORIENTED_EDGE('',*,*,#5863,.T.);
#8546=ORIENTED_EDGE('',*,*,#8545,.T.);
#8547=EDGE_LOOP('',(#8542,#8543,#8544,#8546));
#8548=FACE_OUTER_BOUND('',#8547,.F.);
#8550=CARTESIAN_POINT('',(-6.E0,-5.18E0,-1.62E1));
#8551=DIRECTION('',(0.E0,1.E0,0.E0));
#8552=DIRECTION('',(0.E0,0.E0,1.E0));
#8553=AXIS2_PLACEMENT_3D('',#8550,#8551,#8552);
#8554=PLANE('',#8553);
#8556=ORIENTED_EDGE('',*,*,#8555,.T.);
#8558=ORIENTED_EDGE('',*,*,#8557,.T.);
#8560=ORIENTED_EDGE('',*,*,#8559,.F.);
#8561=ORIENTED_EDGE('',*,*,#4997,.F.);
#8562=EDGE_LOOP('',(#8556,#8558,#8560,#8561));
#8563=FACE_OUTER_BOUND('',#8562,.F.);
#8565=CARTESIAN_POINT('',(4.07E0,0.E0,0.E0));
#8566=DIRECTION('',(1.E0,0.E0,0.E0));
#8567=DIRECTION('',(0.E0,0.E0,-1.E0));
#8568=AXIS2_PLACEMENT_3D('',#8565,#8566,#8567);
#8569=PLANE('',#8568);
#8570=ORIENTED_EDGE('',*,*,#5039,.T.);
#8572=ORIENTED_EDGE('',*,*,#8571,.F.);
#8574=ORIENTED_EDGE('',*,*,#8573,.F.);
#8576=ORIENTED_EDGE('',*,*,#8575,.F.);
#8578=ORIENTED_EDGE('',*,*,#8577,.F.);
#8580=ORIENTED_EDGE('',*,*,#8579,.F.);
#8582=ORIENTED_EDGE('',*,*,#8581,.F.);
#8584=ORIENTED_EDGE('',*,*,#8583,.F.);
#8585=EDGE_LOOP('',(#8570,#8572,#8574,#8576,#8578,#8580,#8582,#8584));
#8586=FACE_OUTER_BOUND('',#8585,.F.);
#8588=CARTESIAN_POINT('',(4.07E0,0.E0,0.E0));
#8589=DIRECTION('',(1.E0,0.E0,0.E0));
#8590=DIRECTION('',(0.E0,0.E0,-1.E0));
#8591=AXIS2_PLACEMENT_3D('',#8588,#8589,#8590);
#8592=PLANE('',#8591);
#8594=ORIENTED_EDGE('',*,*,#8593,.F.);
#8596=ORIENTED_EDGE('',*,*,#8595,.F.);
#8598=ORIENTED_EDGE('',*,*,#8597,.F.);
#8600=ORIENTED_EDGE('',*,*,#8599,.F.);
#8602=ORIENTED_EDGE('',*,*,#8601,.F.);
#8604=ORIENTED_EDGE('',*,*,#8603,.F.);
#8606=ORIENTED_EDGE('',*,*,#8605,.F.);
#8608=ORIENTED_EDGE('',*,*,#8607,.F.);
#8609=ORIENTED_EDGE('',*,*,#8497,.F.);
#8610=EDGE_LOOP('',(#8594,#8596,#8598,#8600,#8602,#8604,#8606,#8608,#8609));
#8611=FACE_OUTER_BOUND('',#8610,.F.);
#8613=CARTESIAN_POINT('',(3.43E0,1.999999999998E-2,-1.938E1));
#8614=DIRECTION('',(0.E0,1.E0,0.E0));
#8615=DIRECTION('',(0.E0,0.E0,1.E0));
#8616=AXIS2_PLACEMENT_3D('',#8613,#8614,#8615);
#8617=PLANE('',#8616);
#8618=ORIENTED_EDGE('',*,*,#5037,.F.);
#8620=ORIENTED_EDGE('',*,*,#8619,.F.);
#8622=ORIENTED_EDGE('',*,*,#8621,.T.);
#8623=ORIENTED_EDGE('',*,*,#8571,.T.);
#8624=EDGE_LOOP('',(#8618,#8620,#8622,#8623));
#8625=FACE_OUTER_BOUND('',#8624,.F.);
#8627=CARTESIAN_POINT('',(3.43E0,0.E0,0.E0));
#8628=DIRECTION('',(1.E0,0.E0,0.E0));
#8629=DIRECTION('',(0.E0,0.E0,-1.E0));
#8630=AXIS2_PLACEMENT_3D('',#8627,#8628,#8629);
#8631=PLANE('',#8630);
#8632=ORIENTED_EDGE('',*,*,#5035,.F.);
#8634=ORIENTED_EDGE('',*,*,#8633,.T.);
#8636=ORIENTED_EDGE('',*,*,#8635,.T.);
#8638=ORIENTED_EDGE('',*,*,#8637,.T.);
#8640=ORIENTED_EDGE('',*,*,#8639,.T.);
#8642=ORIENTED_EDGE('',*,*,#8641,.T.);
#8644=ORIENTED_EDGE('',*,*,#8643,.T.);
#8645=ORIENTED_EDGE('',*,*,#8619,.T.);
#8646=EDGE_LOOP('',(#8632,#8634,#8636,#8638,#8640,#8642,#8644,#8645));
#8647=FACE_OUTER_BOUND('',#8646,.F.);
#8649=CARTESIAN_POINT('',(3.43E0,0.E0,0.E0));
#8650=DIRECTION('',(1.E0,0.E0,0.E0));
#8651=DIRECTION('',(0.E0,0.E0,-1.E0));
#8652=AXIS2_PLACEMENT_3D('',#8649,#8650,#8651);
#8653=PLANE('',#8652);
#8655=ORIENTED_EDGE('',*,*,#8654,.T.);
#8656=ORIENTED_EDGE('',*,*,#8515,.T.);
#8658=ORIENTED_EDGE('',*,*,#8657,.T.);
#8660=ORIENTED_EDGE('',*,*,#8659,.F.);
#8662=ORIENTED_EDGE('',*,*,#8661,.T.);
#8664=ORIENTED_EDGE('',*,*,#8663,.T.);
#8666=ORIENTED_EDGE('',*,*,#8665,.T.);
#8668=ORIENTED_EDGE('',*,*,#8667,.T.);
#8670=ORIENTED_EDGE('',*,*,#8669,.T.);
#8671=EDGE_LOOP('',(#8655,#8656,#8658,#8660,#8662,#8664,#8666,#8668,#8670));
#8672=FACE_OUTER_BOUND('',#8671,.F.);
#8674=CARTESIAN_POINT('',(3.43E0,-6.2E-1,-1.62E1));
#8675=DIRECTION('',(0.E0,-1.E0,0.E0));
#8676=DIRECTION('',(0.E0,0.E0,-1.E0));
#8677=AXIS2_PLACEMENT_3D('',#8674,#8675,#8676);
#8678=PLANE('',#8677);
#8679=ORIENTED_EDGE('',*,*,#5041,.T.);
#8680=ORIENTED_EDGE('',*,*,#8583,.T.);
#8682=ORIENTED_EDGE('',*,*,#8681,.F.);
#8683=ORIENTED_EDGE('',*,*,#8633,.F.);
#8684=EDGE_LOOP('',(#8679,#8680,#8682,#8683));
#8685=FACE_OUTER_BOUND('',#8684,.F.);
#8687=CARTESIAN_POINT('',(3.43E0,-1.62E0,-1.938E1));
#8688=DIRECTION('',(1.E0,0.E0,0.E0));
#8689=DIRECTION('',(0.E0,0.E0,-1.E0));
#8690=AXIS2_PLACEMENT_3D('',#8687,#8688,#8689);
#8691=CYLINDRICAL_SURFACE('',#8690,1.E0);
#8692=ORIENTED_EDGE('',*,*,#8635,.F.);
#8693=ORIENTED_EDGE('',*,*,#8681,.T.);
#8694=ORIENTED_EDGE('',*,*,#8581,.T.);
#8696=ORIENTED_EDGE('',*,*,#8695,.F.);
#8697=EDGE_LOOP('',(#8692,#8693,#8694,#8696));
#8698=FACE_OUTER_BOUND('',#8697,.F.);
#8700=CARTESIAN_POINT('',(3.43E0,-1.62E0,-2.038E1));
#8701=DIRECTION('',(0.E0,0.E0,1.E0));
#8702=DIRECTION('',(0.E0,-1.E0,0.E0));
#8703=AXIS2_PLACEMENT_3D('',#8700,#8701,#8702);
#8704=PLANE('',#8703);
#8705=ORIENTED_EDGE('',*,*,#8637,.F.);
#8706=ORIENTED_EDGE('',*,*,#8695,.T.);
#8707=ORIENTED_EDGE('',*,*,#8579,.T.);
#8709=ORIENTED_EDGE('',*,*,#8708,.F.);
#8710=EDGE_LOOP('',(#8705,#8706,#8707,#8709));
#8711=FACE_OUTER_BOUND('',#8710,.F.);
#8713=CARTESIAN_POINT('',(3.43E0,-1.235E1,-2.038E1));
#8714=DIRECTION('',(0.E0,-1.E0,0.E0));
#8715=DIRECTION('',(0.E0,0.E0,-1.E0));
#8716=AXIS2_PLACEMENT_3D('',#8713,#8714,#8715);
#8717=PLANE('',#8716);
#8718=ORIENTED_EDGE('',*,*,#8639,.F.);
#8719=ORIENTED_EDGE('',*,*,#8708,.T.);
#8720=ORIENTED_EDGE('',*,*,#8577,.T.);
#8722=ORIENTED_EDGE('',*,*,#8721,.F.);
#8723=EDGE_LOOP('',(#8718,#8719,#8720,#8722));
#8724=FACE_OUTER_BOUND('',#8723,.F.);
#8726=CARTESIAN_POINT('',(3.43E0,-1.235E1,-2.102E1));
#8727=DIRECTION('',(0.E0,0.E0,-1.E0));
#8728=DIRECTION('',(0.E0,1.E0,0.E0));
#8729=AXIS2_PLACEMENT_3D('',#8726,#8727,#8728);
#8730=PLANE('',#8729);
#8731=ORIENTED_EDGE('',*,*,#8641,.F.);
#8732=ORIENTED_EDGE('',*,*,#8721,.T.);
#8733=ORIENTED_EDGE('',*,*,#8575,.T.);
#8735=ORIENTED_EDGE('',*,*,#8734,.F.);
#8736=EDGE_LOOP('',(#8731,#8732,#8733,#8735));
#8737=FACE_OUTER_BOUND('',#8736,.F.);
#8739=CARTESIAN_POINT('',(3.43E0,-1.62E0,-1.938E1));
#8740=DIRECTION('',(1.E0,0.E0,0.E0));
#8741=DIRECTION('',(0.E0,0.E0,-1.E0));
#8742=AXIS2_PLACEMENT_3D('',#8739,#8740,#8741);
#8743=CYLINDRICAL_SURFACE('',#8742,1.64E0);
#8744=ORIENTED_EDGE('',*,*,#8643,.F.);
#8745=ORIENTED_EDGE('',*,*,#8734,.T.);
#8746=ORIENTED_EDGE('',*,*,#8573,.T.);
#8747=ORIENTED_EDGE('',*,*,#8621,.F.);
#8748=EDGE_LOOP('',(#8744,#8745,#8746,#8747));
#8749=FACE_OUTER_BOUND('',#8748,.F.);
#8751=CARTESIAN_POINT('',(3.43E0,-5.18E0,-1.638E1));
#8752=DIRECTION('',(0.E0,1.E0,0.E0));
#8753=DIRECTION('',(0.E0,0.E0,1.E0));
#8754=AXIS2_PLACEMENT_3D('',#8751,#8752,#8753);
#8755=PLANE('',#8754);
#8756=ORIENTED_EDGE('',*,*,#8654,.F.);
#8758=ORIENTED_EDGE('',*,*,#8757,.T.);
#8759=ORIENTED_EDGE('',*,*,#8593,.T.);
#8760=ORIENTED_EDGE('',*,*,#5007,.F.);
#8761=EDGE_LOOP('',(#8756,#8758,#8759,#8760));
#8762=FACE_OUTER_BOUND('',#8761,.F.);
#8764=CARTESIAN_POINT('',(3.43E0,-6.82E0,-1.638E1));
#8765=DIRECTION('',(1.E0,0.E0,0.E0));
#8766=DIRECTION('',(0.E0,0.E0,-1.E0));
#8767=AXIS2_PLACEMENT_3D('',#8764,#8765,#8766);
#8768=CYLINDRICAL_SURFACE('',#8767,1.64E0);
#8769=ORIENTED_EDGE('',*,*,#8669,.F.);
#8771=ORIENTED_EDGE('',*,*,#8770,.T.);
#8772=ORIENTED_EDGE('',*,*,#8595,.T.);
#8773=ORIENTED_EDGE('',*,*,#8757,.F.);
#8774=EDGE_LOOP('',(#8769,#8771,#8772,#8773));
#8775=FACE_OUTER_BOUND('',#8774,.F.);
#8777=CARTESIAN_POINT('',(3.43E0,-1.235E1,-1.802E1));
#8778=DIRECTION('',(0.E0,0.E0,-1.E0));
#8779=DIRECTION('',(0.E0,1.E0,0.E0));
#8780=AXIS2_PLACEMENT_3D('',#8777,#8778,#8779);
#8781=PLANE('',#8780);
#8782=ORIENTED_EDGE('',*,*,#8667,.F.);
#8784=ORIENTED_EDGE('',*,*,#8783,.T.);
#8785=ORIENTED_EDGE('',*,*,#8597,.T.);
#8786=ORIENTED_EDGE('',*,*,#8770,.F.);
#8787=EDGE_LOOP('',(#8782,#8784,#8785,#8786));
#8788=FACE_OUTER_BOUND('',#8787,.F.);
#8790=CARTESIAN_POINT('',(3.43E0,-1.235E1,-1.738E1));
#8791=DIRECTION('',(0.E0,-1.E0,0.E0));
#8792=DIRECTION('',(0.E0,0.E0,-1.E0));
#8793=AXIS2_PLACEMENT_3D('',#8790,#8791,#8792);
#8794=PLANE('',#8793);
#8795=ORIENTED_EDGE('',*,*,#8665,.F.);
#8797=ORIENTED_EDGE('',*,*,#8796,.T.);
#8798=ORIENTED_EDGE('',*,*,#8599,.T.);
#8799=ORIENTED_EDGE('',*,*,#8783,.F.);
#8800=EDGE_LOOP('',(#8795,#8797,#8798,#8799));
#8801=FACE_OUTER_BOUND('',#8800,.F.);
#8803=CARTESIAN_POINT('',(3.43E0,-6.82E0,-1.738E1));
#8804=DIRECTION('',(0.E0,0.E0,1.E0));
#8805=DIRECTION('',(0.E0,-1.E0,0.E0));
#8806=AXIS2_PLACEMENT_3D('',#8803,#8804,#8805);
#8807=PLANE('',#8806);
#8808=ORIENTED_EDGE('',*,*,#8663,.F.);
#8810=ORIENTED_EDGE('',*,*,#8809,.T.);
#8811=ORIENTED_EDGE('',*,*,#8601,.T.);
#8812=ORIENTED_EDGE('',*,*,#8796,.F.);
#8813=EDGE_LOOP('',(#8808,#8810,#8811,#8812));
#8814=FACE_OUTER_BOUND('',#8813,.F.);
#8816=CARTESIAN_POINT('',(3.43E0,-6.82E0,-1.638E1));
#8817=DIRECTION('',(1.E0,0.E0,0.E0));
#8818=DIRECTION('',(0.E0,0.E0,-1.E0));
#8819=AXIS2_PLACEMENT_3D('',#8816,#8817,#8818);
#8820=CYLINDRICAL_SURFACE('',#8819,1.E0);
#8821=ORIENTED_EDGE('',*,*,#8661,.F.);
#8823=ORIENTED_EDGE('',*,*,#8822,.T.);
#8824=ORIENTED_EDGE('',*,*,#8603,.T.);
#8825=ORIENTED_EDGE('',*,*,#8809,.F.);
#8826=EDGE_LOOP('',(#8821,#8823,#8824,#8825));
#8827=FACE_OUTER_BOUND('',#8826,.F.);
#8829=CARTESIAN_POINT('',(3.43E0,-5.82E0,-1.62E1));
#8830=DIRECTION('',(0.E0,-1.E0,0.E0));
#8831=DIRECTION('',(0.E0,0.E0,-1.E0));
#8832=AXIS2_PLACEMENT_3D('',#8829,#8830,#8831);
#8833=PLANE('',#8832);
#8834=ORIENTED_EDGE('',*,*,#8659,.T.);
#8836=ORIENTED_EDGE('',*,*,#8835,.T.);
#8837=ORIENTED_EDGE('',*,*,#8605,.T.);
#8838=ORIENTED_EDGE('',*,*,#8822,.F.);
#8839=EDGE_LOOP('',(#8834,#8836,#8837,#8838));
#8840=FACE_OUTER_BOUND('',#8839,.F.);
#8842=CARTESIAN_POINT('',(-6.E0,-5.18E0,-1.59E1));
#8843=DIRECTION('',(0.E0,0.E0,1.E0));
#8844=DIRECTION('',(0.E0,-1.E0,0.E0));
#8845=AXIS2_PLACEMENT_3D('',#8842,#8843,#8844);
#8846=PLANE('',#8845);
#8848=ORIENTED_EDGE('',*,*,#8847,.F.);
#8849=ORIENTED_EDGE('',*,*,#8545,.F.);
#8850=ORIENTED_EDGE('',*,*,#5861,.T.);
#8852=ORIENTED_EDGE('',*,*,#8851,.T.);
#8853=ORIENTED_EDGE('',*,*,#5939,.F.);
#8854=ORIENTED_EDGE('',*,*,#8499,.F.);
#8855=ORIENTED_EDGE('',*,*,#8607,.T.);
#8856=ORIENTED_EDGE('',*,*,#8835,.F.);
#8857=ORIENTED_EDGE('',*,*,#8657,.F.);
#8858=ORIENTED_EDGE('',*,*,#8513,.F.);
#8860=ORIENTED_EDGE('',*,*,#8859,.T.);
#8862=ORIENTED_EDGE('',*,*,#8861,.F.);
#8864=ORIENTED_EDGE('',*,*,#8863,.F.);
#8865=ORIENTED_EDGE('',*,*,#8528,.F.);
#8867=ORIENTED_EDGE('',*,*,#8866,.T.);
#8869=ORIENTED_EDGE('',*,*,#8868,.F.);
#8871=ORIENTED_EDGE('',*,*,#8870,.F.);
#8872=ORIENTED_EDGE('',*,*,#8557,.F.);
#8874=ORIENTED_EDGE('',*,*,#8873,.T.);
#8876=ORIENTED_EDGE('',*,*,#8875,.F.);
#8877=EDGE_LOOP('',(#8848,#8849,#8850,#8852,#8853,#8854,#8855,#8856,#8857,#8858,
#8860,#8862,#8864,#8865,#8867,#8869,#8871,#8872,#8874,#8876));
#8878=FACE_OUTER_BOUND('',#8877,.F.);
#8880=CARTESIAN_POINT('',(-4.07E0,0.E0,0.E0));
#8881=DIRECTION('',(1.E0,0.E0,0.E0));
#8882=DIRECTION('',(0.E0,0.E0,-1.E0));
#8883=AXIS2_PLACEMENT_3D('',#8880,#8881,#8882);
#8884=PLANE('',#8883);
#8886=ORIENTED_EDGE('',*,*,#8885,.T.);
#8888=ORIENTED_EDGE('',*,*,#8887,.T.);
#8890=ORIENTED_EDGE('',*,*,#8889,.T.);
#8892=ORIENTED_EDGE('',*,*,#8891,.T.);
#8894=ORIENTED_EDGE('',*,*,#8893,.T.);
#8896=ORIENTED_EDGE('',*,*,#8895,.T.);
#8898=ORIENTED_EDGE('',*,*,#8897,.T.);
#8899=ORIENTED_EDGE('',*,*,#5065,.F.);
#8900=EDGE_LOOP('',(#8886,#8888,#8890,#8892,#8894,#8896,#8898,#8899));
#8901=FACE_OUTER_BOUND('',#8900,.F.);
#8903=CARTESIAN_POINT('',(-4.07E0,0.E0,0.E0));
#8904=DIRECTION('',(1.E0,0.E0,0.E0));
#8905=DIRECTION('',(0.E0,0.E0,-1.E0));
#8906=AXIS2_PLACEMENT_3D('',#8903,#8904,#8905);
#8907=PLANE('',#8906);
#8909=ORIENTED_EDGE('',*,*,#8908,.T.);
#8910=ORIENTED_EDGE('',*,*,#8541,.T.);
#8911=ORIENTED_EDGE('',*,*,#8847,.T.);
#8913=ORIENTED_EDGE('',*,*,#8912,.F.);
#8915=ORIENTED_EDGE('',*,*,#8914,.T.);
#8917=ORIENTED_EDGE('',*,*,#8916,.T.);
#8919=ORIENTED_EDGE('',*,*,#8918,.T.);
#8921=ORIENTED_EDGE('',*,*,#8920,.T.);
#8923=ORIENTED_EDGE('',*,*,#8922,.T.);
#8924=EDGE_LOOP('',(#8909,#8910,#8911,#8913,#8915,#8917,#8919,#8921,#8923));
#8925=FACE_OUTER_BOUND('',#8924,.F.);
#8927=CARTESIAN_POINT('',(-4.07E0,-6.2E-1,-1.62E1));
#8928=DIRECTION('',(0.E0,-1.E0,0.E0));
#8929=DIRECTION('',(0.E0,0.E0,-1.E0));
#8930=AXIS2_PLACEMENT_3D('',#8927,#8928,#8929);
#8931=PLANE('',#8930);
#8932=ORIENTED_EDGE('',*,*,#8885,.F.);
#8933=ORIENTED_EDGE('',*,*,#5071,.T.);
#8935=ORIENTED_EDGE('',*,*,#8934,.T.);
#8937=ORIENTED_EDGE('',*,*,#8936,.F.);
#8938=EDGE_LOOP('',(#8932,#8933,#8935,#8937));
#8939=FACE_OUTER_BOUND('',#8938,.F.);
#8941=CARTESIAN_POINT('',(-3.43E0,0.E0,0.E0));
#8942=DIRECTION('',(1.E0,0.E0,0.E0));
#8943=DIRECTION('',(0.E0,0.E0,-1.E0));
#8944=AXIS2_PLACEMENT_3D('',#8941,#8942,#8943);
#8945=PLANE('',#8944);
#8946=ORIENTED_EDGE('',*,*,#8934,.F.);
#8947=ORIENTED_EDGE('',*,*,#5069,.T.);
#8949=ORIENTED_EDGE('',*,*,#8948,.F.);
#8951=ORIENTED_EDGE('',*,*,#8950,.F.);
#8953=ORIENTED_EDGE('',*,*,#8952,.F.);
#8955=ORIENTED_EDGE('',*,*,#8954,.F.);
#8957=ORIENTED_EDGE('',*,*,#8956,.F.);
#8959=ORIENTED_EDGE('',*,*,#8958,.F.);
#8960=EDGE_LOOP('',(#8946,#8947,#8949,#8951,#8953,#8955,#8957,#8959));
#8961=FACE_OUTER_BOUND('',#8960,.F.);
#8963=CARTESIAN_POINT('',(-3.43E0,0.E0,0.E0));
#8964=DIRECTION('',(1.E0,0.E0,0.E0));
#8965=DIRECTION('',(0.E0,0.E0,-1.E0));
#8966=AXIS2_PLACEMENT_3D('',#8963,#8964,#8965);
#8967=PLANE('',#8966);
#8969=ORIENTED_EDGE('',*,*,#8968,.F.);
#8971=ORIENTED_EDGE('',*,*,#8970,.F.);
#8973=ORIENTED_EDGE('',*,*,#8972,.F.);
#8975=ORIENTED_EDGE('',*,*,#8974,.F.);
#8977=ORIENTED_EDGE('',*,*,#8976,.F.);
#8979=ORIENTED_EDGE('',*,*,#8978,.F.);
#8981=ORIENTED_EDGE('',*,*,#8980,.F.);
#8982=ORIENTED_EDGE('',*,*,#8873,.F.);
#8983=ORIENTED_EDGE('',*,*,#8555,.F.);
#8984=EDGE_LOOP('',(#8969,#8971,#8973,#8975,#8977,#8979,#8981,#8982,#8983));
#8985=FACE_OUTER_BOUND('',#8984,.F.);
#8987=CARTESIAN_POINT('',(-4.07E0,1.999999999998E-2,-1.938E1));
#8988=DIRECTION('',(0.E0,1.E0,0.E0));
#8989=DIRECTION('',(0.E0,0.E0,1.E0));
#8990=AXIS2_PLACEMENT_3D('',#8987,#8988,#8989);
#8991=PLANE('',#8990);
#8992=ORIENTED_EDGE('',*,*,#8897,.F.);
#8994=ORIENTED_EDGE('',*,*,#8993,.T.);
#8995=ORIENTED_EDGE('',*,*,#8948,.T.);
#8996=ORIENTED_EDGE('',*,*,#5067,.F.);
#8997=EDGE_LOOP('',(#8992,#8994,#8995,#8996));
#8998=FACE_OUTER_BOUND('',#8997,.F.);
#9000=CARTESIAN_POINT('',(-4.07E0,-1.62E0,-1.938E1));
#9001=DIRECTION('',(1.E0,0.E0,0.E0));
#9002=DIRECTION('',(0.E0,0.E0,-1.E0));
#9003=AXIS2_PLACEMENT_3D('',#9000,#9001,#9002);
#9004=CYLINDRICAL_SURFACE('',#9003,1.64E0);
#9005=ORIENTED_EDGE('',*,*,#8895,.F.);
#9007=ORIENTED_EDGE('',*,*,#9006,.T.);
#9008=ORIENTED_EDGE('',*,*,#8950,.T.);
#9009=ORIENTED_EDGE('',*,*,#8993,.F.);
#9010=EDGE_LOOP('',(#9005,#9007,#9008,#9009));
#9011=FACE_OUTER_BOUND('',#9010,.F.);
#9013=CARTESIAN_POINT('',(-4.07E0,-1.235E1,-2.102E1));
#9014=DIRECTION('',(0.E0,0.E0,-1.E0));
#9015=DIRECTION('',(0.E0,1.E0,0.E0));
#9016=AXIS2_PLACEMENT_3D('',#9013,#9014,#9015);
#9017=PLANE('',#9016);
#9018=ORIENTED_EDGE('',*,*,#8893,.F.);
#9020=ORIENTED_EDGE('',*,*,#9019,.T.);
#9021=ORIENTED_EDGE('',*,*,#8952,.T.);
#9022=ORIENTED_EDGE('',*,*,#9006,.F.);
#9023=EDGE_LOOP('',(#9018,#9020,#9021,#9022));
#9024=FACE_OUTER_BOUND('',#9023,.F.);
#9026=CARTESIAN_POINT('',(-4.07E0,-1.235E1,-2.038E1));
#9027=DIRECTION('',(0.E0,-1.E0,0.E0));
#9028=DIRECTION('',(0.E0,0.E0,-1.E0));
#9029=AXIS2_PLACEMENT_3D('',#9026,#9027,#9028);
#9030=PLANE('',#9029);
#9031=ORIENTED_EDGE('',*,*,#8891,.F.);
#9033=ORIENTED_EDGE('',*,*,#9032,.T.);
#9034=ORIENTED_EDGE('',*,*,#8954,.T.);
#9035=ORIENTED_EDGE('',*,*,#9019,.F.);
#9036=EDGE_LOOP('',(#9031,#9033,#9034,#9035));
#9037=FACE_OUTER_BOUND('',#9036,.F.);
#9039=CARTESIAN_POINT('',(-4.07E0,-1.62E0,-2.038E1));
#9040=DIRECTION('',(0.E0,0.E0,1.E0));
#9041=DIRECTION('',(0.E0,-1.E0,0.E0));
#9042=AXIS2_PLACEMENT_3D('',#9039,#9040,#9041);
#9043=PLANE('',#9042);
#9044=ORIENTED_EDGE('',*,*,#8889,.F.);
#9046=ORIENTED_EDGE('',*,*,#9045,.T.);
#9047=ORIENTED_EDGE('',*,*,#8956,.T.);
#9048=ORIENTED_EDGE('',*,*,#9032,.F.);
#9049=EDGE_LOOP('',(#9044,#9046,#9047,#9048));
#9050=FACE_OUTER_BOUND('',#9049,.F.);
#9052=CARTESIAN_POINT('',(-4.07E0,-1.62E0,-1.938E1));
#9053=DIRECTION('',(1.E0,0.E0,0.E0));
#9054=DIRECTION('',(0.E0,0.E0,-1.E0));
#9055=AXIS2_PLACEMENT_3D('',#9052,#9053,#9054);
#9056=CYLINDRICAL_SURFACE('',#9055,1.E0);
#9057=ORIENTED_EDGE('',*,*,#8887,.F.);
#9058=ORIENTED_EDGE('',*,*,#8936,.T.);
#9059=ORIENTED_EDGE('',*,*,#8958,.T.);
#9060=ORIENTED_EDGE('',*,*,#9045,.F.);
#9061=EDGE_LOOP('',(#9057,#9058,#9059,#9060));
#9062=FACE_OUTER_BOUND('',#9061,.F.);
#9064=CARTESIAN_POINT('',(-4.07E0,-5.18E0,-1.638E1));
#9065=DIRECTION('',(0.E0,1.E0,0.E0));
#9066=DIRECTION('',(0.E0,0.E0,1.E0));
#9067=AXIS2_PLACEMENT_3D('',#9064,#9065,#9066);
#9068=PLANE('',#9067);
#9069=ORIENTED_EDGE('',*,*,#8908,.F.);
#9071=ORIENTED_EDGE('',*,*,#9070,.T.);
#9072=ORIENTED_EDGE('',*,*,#8968,.T.);
#9073=ORIENTED_EDGE('',*,*,#5031,.F.);
#9074=EDGE_LOOP('',(#9069,#9071,#9072,#9073));
#9075=FACE_OUTER_BOUND('',#9074,.F.);
#9077=CARTESIAN_POINT('',(-4.07E0,-6.82E0,-1.638E1));
#9078=DIRECTION('',(1.E0,0.E0,0.E0));
#9079=DIRECTION('',(0.E0,0.E0,-1.E0));
#9080=AXIS2_PLACEMENT_3D('',#9077,#9078,#9079);
#9081=CYLINDRICAL_SURFACE('',#9080,1.64E0);
#9082=ORIENTED_EDGE('',*,*,#8922,.F.);
#9084=ORIENTED_EDGE('',*,*,#9083,.T.);
#9085=ORIENTED_EDGE('',*,*,#8970,.T.);
#9086=ORIENTED_EDGE('',*,*,#9070,.F.);
#9087=EDGE_LOOP('',(#9082,#9084,#9085,#9086));
#9088=FACE_OUTER_BOUND('',#9087,.F.);
#9090=CARTESIAN_POINT('',(-4.07E0,-1.235E1,-1.802E1));
#9091=DIRECTION('',(0.E0,0.E0,-1.E0));
#9092=DIRECTION('',(0.E0,1.E0,0.E0));
#9093=AXIS2_PLACEMENT_3D('',#9090,#9091,#9092);
#9094=PLANE('',#9093);
#9095=ORIENTED_EDGE('',*,*,#8920,.F.);
#9097=ORIENTED_EDGE('',*,*,#9096,.T.);
#9098=ORIENTED_EDGE('',*,*,#8972,.T.);
#9099=ORIENTED_EDGE('',*,*,#9083,.F.);
#9100=EDGE_LOOP('',(#9095,#9097,#9098,#9099));
#9101=FACE_OUTER_BOUND('',#9100,.F.);
#9103=CARTESIAN_POINT('',(-4.07E0,-1.235E1,-1.738E1));
#9104=DIRECTION('',(0.E0,-1.E0,0.E0));
#9105=DIRECTION('',(0.E0,0.E0,-1.E0));
#9106=AXIS2_PLACEMENT_3D('',#9103,#9104,#9105);
#9107=PLANE('',#9106);
#9108=ORIENTED_EDGE('',*,*,#8918,.F.);
#9110=ORIENTED_EDGE('',*,*,#9109,.T.);
#9111=ORIENTED_EDGE('',*,*,#8974,.T.);
#9112=ORIENTED_EDGE('',*,*,#9096,.F.);
#9113=EDGE_LOOP('',(#9108,#9110,#9111,#9112));
#9114=FACE_OUTER_BOUND('',#9113,.F.);
#9116=CARTESIAN_POINT('',(-4.07E0,-6.82E0,-1.738E1));
#9117=DIRECTION('',(0.E0,0.E0,1.E0));
#9118=DIRECTION('',(0.E0,-1.E0,0.E0));
#9119=AXIS2_PLACEMENT_3D('',#9116,#9117,#9118);
#9120=PLANE('',#9119);
#9121=ORIENTED_EDGE('',*,*,#8916,.F.);
#9123=ORIENTED_EDGE('',*,*,#9122,.T.);
#9124=ORIENTED_EDGE('',*,*,#8976,.T.);
#9125=ORIENTED_EDGE('',*,*,#9109,.F.);
#9126=EDGE_LOOP('',(#9121,#9123,#9124,#9125));
#9127=FACE_OUTER_BOUND('',#9126,.F.);
#9129=CARTESIAN_POINT('',(-4.07E0,-6.82E0,-1.638E1));
#9130=DIRECTION('',(1.E0,0.E0,0.E0));
#9131=DIRECTION('',(0.E0,0.E0,-1.E0));
#9132=AXIS2_PLACEMENT_3D('',#9129,#9130,#9131);
#9133=CYLINDRICAL_SURFACE('',#9132,1.E0);
#9134=ORIENTED_EDGE('',*,*,#8914,.F.);
#9136=ORIENTED_EDGE('',*,*,#9135,.T.);
#9137=ORIENTED_EDGE('',*,*,#8978,.T.);
#9138=ORIENTED_EDGE('',*,*,#9122,.F.);
#9139=EDGE_LOOP('',(#9134,#9136,#9137,#9138));
#9140=FACE_OUTER_BOUND('',#9139,.F.);
#9142=CARTESIAN_POINT('',(-4.07E0,-5.82E0,-1.62E1));
#9143=DIRECTION('',(0.E0,-1.E0,0.E0));
#9144=DIRECTION('',(0.E0,0.E0,-1.E0));
#9145=AXIS2_PLACEMENT_3D('',#9142,#9143,#9144);
#9146=PLANE('',#9145);
#9147=ORIENTED_EDGE('',*,*,#8912,.T.);
#9148=ORIENTED_EDGE('',*,*,#8875,.T.);
#9149=ORIENTED_EDGE('',*,*,#8980,.T.);
#9150=ORIENTED_EDGE('',*,*,#9135,.F.);
#9151=EDGE_LOOP('',(#9147,#9148,#9149,#9150));
#9152=FACE_OUTER_BOUND('',#9151,.F.);
#9154=CARTESIAN_POINT('',(-6.E0,-6.85E0,-1.54E1));
#9155=DIRECTION('',(1.E0,0.E0,0.E0));
#9156=DIRECTION('',(0.E0,0.E0,-1.E0));
#9157=AXIS2_PLACEMENT_3D('',#9154,#9155,#9156);
#9158=CYLINDRICAL_SURFACE('',#9157,5.E-1);
#9159=ORIENTED_EDGE('',*,*,#5859,.T.);
#9161=ORIENTED_EDGE('',*,*,#9160,.T.);
#9162=ORIENTED_EDGE('',*,*,#5941,.F.);
#9163=ORIENTED_EDGE('',*,*,#8851,.F.);
#9164=EDGE_LOOP('',(#9159,#9161,#9162,#9163));
#9165=FACE_OUTER_BOUND('',#9164,.F.);
#9167=CARTESIAN_POINT('',(-6.E0,-7.35E0,-1.54E1));
#9168=DIRECTION('',(0.E0,1.E0,0.E0));
#9169=DIRECTION('',(0.E0,0.E0,1.E0));
#9170=AXIS2_PLACEMENT_3D('',#9167,#9168,#9169);
#9171=PLANE('',#9170);
#9172=ORIENTED_EDGE('',*,*,#5857,.T.);
#9173=ORIENTED_EDGE('',*,*,#5912,.T.);
#9174=ORIENTED_EDGE('',*,*,#5943,.F.);
#9175=ORIENTED_EDGE('',*,*,#9160,.F.);
#9176=EDGE_LOOP('',(#9172,#9173,#9174,#9175));
#9177=FACE_OUTER_BOUND('',#9176,.F.);
#9179=CARTESIAN_POINT('',(1.57E0,0.E0,0.E0));
#9180=DIRECTION('',(1.E0,0.E0,0.E0));
#9181=DIRECTION('',(0.E0,0.E0,-1.E0));
#9182=AXIS2_PLACEMENT_3D('',#9179,#9180,#9181);
#9183=PLANE('',#9182);
#9185=ORIENTED_EDGE('',*,*,#9184,.F.);
#9186=ORIENTED_EDGE('',*,*,#5049,.T.);
#9188=ORIENTED_EDGE('',*,*,#9187,.F.);
#9190=ORIENTED_EDGE('',*,*,#9189,.F.);
#9192=ORIENTED_EDGE('',*,*,#9191,.F.);
#9194=ORIENTED_EDGE('',*,*,#9193,.F.);
#9196=ORIENTED_EDGE('',*,*,#9195,.F.);
#9198=ORIENTED_EDGE('',*,*,#9197,.F.);
#9199=EDGE_LOOP('',(#9185,#9186,#9188,#9190,#9192,#9194,#9196,#9198));
#9200=FACE_OUTER_BOUND('',#9199,.F.);
#9202=CARTESIAN_POINT('',(1.57E0,0.E0,0.E0));
#9203=DIRECTION('',(1.E0,0.E0,0.E0));
#9204=DIRECTION('',(0.E0,0.E0,-1.E0));
#9205=AXIS2_PLACEMENT_3D('',#9202,#9203,#9204);
#9206=PLANE('',#9205);
#9208=ORIENTED_EDGE('',*,*,#9207,.F.);
#9210=ORIENTED_EDGE('',*,*,#9209,.F.);
#9212=ORIENTED_EDGE('',*,*,#9211,.F.);
#9214=ORIENTED_EDGE('',*,*,#9213,.F.);
#9216=ORIENTED_EDGE('',*,*,#9215,.F.);
#9218=ORIENTED_EDGE('',*,*,#9217,.F.);
#9220=ORIENTED_EDGE('',*,*,#9219,.F.);
#9221=ORIENTED_EDGE('',*,*,#8859,.F.);
#9222=ORIENTED_EDGE('',*,*,#8511,.F.);
#9223=EDGE_LOOP('',(#9208,#9210,#9212,#9214,#9216,#9218,#9220,#9221,#9222));
#9224=FACE_OUTER_BOUND('',#9223,.F.);
#9226=CARTESIAN_POINT('',(9.3E-1,-6.2E-1,-1.62E1));
#9227=DIRECTION('',(0.E0,-1.E0,0.E0));
#9228=DIRECTION('',(0.E0,0.E0,-1.E0));
#9229=AXIS2_PLACEMENT_3D('',#9226,#9227,#9228);
#9230=PLANE('',#9229);
#9232=ORIENTED_EDGE('',*,*,#9231,.F.);
#9233=ORIENTED_EDGE('',*,*,#5051,.T.);
#9234=ORIENTED_EDGE('',*,*,#9184,.T.);
#9236=ORIENTED_EDGE('',*,*,#9235,.F.);
#9237=EDGE_LOOP('',(#9232,#9233,#9234,#9236));
#9238=FACE_OUTER_BOUND('',#9237,.F.);
#9240=CARTESIAN_POINT('',(9.3E-1,0.E0,0.E0));
#9241=DIRECTION('',(1.E0,0.E0,0.E0));
#9242=DIRECTION('',(0.E0,0.E0,-1.E0));
#9243=AXIS2_PLACEMENT_3D('',#9240,#9241,#9242);
#9244=PLANE('',#9243);
#9245=ORIENTED_EDGE('',*,*,#9231,.T.);
#9247=ORIENTED_EDGE('',*,*,#9246,.T.);
#9249=ORIENTED_EDGE('',*,*,#9248,.T.);
#9251=ORIENTED_EDGE('',*,*,#9250,.T.);
#9253=ORIENTED_EDGE('',*,*,#9252,.T.);
#9255=ORIENTED_EDGE('',*,*,#9254,.T.);
#9257=ORIENTED_EDGE('',*,*,#9256,.T.);
#9258=ORIENTED_EDGE('',*,*,#5045,.F.);
#9259=EDGE_LOOP('',(#9245,#9247,#9249,#9251,#9253,#9255,#9257,#9258));
#9260=FACE_OUTER_BOUND('',#9259,.F.);
#9262=CARTESIAN_POINT('',(9.3E-1,0.E0,0.E0));
#9263=DIRECTION('',(1.E0,0.E0,0.E0));
#9264=DIRECTION('',(0.E0,0.E0,-1.E0));
#9265=AXIS2_PLACEMENT_3D('',#9262,#9263,#9264);
#9266=PLANE('',#9265);
#9268=ORIENTED_EDGE('',*,*,#9267,.T.);
#9269=ORIENTED_EDGE('',*,*,#8530,.T.);
#9270=ORIENTED_EDGE('',*,*,#8863,.T.);
#9272=ORIENTED_EDGE('',*,*,#9271,.F.);
#9274=ORIENTED_EDGE('',*,*,#9273,.T.);
#9276=ORIENTED_EDGE('',*,*,#9275,.T.);
#9278=ORIENTED_EDGE('',*,*,#9277,.T.);
#9280=ORIENTED_EDGE('',*,*,#9279,.T.);
#9282=ORIENTED_EDGE('',*,*,#9281,.T.);
#9283=EDGE_LOOP('',(#9268,#9269,#9270,#9272,#9274,#9276,#9278,#9280,#9282));
#9284=FACE_OUTER_BOUND('',#9283,.F.);
#9286=CARTESIAN_POINT('',(9.3E-1,-1.62E0,-1.938E1));
#9287=DIRECTION('',(1.E0,0.E0,0.E0));
#9288=DIRECTION('',(0.E0,0.E0,-1.E0));
#9289=AXIS2_PLACEMENT_3D('',#9286,#9287,#9288);
#9290=CYLINDRICAL_SURFACE('',#9289,1.E0);
#9291=ORIENTED_EDGE('',*,*,#9246,.F.);
#9292=ORIENTED_EDGE('',*,*,#9235,.T.);
#9293=ORIENTED_EDGE('',*,*,#9197,.T.);
#9295=ORIENTED_EDGE('',*,*,#9294,.F.);
#9296=EDGE_LOOP('',(#9291,#9292,#9293,#9295));
#9297=FACE_OUTER_BOUND('',#9296,.F.);
#9299=CARTESIAN_POINT('',(9.3E-1,-1.62E0,-2.038E1));
#9300=DIRECTION('',(0.E0,0.E0,1.E0));
#9301=DIRECTION('',(0.E0,-1.E0,0.E0));
#9302=AXIS2_PLACEMENT_3D('',#9299,#9300,#9301);
#9303=PLANE('',#9302);
#9304=ORIENTED_EDGE('',*,*,#9248,.F.);
#9305=ORIENTED_EDGE('',*,*,#9294,.T.);
#9306=ORIENTED_EDGE('',*,*,#9195,.T.);
#9308=ORIENTED_EDGE('',*,*,#9307,.F.);
#9309=EDGE_LOOP('',(#9304,#9305,#9306,#9308));
#9310=FACE_OUTER_BOUND('',#9309,.F.);
#9312=CARTESIAN_POINT('',(9.3E-1,-1.235E1,-2.038E1));
#9313=DIRECTION('',(0.E0,-1.E0,0.E0));
#9314=DIRECTION('',(0.E0,0.E0,-1.E0));
#9315=AXIS2_PLACEMENT_3D('',#9312,#9313,#9314);
#9316=PLANE('',#9315);
#9317=ORIENTED_EDGE('',*,*,#9250,.F.);
#9318=ORIENTED_EDGE('',*,*,#9307,.T.);
#9319=ORIENTED_EDGE('',*,*,#9193,.T.);
#9321=ORIENTED_EDGE('',*,*,#9320,.F.);
#9322=EDGE_LOOP('',(#9317,#9318,#9319,#9321));
#9323=FACE_OUTER_BOUND('',#9322,.F.);
#9325=CARTESIAN_POINT('',(9.3E-1,-1.235E1,-2.102E1));
#9326=DIRECTION('',(0.E0,0.E0,-1.E0));
#9327=DIRECTION('',(0.E0,1.E0,0.E0));
#9328=AXIS2_PLACEMENT_3D('',#9325,#9326,#9327);
#9329=PLANE('',#9328);
#9330=ORIENTED_EDGE('',*,*,#9252,.F.);
#9331=ORIENTED_EDGE('',*,*,#9320,.T.);
#9332=ORIENTED_EDGE('',*,*,#9191,.T.);
#9334=ORIENTED_EDGE('',*,*,#9333,.F.);
#9335=EDGE_LOOP('',(#9330,#9331,#9332,#9334));
#9336=FACE_OUTER_BOUND('',#9335,.F.);
#9338=CARTESIAN_POINT('',(9.3E-1,-1.62E0,-1.938E1));
#9339=DIRECTION('',(1.E0,0.E0,0.E0));
#9340=DIRECTION('',(0.E0,0.E0,-1.E0));
#9341=AXIS2_PLACEMENT_3D('',#9338,#9339,#9340);
#9342=CYLINDRICAL_SURFACE('',#9341,1.64E0);
#9343=ORIENTED_EDGE('',*,*,#9254,.F.);
#9344=ORIENTED_EDGE('',*,*,#9333,.T.);
#9345=ORIENTED_EDGE('',*,*,#9189,.T.);
#9347=ORIENTED_EDGE('',*,*,#9346,.F.);
#9348=EDGE_LOOP('',(#9343,#9344,#9345,#9347));
#9349=FACE_OUTER_BOUND('',#9348,.F.);
#9351=CARTESIAN_POINT('',(9.3E-1,1.999999999998E-2,-1.938E1));
#9352=DIRECTION('',(0.E0,1.E0,0.E0));
#9353=DIRECTION('',(0.E0,0.E0,1.E0));
#9354=AXIS2_PLACEMENT_3D('',#9351,#9352,#9353);
#9355=PLANE('',#9354);
#9356=ORIENTED_EDGE('',*,*,#9256,.F.);
#9357=ORIENTED_EDGE('',*,*,#9346,.T.);
#9358=ORIENTED_EDGE('',*,*,#9187,.T.);
#9359=ORIENTED_EDGE('',*,*,#5047,.F.);
#9360=EDGE_LOOP('',(#9356,#9357,#9358,#9359));
#9361=FACE_OUTER_BOUND('',#9360,.F.);
#9363=CARTESIAN_POINT('',(9.3E-1,-5.18E0,-1.638E1));
#9364=DIRECTION('',(0.E0,1.E0,0.E0));
#9365=DIRECTION('',(0.E0,0.E0,1.E0));
#9366=AXIS2_PLACEMENT_3D('',#9363,#9364,#9365);
#9367=PLANE('',#9366);
#9368=ORIENTED_EDGE('',*,*,#9267,.F.);
#9370=ORIENTED_EDGE('',*,*,#9369,.T.);
#9371=ORIENTED_EDGE('',*,*,#9207,.T.);
#9372=ORIENTED_EDGE('',*,*,#5003,.F.);
#9373=EDGE_LOOP('',(#9368,#9370,#9371,#9372));
#9374=FACE_OUTER_BOUND('',#9373,.F.);
#9376=CARTESIAN_POINT('',(9.3E-1,-6.82E0,-1.638E1));
#9377=DIRECTION('',(1.E0,0.E0,0.E0));
#9378=DIRECTION('',(0.E0,0.E0,-1.E0));
#9379=AXIS2_PLACEMENT_3D('',#9376,#9377,#9378);
#9380=CYLINDRICAL_SURFACE('',#9379,1.64E0);
#9381=ORIENTED_EDGE('',*,*,#9281,.F.);
#9383=ORIENTED_EDGE('',*,*,#9382,.T.);
#9384=ORIENTED_EDGE('',*,*,#9209,.T.);
#9385=ORIENTED_EDGE('',*,*,#9369,.F.);
#9386=EDGE_LOOP('',(#9381,#9383,#9384,#9385));
#9387=FACE_OUTER_BOUND('',#9386,.F.);
#9389=CARTESIAN_POINT('',(9.3E-1,-1.235E1,-1.802E1));
#9390=DIRECTION('',(0.E0,0.E0,-1.E0));
#9391=DIRECTION('',(0.E0,1.E0,0.E0));
#9392=AXIS2_PLACEMENT_3D('',#9389,#9390,#9391);
#9393=PLANE('',#9392);
#9394=ORIENTED_EDGE('',*,*,#9279,.F.);
#9396=ORIENTED_EDGE('',*,*,#9395,.T.);
#9397=ORIENTED_EDGE('',*,*,#9211,.T.);
#9398=ORIENTED_EDGE('',*,*,#9382,.F.);
#9399=EDGE_LOOP('',(#9394,#9396,#9397,#9398));
#9400=FACE_OUTER_BOUND('',#9399,.F.);
#9402=CARTESIAN_POINT('',(9.3E-1,-1.235E1,-1.738E1));
#9403=DIRECTION('',(0.E0,-1.E0,0.E0));
#9404=DIRECTION('',(0.E0,0.E0,-1.E0));
#9405=AXIS2_PLACEMENT_3D('',#9402,#9403,#9404);
#9406=PLANE('',#9405);
#9407=ORIENTED_EDGE('',*,*,#9277,.F.);
#9409=ORIENTED_EDGE('',*,*,#9408,.T.);
#9410=ORIENTED_EDGE('',*,*,#9213,.T.);
#9411=ORIENTED_EDGE('',*,*,#9395,.F.);
#9412=EDGE_LOOP('',(#9407,#9409,#9410,#9411));
#9413=FACE_OUTER_BOUND('',#9412,.F.);
#9415=CARTESIAN_POINT('',(9.3E-1,-6.82E0,-1.738E1));
#9416=DIRECTION('',(0.E0,0.E0,1.E0));
#9417=DIRECTION('',(0.E0,-1.E0,0.E0));
#9418=AXIS2_PLACEMENT_3D('',#9415,#9416,#9417);
#9419=PLANE('',#9418);
#9420=ORIENTED_EDGE('',*,*,#9275,.F.);
#9422=ORIENTED_EDGE('',*,*,#9421,.T.);
#9423=ORIENTED_EDGE('',*,*,#9215,.T.);
#9424=ORIENTED_EDGE('',*,*,#9408,.F.);
#9425=EDGE_LOOP('',(#9420,#9422,#9423,#9424));
#9426=FACE_OUTER_BOUND('',#9425,.F.);
#9428=CARTESIAN_POINT('',(9.3E-1,-6.82E0,-1.638E1));
#9429=DIRECTION('',(1.E0,0.E0,0.E0));
#9430=DIRECTION('',(0.E0,0.E0,-1.E0));
#9431=AXIS2_PLACEMENT_3D('',#9428,#9429,#9430);
#9432=CYLINDRICAL_SURFACE('',#9431,1.E0);
#9433=ORIENTED_EDGE('',*,*,#9273,.F.);
#9435=ORIENTED_EDGE('',*,*,#9434,.T.);
#9436=ORIENTED_EDGE('',*,*,#9217,.T.);
#9437=ORIENTED_EDGE('',*,*,#9421,.F.);
#9438=EDGE_LOOP('',(#9433,#9435,#9436,#9437));
#9439=FACE_OUTER_BOUND('',#9438,.F.);
#9441=CARTESIAN_POINT('',(9.3E-1,-5.82E0,-1.62E1));
#9442=DIRECTION('',(0.E0,-1.E0,0.E0));
#9443=DIRECTION('',(0.E0,0.E0,-1.E0));
#9444=AXIS2_PLACEMENT_3D('',#9441,#9442,#9443);
#9445=PLANE('',#9444);
#9446=ORIENTED_EDGE('',*,*,#9271,.T.);
#9447=ORIENTED_EDGE('',*,*,#8861,.T.);
#9448=ORIENTED_EDGE('',*,*,#9219,.T.);
#9449=ORIENTED_EDGE('',*,*,#9434,.F.);
#9450=EDGE_LOOP('',(#9446,#9447,#9448,#9449));
#9451=FACE_OUTER_BOUND('',#9450,.F.);
#9453=CARTESIAN_POINT('',(-9.3E-1,0.E0,0.E0));
#9454=DIRECTION('',(1.E0,0.E0,0.E0));
#9455=DIRECTION('',(0.E0,0.E0,-1.E0));
#9456=AXIS2_PLACEMENT_3D('',#9453,#9454,#9455);
#9457=PLANE('',#9456);
#9459=ORIENTED_EDGE('',*,*,#9458,.F.);
#9460=ORIENTED_EDGE('',*,*,#5059,.T.);
#9462=ORIENTED_EDGE('',*,*,#9461,.F.);
#9464=ORIENTED_EDGE('',*,*,#9463,.F.);
#9466=ORIENTED_EDGE('',*,*,#9465,.F.);
#9468=ORIENTED_EDGE('',*,*,#9467,.F.);
#9470=ORIENTED_EDGE('',*,*,#9469,.F.);
#9472=ORIENTED_EDGE('',*,*,#9471,.F.);
#9473=EDGE_LOOP('',(#9459,#9460,#9462,#9464,#9466,#9468,#9470,#9472));
#9474=FACE_OUTER_BOUND('',#9473,.F.);
#9476=CARTESIAN_POINT('',(-9.3E-1,0.E0,0.E0));
#9477=DIRECTION('',(1.E0,0.E0,0.E0));
#9478=DIRECTION('',(0.E0,0.E0,-1.E0));
#9479=AXIS2_PLACEMENT_3D('',#9476,#9477,#9478);
#9480=PLANE('',#9479);
#9482=ORIENTED_EDGE('',*,*,#9481,.F.);
#9484=ORIENTED_EDGE('',*,*,#9483,.F.);
#9486=ORIENTED_EDGE('',*,*,#9485,.F.);
#9488=ORIENTED_EDGE('',*,*,#9487,.F.);
#9490=ORIENTED_EDGE('',*,*,#9489,.F.);
#9492=ORIENTED_EDGE('',*,*,#9491,.F.);
#9494=ORIENTED_EDGE('',*,*,#9493,.F.);
#9495=ORIENTED_EDGE('',*,*,#8866,.F.);
#9496=ORIENTED_EDGE('',*,*,#8526,.F.);
#9497=EDGE_LOOP('',(#9482,#9484,#9486,#9488,#9490,#9492,#9494,#9495,#9496));
#9498=FACE_OUTER_BOUND('',#9497,.F.);
#9500=CARTESIAN_POINT('',(-1.57E0,-6.2E-1,-1.62E1));
#9501=DIRECTION('',(0.E0,-1.E0,0.E0));
#9502=DIRECTION('',(0.E0,0.E0,-1.E0));
#9503=AXIS2_PLACEMENT_3D('',#9500,#9501,#9502);
#9504=PLANE('',#9503);
#9506=ORIENTED_EDGE('',*,*,#9505,.F.);
#9507=ORIENTED_EDGE('',*,*,#5061,.T.);
#9508=ORIENTED_EDGE('',*,*,#9458,.T.);
#9510=ORIENTED_EDGE('',*,*,#9509,.F.);
#9511=EDGE_LOOP('',(#9506,#9507,#9508,#9510));
#9512=FACE_OUTER_BOUND('',#9511,.F.);
#9514=CARTESIAN_POINT('',(-1.57E0,0.E0,0.E0));
#9515=DIRECTION('',(1.E0,0.E0,0.E0));
#9516=DIRECTION('',(0.E0,0.E0,-1.E0));
#9517=AXIS2_PLACEMENT_3D('',#9514,#9515,#9516);
#9518=PLANE('',#9517);
#9519=ORIENTED_EDGE('',*,*,#9505,.T.);
#9521=ORIENTED_EDGE('',*,*,#9520,.T.);
#9523=ORIENTED_EDGE('',*,*,#9522,.T.);
#9525=ORIENTED_EDGE('',*,*,#9524,.T.);
#9527=ORIENTED_EDGE('',*,*,#9526,.T.);
#9529=ORIENTED_EDGE('',*,*,#9528,.T.);
#9531=ORIENTED_EDGE('',*,*,#9530,.T.);
#9532=ORIENTED_EDGE('',*,*,#5055,.F.);
#9533=EDGE_LOOP('',(#9519,#9521,#9523,#9525,#9527,#9529,#9531,#9532));
#9534=FACE_OUTER_BOUND('',#9533,.F.);
#9536=CARTESIAN_POINT('',(-1.57E0,0.E0,0.E0));
#9537=DIRECTION('',(1.E0,0.E0,0.E0));
#9538=DIRECTION('',(0.E0,0.E0,-1.E0));
#9539=AXIS2_PLACEMENT_3D('',#9536,#9537,#9538);
#9540=PLANE('',#9539);
#9542=ORIENTED_EDGE('',*,*,#9541,.T.);
#9543=ORIENTED_EDGE('',*,*,#8559,.T.);
#9544=ORIENTED_EDGE('',*,*,#8870,.T.);
#9546=ORIENTED_EDGE('',*,*,#9545,.F.);
#9548=ORIENTED_EDGE('',*,*,#9547,.T.);
#9550=ORIENTED_EDGE('',*,*,#9549,.T.);
#9552=ORIENTED_EDGE('',*,*,#9551,.T.);
#9554=ORIENTED_EDGE('',*,*,#9553,.T.);
#9556=ORIENTED_EDGE('',*,*,#9555,.T.);
#9557=EDGE_LOOP('',(#9542,#9543,#9544,#9546,#9548,#9550,#9552,#9554,#9556));
#9558=FACE_OUTER_BOUND('',#9557,.F.);
#9560=CARTESIAN_POINT('',(-1.57E0,-1.62E0,-1.938E1));
#9561=DIRECTION('',(1.E0,0.E0,0.E0));
#9562=DIRECTION('',(0.E0,0.E0,-1.E0));
#9563=AXIS2_PLACEMENT_3D('',#9560,#9561,#9562);
#9564=CYLINDRICAL_SURFACE('',#9563,1.E0);
#9565=ORIENTED_EDGE('',*,*,#9520,.F.);
#9566=ORIENTED_EDGE('',*,*,#9509,.T.);
#9567=ORIENTED_EDGE('',*,*,#9471,.T.);
#9569=ORIENTED_EDGE('',*,*,#9568,.F.);
#9570=EDGE_LOOP('',(#9565,#9566,#9567,#9569));
#9571=FACE_OUTER_BOUND('',#9570,.F.);
#9573=CARTESIAN_POINT('',(-1.57E0,-1.62E0,-2.038E1));
#9574=DIRECTION('',(0.E0,0.E0,1.E0));
#9575=DIRECTION('',(0.E0,-1.E0,0.E0));
#9576=AXIS2_PLACEMENT_3D('',#9573,#9574,#9575);
#9577=PLANE('',#9576);
#9578=ORIENTED_EDGE('',*,*,#9522,.F.);
#9579=ORIENTED_EDGE('',*,*,#9568,.T.);
#9580=ORIENTED_EDGE('',*,*,#9469,.T.);
#9582=ORIENTED_EDGE('',*,*,#9581,.F.);
#9583=EDGE_LOOP('',(#9578,#9579,#9580,#9582));
#9584=FACE_OUTER_BOUND('',#9583,.F.);
#9586=CARTESIAN_POINT('',(-1.57E0,-1.235E1,-2.038E1));
#9587=DIRECTION('',(0.E0,-1.E0,0.E0));
#9588=DIRECTION('',(0.E0,0.E0,-1.E0));
#9589=AXIS2_PLACEMENT_3D('',#9586,#9587,#9588);
#9590=PLANE('',#9589);
#9591=ORIENTED_EDGE('',*,*,#9524,.F.);
#9592=ORIENTED_EDGE('',*,*,#9581,.T.);
#9593=ORIENTED_EDGE('',*,*,#9467,.T.);
#9595=ORIENTED_EDGE('',*,*,#9594,.F.);
#9596=EDGE_LOOP('',(#9591,#9592,#9593,#9595));
#9597=FACE_OUTER_BOUND('',#9596,.F.);
#9599=CARTESIAN_POINT('',(-1.57E0,-1.235E1,-2.102E1));
#9600=DIRECTION('',(0.E0,0.E0,-1.E0));
#9601=DIRECTION('',(0.E0,1.E0,0.E0));
#9602=AXIS2_PLACEMENT_3D('',#9599,#9600,#9601);
#9603=PLANE('',#9602);
#9604=ORIENTED_EDGE('',*,*,#9526,.F.);
#9605=ORIENTED_EDGE('',*,*,#9594,.T.);
#9606=ORIENTED_EDGE('',*,*,#9465,.T.);
#9608=ORIENTED_EDGE('',*,*,#9607,.F.);
#9609=EDGE_LOOP('',(#9604,#9605,#9606,#9608));
#9610=FACE_OUTER_BOUND('',#9609,.F.);
#9612=CARTESIAN_POINT('',(-1.57E0,-1.62E0,-1.938E1));
#9613=DIRECTION('',(1.E0,0.E0,0.E0));
#9614=DIRECTION('',(0.E0,0.E0,-1.E0));
#9615=AXIS2_PLACEMENT_3D('',#9612,#9613,#9614);
#9616=CYLINDRICAL_SURFACE('',#9615,1.64E0);
#9617=ORIENTED_EDGE('',*,*,#9528,.F.);
#9618=ORIENTED_EDGE('',*,*,#9607,.T.);
#9619=ORIENTED_EDGE('',*,*,#9463,.T.);
#9621=ORIENTED_EDGE('',*,*,#9620,.F.);
#9622=EDGE_LOOP('',(#9617,#9618,#9619,#9621));
#9623=FACE_OUTER_BOUND('',#9622,.F.);
#9625=CARTESIAN_POINT('',(-1.57E0,1.999999999998E-2,-1.938E1));
#9626=DIRECTION('',(0.E0,1.E0,0.E0));
#9627=DIRECTION('',(0.E0,0.E0,1.E0));
#9628=AXIS2_PLACEMENT_3D('',#9625,#9626,#9627);
#9629=PLANE('',#9628);
#9630=ORIENTED_EDGE('',*,*,#9530,.F.);
#9631=ORIENTED_EDGE('',*,*,#9620,.T.);
#9632=ORIENTED_EDGE('',*,*,#9461,.T.);
#9633=ORIENTED_EDGE('',*,*,#5057,.F.);
#9634=EDGE_LOOP('',(#9630,#9631,#9632,#9633));
#9635=FACE_OUTER_BOUND('',#9634,.F.);
#9637=CARTESIAN_POINT('',(-1.57E0,-5.18E0,-1.638E1));
#9638=DIRECTION('',(0.E0,1.E0,0.E0));
#9639=DIRECTION('',(0.E0,0.E0,1.E0));
#9640=AXIS2_PLACEMENT_3D('',#9637,#9638,#9639);
#9641=PLANE('',#9640);
#9642=ORIENTED_EDGE('',*,*,#9541,.F.);
#9644=ORIENTED_EDGE('',*,*,#9643,.T.);
#9645=ORIENTED_EDGE('',*,*,#9481,.T.);
#9646=ORIENTED_EDGE('',*,*,#4999,.F.);
#9647=EDGE_LOOP('',(#9642,#9644,#9645,#9646));
#9648=FACE_OUTER_BOUND('',#9647,.F.);
#9650=CARTESIAN_POINT('',(-1.57E0,-6.82E0,-1.638E1));
#9651=DIRECTION('',(1.E0,0.E0,0.E0));
#9652=DIRECTION('',(0.E0,0.E0,-1.E0));
#9653=AXIS2_PLACEMENT_3D('',#9650,#9651,#9652);
#9654=CYLINDRICAL_SURFACE('',#9653,1.64E0);
#9655=ORIENTED_EDGE('',*,*,#9555,.F.);
#9657=ORIENTED_EDGE('',*,*,#9656,.T.);
#9658=ORIENTED_EDGE('',*,*,#9483,.T.);
#9659=ORIENTED_EDGE('',*,*,#9643,.F.);
#9660=EDGE_LOOP('',(#9655,#9657,#9658,#9659));
#9661=FACE_OUTER_BOUND('',#9660,.F.);
#9663=CARTESIAN_POINT('',(-1.57E0,-1.235E1,-1.802E1));
#9664=DIRECTION('',(0.E0,0.E0,-1.E0));
#9665=DIRECTION('',(0.E0,1.E0,0.E0));
#9666=AXIS2_PLACEMENT_3D('',#9663,#9664,#9665);
#9667=PLANE('',#9666);
#9668=ORIENTED_EDGE('',*,*,#9553,.F.);
#9670=ORIENTED_EDGE('',*,*,#9669,.T.);
#9671=ORIENTED_EDGE('',*,*,#9485,.T.);
#9672=ORIENTED_EDGE('',*,*,#9656,.F.);
#9673=EDGE_LOOP('',(#9668,#9670,#9671,#9672));
#9674=FACE_OUTER_BOUND('',#9673,.F.);
#9676=CARTESIAN_POINT('',(-1.57E0,-1.235E1,-1.738E1));
#9677=DIRECTION('',(0.E0,-1.E0,0.E0));
#9678=DIRECTION('',(0.E0,0.E0,-1.E0));
#9679=AXIS2_PLACEMENT_3D('',#9676,#9677,#9678);
#9680=PLANE('',#9679);
#9681=ORIENTED_EDGE('',*,*,#9551,.F.);
#9683=ORIENTED_EDGE('',*,*,#9682,.T.);
#9684=ORIENTED_EDGE('',*,*,#9487,.T.);
#9685=ORIENTED_EDGE('',*,*,#9669,.F.);
#9686=EDGE_LOOP('',(#9681,#9683,#9684,#9685));
#9687=FACE_OUTER_BOUND('',#9686,.F.);
#9689=CARTESIAN_POINT('',(-1.57E0,-6.82E0,-1.738E1));
#9690=DIRECTION('',(0.E0,0.E0,1.E0));
#9691=DIRECTION('',(0.E0,-1.E0,0.E0));
#9692=AXIS2_PLACEMENT_3D('',#9689,#9690,#9691);
#9693=PLANE('',#9692);
#9694=ORIENTED_EDGE('',*,*,#9549,.F.);
#9696=ORIENTED_EDGE('',*,*,#9695,.T.);
#9697=ORIENTED_EDGE('',*,*,#9489,.T.);
#9698=ORIENTED_EDGE('',*,*,#9682,.F.);
#9699=EDGE_LOOP('',(#9694,#9696,#9697,#9698));
#9700=FACE_OUTER_BOUND('',#9699,.F.);
#9702=CARTESIAN_POINT('',(-1.57E0,-6.82E0,-1.638E1));
#9703=DIRECTION('',(1.E0,0.E0,0.E0));
#9704=DIRECTION('',(0.E0,0.E0,-1.E0));
#9705=AXIS2_PLACEMENT_3D('',#9702,#9703,#9704);
#9706=CYLINDRICAL_SURFACE('',#9705,1.E0);
#9707=ORIENTED_EDGE('',*,*,#9547,.F.);
#9709=ORIENTED_EDGE('',*,*,#9708,.T.);
#9710=ORIENTED_EDGE('',*,*,#9491,.T.);
#9711=ORIENTED_EDGE('',*,*,#9695,.F.);
#9712=EDGE_LOOP('',(#9707,#9709,#9710,#9711));
#9713=FACE_OUTER_BOUND('',#9712,.F.);
#9715=CARTESIAN_POINT('',(-1.57E0,-5.82E0,-1.62E1));
#9716=DIRECTION('',(0.E0,-1.E0,0.E0));
#9717=DIRECTION('',(0.E0,0.E0,-1.E0));
#9718=AXIS2_PLACEMENT_3D('',#9715,#9716,#9717);
#9719=PLANE('',#9718);
#9720=ORIENTED_EDGE('',*,*,#9545,.T.);
#9721=ORIENTED_EDGE('',*,*,#8868,.T.);
#9722=ORIENTED_EDGE('',*,*,#9493,.T.);
#9723=ORIENTED_EDGE('',*,*,#9708,.F.);
#9724=EDGE_LOOP('',(#9720,#9721,#9722,#9723));
#9725=FACE_OUTER_BOUND('',#9724,.F.);
#9727=CARTESIAN_POINT('',(-8.E0,-8.421313117611E0,-9.3E0));
#9728=DIRECTION('',(0.E0,1.E0,0.E0));
#9729=DIRECTION('',(1.E0,0.E0,0.E0));
#9730=AXIS2_PLACEMENT_3D('',#9727,#9728,#9729);
#9731=CYLINDRICAL_SURFACE('',#9730,5.E-1);
#9732=ORIENTED_EDGE('',*,*,#5812,.F.);
#9733=ORIENTED_EDGE('',*,*,#5580,.F.);
#9734=ORIENTED_EDGE('',*,*,#5631,.T.);
#9736=ORIENTED_EDGE('',*,*,#9735,.F.);
#9737=EDGE_LOOP('',(#9732,#9733,#9734,#9736));
#9738=FACE_OUTER_BOUND('',#9737,.F.);
#9740=CARTESIAN_POINT('',(-8.E0,-3.85E0,-1.03E1));
#9741=DIRECTION('',(-1.E0,0.E0,0.E0));
#9742=DIRECTION('',(0.E0,9.937960420893E-1,-1.112179244887E-1));
#9743=AXIS2_PLACEMENT_3D('',#9740,#9741,#9742);
#9744=TOROIDAL_SURFACE('',#9743,1.E0,5.E-1);
#9745=ORIENTED_EDGE('',*,*,#5814,.T.);
#9746=ORIENTED_EDGE('',*,*,#9735,.T.);
#9748=ORIENTED_EDGE('',*,*,#9747,.T.);
#9749=ORIENTED_EDGE('',*,*,#5781,.T.);
#9750=EDGE_LOOP('',(#9745,#9746,#9748,#9749));
#9751=FACE_OUTER_BOUND('',#9750,.F.);
#9753=CARTESIAN_POINT('',(-7.417673202905E0,-3.85E0,-1.03E1));
#9754=DIRECTION('',(-1.E0,0.E0,0.E0));
#9755=DIRECTION('',(0.E0,0.E0,1.E0));
#9756=AXIS2_PLACEMENT_3D('',#9753,#9754,#9755);
#9757=CYLINDRICAL_SURFACE('',#9756,5.E-1);
#9758=ORIENTED_EDGE('',*,*,#5718,.F.);
#9759=ORIENTED_EDGE('',*,*,#9747,.F.);
#9760=ORIENTED_EDGE('',*,*,#5636,.T.);
#9762=ORIENTED_EDGE('',*,*,#9761,.F.);
#9763=EDGE_LOOP('',(#9758,#9759,#9760,#9762));
#9764=FACE_OUTER_BOUND('',#9763,.F.);
#9766=CARTESIAN_POINT('',(-1.245E1,-3.85E0,-1.03E1));
#9767=DIRECTION('',(7.071067811865E-1,7.071067811865E-1,0.E0));
#9768=DIRECTION('',(-7.071067811865E-1,7.071067811865E-1,0.E0));
#9769=AXIS2_PLACEMENT_3D('',#9766,#9767,#9768);
#9770=SPHERICAL_SURFACE('',#9769,5.E-1);
#9772=ORIENTED_EDGE('',*,*,#9771,.T.);
#9773=ORIENTED_EDGE('',*,*,#9761,.T.);
#9775=ORIENTED_EDGE('',*,*,#9774,.T.);
#9776=EDGE_LOOP('',(#9772,#9773,#9775));
#9777=FACE_OUTER_BOUND('',#9776,.F.);
#9779=CARTESIAN_POINT('',(-1.245E1,-3.85E0,-1.625897607175E1));
#9780=DIRECTION('',(0.E0,0.E0,1.E0));
#9781=DIRECTION('',(0.E0,1.E0,0.E0));
#9782=AXIS2_PLACEMENT_3D('',#9779,#9780,#9781);
#9783=CYLINDRICAL_SURFACE('',#9782,5.E-1);
#9785=ORIENTED_EDGE('',*,*,#9784,.F.);
#9787=ORIENTED_EDGE('',*,*,#9786,.F.);
#9788=ORIENTED_EDGE('',*,*,#5720,.T.);
#9789=ORIENTED_EDGE('',*,*,#9771,.F.);
#9790=EDGE_LOOP('',(#9785,#9787,#9788,#9789));
#9791=FACE_OUTER_BOUND('',#9790,.F.);
#9793=CARTESIAN_POINT('',(-1.295E1,-8.35E0,-1.62E1));
#9794=DIRECTION('',(-1.E0,0.E0,0.E0));
#9795=DIRECTION('',(0.E0,1.E0,0.E0));
#9796=AXIS2_PLACEMENT_3D('',#9793,#9794,#9795);
#9797=PLANE('',#9796);
#9799=ORIENTED_EDGE('',*,*,#9798,.T.);
#9800=ORIENTED_EDGE('',*,*,#5337,.F.);
#9802=ORIENTED_EDGE('',*,*,#9801,.T.);
#9803=ORIENTED_EDGE('',*,*,#9784,.T.);
#9804=EDGE_LOOP('',(#9799,#9800,#9802,#9803));
#9805=FACE_OUTER_BOUND('',#9804,.F.);
#9807=CARTESIAN_POINT('',(-1.245E1,-3.294275753063E0,-1.03E1));
#9808=DIRECTION('',(0.E0,-1.E0,0.E0));
#9809=DIRECTION('',(0.E0,0.E0,1.E0));
#9810=AXIS2_PLACEMENT_3D('',#9807,#9808,#9809);
#9811=CYLINDRICAL_SURFACE('',#9810,5.E-1);
#9812=ORIENTED_EDGE('',*,*,#5634,.T.);
#9814=ORIENTED_EDGE('',*,*,#9813,.F.);
#9815=ORIENTED_EDGE('',*,*,#9798,.F.);
#9816=ORIENTED_EDGE('',*,*,#9774,.F.);
#9817=EDGE_LOOP('',(#9812,#9814,#9815,#9816));
#9818=FACE_OUTER_BOUND('',#9817,.F.);
#9820=CARTESIAN_POINT('',(-1.245E1,-7.85E0,-1.03E1));
#9821=DIRECTION('',(-7.071067811865E-1,7.071067811865E-1,0.E0));
#9822=DIRECTION('',(-7.071067811865E-1,-7.071067811865E-1,0.E0));
#9823=AXIS2_PLACEMENT_3D('',#9820,#9821,#9822);
#9824=SPHERICAL_SURFACE('',#9823,5.E-1);
#9825=ORIENTED_EDGE('',*,*,#5339,.T.);
#9826=ORIENTED_EDGE('',*,*,#9813,.T.);
#9827=ORIENTED_EDGE('',*,*,#5595,.T.);
#9828=EDGE_LOOP('',(#9825,#9826,#9827));
#9829=FACE_OUTER_BOUND('',#9828,.F.);
#9831=CARTESIAN_POINT('',(-1.245E1,-8.406836832340E0,-1.57E1));
#9832=DIRECTION('',(0.E0,1.E0,0.E0));
#9833=DIRECTION('',(0.E0,0.E0,-1.E0));
#9834=AXIS2_PLACEMENT_3D('',#9831,#9832,#9833);
#9835=CYLINDRICAL_SURFACE('',#9834,5.E-1);
#9836=ORIENTED_EDGE('',*,*,#9801,.F.);
#9837=ORIENTED_EDGE('',*,*,#5324,.F.);
#9838=ORIENTED_EDGE('',*,*,#4971,.T.);
#9840=ORIENTED_EDGE('',*,*,#9839,.F.);
#9841=EDGE_LOOP('',(#9836,#9837,#9838,#9840));
#9842=FACE_OUTER_BOUND('',#9841,.F.);
#9844=CARTESIAN_POINT('',(-1.245E1,-3.85E0,-1.57E1));
#9845=DIRECTION('',(0.E0,7.071067811865E-1,7.071067811865E-1));
#9846=DIRECTION('',(0.E0,7.071067811865E-1,-7.071067811865E-1));
#9847=AXIS2_PLACEMENT_3D('',#9844,#9845,#9846);
#9848=SPHERICAL_SURFACE('',#9847,5.E-1);
#9849=ORIENTED_EDGE('',*,*,#9839,.T.);
#9851=ORIENTED_EDGE('',*,*,#9850,.T.);
#9852=ORIENTED_EDGE('',*,*,#9786,.T.);
#9853=EDGE_LOOP('',(#9849,#9851,#9852));
#9854=FACE_OUTER_BOUND('',#9853,.F.);
#9856=CARTESIAN_POINT('',(-1.300795394045E1,-3.85E0,-1.57E1));
#9857=DIRECTION('',(1.E0,0.E0,0.E0));
#9858=DIRECTION('',(0.E0,0.E0,-1.E0));
#9859=AXIS2_PLACEMENT_3D('',#9856,#9857,#9858);
#9860=CYLINDRICAL_SURFACE('',#9859,5.E-1);
#9862=ORIENTED_EDGE('',*,*,#9861,.T.);
#9863=ORIENTED_EDGE('',*,*,#5722,.F.);
#9864=ORIENTED_EDGE('',*,*,#9850,.F.);
#9865=ORIENTED_EDGE('',*,*,#4969,.T.);
#9866=EDGE_LOOP('',(#9862,#9863,#9864,#9865));
#9867=FACE_OUTER_BOUND('',#9866,.F.);
#9869=CARTESIAN_POINT('',(-1.095E1,1.002E1,-1.62E1));
#9870=DIRECTION('',(-1.E0,0.E0,0.E0));
#9871=DIRECTION('',(0.E0,0.E0,1.E0));
#9872=AXIS2_PLACEMENT_3D('',#9869,#9870,#9871);
#9873=PLANE('',#9872);
#9874=ORIENTED_EDGE('',*,*,#9861,.F.);
#9875=ORIENTED_EDGE('',*,*,#4967,.F.);
#9876=ORIENTED_EDGE('',*,*,#5148,.T.);
#9877=ORIENTED_EDGE('',*,*,#5673,.T.);
#9878=ORIENTED_EDGE('',*,*,#5724,.F.);
#9879=EDGE_LOOP('',(#9874,#9875,#9876,#9877,#9878));
#9880=FACE_OUTER_BOUND('',#9879,.F.);
#9882=CARTESIAN_POINT('',(-1.095E1,-6.75E0,1.62E0));
#9883=DIRECTION('',(0.E0,-1.E0,0.E0));
#9884=DIRECTION('',(1.E0,0.E0,0.E0));
#9885=AXIS2_PLACEMENT_3D('',#9882,#9883,#9884);
#9886=PLANE('',#9885);
#9887=ORIENTED_EDGE('',*,*,#5686,.F.);
#9889=ORIENTED_EDGE('',*,*,#9888,.F.);
#9890=ORIENTED_EDGE('',*,*,#5644,.F.);
#9892=ORIENTED_EDGE('',*,*,#9891,.T.);
#9893=EDGE_LOOP('',(#9887,#9889,#9890,#9892));
#9894=FACE_OUTER_BOUND('',#9893,.F.);
#9896=CARTESIAN_POINT('',(-8.55E0,-6.75E0,1.62E0));
#9897=DIRECTION('',(1.E0,0.E0,0.E0));
#9898=DIRECTION('',(0.E0,1.E0,0.E0));
#9899=AXIS2_PLACEMENT_3D('',#9896,#9897,#9898);
#9900=PLANE('',#9899);
#9902=ORIENTED_EDGE('',*,*,#9901,.T.);
#9903=ORIENTED_EDGE('',*,*,#5661,.F.);
#9904=ORIENTED_EDGE('',*,*,#5646,.F.);
#9905=ORIENTED_EDGE('',*,*,#9888,.T.);
#9906=EDGE_LOOP('',(#9902,#9903,#9904,#9905));
#9907=FACE_OUTER_BOUND('',#9906,.F.);
#9909=CARTESIAN_POINT('',(-9.75E0,-1.002E1,-1.3E1));
#9910=DIRECTION('',(0.E0,1.E0,0.E0));
#9911=DIRECTION('',(0.E0,0.E0,1.E0));
#9912=AXIS2_PLACEMENT_3D('',#9909,#9910,#9911);
#9913=CYLINDRICAL_SURFACE('',#9912,1.2E0);
#9914=ORIENTED_EDGE('',*,*,#5700,.F.);
#9915=ORIENTED_EDGE('',*,*,#5144,.F.);
#9916=ORIENTED_EDGE('',*,*,#9901,.F.);
#9917=ORIENTED_EDGE('',*,*,#5262,.T.);
#9918=EDGE_LOOP('',(#9914,#9915,#9916,#9917));
#9919=FACE_OUTER_BOUND('',#9918,.F.);
#9921=CARTESIAN_POINT('',(-1.095E1,-4.95E0,1.62E0));
#9922=DIRECTION('',(-1.E0,0.E0,0.E0));
#9923=DIRECTION('',(0.E0,-1.E0,0.E0));
#9924=AXIS2_PLACEMENT_3D('',#9921,#9922,#9923);
#9925=PLANE('',#9924);
#9926=ORIENTED_EDGE('',*,*,#5703,.F.);
#9927=ORIENTED_EDGE('',*,*,#9891,.F.);
#9928=ORIENTED_EDGE('',*,*,#5642,.F.);
#9929=ORIENTED_EDGE('',*,*,#5658,.T.);
#9930=EDGE_LOOP('',(#9926,#9927,#9928,#9929));
#9931=FACE_OUTER_BOUND('',#9930,.F.);
#9937=PLANE_ANGLE_MEASURE_WITH_UNIT(PLANE_ANGLE_MEASURE(1.745329251994E-2),
#9936);
#9938=(CONVERSION_BASED_UNIT('DEGREE',#9937)NAMED_UNIT(*)PLANE_ANGLE_UNIT());
#9940=UNCERTAINTY_MEASURE_WITH_UNIT(LENGTH_MEASURE(3.962403799857E-3),#9935,
'distance_accuracy_value',
'Maximum model space distance between geometric entities at asserted connectivities');
#9943=APPLICATION_CONTEXT('automotive_design');
#9944=APPLICATION_PROTOCOL_DEFINITION('international standard',
'automotive_design',2001,#9943);
#9945=PRODUCT_DEFINITION_CONTEXT('part definition',#9943,'design');
#9946=PRODUCT_CONTEXT('',#9943,'mechanical');
#9947=PRODUCT('C-174049-2','C-174049-2','NOT SPECIFIED',(#9946));
#9948=PRODUCT_DEFINITION_FORMATION('1','LAST_VERSION',#9947);
#9956=DERIVED_UNIT_ELEMENT(#9955,2.E0);
#9957=DERIVED_UNIT((#9956));
#9958=MEASURE_REPRESENTATION_ITEM('surface area measure',AREA_MEASURE(
3.340972637328E3),#9957);
#9963=DERIVED_UNIT_ELEMENT(#9962,3.E0);
#9964=DERIVED_UNIT((#9963));
#9965=MEASURE_REPRESENTATION_ITEM('volume measure',VOLUME_MEASURE(
2.119986159149E3),#9964);
#9969=CARTESIAN_POINT('centre point',(-1.524748391056E-6,-7.947104443347E-1,
-1.110969622922E1));
#9974=DERIVED_UNIT_ELEMENT(#9973,2.E0);
#9975=DERIVED_UNIT((#9974));
#9976=MEASURE_REPRESENTATION_ITEM('surface area measure',AREA_MEASURE(
3.340972637328E3),#9975);
#9981=DERIVED_UNIT_ELEMENT(#9980,3.E0);
#9982=DERIVED_UNIT((#9981));
#9983=MEASURE_REPRESENTATION_ITEM('volume measure',VOLUME_MEASURE(
2.119986159149E3),#9982);
#9987=CARTESIAN_POINT('centre point',(-1.524748391056E-6,-7.947104443347E-1,
-1.110969622922E1));
#9992=PRODUCT_RELATED_PRODUCT_CATEGORY('part','',(#9947));
#1=DRAUGHTING_PRE_DEFINED_COLOUR('black');
#2=COLOUR_RGB('',0.E0,0.E0,3.6E-1);
#3=COLOUR_RGB('',0.E0,0.E0,4.8E-1);
#4=DRAUGHTING_PRE_DEFINED_COLOUR('blue');
#5=COLOUR_RGB('',0.E0,5.8824E-2,4.58824E-1);
#6=COLOUR_RGB('',0.E0,1.80392E-1,4.78431E-1);
#7=COLOUR_RGB('',0.E0,3.6E-1,9.E-2);
#8=COLOUR_RGB('',0.E0,3.6E-1,2.7E-1);
#9=COLOUR_RGB('',0.E0,5.6E-1,6.4E-1);
#10=COLOUR_RGB('',0.E0,5.8E-1,8.E-1);
#11=COLOUR_RGB('',0.E0,7.1E-1,6.6E-1);
#12=COLOUR_RGB('',0.E0,7.13E-1,0.E0);
#13=COLOUR_RGB('',0.E0,9.5E-1,8.4E-1);
#14=DRAUGHTING_PRE_DEFINED_COLOUR('green');
#15=DRAUGHTING_PRE_DEFINED_COLOUR('cyan');
#16=COLOUR_RGB('',1.1765E-2,1.9608E-2,3.9216E-2);
#17=COLOUR_RGB('',4.E-2,0.E0,1.6E-1);
#18=COLOUR_RGB('',3.9216E-2,2.19608E-1,1.21569E-1);
#19=COLOUR_RGB('',3.9216E-2,3.60784E-1,2.E-1);
#20=COLOUR_RGB('',5.098E-2,7.0588E-2,1.01961E-1);
#21=COLOUR_RGB('',9.E-2,0.E0,1.2E-1);
#22=COLOUR_RGB('',9.0196E-2,1.60784E-1,1.09804E-1);
#23=COLOUR_RGB('',9.0196E-2,3.80392E-1,6.70588E-1);
#24=COLOUR_RGB('',1.E-1,0.E0,2.5E-1);
#25=COLOUR_RGB('',1.01961E-1,4.78431E-1,3.88235E-1);
#26=COLOUR_RGB('',1.09804E-1,1.4902E-1,9.0196E-2);
#27=COLOUR_RGB('',1.4902E-1,3.09804E-1,5.29412E-1);
#28=COLOUR_RGB('',1.4902E-1,4.E-1,1.60784E-1);
#29=COLOUR_RGB('',1.6E-1,3.2E-2,0.E0);
#30=COLOUR_RGB('',1.60784E-1,4.5098E-1,7.21569E-1);
#31=COLOUR_RGB('',1.6E-1,4.6E-1,6.5E-1);
#32=COLOUR_RGB('',1.6E-1,1.E0,1.6E-1);
#33=COLOUR_RGB('',2.E-1,3.2E-2,0.E0);
#34=COLOUR_RGB('',2.11765E-1,4.11765E-1,1.4902E-1);
#35=COLOUR_RGB('',2.39216E-1,2.39216E-1,2.31373E-1);
#36=COLOUR_RGB('',2.39216E-1,2.70588E-1,1.80392E-1);
#37=COLOUR_RGB('',2.5098E-1,2.90196E-1,3.29412E-1);
#38=COLOUR_RGB('',2.90196E-1,4.31373E-1,2.E-1);
#39=COLOUR_RGB('',3.1E-1,3.1E-1,5.6E-1);
#40=COLOUR_RGB('',3.09804E-1,6.58824E-1,2.E-1);
#41=COLOUR_RGB('',3.2E-1,1.5E-1,0.E0);
#42=COLOUR_RGB('',3.60784E-1,3.1373E-2,1.68627E-1);
#43=COLOUR_RGB('',3.68627E-1,2.E-1,1.21569E-1);
#44=COLOUR_RGB('',3.88235E-1,2.39216E-1,6.11765E-1);
#45=COLOUR_RGB('',4.E-1,4.E-1,4.E-1);
#46=COLOUR_RGB('',4.11765E-1,5.8824E-2,7.8431E-2);
#47=COLOUR_RGB('',4.11765E-1,3.29412E-1,2.19608E-1);
#48=COLOUR_RGB('',4.2E-1,4.2E-1,1.E0);
#49=COLOUR_RGB('',4.4E-1,8.5E-1,1.E0);
#50=COLOUR_RGB('',4.58824E-1,4.5098E-1,3.09804E-1);
#51=COLOUR_RGB('',4.70588E-1,5.09804E-1,5.4902E-1);
#52=COLOUR_RGB('',4.78431E-1,4.90196E-1,4.58824E-1);
#53=COLOUR_RGB('',4.90196E-1,3.60784E-1,2.19608E-1);
#54=COLOUR_RGB('',4.9E-1,4.9E-1,0.E0);
#55=COLOUR_RGB('',4.9E-1,1.E0,0.E0);
#56=COLOUR_RGB('',5.E-1,0.E0,0.E0);
#57=COLOUR_RGB('',5.E-1,0.E0,2.3E-1);
#58=COLOUR_RGB('',5.E-1,5.E-1,5.E-1);
#59=COLOUR_RGB('',5.21569E-1,2.19608E-1,1.68627E-1);
#60=COLOUR_RGB('',5.3E-1,0.E0,0.E0);
#61=COLOUR_RGB('',5.29412E-1,5.80392E-1,6.5098E-1);
#62=COLOUR_RGB('',5.4E-1,0.E0,4.4E-1);
#63=COLOUR_RGB('',5.5E-1,3.E-1,0.E0);
#64=COLOUR_RGB('',5.6E-1,1.E-1,5.E-2);
#65=COLOUR_RGB('',5.60784E-1,5.80392E-1,6.19608E-1);
#66=COLOUR_RGB('',5.68627E-1,5.8824E-2,4.E-1);
#67=COLOUR_RGB('',5.8E-1,2.2E-1,1.E-2);
#68=COLOUR_RGB('',5.88235E-1,1.21569E-1,1.09804E-1);
#69=COLOUR_RGB('',6.E-1,6.E-1,6.E-1);
#70=COLOUR_RGB('',6.11765E-1,5.60784E-1,3.80392E-1);
#71=COLOUR_RGB('',6.11765E-1,6.11765E-1,6.5098E-1);
#72=COLOUR_RGB('',6.2E-1,0.E0,5.5E-1);
#73=COLOUR_RGB('',6.19608E-1,6.39216E-1,6.90196E-1);
#74=COLOUR_RGB('',6.35294E-1,6.86275E-1,7.4902E-1);
#75=COLOUR_RGB('',6.4E-1,0.E0,2.5E-1);
#76=COLOUR_RGB('',6.4E-1,1.E-2,0.E0);
#77=COLOUR_RGB('',6.39216E-1,5.4902E-1,4.78431E-1);
#78=COLOUR_RGB('',6.5098E-1,6.70588E-1,7.09804E-1);
#79=COLOUR_RGB('',6.70588E-1,1.21569E-1,1.09804E-1);
#80=COLOUR_RGB('',6.78431E-1,4.78431E-1,3.09804E-1);
#81=COLOUR_RGB('',6.8E-1,7.5E-1,1.E0);
#82=COLOUR_RGB('',7.09804E-1,7.0588E-2,2.E-1);
#83=COLOUR_RGB('',7.1E-1,3.1E-1,0.E0);
#84=COLOUR_RGB('',7.2E-1,7.2E-1,7.2E-1);
#85=COLOUR_RGB('',7.29412E-1,7.41176E-1,7.29412E-1);
#86=COLOUR_RGB('',7.41176E-1,7.29412E-1,6.70588E-1);
#87=COLOUR_RGB('',7.4E-1,1.E0,2.6E-1);
#88=COLOUR_RGB('',7.5E-1,3.E-2,0.E0);
#89=COLOUR_RGB('',7.4902E-1,8.90196E-1,7.29412E-1);
#90=COLOUR_RGB('',7.6E-1,0.E0,4.7E-1);
#91=COLOUR_RGB('',7.80392E-1,9.0196E-2,7.0588E-2);
#92=COLOUR_RGB('',7.88235E-1,2.19608E-1,5.4902E-1);
#93=COLOUR_RGB('',8.1E-1,4.E-2,0.E0);
#94=COLOUR_RGB('',8.1E-1,6.1E-1,0.E0);
#95=COLOUR_RGB('',8.2E-1,4.E-2,6.6E-1);
#96=COLOUR_RGB('',8.31373E-1,8.5098E-1,8.58824E-1);
#97=COLOUR_RGB('',8.5098E-1,7.29412E-1,5.4902E-1);
#98=COLOUR_RGB('',8.5E-1,8.5E-1,8.5E-1);
#99=COLOUR_RGB('',8.78431E-1,3.68627E-1,1.21569E-1);
#100=COLOUR_RGB('',8.784E-1,9.49E-1,1.E0);
#101=COLOUR_RGB('',8.90196E-1,5.88235E-1,1.41176E-1);
#102=COLOUR_RGB('',9.E-1,1.E0,0.E0);
#103=COLOUR_RGB('',9.09804E-1,6.11765E-1,7.09804E-1);
#104=COLOUR_RGB('',9.37E-1,7.85E-1,0.E0);
#105=COLOUR_RGB('',9.41176E-1,9.29412E-1,9.01961E-1);
#106=COLOUR_RGB('',9.5E-1,2.2E-1,8.1E-1);
#107=COLOUR_RGB('',9.6E-1,3.7E-1,3.E-1);
#108=COLOUR_RGB('',9.6E-1,7.1E-1,3.75E-1);
#109=COLOUR_RGB('',9.80392E-1,1.E0,1.E0);
#110=COLOUR_RGB('',9.88235E-1,1.09804E-1,7.8431E-2);
#111=COLOUR_RGB('',9.88235E-1,7.21569E-1,1.29412E-1);
#112=COLOUR_RGB('',9.88235E-1,9.21569E-1,8.E-1);
#113=DRAUGHTING_PRE_DEFINED_COLOUR('red');
#114=COLOUR_RGB('',1.E0,0.E0,6.1E-1);
#115=COLOUR_RGB('',1.E0,4.E-2,0.E0);
#116=COLOUR_RGB('',1.E0,2.3E-1,0.E0);
#117=COLOUR_RGB('',1.E0,3.5E-1,5.2E-1);
#118=COLOUR_RGB('',1.E0,3.6E-1,0.E0);
#119=COLOUR_RGB('',1.E0,3.88235E-1,2.11765E-1);
#120=COLOUR_RGB('',1.E0,4.9E-1,3.7E-1);
#121=COLOUR_RGB('',1.E0,5.E-1,0.E0);
#122=COLOUR_RGB('',1.E0,5.6E-1,7.8E-1);
#123=COLOUR_RGB('',1.E0,6.4E-1,4.9E-1);
#124=COLOUR_RGB('',1.E0,6.7E-1,0.E0);
#125=COLOUR_RGB('',1.E0,7.6E-1,6.5E-1);
#126=COLOUR_RGB('',1.E0,8.39216E-1,3.01961E-1);
#127=COLOUR_RGB('',1.E0,8.6E-1,4.E-2);
#128=COLOUR_RGB('',1.E0,9.60784E-1,2.58824E-1);
#129=COLOUR_RGB('',1.E0,9.60784E-1,8.90196E-1);
#130=COLOUR_RGB('',1.E0,9.8E-1,7.2E-1);
#131=DRAUGHTING_PRE_DEFINED_COLOUR('yellow');
#132=COLOUR_RGB('',1.E0,1.E0,3.9216E-2);
#133=DRAUGHTING_PRE_DEFINED_COLOUR('white');
#270=B_SPLINE_CURVE_WITH_KNOTS('',3,(#262,#263,#264,#265,#266,#267,#268,#269),
.UNSPECIFIED.,.F.,.F.,(4,1,1,1,1,4),(0.E0,2.E-1,4.E-1,6.E-1,8.E-1,1.E0),
.UNSPECIFIED.);
#275=CIRCLE('',#274,5.E-1);
#284=CIRCLE('',#283,3.E-1);
#349=B_SPLINE_CURVE_WITH_KNOTS('',3,(#341,#342,#343,#344,#345,#346,#347,#348),
.UNSPECIFIED.,.F.,.F.,(4,1,1,1,1,4),(0.E0,2.E-1,4.E-1,6.E-1,8.E-1,1.E0),
.UNSPECIFIED.);
#358=CIRCLE('',#357,9.999972414861E-1);
#383=CIRCLE('',#382,1.E0);
#388=CIRCLE('',#387,1.E0);
#393=CIRCLE('',#392,1.E0);
#454=CIRCLE('',#453,1.E0);
#619=CIRCLE('',#618,1.E0);
#628=CIRCLE('',#627,1.E0);
#653=CIRCLE('',#652,5.E-1);
#665=B_SPLINE_CURVE_WITH_KNOTS('',3,(#654,#655,#656,#657,#658,#659,#660,#661,
#662,#663,#664),.UNSPECIFIED.,.F.,.F.,(4,1,1,1,1,1,1,1,4),(0.E0,1.25E-1,2.5E-1,
3.75E-1,5.E-1,6.25E-1,7.5E-1,8.75E-1,1.E0),.UNSPECIFIED.);
#670=CIRCLE('',#669,5.E-1);
#691=CIRCLE('',#690,5.E-1);
#696=CIRCLE('',#695,5.E-1);
#701=CIRCLE('',#700,5.E-1);
#706=CIRCLE('',#705,5.E-1);
#711=CIRCLE('',#710,5.E-1);
#716=CIRCLE('',#715,5.E-1);
#721=CIRCLE('',#720,5.E-1);
#726=CIRCLE('',#725,5.E-1);
#747=CIRCLE('',#746,5.E-1);
#752=CIRCLE('',#751,5.E-1);
#757=CIRCLE('',#756,5.E-1);
#762=CIRCLE('',#761,5.E-1);
#796=B_SPLINE_CURVE_WITH_KNOTS('',3,(#771,#772,#773,#774,#775,#776,#777,#778,
#779,#780,#781,#782,#783,#784,#785,#786,#787,#788,#789,#790,#791,#792,#793,#794,
#795),.UNSPECIFIED.,.F.,.F.,(4,1,1,1,1,1,1,1,1,1,1,1,1,1,1,1,1,1,1,1,1,1,4),(
0.E0,4.545454545455E-2,9.090909090909E-2,1.363636363636E-1,1.818181818182E-1,
2.272727272727E-1,2.727272727273E-1,3.181818181818E-1,3.636363636364E-1,
4.090909090909E-1,4.545454545455E-1,5.E-1,5.454545454545E-1,5.909090909091E-1,
6.363636363636E-1,6.818181818182E-1,7.272727272727E-1,7.727272727273E-1,
8.181818181818E-1,8.636363636364E-1,9.090909090909E-1,9.545454545455E-1,1.E0),
.UNSPECIFIED.);
#882=B_SPLINE_CURVE_WITH_KNOTS('',3,(#857,#858,#859,#860,#861,#862,#863,#864,
#865,#866,#867,#868,#869,#870,#871,#872,#873,#874,#875,#876,#877,#878,#879,#880,
#881),.UNSPECIFIED.,.F.,.F.,(4,1,1,1,1,1,1,1,1,1,1,1,1,1,1,1,1,1,1,1,1,1,4),(
0.E0,4.545454545455E-2,9.090909090909E-2,1.363636363636E-1,1.818181818182E-1,
2.272727272727E-1,2.727272727273E-1,3.181818181818E-1,3.636363636364E-1,
4.090909090909E-1,4.545454545455E-1,5.E-1,5.454545454545E-1,5.909090909091E-1,
6.363636363636E-1,6.818181818182E-1,7.272727272727E-1,7.727272727273E-1,
8.181818181818E-1,8.636363636364E-1,9.090909090909E-1,9.545454545455E-1,1.E0),
.UNSPECIFIED.);
#896=B_SPLINE_CURVE_WITH_KNOTS('',3,(#887,#888,#889,#890,#891,#892,#893,#894,
#895),.UNSPECIFIED.,.F.,.F.,(4,1,1,1,1,1,4),(0.E0,1.666666666667E-1,
3.333333333333E-1,5.E-1,6.666666666667E-1,8.333333333333E-1,1.E0),
.UNSPECIFIED.);
#906=B_SPLINE_CURVE_WITH_KNOTS('',3,(#897,#898,#899,#900,#901,#902,#903,#904,
#905),.UNSPECIFIED.,.F.,.F.,(4,1,1,1,1,1,4),(0.E0,1.666666666667E-1,
3.333333333333E-1,5.E-1,6.666666666667E-1,8.333333333333E-1,1.E0),
.UNSPECIFIED.);
#911=CIRCLE('',#910,3.E-1);
#916=CIRCLE('',#915,3.E-1);
#921=CIRCLE('',#920,4.999997785436E-1);
#947=B_SPLINE_CURVE_WITH_KNOTS('',3,(#922,#923,#924,#925,#926,#927,#928,#929,
#930,#931,#932,#933,#934,#935,#936,#937,#938,#939,#940,#941,#942,#943,#944,#945,
#946),.UNSPECIFIED.,.F.,.F.,(4,1,1,1,1,1,1,1,1,1,1,1,1,1,1,1,1,1,1,1,1,1,4),(
0.E0,4.545454545455E-2,9.090909090909E-2,1.363636363636E-1,1.818181818182E-1,
2.272727272727E-1,2.727272727273E-1,3.181818181818E-1,3.636363636364E-1,
4.090909090909E-1,4.545454545455E-1,5.E-1,5.454545454545E-1,5.909090909091E-1,
6.363636363636E-1,6.818181818182E-1,7.272727272727E-1,7.727272727273E-1,
8.181818181818E-1,8.636363636364E-1,9.090909090909E-1,9.545454545455E-1,1.E0),
.UNSPECIFIED.);
#1020=CIRCLE('',#1019,1.2E0);
#1029=CIRCLE('',#1028,1.2E0);
#1038=CIRCLE('',#1037,1.2E0);
#1047=CIRCLE('',#1046,1.2E0);
#1060=CIRCLE('',#1059,1.2E0);
#1069=CIRCLE('',#1068,1.2E0);
#1102=CIRCLE('',#1101,5.E-1);
#1107=CIRCLE('',#1106,5.E-1);
#1119=B_SPLINE_CURVE_WITH_KNOTS('',3,(#1108,#1109,#1110,#1111,#1112,#1113,#1114,
#1115,#1116,#1117,#1118),.UNSPECIFIED.,.F.,.F.,(4,1,1,1,1,1,1,1,4),(0.E0,
1.25E-1,2.5E-1,3.75E-1,5.E-1,6.25E-1,7.5E-1,8.75E-1,1.E0),.UNSPECIFIED.);
#1124=CIRCLE('',#1123,5.E-1);
#1137=CIRCLE('',#1136,1.E0);
#1142=CIRCLE('',#1141,1.E0);
#1167=CIRCLE('',#1166,9.999972413806E-1);
#1180=CIRCLE('',#1179,5.E-1);
#1193=CIRCLE('',#1192,5.E-1);
#1210=CIRCLE('',#1209,1.E0);
#1215=CIRCLE('',#1214,1.E0);
#1220=CIRCLE('',#1219,5.E-1);
#1229=CIRCLE('',#1228,5.E-1);
#1238=CIRCLE('',#1237,1.E0);
#1243=CIRCLE('',#1242,1.E0);
#1256=CIRCLE('',#1255,5.E-1);
#1269=CIRCLE('',#1268,5.E-1);
#1274=CIRCLE('',#1273,1.2E0);
#1283=CIRCLE('',#1282,1.2E0);
#1292=CIRCLE('',#1291,1.2E0);
#1301=CIRCLE('',#1300,1.2E0);
#1310=CIRCLE('',#1309,1.2E0);
#1319=CIRCLE('',#1318,1.2E0);
#1356=CIRCLE('',#1355,5.E-1);
#1361=CIRCLE('',#1360,5.E-1);
#1366=CIRCLE('',#1365,5.E-1);
#1371=CIRCLE('',#1370,5.E-1);
#1376=CIRCLE('',#1375,5.E-1);
#1381=CIRCLE('',#1380,5.E-1);
#1402=CIRCLE('',#1401,5.E-1);
#1407=CIRCLE('',#1406,2.999997279782E-1);
#1433=B_SPLINE_CURVE_WITH_KNOTS('',3,(#1408,#1409,#1410,#1411,#1412,#1413,#1414,
#1415,#1416,#1417,#1418,#1419,#1420,#1421,#1422,#1423,#1424,#1425,#1426,#1427,
#1428,#1429,#1430,#1431,#1432),.UNSPECIFIED.,.F.,.F.,(4,1,1,1,1,1,1,1,1,1,1,1,1,
1,1,1,1,1,1,1,1,1,4),(0.E0,4.545454545455E-2,9.090909090909E-2,
1.363636363636E-1,1.818181818182E-1,2.272727272727E-1,2.727272727273E-1,
3.181818181818E-1,3.636363636364E-1,4.090909090909E-1,4.545454545455E-1,5.E-1,
5.454545454545E-1,5.909090909091E-1,6.363636363636E-1,6.818181818182E-1,
7.272727272727E-1,7.727272727273E-1,8.181818181818E-1,8.636363636364E-1,
9.090909090909E-1,9.545454545455E-1,1.E0),.UNSPECIFIED.);
#1438=CIRCLE('',#1437,3.E-1);
#1448=B_SPLINE_CURVE_WITH_KNOTS('',3,(#1439,#1440,#1441,#1442,#1443,#1444,#1445,
#1446,#1447),.UNSPECIFIED.,.F.,.F.,(4,1,1,1,1,1,4),(0.E0,1.666666666667E-1,
3.333333333333E-1,5.E-1,6.666666666667E-1,8.333333333333E-1,1.E0),
.UNSPECIFIED.);
#1458=B_SPLINE_CURVE_WITH_KNOTS('',3,(#1449,#1450,#1451,#1452,#1453,#1454,#1455,
#1456,#1457),.UNSPECIFIED.,.F.,.F.,(4,1,1,1,1,1,4),(0.E0,1.666666666667E-1,
3.333333333333E-1,5.E-1,6.666666666667E-1,8.333333333333E-1,1.E0),
.UNSPECIFIED.);
#1467=B_SPLINE_CURVE_WITH_KNOTS('',3,(#1459,#1460,#1461,#1462,#1463,#1464,#1465,
#1466),.UNSPECIFIED.,.F.,.F.,(4,1,1,1,1,4),(0.E0,2.E-1,4.E-1,6.E-1,8.E-1,1.E0),
.UNSPECIFIED.);
#1593=B_SPLINE_CURVE_WITH_KNOTS('',3,(#1588,#1589,#1590,#1591,#1592),
.UNSPECIFIED.,.F.,.F.,(4,1,4),(0.E0,5.E-1,1.E0),.UNSPECIFIED.);
#1602=B_SPLINE_CURVE_WITH_KNOTS('',3,(#1594,#1595,#1596,#1597,#1598,#1599,#1600,
#1601),.UNSPECIFIED.,.F.,.F.,(4,1,1,1,1,4),(0.E0,2.E-1,4.E-1,6.E-1,8.E-1,1.E0),
.UNSPECIFIED.);
#1607=CIRCLE('',#1606,1.5E0);
#1612=CIRCLE('',#1611,5.E-1);
#1617=CIRCLE('',#1616,5.E-1);
#1622=CIRCLE('',#1621,1.5E0);
#1627=CIRCLE('',#1626,5.E-1);
#1632=CIRCLE('',#1631,5.E-1);
#1637=CIRCLE('',#1636,5.E-1);
#1694=CIRCLE('',#1693,5.E-1);
#1729=B_SPLINE_CURVE_WITH_KNOTS('',3,(#1723,#1724,#1725,#1726,#1727,#1728),
.UNSPECIFIED.,.F.,.F.,(4,1,1,4),(0.E0,5.E-1,7.5E-1,1.E0),.UNSPECIFIED.);
#2274=CIRCLE('',#2273,3.E-1);
#2283=CIRCLE('',#2282,3.E-1);
#2308=CIRCLE('',#2307,3.E-1);
#2317=CIRCLE('',#2316,3.E-1);
#2322=CIRCLE('',#2321,3.E-1);
#2327=CIRCLE('',#2326,3.E-1);
#2336=CIRCLE('',#2335,5.E-1);
#2365=CIRCLE('',#2364,3.E-1);
#2375=B_SPLINE_CURVE_WITH_KNOTS('',3,(#2370,#2371,#2372,#2373,#2374),
.UNSPECIFIED.,.F.,.F.,(4,1,4),(0.E0,5.E-1,1.E0),.UNSPECIFIED.);
#2382=B_SPLINE_CURVE_WITH_KNOTS('',3,(#2376,#2377,#2378,#2379,#2380,#2381),
.UNSPECIFIED.,.F.,.F.,(4,1,1,4),(0.E0,2.5E-1,5.E-1,1.E0),.UNSPECIFIED.);
#2739=CIRCLE('',#2738,5.E-1);
#2744=CIRCLE('',#2743,5.E-1);
#2749=CIRCLE('',#2748,5.E-1);
#2754=CIRCLE('',#2753,5.E-1);
#2775=CIRCLE('',#2774,1.2E0);
#2784=CIRCLE('',#2783,1.2E0);
#2825=CIRCLE('',#2824,1.64E0);
#2842=CIRCLE('',#2841,1.E0);
#2855=CIRCLE('',#2854,1.64E0);
#2872=CIRCLE('',#2871,1.E0);
#2885=CIRCLE('',#2884,1.E0);
#2902=CIRCLE('',#2901,1.64E0);
#2915=CIRCLE('',#2914,1.E0);
#2932=CIRCLE('',#2931,1.64E0);
#3061=CIRCLE('',#3060,1.E0);
#3078=CIRCLE('',#3077,1.64E0);
#3091=CIRCLE('',#3090,1.E0);
#3108=CIRCLE('',#3107,1.64E0);
#3121=CIRCLE('',#3120,1.64E0);
#3138=CIRCLE('',#3137,1.E0);
#3147=CIRCLE('',#3146,1.64E0);
#3164=CIRCLE('',#3163,1.E0);
#3241=CIRCLE('',#3240,1.64E0);
#3258=CIRCLE('',#3257,1.E0);
#3267=CIRCLE('',#3266,1.64E0);
#3284=CIRCLE('',#3283,1.E0);
#3293=CIRCLE('',#3292,1.E0);
#3310=CIRCLE('',#3309,1.64E0);
#3323=CIRCLE('',#3322,1.E0);
#3340=CIRCLE('',#3339,1.64E0);
#3409=CIRCLE('',#3408,1.64E0);
#3426=CIRCLE('',#3425,1.E0);
#3435=CIRCLE('',#3434,1.64E0);
#3452=CIRCLE('',#3451,1.E0);
#3461=CIRCLE('',#3460,1.E0);
#3478=CIRCLE('',#3477,1.64E0);
#3491=CIRCLE('',#3490,1.E0);
#3508=CIRCLE('',#3507,1.64E0);
#3569=CIRCLE('',#3568,5.E-1);
#3574=CIRCLE('',#3573,5.E-1);
#3579=CIRCLE('',#3578,5.E-1);
#3584=CIRCLE('',#3583,5.E-1);
#3589=CIRCLE('',#3588,5.E-1);
#3594=CIRCLE('',#3593,5.E-1);
#3615=CIRCLE('',#3614,5.E-1);
#3620=CIRCLE('',#3619,5.E-1);
#3625=CIRCLE('',#3624,5.E-1);
#3630=CIRCLE('',#3629,5.E-1);
#3635=CIRCLE('',#3634,5.E-1);
#3640=CIRCLE('',#3639,5.E-1);
#3645=CIRCLE('',#3644,5.E-1);
#3658=CIRCLE('',#3657,1.2E0);
#3667=CIRCLE('',#3666,1.2E0);
#4682=EDGE_CURVE('',#4634,#4636,#137,.T.);
#4684=EDGE_CURVE('',#4634,#4341,#141,.T.);
#4686=EDGE_CURVE('',#3829,#4341,#145,.T.);
#4688=EDGE_CURVE('',#3828,#3829,#149,.T.);
#4690=EDGE_CURVE('',#4640,#3828,#153,.T.);
#4692=EDGE_CURVE('',#4636,#4640,#157,.T.);
#4696=ADVANCED_FACE('',(#4695),#4681,.T.);
#4702=EDGE_CURVE('',#4644,#4646,#161,.T.);
#4704=EDGE_CURVE('',#4357,#4644,#165,.T.);
#4706=EDGE_CURVE('',#4356,#4357,#169,.T.);
#4708=EDGE_CURVE('',#4646,#4356,#173,.T.);
#4712=ADVANCED_FACE('',(#4711),#4701,.T.);
#4718=EDGE_CURVE('',#4648,#4650,#177,.T.);
#4720=EDGE_CURVE('',#4365,#4648,#181,.T.);
#4722=EDGE_CURVE('',#4364,#4365,#185,.T.);
#4724=EDGE_CURVE('',#4481,#4364,#189,.T.);
#4726=EDGE_CURVE('',#4406,#4481,#1559,.T.);
#4728=EDGE_CURVE('',#4406,#4407,#193,.T.);
#4730=EDGE_CURVE('',#4491,#4407,#1547,.T.);
#4732=EDGE_CURVE('',#4490,#4491,#197,.T.);
#4734=EDGE_CURVE('',#4410,#4490,#1523,.T.);
#4736=EDGE_CURVE('',#4410,#4411,#201,.T.);
#4738=EDGE_CURVE('',#3807,#4411,#1511,.T.);
#4740=EDGE_CURVE('',#3806,#3807,#205,.T.);
#4742=EDGE_CURVE('',#4377,#3806,#209,.T.);
#4744=EDGE_CURVE('',#4658,#4377,#213,.T.);
#4746=EDGE_CURVE('',#4656,#4658,#217,.T.);
#4748=EDGE_CURVE('',#4650,#4656,#221,.T.);
#4752=ADVANCED_FACE('',(#4751),#4717,.T.);
#4758=EDGE_CURVE('',#4660,#4662,#225,.T.);
#4760=EDGE_CURVE('',#4385,#4660,#229,.T.);
#4762=EDGE_CURVE('',#4384,#4385,#233,.T.);
#4764=EDGE_CURVE('',#4662,#4384,#237,.T.);
#4768=ADVANCED_FACE('',(#4767),#4757,.T.);
#4774=EDGE_CURVE('',#4666,#4668,#241,.T.);
#4776=EDGE_CURVE('',#3817,#4666,#245,.T.);
#4778=EDGE_CURVE('',#3816,#3817,#249,.T.);
#4780=EDGE_CURVE('',#4349,#3816,#253,.T.);
#4782=EDGE_CURVE('',#4349,#4671,#257,.T.);
#4784=EDGE_CURVE('',#4668,#4671,#261,.T.);
#4788=ADVANCED_FACE('',(#4787),#4773,.T.);
#4794=EDGE_CURVE('',#4632,#4633,#275,.T.);
#4796=EDGE_CURVE('',#4633,#4634,#1729,.T.);
#4799=EDGE_CURVE('',#4676,#4636,#1593,.T.);
#4801=EDGE_CURVE('',#3974,#4676,#270,.T.);
#4803=EDGE_CURVE('',#4632,#3974,#332,.T.);
#4807=ADVANCED_FACE('',(#4806),#4793,.T.);
#4814=EDGE_CURVE('',#4632,#3998,#328,.T.);
#4816=EDGE_CURVE('',#3998,#3943,#2410,.T.);
#4818=EDGE_CURVE('',#3943,#3941,#279,.T.);
#4820=EDGE_CURVE('',#3939,#3941,#284,.T.);
#4822=EDGE_CURVE('',#3938,#3939,#288,.T.);
#4824=EDGE_CURVE('',#3935,#3938,#2317,.T.);
#4826=EDGE_CURVE('',#3934,#3935,#292,.T.);
#4828=EDGE_CURVE('',#3934,#3686,#296,.T.);
#4830=EDGE_CURVE('',#3686,#3687,#1905,.T.);
#4832=EDGE_CURVE('',#3991,#3687,#2197,.T.);
#4834=EDGE_CURVE('',#3990,#3991,#300,.T.);
#4836=EDGE_CURVE('',#4343,#3990,#304,.T.);
#4838=EDGE_CURVE('',#4633,#4343,#308,.T.);
#4842=ADVANCED_FACE('',(#4841),#4812,.F.);
#4848=EDGE_CURVE('',#3970,#3971,#312,.T.);
#4850=EDGE_CURVE('',#3970,#4674,#316,.T.);
#4852=EDGE_CURVE('',#4674,#3999,#320,.T.);
#4854=EDGE_CURVE('',#3998,#3999,#324,.T.);
#4858=EDGE_CURVE('',#3974,#3975,#336,.T.);
#4860=EDGE_CURVE('',#3975,#3971,#340,.T.);
#4864=ADVANCED_FACE('',(#4863),#4847,.T.);
#4870=EDGE_CURVE('',#3966,#3967,#374,.T.);
#4872=EDGE_CURVE('',#4675,#3966,#1467,.T.);
#4874=EDGE_CURVE('',#3970,#4675,#349,.T.);
#4877=EDGE_CURVE('',#3971,#3967,#1622,.T.);
#4881=ADVANCED_FACE('',(#4880),#4869,.T.);
#4887=EDGE_CURVE('',#4593,#4418,#397,.T.);
#4889=EDGE_CURVE('',#4597,#4593,#665,.T.);
#4891=EDGE_CURVE('',#4597,#4550,#353,.T.);
#4893=EDGE_CURVE('',#3702,#4550,#358,.T.);
#4895=EDGE_CURVE('',#3702,#3703,#362,.T.);
#4897=EDGE_CURVE('',#4670,#3703,#366,.T.);
#4899=EDGE_CURVE('',#4670,#3966,#370,.T.);
#4902=EDGE_CURVE('',#3967,#4621,#378,.T.);
#4904=EDGE_CURVE('',#4527,#4621,#1641,.T.);
#4906=EDGE_CURVE('',#4526,#4527,#383,.T.);
#4908=EDGE_CURVE('',#4526,#4539,#1681,.T.);
#4910=EDGE_CURVE('',#4537,#4539,#388,.T.);
#4912=EDGE_CURVE('',#4418,#4537,#1702,.T.);
#4916=ADVANCED_FACE('',(#4915),#4886,.T.);
#4922=EDGE_CURVE('',#4592,#4593,#393,.T.);
#4925=EDGE_CURVE('',#4418,#4419,#401,.T.);
#4927=EDGE_CURVE('',#4505,#4419,#405,.T.);
#4929=EDGE_CURVE('',#4505,#4503,#409,.T.);
#4931=EDGE_CURVE('',#4503,#3851,#413,.T.);
#4933=EDGE_CURVE('',#3851,#3853,#417,.T.);
#4935=EDGE_CURVE('',#4546,#3853,#421,.T.);
#4937=EDGE_CURVE('',#4546,#3718,#425,.T.);
#4939=EDGE_CURVE('',#3724,#3718,#429,.T.);
#4941=EDGE_CURVE('',#4543,#3724,#433,.T.);
#4943=EDGE_CURVE('',#4543,#3774,#437,.T.);
#4945=EDGE_CURVE('',#3774,#3775,#441,.T.);
#4947=EDGE_CURVE('',#4600,#3775,#445,.T.);
#4949=EDGE_CURVE('',#4600,#4592,#449,.T.);
#4953=ADVANCED_FACE('',(#4952),#4921,.F.);
#4959=EDGE_CURVE('',#4608,#4609,#454,.T.);
#4961=EDGE_CURVE('',#4613,#4608,#458,.T.);
#4963=EDGE_CURVE('',#3778,#4613,#462,.T.);
#4965=EDGE_CURVE('',#3778,#3779,#466,.T.);
#4967=EDGE_CURVE('',#3779,#4561,#470,.T.);
#4969=EDGE_CURVE('',#4566,#4561,#474,.T.);
#4971=EDGE_CURVE('',#4556,#4566,#478,.T.);
#4973=EDGE_CURVE('',#4556,#4554,#482,.T.);
#4975=EDGE_CURVE('',#4554,#3765,#486,.T.);
#4977=EDGE_CURVE('',#3765,#3767,#490,.T.);
#4979=EDGE_CURVE('',#4497,#3767,#494,.T.);
#4981=EDGE_CURVE('',#4497,#4495,#498,.T.);
#4983=EDGE_CURVE('',#4495,#4430,#502,.T.);
#4985=EDGE_CURVE('',#4430,#4431,#506,.T.);
#4987=EDGE_CURVE('',#4431,#4609,#510,.T.);
#4991=ADVANCED_FACE('',(#4990),#4958,.F.);
#4997=EDGE_CURVE('',#4339,#4241,#578,.T.);
#4999=EDGE_CURVE('',#4241,#4247,#582,.T.);
#5001=EDGE_CURVE('',#4247,#4149,#586,.T.);
#5003=EDGE_CURVE('',#4149,#4155,#590,.T.);
#5005=EDGE_CURVE('',#4155,#4061,#594,.T.);
#5007=EDGE_CURVE('',#4061,#4063,#598,.T.);
#5009=EDGE_CURVE('',#4063,#4422,#602,.T.);
#5011=EDGE_CURVE('',#4422,#4423,#606,.T.);
#5013=EDGE_CURVE('',#4423,#4625,#610,.T.);
#5015=EDGE_CURVE('',#4624,#4625,#614,.T.);
#5017=EDGE_CURVE('',#4629,#4624,#619,.T.);
#5019=EDGE_CURVE('',#4628,#4629,#623,.T.);
#5021=EDGE_CURVE('',#4617,#4628,#628,.T.);
#5023=EDGE_CURVE('',#4616,#4617,#632,.T.);
#5025=EDGE_CURVE('',#4616,#4426,#636,.T.);
#5027=EDGE_CURVE('',#4426,#4427,#640,.T.);
#5029=EDGE_CURVE('',#4427,#4333,#644,.T.);
#5031=EDGE_CURVE('',#4333,#4339,#648,.T.);
#5035=EDGE_CURVE('',#4054,#4055,#514,.T.);
#5037=EDGE_CURVE('',#4055,#4059,#518,.T.);
#5039=EDGE_CURVE('',#4058,#4059,#522,.T.);
#5041=EDGE_CURVE('',#4054,#4058,#526,.T.);
#5045=EDGE_CURVE('',#4145,#4147,#530,.T.);
#5047=EDGE_CURVE('',#4147,#4153,#534,.T.);
#5049=EDGE_CURVE('',#4151,#4153,#538,.T.);
#5051=EDGE_CURVE('',#4145,#4151,#542,.T.);
#5055=EDGE_CURVE('',#4237,#4239,#546,.T.);
#5057=EDGE_CURVE('',#4239,#4245,#550,.T.);
#5059=EDGE_CURVE('',#4243,#4245,#554,.T.);
#5061=EDGE_CURVE('',#4237,#4243,#558,.T.);
#5065=EDGE_CURVE('',#4329,#4331,#562,.T.);
#5067=EDGE_CURVE('',#4331,#4337,#566,.T.);
#5069=EDGE_CURVE('',#4335,#4337,#570,.T.);
#5071=EDGE_CURVE('',#4329,#4335,#574,.T.);
#5075=ADVANCED_FACE('',(#5034,#5044,#5054,#5064,#5074),#4996,.F.);
#5082=EDGE_CURVE('',#4596,#4592,#653,.T.);
#5084=EDGE_CURVE('',#4596,#4597,#2749,.T.);
#5089=ADVANCED_FACE('',(#5088),#5080,.T.);
#5095=EDGE_CURVE('',#4600,#4601,#670,.T.);
#5097=EDGE_CURVE('',#4601,#4596,#1327,.T.);
#5103=ADVANCED_FACE('',(#5102),#5094,.T.);
#5111=EDGE_CURVE('',#3775,#3857,#678,.T.);
#5113=EDGE_CURVE('',#3857,#3871,#1278,.T.);
#5115=EDGE_CURVE('',#4601,#3871,#1331,.T.);
#5119=ADVANCED_FACE('',(#5118),#5108,.F.);
#5126=EDGE_CURVE('',#3861,#3774,#674,.T.);
#5128=EDGE_CURVE('',#3861,#3867,#2775,.T.);
#5130=EDGE_CURVE('',#3867,#3857,#1310,.T.);
#5135=ADVANCED_FACE('',(#5134),#5124,.T.);
#5142=EDGE_CURVE('',#3753,#3778,#682,.T.);
#5144=EDGE_CURVE('',#3753,#3771,#3658,.T.);
#5146=EDGE_CURVE('',#3771,#3755,#1069,.T.);
#5148=EDGE_CURVE('',#3779,#3755,#686,.T.);
#5152=ADVANCED_FACE('',(#5151),#5140,.T.);
#5158=EDGE_CURVE('',#4542,#4543,#691,.T.);
#5160=EDGE_CURVE('',#4542,#3869,#1335,.T.);
#5162=EDGE_CURVE('',#3861,#3869,#1287,.T.);
#5168=ADVANCED_FACE('',(#5167),#5157,.F.);
#5176=EDGE_CURVE('',#3737,#3724,#706,.T.);
#5178=EDGE_CURVE('',#4542,#3737,#1339,.T.);
#5182=ADVANCED_FACE('',(#5181),#5173,.T.);
#5188=EDGE_CURVE('',#3724,#3725,#696,.T.);
#5190=EDGE_CURVE('',#3725,#3737,#701,.T.);
#5195=ADVANCED_FACE('',(#5194),#5187,.T.);
#5201=EDGE_CURVE('',#3721,#3718,#721,.T.);
#5203=EDGE_CURVE('',#3725,#3721,#1397,.T.);
#5209=ADVANCED_FACE('',(#5208),#5200,.T.);
#5215=EDGE_CURVE('',#3718,#3719,#711,.T.);
#5217=EDGE_CURVE('',#3719,#3721,#716,.T.);
#5222=ADVANCED_FACE('',(#5221),#5214,.T.);
#5230=EDGE_CURVE('',#4546,#4547,#726,.T.);
#5232=EDGE_CURVE('',#4547,#3719,#808,.T.);
#5236=ADVANCED_FACE('',(#5235),#5227,.T.);
#5244=EDGE_CURVE('',#3853,#3842,#738,.T.);
#5246=EDGE_CURVE('',#3845,#3842,#1305,.T.);
#5248=EDGE_CURVE('',#4547,#3845,#812,.T.);
#5252=ADVANCED_FACE('',(#5251),#5241,.F.);
#5258=EDGE_CURVE('',#3757,#3765,#730,.T.);
#5260=EDGE_CURVE('',#3769,#3757,#1060,.T.);
#5262=EDGE_CURVE('',#3759,#3769,#3667,.T.);
#5264=EDGE_CURVE('',#3767,#3759,#734,.T.);
#5269=ADVANCED_FACE('',(#5268),#5257,.T.);
#5275=EDGE_CURVE('',#3842,#3843,#2784,.T.);
#5279=EDGE_CURVE('',#3847,#3851,#742,.T.);
#5281=EDGE_CURVE('',#3843,#3847,#1319,.T.);
#5285=ADVANCED_FACE('',(#5284),#5274,.T.);
#5291=EDGE_CURVE('',#4553,#4554,#747,.T.);
#5293=EDGE_CURVE('',#4553,#3763,#844,.T.);
#5295=EDGE_CURVE('',#3763,#3757,#1042,.T.);
#5301=ADVANCED_FACE('',(#5300),#5290,.F.);
#5309=EDGE_CURVE('',#4558,#4556,#757,.T.);
#5311=EDGE_CURVE('',#4558,#4553,#848,.T.);
#5315=ADVANCED_FACE('',(#5314),#5306,.T.);
#5321=EDGE_CURVE('',#4586,#4558,#752,.T.);
#5324=EDGE_CURVE('',#4556,#4586,#762,.T.);
#5328=ADVANCED_FACE('',(#5327),#5320,.T.);
#5334=EDGE_CURVE('',#4558,#4577,#852,.T.);
#5337=EDGE_CURVE('',#4586,#4574,#3602,.T.);
#5339=EDGE_CURVE('',#4577,#4574,#3615,.T.);
#5343=ADVANCED_FACE('',(#5342),#5333,.T.);
#5349=EDGE_CURVE('',#4653,#4654,#766,.T.);
#5351=EDGE_CURVE('',#4654,#4548,#770,.T.);
#5353=EDGE_CURVE('',#4548,#3741,#796,.T.);
#5355=EDGE_CURVE('',#3741,#3739,#800,.T.);
#5357=EDGE_CURVE('',#3719,#3739,#804,.T.);
#5361=EDGE_CURVE('',#3849,#3845,#1301,.T.);
#5363=EDGE_CURVE('',#4502,#3849,#816,.T.);
#5365=EDGE_CURVE('',#4507,#4502,#820,.T.);
#5367=EDGE_CURVE('',#4507,#4415,#824,.T.);
#5369=EDGE_CURVE('',#4414,#4415,#828,.T.);
#5371=EDGE_CURVE('',#4494,#4414,#832,.T.);
#5373=EDGE_CURVE('',#4499,#4494,#836,.T.);
#5375=EDGE_CURVE('',#4499,#3761,#840,.T.);
#5377=EDGE_CURVE('',#3763,#3761,#1047,.T.);
#5382=EDGE_CURVE('',#4577,#4578,#856,.T.);
#5384=EDGE_CURVE('',#4578,#4589,#882,.T.);
#5386=EDGE_CURVE('',#4653,#4589,#886,.T.);
#5390=ADVANCED_FACE('',(#5389),#5348,.T.);
#5397=EDGE_CURVE('',#4653,#4650,#906,.T.);
#5400=EDGE_CURVE('',#4656,#4654,#1448,.T.);
#5404=ADVANCED_FACE('',(#5403),#5395,.T.);
#5446=EDGE_CURVE('',#4638,#4653,#911,.T.);
#5448=EDGE_CURVE('',#4650,#4638,#896,.T.);
#5453=ADVANCED_FACE('',(#5452),#5445,.T.);
#5461=EDGE_CURVE('',#3710,#4589,#916,.T.);
#5463=EDGE_CURVE('',#4638,#3710,#1158,.T.);
#5467=ADVANCED_FACE('',(#5466),#5458,.T.);
#5578=EDGE_CURVE('',#4578,#3714,#921,.T.);
#5580=EDGE_CURVE('',#3714,#3710,#947,.T.);
#5585=ADVANCED_FACE('',(#5584),#5576,.T.);
#5591=EDGE_CURVE('',#4570,#3714,#1003,.T.);
#5595=EDGE_CURVE('',#4570,#4577,#3625,.T.);
#5599=ADVANCED_FACE('',(#5598),#5590,.T.);
#5605=EDGE_CURVE('',#3706,#3707,#983,.T.);
#5607=EDGE_CURVE('',#3735,#3706,#987,.T.);
#5609=EDGE_CURVE('',#3732,#3735,#991,.T.);
#5611=EDGE_CURVE('',#3707,#3732,#995,.T.);
#5615=EDGE_CURVE('',#3856,#3860,#967,.T.);
#5617=EDGE_CURVE('',#3865,#3856,#971,.T.);
#5619=EDGE_CURVE('',#3863,#3865,#975,.T.);
#5621=EDGE_CURVE('',#3860,#3863,#979,.T.);
#5625=ADVANCED_FACE('',(#5614,#5624),#5604,.F.);
#5631=EDGE_CURVE('',#3714,#3715,#999,.T.);
#5634=EDGE_CURVE('',#4569,#4570,#1007,.T.);
#5636=EDGE_CURVE('',#3715,#4569,#1011,.T.);
#5640=EDGE_CURVE('',#3746,#3747,#951,.T.);
#5642=EDGE_CURVE('',#3747,#3749,#955,.T.);
#5644=EDGE_CURVE('',#3749,#3751,#959,.T.);
#5646=EDGE_CURVE('',#3751,#3746,#963,.T.);
#5650=ADVANCED_FACE('',(#5639,#5649),#5630,.F.);
#5656=EDGE_CURVE('',#3755,#3753,#1029,.T.);
#5658=EDGE_CURVE('',#3747,#3755,#3671,.T.);
#5661=EDGE_CURVE('',#3746,#3753,#1015,.T.);
#5665=ADVANCED_FACE('',(#5664),#5655,.F.);
#5671=EDGE_CURVE('',#3781,#3783,#1020,.T.);
#5673=EDGE_CURVE('',#3755,#3783,#1024,.T.);
#5676=EDGE_CURVE('',#3753,#3781,#1033,.T.);
#5680=ADVANCED_FACE('',(#5679),#5670,.F.);
#5686=EDGE_CURVE('',#3759,#3757,#1038,.T.);
#5690=EDGE_CURVE('',#3761,#3759,#1051,.T.);
#5694=ADVANCED_FACE('',(#5693),#5685,.F.);
#5700=EDGE_CURVE('',#3771,#3769,#1055,.T.);
#5703=EDGE_CURVE('',#3757,#3755,#1064,.T.);
#5708=ADVANCED_FACE('',(#5707),#5699,.F.);
#5714=EDGE_CURVE('',#4612,#4604,#1073,.T.);
#5716=EDGE_CURVE('',#4581,#4604,#1077,.T.);
#5718=EDGE_CURVE('',#4581,#4582,#1081,.T.);
#5720=EDGE_CURVE('',#4564,#4582,#1085,.T.);
#5722=EDGE_CURVE('',#4564,#4562,#1089,.T.);
#5724=EDGE_CURVE('',#4562,#3783,#1093,.T.);
#5727=EDGE_CURVE('',#4612,#3781,#1097,.T.);
#5731=ADVANCED_FACE('',(#5730),#5713,.T.);
#5737=EDGE_CURVE('',#4612,#4613,#1102,.T.);
#5740=EDGE_CURVE('',#4608,#4604,#1107,.T.);
#5745=ADVANCED_FACE('',(#5744),#5736,.T.);
#5758=ADVANCED_FACE('',(#5757),#5750,.F.);
#5764=EDGE_CURVE('',#4604,#4605,#1124,.T.);
#5768=EDGE_CURVE('',#4609,#4605,#1119,.T.);
#5772=ADVANCED_FACE('',(#5771),#5763,.T.);
#5779=EDGE_CURVE('',#4588,#4605,#1128,.T.);
#5781=EDGE_CURVE('',#4581,#4588,#3579,.T.);
#5786=ADVANCED_FACE('',(#5785),#5777,.F.);
#5795=EDGE_CURVE('',#4431,#4519,#1132,.T.);
#5797=EDGE_CURVE('',#4518,#4519,#1137,.T.);
#5799=EDGE_CURVE('',#4518,#4515,#1657,.T.);
#5801=EDGE_CURVE('',#4513,#4515,#1142,.T.);
#5803=EDGE_CURVE('',#4619,#4513,#1685,.T.);
#5805=EDGE_CURVE('',#4619,#3979,#1146,.T.);
#5807=EDGE_CURVE('',#3978,#3979,#1150,.T.);
#5809=EDGE_CURVE('',#3978,#4638,#1154,.T.);
#5812=EDGE_CURVE('',#3710,#3711,#1162,.T.);
#5814=EDGE_CURVE('',#4588,#3711,#1167,.T.);
#5818=ADVANCED_FACE('',(#5817),#5791,.T.);
#5824=EDGE_CURVE('',#4521,#4519,#1171,.T.);
#5828=EDGE_CURVE('',#4430,#4521,#1175,.T.);
#5832=ADVANCED_FACE('',(#5831),#5823,.T.);
#5840=EDGE_CURVE('',#4521,#4523,#1215,.T.);
#5842=EDGE_CURVE('',#4523,#4518,#1661,.T.);
#5846=ADVANCED_FACE('',(#5845),#5837,.T.);
#5852=EDGE_CURVE('',#4494,#4495,#1180,.T.);
#5855=EDGE_CURVE('',#4433,#4414,#1184,.T.);
#5857=EDGE_CURVE('',#4443,#4433,#1188,.T.);
#5859=EDGE_CURVE('',#4441,#4443,#1193,.T.);
#5861=EDGE_CURVE('',#4435,#4441,#1197,.T.);
#5863=EDGE_CURVE('',#4427,#4435,#1201,.T.);
#5866=EDGE_CURVE('',#4426,#4511,#1205,.T.);
#5868=EDGE_CURVE('',#4510,#4511,#1210,.T.);
#5870=EDGE_CURVE('',#4510,#4523,#1665,.T.);
#5877=ADVANCED_FACE('',(#5876),#5851,.T.);
#5885=EDGE_CURVE('',#4497,#4499,#1220,.T.);
#5890=ADVANCED_FACE('',(#5889),#5882,.T.);
#5903=ADVANCED_FACE('',(#5902),#5895,.F.);
#5910=EDGE_CURVE('',#4437,#4415,#1264,.T.);
#5912=EDGE_CURVE('',#4433,#4437,#1224,.T.);
#5917=ADVANCED_FACE('',(#5916),#5908,.F.);
#5923=EDGE_CURVE('',#4505,#4507,#1229,.T.);
#5926=EDGE_CURVE('',#4419,#4535,#1233,.T.);
#5928=EDGE_CURVE('',#4534,#4535,#1238,.T.);
#5930=EDGE_CURVE('',#4534,#4531,#1673,.T.);
#5932=EDGE_CURVE('',#4529,#4531,#1243,.T.);
#5934=EDGE_CURVE('',#4423,#4529,#1645,.T.);
#5937=EDGE_CURVE('',#4422,#4439,#1247,.T.);
#5939=EDGE_CURVE('',#4439,#4445,#1251,.T.);
#5941=EDGE_CURVE('',#4445,#4447,#1256,.T.);
#5943=EDGE_CURVE('',#4447,#4437,#1260,.T.);
#5949=ADVANCED_FACE('',(#5948),#5922,.T.);
#5955=EDGE_CURVE('',#4502,#4503,#1269,.T.);
#5962=ADVANCED_FACE('',(#5961),#5954,.T.);
#5970=EDGE_CURVE('',#3849,#3847,#1296,.T.);
#5976=ADVANCED_FACE('',(#5975),#5967,.F.);
#5982=EDGE_CURVE('',#3869,#3871,#1274,.T.);
#5985=EDGE_CURVE('',#3857,#3861,#1283,.T.);
#5990=ADVANCED_FACE('',(#5989),#5981,.F.);
#5996=EDGE_CURVE('',#3842,#3847,#1292,.T.);
#6003=ADVANCED_FACE('',(#6002),#5995,.F.);
#6010=EDGE_CURVE('',#3867,#3843,#1314,.T.);
#6013=EDGE_CURVE('',#3847,#3857,#1323,.T.);
#6017=ADVANCED_FACE('',(#6016),#6008,.F.);
#6028=EDGE_CURVE('',#3737,#3728,#1343,.T.);
#6030=EDGE_CURVE('',#3728,#3743,#1347,.T.);
#6032=EDGE_CURVE('',#4596,#3743,#1351,.T.);
#6036=ADVANCED_FACE('',(#6035),#6022,.T.);
#6042=EDGE_CURVE('',#3728,#3729,#1356,.T.);
#6046=EDGE_CURVE('',#3725,#3729,#1393,.T.);
#6050=ADVANCED_FACE('',(#6049),#6041,.T.);
#6057=EDGE_CURVE('',#3729,#3735,#1361,.T.);
#6059=EDGE_CURVE('',#3735,#3728,#1366,.T.);
#6063=ADVANCED_FACE('',(#6062),#6055,.T.);
#6069=EDGE_CURVE('',#3732,#3733,#1371,.T.);
#6073=EDGE_CURVE('',#3733,#3729,#1389,.T.);
#6077=ADVANCED_FACE('',(#6076),#6068,.T.);
#6084=EDGE_CURVE('',#3733,#3739,#1376,.T.);
#6086=EDGE_CURVE('',#3739,#3732,#1381,.T.);
#6090=ADVANCED_FACE('',(#6089),#6082,.T.);
#6097=EDGE_CURVE('',#3721,#3733,#1385,.T.);
#6103=ADVANCED_FACE('',(#6102),#6095,.T.);
#6115=ADVANCED_FACE('',(#6114),#6108,.T.);
#6121=EDGE_CURVE('',#3707,#3741,#1402,.T.);
#6128=ADVANCED_FACE('',(#6127),#6120,.T.);
#6240=EDGE_CURVE('',#4548,#3703,#1407,.T.);
#6242=EDGE_CURVE('',#3703,#3707,#1433,.T.);
#6246=ADVANCED_FACE('',(#6245),#6237,.T.);
#6252=EDGE_CURVE('',#4654,#4670,#1438,.T.);
#6259=ADVANCED_FACE('',(#6258),#6251,.T.);
#6303=EDGE_CURVE('',#4670,#4656,#1458,.T.);
#6307=ADVANCED_FACE('',(#6306),#6300,.T.);
#6314=EDGE_CURVE('',#4658,#4660,#1471,.T.);
#6317=EDGE_CURVE('',#4662,#4664,#1785,.T.);
#6319=EDGE_CURVE('',#4664,#4666,#1773,.T.);
#6322=EDGE_CURVE('',#4668,#4675,#2375,.T.);
#6329=ADVANCED_FACE('',(#6328),#6312,.T.);
#6336=EDGE_CURVE('',#4374,#4658,#1483,.T.);
#6338=EDGE_CURVE('',#4374,#3891,#1475,.T.);
#6340=EDGE_CURVE('',#3891,#3893,#1953,.T.);
#6342=EDGE_CURVE('',#4389,#3893,#1813,.T.);
#6344=EDGE_CURVE('',#4660,#4389,#1805,.T.);
#6348=ADVANCED_FACE('',(#6347),#6334,.F.);
#6355=EDGE_CURVE('',#4375,#4377,#1479,.T.);
#6357=EDGE_CURVE('',#4374,#4375,#2474,.T.);
#6362=ADVANCED_FACE('',(#6361),#6353,.T.);
#6368=EDGE_CURVE('',#4375,#3802,#1491,.T.);
#6372=EDGE_CURVE('',#3802,#3806,#1487,.T.);
#6376=ADVANCED_FACE('',(#6375),#6367,.T.);
#6383=EDGE_CURVE('',#3802,#3699,#1495,.T.);
#6385=EDGE_CURVE('',#3699,#3889,#1817,.T.);
#6387=EDGE_CURVE('',#4375,#3889,#2478,.T.);
#6391=ADVANCED_FACE('',(#6390),#6381,.F.);
#6397=EDGE_CURVE('',#3802,#3803,#1499,.T.);
#6399=EDGE_CURVE('',#3803,#3698,#1503,.T.);
#6401=EDGE_CURVE('',#3698,#3699,#1821,.T.);
#6406=ADVANCED_FACE('',(#6405),#6396,.F.);
#6415=EDGE_CURVE('',#3807,#3803,#1507,.T.);
#6419=ADVANCED_FACE('',(#6418),#6411,.T.);
#6428=EDGE_CURVE('',#4411,#4403,#1515,.T.);
#6430=EDGE_CURVE('',#4403,#3698,#1825,.T.);
#6434=ADVANCED_FACE('',(#6433),#6424,.F.);
#6441=EDGE_CURVE('',#4410,#4401,#1519,.T.);
#6443=EDGE_CURVE('',#4401,#4403,#1829,.T.);
#6448=ADVANCED_FACE('',(#6447),#6439,.F.);
#6455=EDGE_CURVE('',#4486,#4490,#1531,.T.);
#6457=EDGE_CURVE('',#4486,#4399,#1527,.T.);
#6459=EDGE_CURVE('',#4399,#4401,#1833,.T.);
#6464=ADVANCED_FACE('',(#6463),#6453,.F.);
#6470=EDGE_CURVE('',#4486,#4487,#1539,.T.);
#6474=EDGE_CURVE('',#4491,#4487,#1535,.T.);
#6478=ADVANCED_FACE('',(#6477),#6469,.T.);
#6485=EDGE_CURVE('',#4487,#4397,#1543,.T.);
#6487=EDGE_CURVE('',#4397,#4399,#1837,.T.);
#6492=ADVANCED_FACE('',(#6491),#6483,.F.);
#6501=EDGE_CURVE('',#4407,#4395,#1551,.T.);
#6503=EDGE_CURVE('',#4395,#4397,#1841,.T.);
#6507=ADVANCED_FACE('',(#6506),#6497,.F.);
#6514=EDGE_CURVE('',#4406,#4393,#1555,.T.);
#6516=EDGE_CURVE('',#4393,#4395,#1845,.T.);
#6521=ADVANCED_FACE('',(#6520),#6512,.F.);
#6528=EDGE_CURVE('',#4483,#4481,#1571,.T.);
#6530=EDGE_CURVE('',#4483,#4391,#1563,.T.);
#6532=EDGE_CURVE('',#4391,#4393,#1849,.T.);
#6537=ADVANCED_FACE('',(#6536),#6526,.F.);
#6544=EDGE_CURVE('',#4368,#4364,#1567,.T.);
#6546=EDGE_CURVE('',#4483,#4368,#2093,.T.);
#6551=ADVANCED_FACE('',(#6550),#6542,.T.);
#6558=EDGE_CURVE('',#4369,#4365,#1575,.T.);
#6560=EDGE_CURVE('',#4368,#4369,#2097,.T.);
#6565=ADVANCED_FACE('',(#6564),#6556,.T.);
#6572=EDGE_CURVE('',#4648,#4371,#1579,.T.);
#6574=EDGE_CURVE('',#4369,#4371,#2105,.T.);
#6579=ADVANCED_FACE('',(#6578),#6570,.T.);
#6585=EDGE_CURVE('',#4646,#4648,#1583,.T.);
#6587=EDGE_CURVE('',#4352,#4646,#2125,.T.);
#6589=EDGE_CURVE('',#4352,#3911,#1587,.T.);
#6591=EDGE_CURVE('',#3911,#3913,#1865,.T.);
#6593=EDGE_CURVE('',#4371,#3913,#2109,.T.);
#6598=ADVANCED_FACE('',(#6597),#6584,.F.);
#6605=EDGE_CURVE('',#3978,#4676,#1602,.T.);
#6609=EDGE_CURVE('',#4640,#4642,#1706,.T.);
#6611=EDGE_CURVE('',#4642,#4644,#2137,.T.);
#6619=ADVANCED_FACE('',(#6618),#6603,.T.);
#6629=EDGE_CURVE('',#3979,#3975,#1607,.T.);
#6633=ADVANCED_FACE('',(#6632),#6624,.T.);
#6640=EDGE_CURVE('',#3975,#4628,#1617,.T.);
#6643=EDGE_CURVE('',#4617,#3979,#1612,.T.);
#6647=ADVANCED_FACE('',(#6646),#6638,.T.);
#6656=EDGE_CURVE('',#4629,#3971,#1627,.T.);
#6660=ADVANCED_FACE('',(#6659),#6652,.T.);
#6667=EDGE_CURVE('',#3967,#4624,#1632,.T.);
#6673=ADVANCED_FACE('',(#6672),#6665,.T.);
#6682=EDGE_CURVE('',#4625,#4621,#1637,.T.);
#6686=ADVANCED_FACE('',(#6685),#6678,.T.);
#6696=EDGE_CURVE('',#4529,#4527,#1649,.T.);
#6700=ADVANCED_FACE('',(#6699),#6691,.T.);
#6709=EDGE_CURVE('',#4531,#4526,#1669,.T.);
#6713=ADVANCED_FACE('',(#6712),#6705,.T.);
#6719=EDGE_CURVE('',#4515,#4510,#1653,.T.);
#6726=ADVANCED_FACE('',(#6725),#6718,.T.);
#6734=EDGE_CURVE('',#4539,#4534,#1677,.T.);
#6739=ADVANCED_FACE('',(#6738),#6731,.T.);
#6746=EDGE_CURVE('',#4513,#4511,#1689,.T.);
#6752=ADVANCED_FACE('',(#6751),#6744,.T.);
#6759=EDGE_CURVE('',#4619,#4616,#1694,.T.);
#6766=ADVANCED_FACE('',(#6765),#6757,.T.);
#6778=ADVANCED_FACE('',(#6777),#6771,.T.);
#6785=EDGE_CURVE('',#4537,#4535,#1698,.T.);
#6791=ADVANCED_FACE('',(#6790),#6783,.T.);
#6803=ADVANCED_FACE('',(#6802),#6796,.T.);
#6810=EDGE_CURVE('',#3823,#4640,#1710,.T.);
#6812=EDGE_CURVE('',#3822,#3823,#2161,.T.);
#6814=EDGE_CURVE('',#3822,#4642,#2145,.T.);
#6818=ADVANCED_FACE('',(#6817),#6808,.T.);
#6825=EDGE_CURVE('',#3825,#3828,#1714,.T.);
#6827=EDGE_CURVE('',#3823,#3825,#2169,.T.);
#6832=ADVANCED_FACE('',(#6831),#6823,.T.);
#6839=EDGE_CURVE('',#3831,#3829,#1718,.T.);
#6841=EDGE_CURVE('',#3825,#3831,#2177,.T.);
#6846=ADVANCED_FACE('',(#6845),#6837,.T.);
#6853=EDGE_CURVE('',#4343,#4341,#1722,.T.);
#6855=EDGE_CURVE('',#3831,#4343,#1733,.T.);
#6860=ADVANCED_FACE('',(#6859),#6851,.T.);
#6872=ADVANCED_FACE('',(#6871),#6865,.T.);
#6880=EDGE_CURVE('',#3995,#3990,#1745,.T.);
#6882=EDGE_CURVE('',#3831,#3995,#2181,.T.);
#6886=ADVANCED_FACE('',(#6885),#6877,.F.);
#6892=EDGE_CURVE('',#4347,#3819,#1737,.T.);
#6894=EDGE_CURVE('',#3819,#3982,#1761,.T.);
#6896=EDGE_CURVE('',#3987,#3982,#1741,.T.);
#6898=EDGE_CURVE('',#4347,#3987,#2344,.T.);
#6902=ADVANCED_FACE('',(#6901),#6891,.F.);
#6908=EDGE_CURVE('',#3982,#3983,#1757,.T.);
#6910=EDGE_CURVE('',#3983,#3985,#2394,.T.);
#6912=EDGE_CURVE('',#3987,#3985,#2348,.T.);
#6917=ADVANCED_FACE('',(#6916),#6907,.F.);
#6924=EDGE_CURVE('',#3991,#3993,#2193,.T.);
#6926=EDGE_CURVE('',#3995,#3993,#2185,.T.);
#6931=ADVANCED_FACE('',(#6930),#6922,.F.);
#6937=EDGE_CURVE('',#3819,#3813,#1749,.T.);
#6939=EDGE_CURVE('',#3813,#3677,#1753,.T.);
#6941=EDGE_CURVE('',#3677,#3679,#1921,.T.);
#6943=EDGE_CURVE('',#3983,#3679,#2398,.T.);
#6949=ADVANCED_FACE('',(#6948),#6936,.F.);
#6956=EDGE_CURVE('',#3813,#3817,#1765,.T.);
#6959=EDGE_CURVE('',#3819,#3816,#2390,.T.);
#6963=ADVANCED_FACE('',(#6962),#6954,.T.);
#6970=EDGE_CURVE('',#3810,#4666,#1769,.T.);
#6972=EDGE_CURVE('',#3813,#3810,#2434,.T.);
#6977=ADVANCED_FACE('',(#6976),#6968,.T.);
#6984=EDGE_CURVE('',#3811,#4664,#1777,.T.);
#6986=EDGE_CURVE('',#3810,#3811,#2442,.T.);
#6991=ADVANCED_FACE('',(#6990),#6982,.T.);
#6998=EDGE_CURVE('',#4664,#4345,#1781,.T.);
#7000=EDGE_CURVE('',#3811,#4345,#2450,.T.);
#7004=ADVANCED_FACE('',(#7003),#6996,.T.);
#7011=EDGE_CURVE('',#4380,#4662,#1797,.T.);
#7013=EDGE_CURVE('',#4380,#3899,#1789,.T.);
#7015=EDGE_CURVE('',#3899,#3901,#1937,.T.);
#7017=EDGE_CURVE('',#4345,#3901,#2454,.T.);
#7022=ADVANCED_FACE('',(#7021),#7009,.F.);
#7029=EDGE_CURVE('',#4381,#4384,#1793,.T.);
#7031=EDGE_CURVE('',#4380,#4381,#2458,.T.);
#7036=ADVANCED_FACE('',(#7035),#7027,.T.);
#7043=EDGE_CURVE('',#4387,#4385,#1801,.T.);
#7045=EDGE_CURVE('',#4381,#4387,#2466,.T.);
#7050=ADVANCED_FACE('',(#7049),#7041,.T.);
#7058=EDGE_CURVE('',#4387,#4389,#1809,.T.);
#7063=ADVANCED_FACE('',(#7062),#7055,.T.);
#7071=EDGE_CURVE('',#3893,#3895,#1949,.T.);
#7073=EDGE_CURVE('',#4387,#3895,#2470,.T.);
#7077=ADVANCED_FACE('',(#7076),#7068,.F.);
#7092=EDGE_CURVE('',#3917,#4391,#1853,.T.);
#7094=EDGE_CURVE('',#3915,#3917,#1857,.T.);
#7096=EDGE_CURVE('',#3913,#3915,#1861,.T.);
#7099=EDGE_CURVE('',#3909,#3911,#1869,.T.);
#7101=EDGE_CURVE('',#3907,#3909,#1873,.T.);
#7103=EDGE_CURVE('',#3905,#3907,#1877,.T.);
#7105=EDGE_CURVE('',#3903,#3905,#1881,.T.);
#7107=EDGE_CURVE('',#3695,#3903,#1885,.T.);
#7109=EDGE_CURVE('',#3693,#3695,#1889,.T.);
#7111=EDGE_CURVE('',#3691,#3693,#1893,.T.);
#7113=EDGE_CURVE('',#3689,#3691,#1897,.T.);
#7115=EDGE_CURVE('',#3687,#3689,#1901,.T.);
#7118=EDGE_CURVE('',#3683,#3686,#1909,.T.);
#7120=EDGE_CURVE('',#3681,#3683,#1913,.T.);
#7122=EDGE_CURVE('',#3679,#3681,#1917,.T.);
#7125=EDGE_CURVE('',#3675,#3677,#1925,.T.);
#7127=EDGE_CURVE('',#3674,#3675,#1929,.T.);
#7129=EDGE_CURVE('',#3901,#3674,#1933,.T.);
#7132=EDGE_CURVE('',#3897,#3899,#1941,.T.);
#7134=EDGE_CURVE('',#3895,#3897,#1945,.T.);
#7138=EDGE_CURVE('',#3889,#3891,#1957,.T.);
#7142=EDGE_CURVE('',#3794,#3795,#1961,.T.);
#7144=EDGE_CURVE('',#3795,#3797,#1965,.T.);
#7146=EDGE_CURVE('',#3797,#3799,#1969,.T.);
#7148=EDGE_CURVE('',#3799,#3794,#1973,.T.);
#7152=EDGE_CURVE('',#3881,#3883,#1977,.T.);
#7154=EDGE_CURVE('',#3883,#3885,#1981,.T.);
#7156=EDGE_CURVE('',#3885,#3887,#1985,.T.);
#7158=EDGE_CURVE('',#3887,#3881,#1989,.T.);
#7162=EDGE_CURVE('',#4073,#4075,#1993,.T.);
#7164=EDGE_CURVE('',#4075,#4077,#1997,.T.);
#7166=EDGE_CURVE('',#4077,#4079,#2001,.T.);
#7168=EDGE_CURVE('',#4079,#4073,#2005,.T.);
#7172=EDGE_CURVE('',#4089,#4091,#2009,.T.);
#7174=EDGE_CURVE('',#4091,#4093,#2013,.T.);
#7176=EDGE_CURVE('',#4093,#4095,#2017,.T.);
#7178=EDGE_CURVE('',#4095,#4089,#2021,.T.);
#7182=EDGE_CURVE('',#4165,#4167,#2025,.T.);
#7184=EDGE_CURVE('',#4167,#4169,#2029,.T.);
#7186=EDGE_CURVE('',#4169,#4171,#2033,.T.);
#7188=EDGE_CURVE('',#4171,#4165,#2037,.T.);
#7192=EDGE_CURVE('',#4181,#4183,#2041,.T.);
#7194=EDGE_CURVE('',#4183,#4185,#2045,.T.);
#7196=EDGE_CURVE('',#4185,#4187,#2049,.T.);
#7198=EDGE_CURVE('',#4187,#4181,#2053,.T.);
#7202=EDGE_CURVE('',#4257,#4259,#2057,.T.);
#7204=EDGE_CURVE('',#4259,#4261,#2061,.T.);
#7206=EDGE_CURVE('',#4261,#4263,#2065,.T.);
#7208=EDGE_CURVE('',#4263,#4257,#2069,.T.);
#7212=EDGE_CURVE('',#4273,#4275,#2073,.T.);
#7214=EDGE_CURVE('',#4275,#4277,#2077,.T.);
#7216=EDGE_CURVE('',#4277,#4279,#2081,.T.);
#7218=EDGE_CURVE('',#4279,#4273,#2085,.T.);
#7222=ADVANCED_FACE('',(#7141,#7151,#7161,#7171,#7181,#7191,#7201,#7211,#7221),
#7082,.F.);
#7228=EDGE_CURVE('',#4368,#3917,#2089,.T.);
#7235=ADVANCED_FACE('',(#7234),#7227,.F.);
#7242=EDGE_CURVE('',#4369,#3915,#2101,.T.);
#7248=ADVANCED_FACE('',(#7247),#7240,.F.);
#7260=ADVANCED_FACE('',(#7259),#7253,.F.);
#7266=EDGE_CURVE('',#4352,#4353,#2113,.T.);
#7268=EDGE_CURVE('',#4353,#3909,#2117,.T.);
#7274=ADVANCED_FACE('',(#7273),#7265,.F.);
#7281=EDGE_CURVE('',#4353,#4356,#2121,.T.);
#7287=ADVANCED_FACE('',(#7286),#7279,.T.);
#7294=EDGE_CURVE('',#4359,#4357,#2129,.T.);
#7296=EDGE_CURVE('',#4353,#4359,#2209,.T.);
#7301=ADVANCED_FACE('',(#7300),#7292,.T.);
#7308=EDGE_CURVE('',#4644,#4361,#2133,.T.);
#7310=EDGE_CURVE('',#4359,#4361,#2201,.T.);
#7315=ADVANCED_FACE('',(#7314),#7306,.T.);
#7322=EDGE_CURVE('',#3919,#4642,#2149,.T.);
#7324=EDGE_CURVE('',#3919,#3903,#2141,.T.);
#7327=EDGE_CURVE('',#4361,#3905,#2205,.T.);
#7332=ADVANCED_FACE('',(#7331),#7320,.F.);
#7339=EDGE_CURVE('',#3919,#3822,#2157,.T.);
#7344=ADVANCED_FACE('',(#7343),#7337,.T.);
#7350=EDGE_CURVE('',#3822,#3695,#2153,.T.);
#7357=ADVANCED_FACE('',(#7356),#7349,.F.);
#7364=EDGE_CURVE('',#3823,#3693,#2165,.T.);
#7370=ADVANCED_FACE('',(#7369),#7362,.F.);
#7377=EDGE_CURVE('',#3825,#3691,#2173,.T.);
#7383=ADVANCED_FACE('',(#7382),#7375,.F.);
#7392=EDGE_CURVE('',#3993,#3689,#2189,.T.);
#7398=ADVANCED_FACE('',(#7397),#7388,.F.);
#7410=ADVANCED_FACE('',(#7409),#7403,.F.);
#7419=EDGE_CURVE('',#4359,#3907,#2213,.T.);
#7423=ADVANCED_FACE('',(#7422),#7415,.F.);
#7435=ADVANCED_FACE('',(#7434),#7428,.F.);
#7441=EDGE_CURVE('',#3934,#3946,#2217,.T.);
#7443=EDGE_CURVE('',#3946,#4002,#2221,.T.);
#7445=EDGE_CURVE('',#4002,#4003,#2225,.T.);
#7447=EDGE_CURVE('',#3950,#4003,#2229,.T.);
#7449=EDGE_CURVE('',#3950,#3922,#2233,.T.);
#7451=EDGE_CURVE('',#3922,#3683,#2237,.T.);
#7457=ADVANCED_FACE('',(#7456),#7440,.F.);
#7463=EDGE_CURVE('',#3946,#3947,#2241,.T.);
#7467=EDGE_CURVE('',#3947,#3935,#2312,.T.);
#7471=ADVANCED_FACE('',(#7470),#7462,.T.);
#7477=EDGE_CURVE('',#3950,#3951,#2245,.T.);
#7479=EDGE_CURVE('',#3923,#3951,#2331,.T.);
#7481=EDGE_CURVE('',#3922,#3923,#2356,.T.);
#7486=ADVANCED_FACE('',(#7485),#7476,.T.);
#7492=EDGE_CURVE('',#3839,#3835,#2249,.T.);
#7494=EDGE_CURVE('',#3835,#4002,#2422,.T.);
#7498=EDGE_CURVE('',#3947,#3953,#2308,.T.);
#7500=EDGE_CURVE('',#3953,#3957,#2291,.T.);
#7502=EDGE_CURVE('',#3957,#3961,#2274,.T.);
#7504=EDGE_CURVE('',#3961,#3839,#2257,.T.);
#7508=ADVANCED_FACE('',(#7507),#7491,.F.);
#7514=EDGE_CURVE('',#3837,#3834,#2253,.T.);
#7516=EDGE_CURVE('',#3834,#3835,#2426,.T.);
#7519=EDGE_CURVE('',#3837,#3839,#2402,.T.);
#7523=ADVANCED_FACE('',(#7522),#7513,.F.);
#7530=EDGE_CURVE('',#3963,#3837,#2265,.T.);
#7532=EDGE_CURVE('',#3959,#3963,#2283,.T.);
#7534=EDGE_CURVE('',#3955,#3959,#2299,.T.);
#7536=EDGE_CURVE('',#3951,#3955,#2322,.T.);
#7540=EDGE_CURVE('',#4003,#3834,#2430,.T.);
#7544=ADVANCED_FACE('',(#7543),#7528,.F.);
#7551=EDGE_CURVE('',#3961,#3941,#2261,.T.);
#7554=EDGE_CURVE('',#3943,#3839,#2406,.T.);
#7558=ADVANCED_FACE('',(#7557),#7549,.T.);
#7565=EDGE_CURVE('',#3837,#3931,#2418,.T.);
#7567=EDGE_CURVE('',#3931,#3929,#2369,.T.);
#7569=EDGE_CURVE('',#3929,#3963,#2269,.T.);
#7573=ADVANCED_FACE('',(#7572),#7563,.T.);
#7580=EDGE_CURVE('',#3957,#3939,#2278,.T.);
#7586=ADVANCED_FACE('',(#7585),#7578,.T.);
#7594=EDGE_CURVE('',#3927,#3929,#2365,.T.);
#7596=EDGE_CURVE('',#3927,#3959,#2287,.T.);
#7600=ADVANCED_FACE('',(#7599),#7591,.T.);
#7607=EDGE_CURVE('',#3953,#3938,#2295,.T.);
#7613=ADVANCED_FACE('',(#7612),#7605,.T.);
#7621=EDGE_CURVE('',#3926,#3927,#2360,.T.);
#7623=EDGE_CURVE('',#3926,#3955,#2303,.T.);
#7627=ADVANCED_FACE('',(#7626),#7618,.T.);
#7639=ADVANCED_FACE('',(#7638),#7632,.T.);
#7647=EDGE_CURVE('',#3926,#3923,#2327,.T.);
#7652=ADVANCED_FACE('',(#7651),#7644,.T.);
#7658=EDGE_CURVE('',#4672,#4674,#2336,.T.);
#7660=EDGE_CURVE('',#4347,#4672,#2340,.T.);
#7664=EDGE_CURVE('',#3985,#3681,#2352,.T.);
#7673=EDGE_CURVE('',#3931,#3999,#2414,.T.);
#7678=ADVANCED_FACE('',(#7677),#7657,.F.);
#7684=EDGE_CURVE('',#4671,#4672,#2382,.T.);
#7693=ADVANCED_FACE('',(#7692),#7683,.T.);
#7701=EDGE_CURVE('',#4347,#4349,#2386,.T.);
#7706=ADVANCED_FACE('',(#7705),#7698,.T.);
#7718=ADVANCED_FACE('',(#7717),#7711,.T.);
#7730=ADVANCED_FACE('',(#7729),#7723,.F.);
#7744=ADVANCED_FACE('',(#7743),#7735,.T.);
#7756=ADVANCED_FACE('',(#7755),#7749,.T.);
#7763=EDGE_CURVE('',#3810,#3675,#2438,.T.);
#7769=ADVANCED_FACE('',(#7768),#7761,.F.);
#7776=EDGE_CURVE('',#3811,#3674,#2446,.T.);
#7782=ADVANCED_FACE('',(#7781),#7774,.F.);
#7794=ADVANCED_FACE('',(#7793),#7787,.F.);
#7801=EDGE_CURVE('',#4381,#3897,#2462,.T.);
#7807=ADVANCED_FACE('',(#7806),#7799,.F.);
#7819=ADVANCED_FACE('',(#7818),#7812,.F.);
#7831=ADVANCED_FACE('',(#7830),#7824,.F.);
#7838=EDGE_CURVE('',#3794,#3786,#2482,.T.);
#7840=EDGE_CURVE('',#3786,#3787,#2498,.T.);
#7842=EDGE_CURVE('',#3795,#3787,#2494,.T.);
#7846=ADVANCED_FACE('',(#7845),#7836,.T.);
#7853=EDGE_CURVE('',#3799,#3791,#2486,.T.);
#7855=EDGE_CURVE('',#3791,#3786,#2502,.T.);
#7860=ADVANCED_FACE('',(#7859),#7851,.T.);
#7867=EDGE_CURVE('',#3797,#3789,#2490,.T.);
#7869=EDGE_CURVE('',#3789,#3791,#2506,.T.);
#7874=ADVANCED_FACE('',(#7873),#7865,.T.);
#7882=EDGE_CURVE('',#3787,#3789,#2510,.T.);
#7887=ADVANCED_FACE('',(#7886),#7879,.T.);
#7899=ADVANCED_FACE('',(#7898),#7892,.T.);
#7905=EDGE_CURVE('',#3874,#3875,#2514,.T.);
#7907=EDGE_CURVE('',#3875,#3879,#2518,.T.);
#7909=EDGE_CURVE('',#3879,#3877,#2522,.T.);
#7911=EDGE_CURVE('',#3877,#3874,#2526,.T.);
#7915=ADVANCED_FACE('',(#7914),#7904,.T.);
#7921=EDGE_CURVE('',#3875,#3881,#2530,.T.);
#7924=EDGE_CURVE('',#3874,#3883,#2542,.T.);
#7929=ADVANCED_FACE('',(#7928),#7920,.T.);
#7937=EDGE_CURVE('',#3879,#3887,#2534,.T.);
#7942=ADVANCED_FACE('',(#7941),#7934,.T.);
#7948=EDGE_CURVE('',#3877,#3885,#2538,.T.);
#7955=ADVANCED_FACE('',(#7954),#7947,.T.);
#7967=ADVANCED_FACE('',(#7966),#7960,.T.);
#7973=EDGE_CURVE('',#4073,#4066,#2546,.T.);
#7975=EDGE_CURVE('',#4066,#4067,#2562,.T.);
#7977=EDGE_CURVE('',#4075,#4067,#2558,.T.);
#7982=ADVANCED_FACE('',(#7981),#7972,.T.);
#7990=EDGE_CURVE('',#4079,#4071,#2550,.T.);
#7992=EDGE_CURVE('',#4071,#4066,#2566,.T.);
#7996=ADVANCED_FACE('',(#7995),#7987,.T.);
#8002=EDGE_CURVE('',#4077,#4069,#2554,.T.);
#8004=EDGE_CURVE('',#4069,#4071,#2570,.T.);
#8010=ADVANCED_FACE('',(#8009),#8001,.T.);
#8017=EDGE_CURVE('',#4067,#4069,#2574,.T.);
#8023=ADVANCED_FACE('',(#8022),#8015,.T.);
#8035=ADVANCED_FACE('',(#8034),#8028,.T.);
#8041=EDGE_CURVE('',#4082,#4083,#2578,.T.);
#8043=EDGE_CURVE('',#4083,#4087,#2582,.T.);
#8045=EDGE_CURVE('',#4087,#4085,#2586,.T.);
#8047=EDGE_CURVE('',#4085,#4082,#2590,.T.);
#8051=ADVANCED_FACE('',(#8050),#8040,.T.);
#8057=EDGE_CURVE('',#4083,#4089,#2594,.T.);
#8060=EDGE_CURVE('',#4082,#4091,#2606,.T.);
#8065=ADVANCED_FACE('',(#8064),#8056,.T.);
#8073=EDGE_CURVE('',#4087,#4095,#2598,.T.);
#8078=ADVANCED_FACE('',(#8077),#8070,.T.);
#8084=EDGE_CURVE('',#4085,#4093,#2602,.T.);
#8091=ADVANCED_FACE('',(#8090),#8083,.T.);
#8103=ADVANCED_FACE('',(#8102),#8096,.T.);
#8109=EDGE_CURVE('',#4165,#4158,#2610,.T.);
#8111=EDGE_CURVE('',#4158,#4159,#2626,.T.);
#8113=EDGE_CURVE('',#4167,#4159,#2622,.T.);
#8118=ADVANCED_FACE('',(#8117),#8108,.T.);
#8126=EDGE_CURVE('',#4171,#4163,#2614,.T.);
#8128=EDGE_CURVE('',#4163,#4158,#2630,.T.);
#8132=ADVANCED_FACE('',(#8131),#8123,.T.);
#8138=EDGE_CURVE('',#4169,#4161,#2618,.T.);
#8140=EDGE_CURVE('',#4161,#4163,#2634,.T.);
#8146=ADVANCED_FACE('',(#8145),#8137,.T.);
#8153=EDGE_CURVE('',#4159,#4161,#2638,.T.);
#8159=ADVANCED_FACE('',(#8158),#8151,.T.);
#8171=ADVANCED_FACE('',(#8170),#8164,.T.);
#8177=EDGE_CURVE('',#4174,#4175,#2642,.T.);
#8179=EDGE_CURVE('',#4175,#4179,#2646,.T.);
#8181=EDGE_CURVE('',#4179,#4177,#2650,.T.);
#8183=EDGE_CURVE('',#4177,#4174,#2654,.T.);
#8187=ADVANCED_FACE('',(#8186),#8176,.T.);
#8193=EDGE_CURVE('',#4175,#4181,#2658,.T.);
#8196=EDGE_CURVE('',#4174,#4183,#2670,.T.);
#8201=ADVANCED_FACE('',(#8200),#8192,.T.);
#8209=EDGE_CURVE('',#4179,#4187,#2662,.T.);
#8214=ADVANCED_FACE('',(#8213),#8206,.T.);
#8220=EDGE_CURVE('',#4177,#4185,#2666,.T.);
#8227=ADVANCED_FACE('',(#8226),#8219,.T.);
#8239=ADVANCED_FACE('',(#8238),#8232,.T.);
#8245=EDGE_CURVE('',#4257,#4250,#2674,.T.);
#8247=EDGE_CURVE('',#4250,#4251,#2690,.T.);
#8249=EDGE_CURVE('',#4259,#4251,#2686,.T.);
#8254=ADVANCED_FACE('',(#8253),#8244,.T.);
#8262=EDGE_CURVE('',#4263,#4255,#2678,.T.);
#8264=EDGE_CURVE('',#4255,#4250,#2694,.T.);
#8268=ADVANCED_FACE('',(#8267),#8259,.T.);
#8274=EDGE_CURVE('',#4261,#4253,#2682,.T.);
#8276=EDGE_CURVE('',#4253,#4255,#2698,.T.);
#8282=ADVANCED_FACE('',(#8281),#8273,.T.);
#8289=EDGE_CURVE('',#4251,#4253,#2702,.T.);
#8295=ADVANCED_FACE('',(#8294),#8287,.T.);
#8307=ADVANCED_FACE('',(#8306),#8300,.T.);
#8313=EDGE_CURVE('',#4266,#4267,#2706,.T.);
#8315=EDGE_CURVE('',#4267,#4271,#2710,.T.);
#8317=EDGE_CURVE('',#4271,#4269,#2714,.T.);
#8319=EDGE_CURVE('',#4269,#4266,#2718,.T.);
#8323=ADVANCED_FACE('',(#8322),#8312,.T.);
#8329=EDGE_CURVE('',#4267,#4273,#2722,.T.);
#8332=EDGE_CURVE('',#4266,#4275,#2734,.T.);
#8337=ADVANCED_FACE('',(#8336),#8328,.T.);
#8345=EDGE_CURVE('',#4271,#4279,#2726,.T.);
#8350=ADVANCED_FACE('',(#8349),#8342,.T.);
#8356=EDGE_CURVE('',#4269,#4277,#2730,.T.);
#8363=ADVANCED_FACE('',(#8362),#8355,.T.);
#8375=ADVANCED_FACE('',(#8374),#8368,.T.);
#8382=EDGE_CURVE('',#3706,#3702,#2739,.T.);
#8388=ADVANCED_FACE('',(#8387),#8380,.F.);
#8396=EDGE_CURVE('',#4550,#3743,#2754,.T.);
#8398=EDGE_CURVE('',#3743,#3706,#2744,.T.);
#8402=ADVANCED_FACE('',(#8401),#8393,.F.);
#8414=ADVANCED_FACE('',(#8413),#8407,.F.);
#8426=ADVANCED_FACE('',(#8425),#8419,.T.);
#8433=EDGE_CURVE('',#3856,#3857,#2758,.T.);
#8436=EDGE_CURVE('',#3860,#3861,#2770,.T.);
#8440=ADVANCED_FACE('',(#8439),#8431,.T.);
#8447=EDGE_CURVE('',#3865,#3847,#2762,.T.);
#8453=ADVANCED_FACE('',(#8452),#8445,.T.);
#8460=EDGE_CURVE('',#3863,#3842,#2766,.T.);
#8466=ADVANCED_FACE('',(#8465),#8458,.T.);
#8472=EDGE_CURVE('',#3842,#3861,#2779,.T.);
#8479=ADVANCED_FACE('',(#8478),#8471,.T.);
#8491=ADVANCED_FACE('',(#8490),#8484,.F.);
#8497=EDGE_CURVE('',#4063,#4451,#2788,.T.);
#8499=EDGE_CURVE('',#4451,#4439,#2996,.T.);
#8505=ADVANCED_FACE('',(#8504),#8496,.F.);
#8511=EDGE_CURVE('',#4155,#4459,#2792,.T.);
#8513=EDGE_CURVE('',#4459,#4449,#3012,.T.);
#8515=EDGE_CURVE('',#4061,#4449,#2796,.T.);
#8520=ADVANCED_FACE('',(#8519),#8510,.F.);
#8526=EDGE_CURVE('',#4247,#4467,#2800,.T.);
#8528=EDGE_CURVE('',#4467,#4457,#3028,.T.);
#8530=EDGE_CURVE('',#4149,#4457,#2804,.T.);
#8535=ADVANCED_FACE('',(#8534),#8525,.F.);
#8541=EDGE_CURVE('',#4333,#4473,#2808,.T.);
#8545=EDGE_CURVE('',#4435,#4473,#2992,.T.);
#8549=ADVANCED_FACE('',(#8548),#8540,.F.);
#8555=EDGE_CURVE('',#4339,#4475,#2812,.T.);
#8557=EDGE_CURVE('',#4475,#4465,#3044,.T.);
#8559=EDGE_CURVE('',#4241,#4465,#2816,.T.);
#8564=ADVANCED_FACE('',(#8563),#8554,.F.);
#8571=EDGE_CURVE('',#4039,#4059,#2820,.T.);
#8573=EDGE_CURVE('',#4037,#4039,#2825,.T.);
#8575=EDGE_CURVE('',#4035,#4037,#2829,.T.);
#8577=EDGE_CURVE('',#4033,#4035,#2833,.T.);
#8579=EDGE_CURVE('',#4031,#4033,#2837,.T.);
#8581=EDGE_CURVE('',#4030,#4031,#2842,.T.);
#8583=EDGE_CURVE('',#4058,#4030,#2846,.T.);
#8587=ADVANCED_FACE('',(#8586),#8569,.T.);
#8593=EDGE_CURVE('',#4051,#4063,#2850,.T.);
#8595=EDGE_CURVE('',#4049,#4051,#2855,.T.);
#8597=EDGE_CURVE('',#4047,#4049,#2859,.T.);
#8599=EDGE_CURVE('',#4045,#4047,#2863,.T.);
#8601=EDGE_CURVE('',#4043,#4045,#2867,.T.);
#8603=EDGE_CURVE('',#4042,#4043,#2872,.T.);
#8605=EDGE_CURVE('',#4455,#4042,#2984,.T.);
#8607=EDGE_CURVE('',#4451,#4455,#3000,.T.);
#8612=ADVANCED_FACE('',(#8611),#8592,.T.);
#8619=EDGE_CURVE('',#4015,#4055,#2906,.T.);
#8621=EDGE_CURVE('',#4015,#4039,#2876,.T.);
#8626=ADVANCED_FACE('',(#8625),#8617,.T.);
#8633=EDGE_CURVE('',#4054,#4006,#2880,.T.);
#8635=EDGE_CURVE('',#4006,#4007,#2885,.T.);
#8637=EDGE_CURVE('',#4007,#4009,#2889,.T.);
#8639=EDGE_CURVE('',#4009,#4011,#2893,.T.);
#8641=EDGE_CURVE('',#4011,#4013,#2897,.T.);
#8643=EDGE_CURVE('',#4013,#4015,#2902,.T.);
#8648=ADVANCED_FACE('',(#8647),#8631,.F.);
#8654=EDGE_CURVE('',#4027,#4061,#2910,.T.);
#8657=EDGE_CURVE('',#4449,#4453,#3008,.T.);
#8659=EDGE_CURVE('',#4018,#4453,#2980,.T.);
#8661=EDGE_CURVE('',#4018,#4019,#2915,.T.);
#8663=EDGE_CURVE('',#4019,#4021,#2919,.T.);
#8665=EDGE_CURVE('',#4021,#4023,#2923,.T.);
#8667=EDGE_CURVE('',#4023,#4025,#2927,.T.);
#8669=EDGE_CURVE('',#4025,#4027,#2932,.T.);
#8673=ADVANCED_FACE('',(#8672),#8653,.F.);
#8681=EDGE_CURVE('',#4006,#4030,#2936,.T.);
#8686=ADVANCED_FACE('',(#8685),#8678,.T.);
#8695=EDGE_CURVE('',#4007,#4031,#2940,.T.);
#8699=ADVANCED_FACE('',(#8698),#8691,.F.);
#8708=EDGE_CURVE('',#4009,#4033,#2944,.T.);
#8712=ADVANCED_FACE('',(#8711),#8704,.T.);
#8721=EDGE_CURVE('',#4011,#4035,#2948,.T.);
#8725=ADVANCED_FACE('',(#8724),#8717,.T.);
#8734=EDGE_CURVE('',#4013,#4037,#2952,.T.);
#8738=ADVANCED_FACE('',(#8737),#8730,.T.);
#8750=ADVANCED_FACE('',(#8749),#8743,.T.);
#8757=EDGE_CURVE('',#4027,#4051,#2956,.T.);
#8763=ADVANCED_FACE('',(#8762),#8755,.T.);
#8770=EDGE_CURVE('',#4025,#4049,#2960,.T.);
#8776=ADVANCED_FACE('',(#8775),#8768,.T.);
#8783=EDGE_CURVE('',#4023,#4047,#2964,.T.);
#8789=ADVANCED_FACE('',(#8788),#8781,.T.);
#8796=EDGE_CURVE('',#4021,#4045,#2968,.T.);
#8802=ADVANCED_FACE('',(#8801),#8794,.T.);
#8809=EDGE_CURVE('',#4019,#4043,#2972,.T.);
#8815=ADVANCED_FACE('',(#8814),#8807,.T.);
#8822=EDGE_CURVE('',#4018,#4042,#2976,.T.);
#8828=ADVANCED_FACE('',(#8827),#8820,.F.);
#8835=EDGE_CURVE('',#4453,#4455,#3004,.T.);
#8841=ADVANCED_FACE('',(#8840),#8833,.T.);
#8847=EDGE_CURVE('',#4473,#4477,#2988,.T.);
#8851=EDGE_CURVE('',#4441,#4445,#3224,.T.);
#8859=EDGE_CURVE('',#4459,#4463,#3016,.T.);
#8861=EDGE_CURVE('',#4461,#4463,#3020,.T.);
#8863=EDGE_CURVE('',#4457,#4461,#3024,.T.);
#8866=EDGE_CURVE('',#4467,#4471,#3032,.T.);
#8868=EDGE_CURVE('',#4469,#4471,#3036,.T.);
#8870=EDGE_CURVE('',#4465,#4469,#3040,.T.);
#8873=EDGE_CURVE('',#4475,#4479,#3048,.T.);
#8875=EDGE_CURVE('',#4477,#4479,#3052,.T.);
#8879=ADVANCED_FACE('',(#8878),#8846,.F.);
#8885=EDGE_CURVE('',#4329,#4282,#3056,.T.);
#8887=EDGE_CURVE('',#4282,#4283,#3061,.T.);
#8889=EDGE_CURVE('',#4283,#4285,#3065,.T.);
#8891=EDGE_CURVE('',#4285,#4287,#3069,.T.);
#8893=EDGE_CURVE('',#4287,#4289,#3073,.T.);
#8895=EDGE_CURVE('',#4289,#4291,#3078,.T.);
#8897=EDGE_CURVE('',#4291,#4331,#3082,.T.);
#8902=ADVANCED_FACE('',(#8901),#8884,.F.);
#8908=EDGE_CURVE('',#4303,#4333,#3086,.T.);
#8912=EDGE_CURVE('',#4294,#4477,#3216,.T.);
#8914=EDGE_CURVE('',#4294,#4295,#3091,.T.);
#8916=EDGE_CURVE('',#4295,#4297,#3095,.T.);
#8918=EDGE_CURVE('',#4297,#4299,#3099,.T.);
#8920=EDGE_CURVE('',#4299,#4301,#3103,.T.);
#8922=EDGE_CURVE('',#4301,#4303,#3108,.T.);
#8926=ADVANCED_FACE('',(#8925),#8907,.F.);
#8934=EDGE_CURVE('',#4335,#4306,#3112,.T.);
#8936=EDGE_CURVE('',#4282,#4306,#3188,.T.);
#8940=ADVANCED_FACE('',(#8939),#8931,.T.);
#8948=EDGE_CURVE('',#4315,#4337,#3116,.T.);
#8950=EDGE_CURVE('',#4313,#4315,#3121,.T.);
#8952=EDGE_CURVE('',#4311,#4313,#3125,.T.);
#8954=EDGE_CURVE('',#4309,#4311,#3129,.T.);
#8956=EDGE_CURVE('',#4307,#4309,#3133,.T.);
#8958=EDGE_CURVE('',#4306,#4307,#3138,.T.);
#8962=ADVANCED_FACE('',(#8961),#8945,.T.);
#8968=EDGE_CURVE('',#4327,#4339,#3142,.T.);
#8970=EDGE_CURVE('',#4325,#4327,#3147,.T.);
#8972=EDGE_CURVE('',#4323,#4325,#3151,.T.);
#8974=EDGE_CURVE('',#4321,#4323,#3155,.T.);
#8976=EDGE_CURVE('',#4319,#4321,#3159,.T.);
#8978=EDGE_CURVE('',#4318,#4319,#3164,.T.);
#8980=EDGE_CURVE('',#4479,#4318,#3220,.T.);
#8986=ADVANCED_FACE('',(#8985),#8967,.T.);
#8993=EDGE_CURVE('',#4291,#4315,#3168,.T.);
#8999=ADVANCED_FACE('',(#8998),#8991,.T.);
#9006=EDGE_CURVE('',#4289,#4313,#3172,.T.);
#9012=ADVANCED_FACE('',(#9011),#9004,.T.);
#9019=EDGE_CURVE('',#4287,#4311,#3176,.T.);
#9025=ADVANCED_FACE('',(#9024),#9017,.T.);
#9032=EDGE_CURVE('',#4285,#4309,#3180,.T.);
#9038=ADVANCED_FACE('',(#9037),#9030,.T.);
#9045=EDGE_CURVE('',#4283,#4307,#3184,.T.);
#9051=ADVANCED_FACE('',(#9050),#9043,.T.);
#9063=ADVANCED_FACE('',(#9062),#9056,.F.);
#9070=EDGE_CURVE('',#4303,#4327,#3192,.T.);
#9076=ADVANCED_FACE('',(#9075),#9068,.T.);
#9083=EDGE_CURVE('',#4301,#4325,#3196,.T.);
#9089=ADVANCED_FACE('',(#9088),#9081,.T.);
#9096=EDGE_CURVE('',#4299,#4323,#3200,.T.);
#9102=ADVANCED_FACE('',(#9101),#9094,.T.);
#9109=EDGE_CURVE('',#4297,#4321,#3204,.T.);
#9115=ADVANCED_FACE('',(#9114),#9107,.T.);
#9122=EDGE_CURVE('',#4295,#4319,#3208,.T.);
#9128=ADVANCED_FACE('',(#9127),#9120,.T.);
#9135=EDGE_CURVE('',#4294,#4318,#3212,.T.);
#9141=ADVANCED_FACE('',(#9140),#9133,.F.);
#9153=ADVANCED_FACE('',(#9152),#9146,.T.);
#9160=EDGE_CURVE('',#4443,#4447,#3228,.T.);
#9166=ADVANCED_FACE('',(#9165),#9158,.T.);
#9178=ADVANCED_FACE('',(#9177),#9171,.F.);
#9184=EDGE_CURVE('',#4151,#4122,#3232,.T.);
#9187=EDGE_CURVE('',#4131,#4153,#3236,.T.);
#9189=EDGE_CURVE('',#4129,#4131,#3241,.T.);
#9191=EDGE_CURVE('',#4127,#4129,#3245,.T.);
#9193=EDGE_CURVE('',#4125,#4127,#3249,.T.);
#9195=EDGE_CURVE('',#4123,#4125,#3253,.T.);
#9197=EDGE_CURVE('',#4122,#4123,#3258,.T.);
#9201=ADVANCED_FACE('',(#9200),#9183,.T.);
#9207=EDGE_CURVE('',#4143,#4155,#3262,.T.);
#9209=EDGE_CURVE('',#4141,#4143,#3267,.T.);
#9211=EDGE_CURVE('',#4139,#4141,#3271,.T.);
#9213=EDGE_CURVE('',#4137,#4139,#3275,.T.);
#9215=EDGE_CURVE('',#4135,#4137,#3279,.T.);
#9217=EDGE_CURVE('',#4134,#4135,#3284,.T.);
#9219=EDGE_CURVE('',#4463,#4134,#3396,.T.);
#9225=ADVANCED_FACE('',(#9224),#9206,.T.);
#9231=EDGE_CURVE('',#4145,#4098,#3288,.T.);
#9235=EDGE_CURVE('',#4098,#4122,#3344,.T.);
#9239=ADVANCED_FACE('',(#9238),#9230,.T.);
#9246=EDGE_CURVE('',#4098,#4099,#3293,.T.);
#9248=EDGE_CURVE('',#4099,#4101,#3297,.T.);
#9250=EDGE_CURVE('',#4101,#4103,#3301,.T.);
#9252=EDGE_CURVE('',#4103,#4105,#3305,.T.);
#9254=EDGE_CURVE('',#4105,#4107,#3310,.T.);
#9256=EDGE_CURVE('',#4107,#4147,#3314,.T.);
#9261=ADVANCED_FACE('',(#9260),#9244,.F.);
#9267=EDGE_CURVE('',#4119,#4149,#3318,.T.);
#9271=EDGE_CURVE('',#4110,#4461,#3392,.T.);
#9273=EDGE_CURVE('',#4110,#4111,#3323,.T.);
#9275=EDGE_CURVE('',#4111,#4113,#3327,.T.);
#9277=EDGE_CURVE('',#4113,#4115,#3331,.T.);
#9279=EDGE_CURVE('',#4115,#4117,#3335,.T.);
#9281=EDGE_CURVE('',#4117,#4119,#3340,.T.);
#9285=ADVANCED_FACE('',(#9284),#9266,.F.);
#9294=EDGE_CURVE('',#4099,#4123,#3348,.T.);
#9298=ADVANCED_FACE('',(#9297),#9290,.F.);
#9307=EDGE_CURVE('',#4101,#4125,#3352,.T.);
#9311=ADVANCED_FACE('',(#9310),#9303,.T.);
#9320=EDGE_CURVE('',#4103,#4127,#3356,.T.);
#9324=ADVANCED_FACE('',(#9323),#9316,.T.);
#9333=EDGE_CURVE('',#4105,#4129,#3360,.T.);
#9337=ADVANCED_FACE('',(#9336),#9329,.T.);
#9346=EDGE_CURVE('',#4107,#4131,#3364,.T.);
#9350=ADVANCED_FACE('',(#9349),#9342,.T.);
#9362=ADVANCED_FACE('',(#9361),#9355,.T.);
#9369=EDGE_CURVE('',#4119,#4143,#3368,.T.);
#9375=ADVANCED_FACE('',(#9374),#9367,.T.);
#9382=EDGE_CURVE('',#4117,#4141,#3372,.T.);
#9388=ADVANCED_FACE('',(#9387),#9380,.T.);
#9395=EDGE_CURVE('',#4115,#4139,#3376,.T.);
#9401=ADVANCED_FACE('',(#9400),#9393,.T.);
#9408=EDGE_CURVE('',#4113,#4137,#3380,.T.);
#9414=ADVANCED_FACE('',(#9413),#9406,.T.);
#9421=EDGE_CURVE('',#4111,#4135,#3384,.T.);
#9427=ADVANCED_FACE('',(#9426),#9419,.T.);
#9434=EDGE_CURVE('',#4110,#4134,#3388,.T.);
#9440=ADVANCED_FACE('',(#9439),#9432,.F.);
#9452=ADVANCED_FACE('',(#9451),#9445,.T.);
#9458=EDGE_CURVE('',#4243,#4214,#3400,.T.);
#9461=EDGE_CURVE('',#4223,#4245,#3404,.T.);
#9463=EDGE_CURVE('',#4221,#4223,#3409,.T.);
#9465=EDGE_CURVE('',#4219,#4221,#3413,.T.);
#9467=EDGE_CURVE('',#4217,#4219,#3417,.T.);
#9469=EDGE_CURVE('',#4215,#4217,#3421,.T.);
#9471=EDGE_CURVE('',#4214,#4215,#3426,.T.);
#9475=ADVANCED_FACE('',(#9474),#9457,.T.);
#9481=EDGE_CURVE('',#4235,#4247,#3430,.T.);
#9483=EDGE_CURVE('',#4233,#4235,#3435,.T.);
#9485=EDGE_CURVE('',#4231,#4233,#3439,.T.);
#9487=EDGE_CURVE('',#4229,#4231,#3443,.T.);
#9489=EDGE_CURVE('',#4227,#4229,#3447,.T.);
#9491=EDGE_CURVE('',#4226,#4227,#3452,.T.);
#9493=EDGE_CURVE('',#4471,#4226,#3564,.T.);
#9499=ADVANCED_FACE('',(#9498),#9480,.T.);
#9505=EDGE_CURVE('',#4237,#4190,#3456,.T.);
#9509=EDGE_CURVE('',#4190,#4214,#3512,.T.);
#9513=ADVANCED_FACE('',(#9512),#9504,.T.);
#9520=EDGE_CURVE('',#4190,#4191,#3461,.T.);
#9522=EDGE_CURVE('',#4191,#4193,#3465,.T.);
#9524=EDGE_CURVE('',#4193,#4195,#3469,.T.);
#9526=EDGE_CURVE('',#4195,#4197,#3473,.T.);
#9528=EDGE_CURVE('',#4197,#4199,#3478,.T.);
#9530=EDGE_CURVE('',#4199,#4239,#3482,.T.);
#9535=ADVANCED_FACE('',(#9534),#9518,.F.);
#9541=EDGE_CURVE('',#4211,#4241,#3486,.T.);
#9545=EDGE_CURVE('',#4202,#4469,#3560,.T.);
#9547=EDGE_CURVE('',#4202,#4203,#3491,.T.);
#9549=EDGE_CURVE('',#4203,#4205,#3495,.T.);
#9551=EDGE_CURVE('',#4205,#4207,#3499,.T.);
#9553=EDGE_CURVE('',#4207,#4209,#3503,.T.);
#9555=EDGE_CURVE('',#4209,#4211,#3508,.T.);
#9559=ADVANCED_FACE('',(#9558),#9540,.F.);
#9568=EDGE_CURVE('',#4191,#4215,#3516,.T.);
#9572=ADVANCED_FACE('',(#9571),#9564,.F.);
#9581=EDGE_CURVE('',#4193,#4217,#3520,.T.);
#9585=ADVANCED_FACE('',(#9584),#9577,.T.);
#9594=EDGE_CURVE('',#4195,#4219,#3524,.T.);
#9598=ADVANCED_FACE('',(#9597),#9590,.T.);
#9607=EDGE_CURVE('',#4197,#4221,#3528,.T.);
#9611=ADVANCED_FACE('',(#9610),#9603,.T.);
#9620=EDGE_CURVE('',#4199,#4223,#3532,.T.);
#9624=ADVANCED_FACE('',(#9623),#9616,.T.);
#9636=ADVANCED_FACE('',(#9635),#9629,.T.);
#9643=EDGE_CURVE('',#4211,#4235,#3536,.T.);
#9649=ADVANCED_FACE('',(#9648),#9641,.T.);
#9656=EDGE_CURVE('',#4209,#4233,#3540,.T.);
#9662=ADVANCED_FACE('',(#9661),#9654,.T.);
#9669=EDGE_CURVE('',#4207,#4231,#3544,.T.);
#9675=ADVANCED_FACE('',(#9674),#9667,.T.);
#9682=EDGE_CURVE('',#4205,#4229,#3548,.T.);
#9688=ADVANCED_FACE('',(#9687),#9680,.T.);
#9695=EDGE_CURVE('',#4203,#4227,#3552,.T.);
#9701=ADVANCED_FACE('',(#9700),#9693,.T.);
#9708=EDGE_CURVE('',#4202,#4226,#3556,.T.);
#9714=ADVANCED_FACE('',(#9713),#9706,.F.);
#9726=ADVANCED_FACE('',(#9725),#9719,.T.);
#9735=EDGE_CURVE('',#3711,#3715,#3569,.T.);
#9739=ADVANCED_FACE('',(#9738),#9731,.F.);
#9747=EDGE_CURVE('',#3715,#4581,#3574,.T.);
#9752=ADVANCED_FACE('',(#9751),#9744,.F.);
#9761=EDGE_CURVE('',#4582,#4569,#3589,.T.);
#9765=ADVANCED_FACE('',(#9764),#9757,.T.);
#9771=EDGE_CURVE('',#4573,#4582,#3584,.T.);
#9774=EDGE_CURVE('',#4569,#4573,#3594,.T.);
#9778=ADVANCED_FACE('',(#9777),#9770,.T.);
#9784=EDGE_CURVE('',#4584,#4573,#3610,.T.);
#9786=EDGE_CURVE('',#4564,#4584,#3640,.T.);
#9792=ADVANCED_FACE('',(#9791),#9783,.T.);
#9798=EDGE_CURVE('',#4573,#4574,#3598,.T.);
#9801=EDGE_CURVE('',#4586,#4584,#3606,.T.);
#9806=ADVANCED_FACE('',(#9805),#9797,.T.);
#9813=EDGE_CURVE('',#4574,#4570,#3620,.T.);
#9819=ADVANCED_FACE('',(#9818),#9811,.T.);
#9830=ADVANCED_FACE('',(#9829),#9824,.T.);
#9839=EDGE_CURVE('',#4584,#4566,#3630,.T.);
#9843=ADVANCED_FACE('',(#9842),#9835,.T.);
#9850=EDGE_CURVE('',#4566,#4564,#3635,.T.);
#9855=ADVANCED_FACE('',(#9854),#9848,.T.);
#9861=EDGE_CURVE('',#4561,#4562,#3645,.T.);
#9868=ADVANCED_FACE('',(#9867),#9860,.T.);
#9881=ADVANCED_FACE('',(#9880),#9873,.F.);
#9888=EDGE_CURVE('',#3751,#3759,#3653,.T.);
#9891=EDGE_CURVE('',#3749,#3757,#3649,.T.);
#9895=ADVANCED_FACE('',(#9894),#9886,.F.);
#9901=EDGE_CURVE('',#3759,#3753,#3662,.T.);
#9908=ADVANCED_FACE('',(#9907),#9900,.F.);
#9920=ADVANCED_FACE('',(#9919),#9913,.F.);
#9932=ADVANCED_FACE('',(#9931),#9925,.F.);
#9933=CLOSED_SHELL('',(#4696,#4712,#4752,#4768,#4788,#4807,#4842,#4864,#4881,
#4916,#4953,#4991,#5075,#5089,#5103,#5119,#5135,#5152,#5168,#5182,#5195,#5209,
#5222,#5236,#5252,#5269,#5285,#5301,#5315,#5328,#5343,#5390,#5404,#5453,#5467,
#5585,#5599,#5625,#5650,#5665,#5680,#5694,#5708,#5731,#5745,#5758,#5772,#5786,
#5818,#5832,#5846,#5877,#5890,#5903,#5917,#5949,#5962,#5976,#5990,#6003,#6017,
#6036,#6050,#6063,#6077,#6090,#6103,#6115,#6128,#6246,#6259,#6307,#6329,#6348,
#6362,#6376,#6391,#6406,#6419,#6434,#6448,#6464,#6478,#6492,#6507,#6521,#6537,
#6551,#6565,#6579,#6598,#6619,#6633,#6647,#6660,#6673,#6686,#6700,#6713,#6726,
#6739,#6752,#6766,#6778,#6791,#6803,#6818,#6832,#6846,#6860,#6872,#6886,#6902,
#6917,#6931,#6949,#6963,#6977,#6991,#7004,#7022,#7036,#7050,#7063,#7077,#7222,
#7235,#7248,#7260,#7274,#7287,#7301,#7315,#7332,#7344,#7357,#7370,#7383,#7398,
#7410,#7423,#7435,#7457,#7471,#7486,#7508,#7523,#7544,#7558,#7573,#7586,#7600,
#7613,#7627,#7639,#7652,#7678,#7693,#7706,#7718,#7730,#7744,#7756,#7769,#7782,
#7794,#7807,#7819,#7831,#7846,#7860,#7874,#7887,#7899,#7915,#7929,#7942,#7955,
#7967,#7982,#7996,#8010,#8023,#8035,#8051,#8065,#8078,#8091,#8103,#8118,#8132,
#8146,#8159,#8171,#8187,#8201,#8214,#8227,#8239,#8254,#8268,#8282,#8295,#8307,
#8323,#8337,#8350,#8363,#8375,#8388,#8402,#8414,#8426,#8440,#8453,#8466,#8479,
#8491,#8505,#8520,#8535,#8549,#8564,#8587,#8612,#8626,#8648,#8673,#8686,#8699,
#8712,#8725,#8738,#8750,#8763,#8776,#8789,#8802,#8815,#8828,#8841,#8879,#8902,
#8926,#8940,#8962,#8986,#8999,#9012,#9025,#9038,#9051,#9063,#9076,#9089,#9102,
#9115,#9128,#9141,#9153,#9166,#9178,#9201,#9225,#9239,#9261,#9285,#9298,#9311,
#9324,#9337,#9350,#9362,#9375,#9388,#9401,#9414,#9427,#9440,#9452,#9475,#9499,
#9513,#9535,#9559,#9572,#9585,#9598,#9611,#9624,#9636,#9649,#9662,#9675,#9688,
#9701,#9714,#9726,#9739,#9752,#9765,#9778,#9792,#9806,#9819,#9830,#9843,#9855,
#9868,#9881,#9895,#9908,#9920,#9932));
#9934=MANIFOLD_SOLID_BREP('',#9933);
#9935=(LENGTH_UNIT()NAMED_UNIT(*)SI_UNIT(.MILLI.,.METRE.));
#9936=(NAMED_UNIT(*)PLANE_ANGLE_UNIT()SI_UNIT($,.RADIAN.));
#9939=(NAMED_UNIT(*)SI_UNIT($,.STERADIAN.)SOLID_ANGLE_UNIT());
#9941=(GEOMETRIC_REPRESENTATION_CONTEXT(3)GLOBAL_UNCERTAINTY_ASSIGNED_CONTEXT((
#9940))GLOBAL_UNIT_ASSIGNED_CONTEXT((#9935,#9938,#9939))REPRESENTATION_CONTEXT(
'ID1','3'));
#9942=ADVANCED_BREP_SHAPE_REPRESENTATION('',(#9934),#9941);
#9949=PRODUCT_DEFINITION('part definition','',#9948,#9945);
#9950=PRODUCT_DEFINITION_SHAPE('','SHAPE FOR C-174049-2.',#9949);
#9951=SHAPE_ASPECT('','solid data associated with C-174049-2',#9950,.F.);
#9952=PROPERTY_DEFINITION('',
'shape for solid data with which properties are associated',#9951);
#9953=SHAPE_REPRESENTATION('',(#9934),#9941);
#9954=SHAPE_DEFINITION_REPRESENTATION(#9952,#9953);
#9955=(LENGTH_UNIT()NAMED_UNIT(*)SI_UNIT(.MILLI.,.METRE.));
#9959=PROPERTY_DEFINITION('geometric validation property','area of C-174049-2',
#9951);
#9960=REPRESENTATION('surface area',(#9958),#9941);
#9961=PROPERTY_DEFINITION_REPRESENTATION(#9959,#9960);
#9962=(LENGTH_UNIT()NAMED_UNIT(*)SI_UNIT(.MILLI.,.METRE.));
#9966=PROPERTY_DEFINITION('geometric validation property',
'volume of C-174049-2',#9951);
#9967=REPRESENTATION('volume',(#9965),#9941);
#9968=PROPERTY_DEFINITION_REPRESENTATION(#9966,#9967);
#9970=PROPERTY_DEFINITION('geometric validation property',
'centroid of C-174049-2',#9951);
#9971=REPRESENTATION('centroid',(#9969),#9941);
#9972=PROPERTY_DEFINITION_REPRESENTATION(#9970,#9971);
#9973=(LENGTH_UNIT()NAMED_UNIT(*)SI_UNIT(.MILLI.,.METRE.));
#9977=PROPERTY_DEFINITION('geometric validation property','area of C-174049-2',
#9950);
#9978=REPRESENTATION('surface area',(#9976),#9941);
#9979=PROPERTY_DEFINITION_REPRESENTATION(#9977,#9978);
#9980=(LENGTH_UNIT()NAMED_UNIT(*)SI_UNIT(.MILLI.,.METRE.));
#9984=PROPERTY_DEFINITION('geometric validation property',
'volume of C-174049-2',#9950);
#9985=REPRESENTATION('volume',(#9983),#9941);
#9986=PROPERTY_DEFINITION_REPRESENTATION(#9984,#9985);
#9988=PROPERTY_DEFINITION('geometric validation property',
'centroid of C-174049-2',#9950);
#9989=REPRESENTATION('centroid',(#9987),#9941);
#9990=PROPERTY_DEFINITION_REPRESENTATION(#9988,#9989);
#9991=SHAPE_DEFINITION_REPRESENTATION(#9950,#9942);
ENDSEC;
END-ISO-10303-21;
